ISO-10303-21;
HEADER;
/* Generated by software containing ST-Developer
 * from STEP Tools, Inc. (www.steptools.com) 
 */

FILE_DESCRIPTION(
/* description */ (''),
/* implementation_level */ '2;1');

FILE_NAME(
/* name */ 'Unterplatte_simple.step',
/* time_stamp */ '2026-07-29T01:33:23+02:00',
/* author */ (''),
/* organization */ (''),
/* preprocessor_version */ 'ST-DEVELOPER v20.1',
/* originating_system */ 'Autodesk Translation Framework v15.8.0.0',
/* authorisation */ '');

FILE_SCHEMA (('AUTOMOTIVE_DESIGN { 1 0 10303 214 3 1 1 }'));
ENDSEC;

DATA;
#10=MECHANICAL_DESIGN_GEOMETRIC_PRESENTATION_REPRESENTATION('',(#13),#3799);
#11=SHAPE_REPRESENTATION_RELATIONSHIP('SRR','None',#3806,#12);
#12=ADVANCED_BREP_SHAPE_REPRESENTATION('',(#14),#3798);
#13=STYLED_ITEM('',(#3815),#14);
#14=MANIFOLD_SOLID_BREP('Body1',#2279);
#15=CYLINDRICAL_SURFACE('',#2302,3.04999999999787);
#16=CYLINDRICAL_SURFACE('',#2305,3.05);
#17=CYLINDRICAL_SURFACE('',#2309,3.04999999999971);
#18=CYLINDRICAL_SURFACE('',#2312,3.05);
#19=CYLINDRICAL_SURFACE('',#2324,3.04999999999971);
#20=CYLINDRICAL_SURFACE('',#2327,3.05);
#21=CYLINDRICAL_SURFACE('',#2330,3.05);
#22=CYLINDRICAL_SURFACE('',#2333,3.04999999999787);
#23=CYLINDRICAL_SURFACE('',#2345,2.00000000007178);
#24=CYLINDRICAL_SURFACE('',#2348,2.00000000000001);
#25=CYLINDRICAL_SURFACE('',#2350,1.9999999997772);
#26=CYLINDRICAL_SURFACE('',#2353,2.);
#27=CYLINDRICAL_SURFACE('',#2365,3.05);
#28=CYLINDRICAL_SURFACE('',#2368,3.04999999999996);
#29=CYLINDRICAL_SURFACE('',#2372,3.05);
#30=CYLINDRICAL_SURFACE('',#2375,3.05);
#31=CYLINDRICAL_SURFACE('',#2387,3.05);
#32=CYLINDRICAL_SURFACE('',#2390,3.05);
#33=CYLINDRICAL_SURFACE('',#2393,3.05);
#34=CYLINDRICAL_SURFACE('',#2396,3.04999999999996);
#35=CYLINDRICAL_SURFACE('',#2408,10.);
#36=CYLINDRICAL_SURFACE('',#2413,10.);
#37=CYLINDRICAL_SURFACE('',#2418,6.50000004842877);
#38=CYLINDRICAL_SURFACE('',#2420,6.50000004842873);
#39=CYLINDRICAL_SURFACE('',#2422,10.);
#40=CYLINDRICAL_SURFACE('',#2427,10.);
#41=CYLINDRICAL_SURFACE('',#2432,6.50000004842877);
#42=CYLINDRICAL_SURFACE('',#2434,6.50000004842873);
#43=CYLINDRICAL_SURFACE('',#2436,10.);
#44=CYLINDRICAL_SURFACE('',#2441,10.);
#45=CYLINDRICAL_SURFACE('',#2446,6.50000004842877);
#46=CYLINDRICAL_SURFACE('',#2448,6.50000004842873);
#47=CYLINDRICAL_SURFACE('',#2450,10.);
#48=CYLINDRICAL_SURFACE('',#2455,10.);
#49=CYLINDRICAL_SURFACE('',#2460,6.50000004842877);
#50=CYLINDRICAL_SURFACE('',#2462,6.50000004842873);
#51=CYLINDRICAL_SURFACE('',#2469,7.5);
#52=CYLINDRICAL_SURFACE('',#2474,7.5);
#53=CYLINDRICAL_SURFACE('',#2479,7.5);
#54=CYLINDRICAL_SURFACE('',#2484,7.5);
#55=CYLINDRICAL_SURFACE('',#2489,2.75000000000002);
#56=CYLINDRICAL_SURFACE('',#2491,2.75000000000002);
#57=CYLINDRICAL_SURFACE('',#2493,2.75000000000002);
#58=CYLINDRICAL_SURFACE('',#2495,2.75000000000002);
#59=CYLINDRICAL_SURFACE('',#2498,75.0000000000004);
#60=CYLINDRICAL_SURFACE('',#2502,75.);
#61=CYLINDRICAL_SURFACE('',#2506,75.);
#62=FACE_BOUND('',#349,.T.);
#63=FACE_BOUND('',#350,.T.);
#64=FACE_BOUND('',#364,.T.);
#65=FACE_BOUND('',#365,.T.);
#66=FACE_BOUND('',#379,.T.);
#67=FACE_BOUND('',#380,.T.);
#68=FACE_BOUND('',#394,.T.);
#69=FACE_BOUND('',#395,.T.);
#70=FACE_BOUND('',#409,.T.);
#71=FACE_BOUND('',#410,.T.);
#72=FACE_BOUND('',#431,.T.);
#73=FACE_BOUND('',#434,.T.);
#74=FACE_BOUND('',#439,.T.);
#75=FACE_BOUND('',#442,.T.);
#76=FACE_BOUND('',#447,.T.);
#77=FACE_BOUND('',#450,.T.);
#78=FACE_BOUND('',#455,.T.);
#79=FACE_BOUND('',#458,.T.);
#80=FACE_BOUND('',#468,.T.);
#81=FACE_BOUND('',#471,.T.);
#82=FACE_BOUND('',#474,.T.);
#83=FACE_BOUND('',#477,.T.);
#84=FACE_BOUND('',#489,.T.);
#85=FACE_BOUND('',#490,.T.);
#86=FACE_BOUND('',#491,.T.);
#87=FACE_BOUND('',#492,.T.);
#88=FACE_BOUND('',#493,.T.);
#89=FACE_BOUND('',#494,.T.);
#90=FACE_BOUND('',#495,.T.);
#91=FACE_BOUND('',#496,.T.);
#92=FACE_BOUND('',#497,.T.);
#93=FACE_BOUND('',#498,.T.);
#94=FACE_BOUND('',#499,.T.);
#95=FACE_BOUND('',#500,.T.);
#96=FACE_BOUND('',#501,.T.);
#97=FACE_BOUND('',#502,.T.);
#98=FACE_BOUND('',#503,.T.);
#99=FACE_BOUND('',#504,.T.);
#100=FACE_BOUND('',#505,.T.);
#101=FACE_BOUND('',#506,.T.);
#102=FACE_BOUND('',#507,.T.);
#103=FACE_BOUND('',#508,.T.);
#104=FACE_BOUND('',#509,.T.);
#105=FACE_BOUND('',#510,.T.);
#106=FACE_BOUND('',#512,.T.);
#107=FACE_BOUND('',#513,.T.);
#108=FACE_BOUND('',#514,.T.);
#109=FACE_BOUND('',#515,.T.);
#110=FACE_BOUND('',#516,.T.);
#111=FACE_BOUND('',#517,.T.);
#112=FACE_BOUND('',#518,.T.);
#113=FACE_BOUND('',#519,.T.);
#114=FACE_BOUND('',#520,.T.);
#115=FACE_BOUND('',#521,.T.);
#116=FACE_BOUND('',#522,.T.);
#117=FACE_BOUND('',#523,.T.);
#118=FACE_BOUND('',#524,.T.);
#119=FACE_BOUND('',#525,.T.);
#120=FACE_BOUND('',#526,.T.);
#121=FACE_BOUND('',#527,.T.);
#122=FACE_BOUND('',#528,.T.);
#123=FACE_BOUND('',#529,.T.);
#124=FACE_BOUND('',#530,.T.);
#125=FACE_BOUND('',#531,.T.);
#126=CIRCLE('',#2298,3.05);
#127=CIRCLE('',#2299,3.05);
#128=CIRCLE('',#2300,3.04999999999971);
#129=CIRCLE('',#2301,3.04999999999787);
#130=CIRCLE('',#2303,3.04999999999787);
#131=CIRCLE('',#2306,3.05);
#132=CIRCLE('',#2310,3.04999999999971);
#133=CIRCLE('',#2313,3.05);
#134=CIRCLE('',#2319,3.05);
#135=CIRCLE('',#2320,3.05);
#136=CIRCLE('',#2321,3.04999999999971);
#137=CIRCLE('',#2322,3.04999999999787);
#138=CIRCLE('',#2325,3.04999999999971);
#139=CIRCLE('',#2328,3.05);
#140=CIRCLE('',#2331,3.05);
#141=CIRCLE('',#2334,3.04999999999787);
#142=CIRCLE('',#2340,2.);
#143=CIRCLE('',#2341,2.00000000000001);
#144=CIRCLE('',#2342,1.9999999997772);
#145=CIRCLE('',#2343,2.00000000007178);
#146=CIRCLE('',#2346,2.00000000007178);
#147=CIRCLE('',#2349,2.00000000000001);
#148=CIRCLE('',#2351,1.9999999997772);
#149=CIRCLE('',#2354,2.);
#150=CIRCLE('',#2361,3.05);
#151=CIRCLE('',#2362,3.04999999999996);
#152=CIRCLE('',#2363,3.05);
#153=CIRCLE('',#2364,3.05);
#154=CIRCLE('',#2366,3.05);
#155=CIRCLE('',#2369,3.04999999999996);
#156=CIRCLE('',#2373,3.05);
#157=CIRCLE('',#2376,3.05);
#158=CIRCLE('',#2382,3.05);
#159=CIRCLE('',#2383,3.04999999999996);
#160=CIRCLE('',#2384,3.05);
#161=CIRCLE('',#2385,3.05);
#162=CIRCLE('',#2388,3.05);
#163=CIRCLE('',#2391,3.05);
#164=CIRCLE('',#2394,3.05);
#165=CIRCLE('',#2397,3.04999999999996);
#166=CIRCLE('',#2409,10.);
#167=CIRCLE('',#2410,10.);
#168=CIRCLE('',#2412,6.50000004842877);
#169=CIRCLE('',#2414,10.);
#170=CIRCLE('',#2415,10.);
#171=CIRCLE('',#2417,6.50000004842873);
#172=CIRCLE('',#2419,6.50000004842877);
#173=CIRCLE('',#2421,6.50000004842873);
#174=CIRCLE('',#2423,10.);
#175=CIRCLE('',#2424,10.);
#176=CIRCLE('',#2426,6.50000004842877);
#177=CIRCLE('',#2428,10.);
#178=CIRCLE('',#2429,10.);
#179=CIRCLE('',#2431,6.50000004842873);
#180=CIRCLE('',#2433,6.50000004842877);
#181=CIRCLE('',#2435,6.50000004842873);
#182=CIRCLE('',#2437,10.);
#183=CIRCLE('',#2438,10.);
#184=CIRCLE('',#2440,6.50000004842877);
#185=CIRCLE('',#2442,10.);
#186=CIRCLE('',#2443,10.);
#187=CIRCLE('',#2445,6.50000004842873);
#188=CIRCLE('',#2447,6.50000004842877);
#189=CIRCLE('',#2449,6.50000004842873);
#190=CIRCLE('',#2451,10.);
#191=CIRCLE('',#2452,10.);
#192=CIRCLE('',#2454,6.50000004842877);
#193=CIRCLE('',#2456,10.);
#194=CIRCLE('',#2457,10.);
#195=CIRCLE('',#2459,6.50000004842873);
#196=CIRCLE('',#2461,6.50000004842877);
#197=CIRCLE('',#2463,6.50000004842873);
#198=CIRCLE('',#2470,7.5);
#199=CIRCLE('',#2471,7.5);
#200=CIRCLE('',#2473,2.75000000000002);
#201=CIRCLE('',#2475,7.5);
#202=CIRCLE('',#2476,7.5);
#203=CIRCLE('',#2478,2.75000000000002);
#204=CIRCLE('',#2480,7.5);
#205=CIRCLE('',#2481,7.5);
#206=CIRCLE('',#2483,2.75000000000002);
#207=CIRCLE('',#2485,7.5);
#208=CIRCLE('',#2486,7.5);
#209=CIRCLE('',#2488,2.75000000000002);
#210=CIRCLE('',#2490,2.75000000000002);
#211=CIRCLE('',#2492,2.75000000000002);
#212=CIRCLE('',#2494,2.75000000000002);
#213=CIRCLE('',#2496,2.75000000000002);
#214=CIRCLE('',#2499,75.0000000000004);
#215=CIRCLE('',#2500,75.0000000000004);
#216=CIRCLE('',#2503,75.);
#217=CIRCLE('',#2504,75.);
#218=CIRCLE('',#2507,75.);
#219=CIRCLE('',#2508,75.);
#220=FACE_OUTER_BOUND('',#344,.T.);
#221=FACE_OUTER_BOUND('',#345,.T.);
#222=FACE_OUTER_BOUND('',#346,.T.);
#223=FACE_OUTER_BOUND('',#347,.T.);
#224=FACE_OUTER_BOUND('',#348,.T.);
#225=FACE_OUTER_BOUND('',#351,.T.);
#226=FACE_OUTER_BOUND('',#352,.T.);
#227=FACE_OUTER_BOUND('',#353,.T.);
#228=FACE_OUTER_BOUND('',#354,.T.);
#229=FACE_OUTER_BOUND('',#355,.T.);
#230=FACE_OUTER_BOUND('',#356,.T.);
#231=FACE_OUTER_BOUND('',#357,.T.);
#232=FACE_OUTER_BOUND('',#358,.T.);
#233=FACE_OUTER_BOUND('',#359,.T.);
#234=FACE_OUTER_BOUND('',#360,.T.);
#235=FACE_OUTER_BOUND('',#361,.T.);
#236=FACE_OUTER_BOUND('',#362,.T.);
#237=FACE_OUTER_BOUND('',#363,.T.);
#238=FACE_OUTER_BOUND('',#366,.T.);
#239=FACE_OUTER_BOUND('',#367,.T.);
#240=FACE_OUTER_BOUND('',#368,.T.);
#241=FACE_OUTER_BOUND('',#369,.T.);
#242=FACE_OUTER_BOUND('',#370,.T.);
#243=FACE_OUTER_BOUND('',#371,.T.);
#244=FACE_OUTER_BOUND('',#372,.T.);
#245=FACE_OUTER_BOUND('',#373,.T.);
#246=FACE_OUTER_BOUND('',#374,.T.);
#247=FACE_OUTER_BOUND('',#375,.T.);
#248=FACE_OUTER_BOUND('',#376,.T.);
#249=FACE_OUTER_BOUND('',#377,.T.);
#250=FACE_OUTER_BOUND('',#378,.T.);
#251=FACE_OUTER_BOUND('',#381,.T.);
#252=FACE_OUTER_BOUND('',#382,.T.);
#253=FACE_OUTER_BOUND('',#383,.T.);
#254=FACE_OUTER_BOUND('',#384,.T.);
#255=FACE_OUTER_BOUND('',#385,.T.);
#256=FACE_OUTER_BOUND('',#386,.T.);
#257=FACE_OUTER_BOUND('',#387,.T.);
#258=FACE_OUTER_BOUND('',#388,.T.);
#259=FACE_OUTER_BOUND('',#389,.T.);
#260=FACE_OUTER_BOUND('',#390,.T.);
#261=FACE_OUTER_BOUND('',#391,.T.);
#262=FACE_OUTER_BOUND('',#392,.T.);
#263=FACE_OUTER_BOUND('',#393,.T.);
#264=FACE_OUTER_BOUND('',#396,.T.);
#265=FACE_OUTER_BOUND('',#397,.T.);
#266=FACE_OUTER_BOUND('',#398,.T.);
#267=FACE_OUTER_BOUND('',#399,.T.);
#268=FACE_OUTER_BOUND('',#400,.T.);
#269=FACE_OUTER_BOUND('',#401,.T.);
#270=FACE_OUTER_BOUND('',#402,.T.);
#271=FACE_OUTER_BOUND('',#403,.T.);
#272=FACE_OUTER_BOUND('',#404,.T.);
#273=FACE_OUTER_BOUND('',#405,.T.);
#274=FACE_OUTER_BOUND('',#406,.T.);
#275=FACE_OUTER_BOUND('',#407,.T.);
#276=FACE_OUTER_BOUND('',#408,.T.);
#277=FACE_OUTER_BOUND('',#411,.T.);
#278=FACE_OUTER_BOUND('',#412,.T.);
#279=FACE_OUTER_BOUND('',#413,.T.);
#280=FACE_OUTER_BOUND('',#414,.T.);
#281=FACE_OUTER_BOUND('',#415,.T.);
#282=FACE_OUTER_BOUND('',#416,.T.);
#283=FACE_OUTER_BOUND('',#417,.T.);
#284=FACE_OUTER_BOUND('',#418,.T.);
#285=FACE_OUTER_BOUND('',#419,.T.);
#286=FACE_OUTER_BOUND('',#420,.T.);
#287=FACE_OUTER_BOUND('',#421,.T.);
#288=FACE_OUTER_BOUND('',#422,.T.);
#289=FACE_OUTER_BOUND('',#423,.T.);
#290=FACE_OUTER_BOUND('',#424,.T.);
#291=FACE_OUTER_BOUND('',#425,.T.);
#292=FACE_OUTER_BOUND('',#426,.T.);
#293=FACE_OUTER_BOUND('',#427,.T.);
#294=FACE_OUTER_BOUND('',#428,.T.);
#295=FACE_OUTER_BOUND('',#429,.T.);
#296=FACE_OUTER_BOUND('',#430,.T.);
#297=FACE_OUTER_BOUND('',#432,.T.);
#298=FACE_OUTER_BOUND('',#433,.T.);
#299=FACE_OUTER_BOUND('',#435,.T.);
#300=FACE_OUTER_BOUND('',#436,.T.);
#301=FACE_OUTER_BOUND('',#437,.T.);
#302=FACE_OUTER_BOUND('',#438,.T.);
#303=FACE_OUTER_BOUND('',#440,.T.);
#304=FACE_OUTER_BOUND('',#441,.T.);
#305=FACE_OUTER_BOUND('',#443,.T.);
#306=FACE_OUTER_BOUND('',#444,.T.);
#307=FACE_OUTER_BOUND('',#445,.T.);
#308=FACE_OUTER_BOUND('',#446,.T.);
#309=FACE_OUTER_BOUND('',#448,.T.);
#310=FACE_OUTER_BOUND('',#449,.T.);
#311=FACE_OUTER_BOUND('',#451,.T.);
#312=FACE_OUTER_BOUND('',#452,.T.);
#313=FACE_OUTER_BOUND('',#453,.T.);
#314=FACE_OUTER_BOUND('',#454,.T.);
#315=FACE_OUTER_BOUND('',#456,.T.);
#316=FACE_OUTER_BOUND('',#457,.T.);
#317=FACE_OUTER_BOUND('',#459,.T.);
#318=FACE_OUTER_BOUND('',#460,.T.);
#319=FACE_OUTER_BOUND('',#461,.T.);
#320=FACE_OUTER_BOUND('',#462,.T.);
#321=FACE_OUTER_BOUND('',#463,.T.);
#322=FACE_OUTER_BOUND('',#464,.T.);
#323=FACE_OUTER_BOUND('',#465,.T.);
#324=FACE_OUTER_BOUND('',#466,.T.);
#325=FACE_OUTER_BOUND('',#467,.T.);
#326=FACE_OUTER_BOUND('',#469,.T.);
#327=FACE_OUTER_BOUND('',#470,.T.);
#328=FACE_OUTER_BOUND('',#472,.T.);
#329=FACE_OUTER_BOUND('',#473,.T.);
#330=FACE_OUTER_BOUND('',#475,.T.);
#331=FACE_OUTER_BOUND('',#476,.T.);
#332=FACE_OUTER_BOUND('',#478,.T.);
#333=FACE_OUTER_BOUND('',#479,.T.);
#334=FACE_OUTER_BOUND('',#480,.T.);
#335=FACE_OUTER_BOUND('',#481,.T.);
#336=FACE_OUTER_BOUND('',#482,.T.);
#337=FACE_OUTER_BOUND('',#483,.T.);
#338=FACE_OUTER_BOUND('',#484,.T.);
#339=FACE_OUTER_BOUND('',#485,.T.);
#340=FACE_OUTER_BOUND('',#486,.T.);
#341=FACE_OUTER_BOUND('',#487,.T.);
#342=FACE_OUTER_BOUND('',#488,.T.);
#343=FACE_OUTER_BOUND('',#511,.T.);
#344=EDGE_LOOP('',(#1466,#1467,#1468,#1469));
#345=EDGE_LOOP('',(#1470,#1471,#1472,#1473));
#346=EDGE_LOOP('',(#1474,#1475,#1476,#1477));
#347=EDGE_LOOP('',(#1478,#1479,#1480,#1481));
#348=EDGE_LOOP('',(#1482,#1483,#1484,#1485));
#349=EDGE_LOOP('',(#1486,#1487,#1488,#1489));
#350=EDGE_LOOP('',(#1490,#1491,#1492,#1493));
#351=EDGE_LOOP('',(#1494,#1495,#1496,#1497));
#352=EDGE_LOOP('',(#1498,#1499,#1500,#1501));
#353=EDGE_LOOP('',(#1502,#1503,#1504,#1505));
#354=EDGE_LOOP('',(#1506,#1507,#1508,#1509));
#355=EDGE_LOOP('',(#1510,#1511,#1512,#1513));
#356=EDGE_LOOP('',(#1514,#1515,#1516,#1517));
#357=EDGE_LOOP('',(#1518,#1519,#1520,#1521));
#358=EDGE_LOOP('',(#1522,#1523,#1524,#1525));
#359=EDGE_LOOP('',(#1526,#1527,#1528,#1529));
#360=EDGE_LOOP('',(#1530,#1531,#1532,#1533));
#361=EDGE_LOOP('',(#1534,#1535,#1536,#1537));
#362=EDGE_LOOP('',(#1538,#1539,#1540,#1541));
#363=EDGE_LOOP('',(#1542,#1543,#1544,#1545));
#364=EDGE_LOOP('',(#1546,#1547,#1548,#1549));
#365=EDGE_LOOP('',(#1550,#1551,#1552,#1553));
#366=EDGE_LOOP('',(#1554,#1555,#1556,#1557));
#367=EDGE_LOOP('',(#1558,#1559,#1560,#1561));
#368=EDGE_LOOP('',(#1562,#1563,#1564,#1565));
#369=EDGE_LOOP('',(#1566,#1567,#1568,#1569));
#370=EDGE_LOOP('',(#1570,#1571,#1572,#1573));
#371=EDGE_LOOP('',(#1574,#1575,#1576,#1577));
#372=EDGE_LOOP('',(#1578,#1579,#1580,#1581));
#373=EDGE_LOOP('',(#1582,#1583,#1584,#1585));
#374=EDGE_LOOP('',(#1586,#1587,#1588,#1589));
#375=EDGE_LOOP('',(#1590,#1591,#1592,#1593));
#376=EDGE_LOOP('',(#1594,#1595,#1596,#1597));
#377=EDGE_LOOP('',(#1598,#1599,#1600,#1601));
#378=EDGE_LOOP('',(#1602,#1603,#1604,#1605));
#379=EDGE_LOOP('',(#1606,#1607,#1608,#1609));
#380=EDGE_LOOP('',(#1610,#1611,#1612,#1613));
#381=EDGE_LOOP('',(#1614,#1615,#1616,#1617));
#382=EDGE_LOOP('',(#1618,#1619,#1620,#1621));
#383=EDGE_LOOP('',(#1622,#1623,#1624,#1625));
#384=EDGE_LOOP('',(#1626,#1627,#1628,#1629));
#385=EDGE_LOOP('',(#1630,#1631,#1632,#1633));
#386=EDGE_LOOP('',(#1634,#1635,#1636,#1637));
#387=EDGE_LOOP('',(#1638,#1639,#1640,#1641));
#388=EDGE_LOOP('',(#1642,#1643,#1644,#1645));
#389=EDGE_LOOP('',(#1646,#1647,#1648,#1649));
#390=EDGE_LOOP('',(#1650,#1651,#1652,#1653));
#391=EDGE_LOOP('',(#1654,#1655,#1656,#1657));
#392=EDGE_LOOP('',(#1658,#1659,#1660,#1661));
#393=EDGE_LOOP('',(#1662,#1663,#1664,#1665));
#394=EDGE_LOOP('',(#1666,#1667,#1668,#1669));
#395=EDGE_LOOP('',(#1670,#1671,#1672,#1673));
#396=EDGE_LOOP('',(#1674,#1675,#1676,#1677));
#397=EDGE_LOOP('',(#1678,#1679,#1680,#1681));
#398=EDGE_LOOP('',(#1682,#1683,#1684,#1685));
#399=EDGE_LOOP('',(#1686,#1687,#1688,#1689));
#400=EDGE_LOOP('',(#1690,#1691,#1692,#1693));
#401=EDGE_LOOP('',(#1694,#1695,#1696,#1697));
#402=EDGE_LOOP('',(#1698,#1699,#1700,#1701));
#403=EDGE_LOOP('',(#1702,#1703,#1704,#1705));
#404=EDGE_LOOP('',(#1706,#1707,#1708,#1709));
#405=EDGE_LOOP('',(#1710,#1711,#1712,#1713));
#406=EDGE_LOOP('',(#1714,#1715,#1716,#1717));
#407=EDGE_LOOP('',(#1718,#1719,#1720,#1721));
#408=EDGE_LOOP('',(#1722,#1723,#1724,#1725));
#409=EDGE_LOOP('',(#1726,#1727,#1728,#1729));
#410=EDGE_LOOP('',(#1730,#1731,#1732,#1733));
#411=EDGE_LOOP('',(#1734,#1735,#1736,#1737));
#412=EDGE_LOOP('',(#1738,#1739,#1740,#1741));
#413=EDGE_LOOP('',(#1742,#1743,#1744,#1745));
#414=EDGE_LOOP('',(#1746,#1747,#1748,#1749));
#415=EDGE_LOOP('',(#1750,#1751,#1752,#1753));
#416=EDGE_LOOP('',(#1754,#1755,#1756,#1757));
#417=EDGE_LOOP('',(#1758,#1759,#1760,#1761));
#418=EDGE_LOOP('',(#1762,#1763,#1764,#1765));
#419=EDGE_LOOP('',(#1766,#1767,#1768,#1769));
#420=EDGE_LOOP('',(#1770,#1771,#1772,#1773));
#421=EDGE_LOOP('',(#1774,#1775,#1776,#1777));
#422=EDGE_LOOP('',(#1778,#1779,#1780,#1781));
#423=EDGE_LOOP('',(#1782,#1783,#1784,#1785));
#424=EDGE_LOOP('',(#1786,#1787,#1788,#1789));
#425=EDGE_LOOP('',(#1790,#1791,#1792,#1793));
#426=EDGE_LOOP('',(#1794,#1795,#1796,#1797));
#427=EDGE_LOOP('',(#1798,#1799,#1800,#1801));
#428=EDGE_LOOP('',(#1802,#1803,#1804,#1805));
#429=EDGE_LOOP('',(#1806,#1807,#1808,#1809));
#430=EDGE_LOOP('',(#1810));
#431=EDGE_LOOP('',(#1811));
#432=EDGE_LOOP('',(#1812,#1813,#1814,#1815));
#433=EDGE_LOOP('',(#1816));
#434=EDGE_LOOP('',(#1817));
#435=EDGE_LOOP('',(#1818,#1819,#1820,#1821));
#436=EDGE_LOOP('',(#1822,#1823,#1824,#1825));
#437=EDGE_LOOP('',(#1826,#1827,#1828,#1829));
#438=EDGE_LOOP('',(#1830));
#439=EDGE_LOOP('',(#1831));
#440=EDGE_LOOP('',(#1832,#1833,#1834,#1835));
#441=EDGE_LOOP('',(#1836));
#442=EDGE_LOOP('',(#1837));
#443=EDGE_LOOP('',(#1838,#1839,#1840,#1841));
#444=EDGE_LOOP('',(#1842,#1843,#1844,#1845));
#445=EDGE_LOOP('',(#1846,#1847,#1848,#1849));
#446=EDGE_LOOP('',(#1850));
#447=EDGE_LOOP('',(#1851));
#448=EDGE_LOOP('',(#1852,#1853,#1854,#1855));
#449=EDGE_LOOP('',(#1856));
#450=EDGE_LOOP('',(#1857));
#451=EDGE_LOOP('',(#1858,#1859,#1860,#1861));
#452=EDGE_LOOP('',(#1862,#1863,#1864,#1865));
#453=EDGE_LOOP('',(#1866,#1867,#1868,#1869));
#454=EDGE_LOOP('',(#1870));
#455=EDGE_LOOP('',(#1871));
#456=EDGE_LOOP('',(#1872,#1873,#1874,#1875));
#457=EDGE_LOOP('',(#1876));
#458=EDGE_LOOP('',(#1877));
#459=EDGE_LOOP('',(#1878,#1879,#1880,#1881));
#460=EDGE_LOOP('',(#1882,#1883,#1884,#1885));
#461=EDGE_LOOP('',(#1886,#1887,#1888,#1889));
#462=EDGE_LOOP('',(#1890,#1891,#1892,#1893));
#463=EDGE_LOOP('',(#1894,#1895,#1896,#1897));
#464=EDGE_LOOP('',(#1898,#1899,#1900,#1901));
#465=EDGE_LOOP('',(#1902,#1903,#1904,#1905));
#466=EDGE_LOOP('',(#1906,#1907,#1908,#1909));
#467=EDGE_LOOP('',(#1910));
#468=EDGE_LOOP('',(#1911));
#469=EDGE_LOOP('',(#1912,#1913,#1914,#1915));
#470=EDGE_LOOP('',(#1916));
#471=EDGE_LOOP('',(#1917));
#472=EDGE_LOOP('',(#1918,#1919,#1920,#1921));
#473=EDGE_LOOP('',(#1922));
#474=EDGE_LOOP('',(#1923));
#475=EDGE_LOOP('',(#1924,#1925,#1926,#1927));
#476=EDGE_LOOP('',(#1928));
#477=EDGE_LOOP('',(#1929));
#478=EDGE_LOOP('',(#1930,#1931,#1932,#1933));
#479=EDGE_LOOP('',(#1934,#1935,#1936,#1937));
#480=EDGE_LOOP('',(#1938,#1939,#1940,#1941));
#481=EDGE_LOOP('',(#1942,#1943,#1944,#1945));
#482=EDGE_LOOP('',(#1946,#1947,#1948,#1949));
#483=EDGE_LOOP('',(#1950,#1951,#1952,#1953));
#484=EDGE_LOOP('',(#1954,#1955,#1956,#1957));
#485=EDGE_LOOP('',(#1958,#1959,#1960,#1961));
#486=EDGE_LOOP('',(#1962,#1963,#1964,#1965));
#487=EDGE_LOOP('',(#1966,#1967,#1968,#1969));
#488=EDGE_LOOP('',(#1970,#1971,#1972,#1973,#1974,#1975));
#489=EDGE_LOOP('',(#1976));
#490=EDGE_LOOP('',(#1977));
#491=EDGE_LOOP('',(#1978));
#492=EDGE_LOOP('',(#1979));
#493=EDGE_LOOP('',(#1980));
#494=EDGE_LOOP('',(#1981));
#495=EDGE_LOOP('',(#1982));
#496=EDGE_LOOP('',(#1983));
#497=EDGE_LOOP('',(#1984));
#498=EDGE_LOOP('',(#1985));
#499=EDGE_LOOP('',(#1986));
#500=EDGE_LOOP('',(#1987));
#501=EDGE_LOOP('',(#1988,#1989,#1990,#1991));
#502=EDGE_LOOP('',(#1992,#1993,#1994,#1995));
#503=EDGE_LOOP('',(#1996,#1997,#1998,#1999));
#504=EDGE_LOOP('',(#2000,#2001,#2002,#2003));
#505=EDGE_LOOP('',(#2004,#2005,#2006,#2007));
#506=EDGE_LOOP('',(#2008,#2009,#2010,#2011));
#507=EDGE_LOOP('',(#2012,#2013,#2014,#2015));
#508=EDGE_LOOP('',(#2016,#2017,#2018,#2019));
#509=EDGE_LOOP('',(#2020,#2021,#2022,#2023));
#510=EDGE_LOOP('',(#2024,#2025,#2026,#2027));
#511=EDGE_LOOP('',(#2028,#2029,#2030,#2031,#2032,#2033));
#512=EDGE_LOOP('',(#2034,#2035,#2036,#2037));
#513=EDGE_LOOP('',(#2038,#2039,#2040,#2041));
#514=EDGE_LOOP('',(#2042,#2043,#2044,#2045));
#515=EDGE_LOOP('',(#2046,#2047,#2048,#2049));
#516=EDGE_LOOP('',(#2050,#2051,#2052,#2053));
#517=EDGE_LOOP('',(#2054));
#518=EDGE_LOOP('',(#2055,#2056,#2057,#2058));
#519=EDGE_LOOP('',(#2059,#2060,#2061,#2062));
#520=EDGE_LOOP('',(#2063));
#521=EDGE_LOOP('',(#2064));
#522=EDGE_LOOP('',(#2065));
#523=EDGE_LOOP('',(#2066));
#524=EDGE_LOOP('',(#2067));
#525=EDGE_LOOP('',(#2068));
#526=EDGE_LOOP('',(#2069));
#527=EDGE_LOOP('',(#2070,#2071,#2072,#2073));
#528=EDGE_LOOP('',(#2074));
#529=EDGE_LOOP('',(#2075));
#530=EDGE_LOOP('',(#2076));
#531=EDGE_LOOP('',(#2077));
#532=LINE('',#3165,#744);
#533=LINE('',#3167,#745);
#534=LINE('',#3169,#746);
#535=LINE('',#3170,#747);
#536=LINE('',#3173,#748);
#537=LINE('',#3175,#749);
#538=LINE('',#3176,#750);
#539=LINE('',#3179,#751);
#540=LINE('',#3181,#752);
#541=LINE('',#3182,#753);
#542=LINE('',#3184,#754);
#543=LINE('',#3185,#755);
#544=LINE('',#3191,#756);
#545=LINE('',#3194,#757);
#546=LINE('',#3199,#758);
#547=LINE('',#3202,#759);
#548=LINE('',#3205,#760);
#549=LINE('',#3208,#761);
#550=LINE('',#3211,#762);
#551=LINE('',#3212,#763);
#552=LINE('',#3215,#764);
#553=LINE('',#3218,#765);
#554=LINE('',#3221,#766);
#555=LINE('',#3222,#767);
#556=LINE('',#3225,#768);
#557=LINE('',#3226,#769);
#558=LINE('',#3231,#770);
#559=LINE('',#3232,#771);
#560=LINE('',#3238,#772);
#561=LINE('',#3240,#773);
#562=LINE('',#3242,#774);
#563=LINE('',#3243,#775);
#564=LINE('',#3246,#776);
#565=LINE('',#3248,#777);
#566=LINE('',#3249,#778);
#567=LINE('',#3252,#779);
#568=LINE('',#3254,#780);
#569=LINE('',#3255,#781);
#570=LINE('',#3257,#782);
#571=LINE('',#3258,#783);
#572=LINE('',#3264,#784);
#573=LINE('',#3267,#785);
#574=LINE('',#3272,#786);
#575=LINE('',#3275,#787);
#576=LINE('',#3278,#788);
#577=LINE('',#3280,#789);
#578=LINE('',#3281,#790);
#579=LINE('',#3284,#791);
#580=LINE('',#3288,#792);
#581=LINE('',#3290,#793);
#582=LINE('',#3291,#794);
#583=LINE('',#3294,#795);
#584=LINE('',#3298,#796);
#585=LINE('',#3299,#797);
#586=LINE('',#3304,#798);
#587=LINE('',#3305,#799);
#588=LINE('',#3311,#800);
#589=LINE('',#3313,#801);
#590=LINE('',#3315,#802);
#591=LINE('',#3316,#803);
#592=LINE('',#3319,#804);
#593=LINE('',#3321,#805);
#594=LINE('',#3322,#806);
#595=LINE('',#3325,#807);
#596=LINE('',#3327,#808);
#597=LINE('',#3328,#809);
#598=LINE('',#3330,#810);
#599=LINE('',#3331,#811);
#600=LINE('',#3335,#812);
#601=LINE('',#3339,#813);
#602=LINE('',#3343,#814);
#603=LINE('',#3347,#815);
#604=LINE('',#3351,#816);
#605=LINE('',#3353,#817);
#606=LINE('',#3354,#818);
#607=LINE('',#3357,#819);
#608=LINE('',#3361,#820);
#609=LINE('',#3363,#821);
#610=LINE('',#3364,#822);
#611=LINE('',#3367,#823);
#612=LINE('',#3372,#824);
#613=LINE('',#3374,#825);
#614=LINE('',#3378,#826);
#615=LINE('',#3380,#827);
#616=LINE('',#3384,#828);
#617=LINE('',#3386,#829);
#618=LINE('',#3388,#830);
#619=LINE('',#3389,#831);
#620=LINE('',#3392,#832);
#621=LINE('',#3394,#833);
#622=LINE('',#3395,#834);
#623=LINE('',#3398,#835);
#624=LINE('',#3400,#836);
#625=LINE('',#3401,#837);
#626=LINE('',#3403,#838);
#627=LINE('',#3404,#839);
#628=LINE('',#3410,#840);
#629=LINE('',#3413,#841);
#630=LINE('',#3418,#842);
#631=LINE('',#3421,#843);
#632=LINE('',#3424,#844);
#633=LINE('',#3427,#845);
#634=LINE('',#3430,#846);
#635=LINE('',#3431,#847);
#636=LINE('',#3434,#848);
#637=LINE('',#3437,#849);
#638=LINE('',#3440,#850);
#639=LINE('',#3441,#851);
#640=LINE('',#3444,#852);
#641=LINE('',#3445,#853);
#642=LINE('',#3450,#854);
#643=LINE('',#3451,#855);
#644=LINE('',#3457,#856);
#645=LINE('',#3459,#857);
#646=LINE('',#3461,#858);
#647=LINE('',#3462,#859);
#648=LINE('',#3465,#860);
#649=LINE('',#3467,#861);
#650=LINE('',#3468,#862);
#651=LINE('',#3471,#863);
#652=LINE('',#3473,#864);
#653=LINE('',#3474,#865);
#654=LINE('',#3476,#866);
#655=LINE('',#3477,#867);
#656=LINE('',#3483,#868);
#657=LINE('',#3486,#869);
#658=LINE('',#3491,#870);
#659=LINE('',#3494,#871);
#660=LINE('',#3497,#872);
#661=LINE('',#3499,#873);
#662=LINE('',#3500,#874);
#663=LINE('',#3503,#875);
#664=LINE('',#3507,#876);
#665=LINE('',#3509,#877);
#666=LINE('',#3510,#878);
#667=LINE('',#3513,#879);
#668=LINE('',#3517,#880);
#669=LINE('',#3518,#881);
#670=LINE('',#3523,#882);
#671=LINE('',#3524,#883);
#672=LINE('',#3530,#884);
#673=LINE('',#3532,#885);
#674=LINE('',#3534,#886);
#675=LINE('',#3535,#887);
#676=LINE('',#3538,#888);
#677=LINE('',#3540,#889);
#678=LINE('',#3541,#890);
#679=LINE('',#3544,#891);
#680=LINE('',#3546,#892);
#681=LINE('',#3547,#893);
#682=LINE('',#3549,#894);
#683=LINE('',#3550,#895);
#684=LINE('',#3555,#896);
#685=LINE('',#3557,#897);
#686=LINE('',#3559,#898);
#687=LINE('',#3560,#899);
#688=LINE('',#3563,#900);
#689=LINE('',#3565,#901);
#690=LINE('',#3566,#902);
#691=LINE('',#3569,#903);
#692=LINE('',#3571,#904);
#693=LINE('',#3572,#905);
#694=LINE('',#3574,#906);
#695=LINE('',#3575,#907);
#696=LINE('',#3581,#908);
#697=LINE('',#3590,#909);
#698=LINE('',#3598,#910);
#699=LINE('',#3602,#911);
#700=LINE('',#3607,#912);
#701=LINE('',#3616,#913);
#702=LINE('',#3623,#914);
#703=LINE('',#3627,#915);
#704=LINE('',#3633,#916);
#705=LINE('',#3642,#917);
#706=LINE('',#3649,#918);
#707=LINE('',#3653,#919);
#708=LINE('',#3659,#920);
#709=LINE('',#3668,#921);
#710=LINE('',#3676,#922);
#711=LINE('',#3680,#923);
#712=LINE('',#3684,#924);
#713=LINE('',#3686,#925);
#714=LINE('',#3688,#926);
#715=LINE('',#3689,#927);
#716=LINE('',#3692,#928);
#717=LINE('',#3694,#929);
#718=LINE('',#3695,#930);
#719=LINE('',#3698,#931);
#720=LINE('',#3700,#932);
#721=LINE('',#3701,#933);
#722=LINE('',#3703,#934);
#723=LINE('',#3704,#935);
#724=LINE('',#3710,#936);
#725=LINE('',#3719,#937);
#726=LINE('',#3728,#938);
#727=LINE('',#3737,#939);
#728=LINE('',#3745,#940);
#729=LINE('',#3749,#941);
#730=LINE('',#3753,#942);
#731=LINE('',#3757,#943);
#732=LINE('',#3761,#944);
#733=LINE('',#3763,#945);
#734=LINE('',#3765,#946);
#735=LINE('',#3766,#947);
#736=LINE('',#3772,#948);
#737=LINE('',#3775,#949);
#738=LINE('',#3777,#950);
#739=LINE('',#3778,#951);
#740=LINE('',#3784,#952);
#741=LINE('',#3787,#953);
#742=LINE('',#3789,#954);
#743=LINE('',#3790,#955);
#744=VECTOR('',#2515,10.);
#745=VECTOR('',#2516,10.);
#746=VECTOR('',#2517,10.);
#747=VECTOR('',#2518,10.);
#748=VECTOR('',#2521,10.);
#749=VECTOR('',#2522,10.);
#750=VECTOR('',#2523,10.);
#751=VECTOR('',#2526,10.);
#752=VECTOR('',#2527,10.);
#753=VECTOR('',#2528,10.);
#754=VECTOR('',#2531,10.);
#755=VECTOR('',#2532,10.);
#756=VECTOR('',#2537,10.);
#757=VECTOR('',#2540,10.);
#758=VECTOR('',#2543,10.);
#759=VECTOR('',#2546,10.);
#760=VECTOR('',#2549,10.);
#761=VECTOR('',#2552,10.);
#762=VECTOR('',#2555,10.);
#763=VECTOR('',#2556,10.);
#764=VECTOR('',#2559,10.);
#765=VECTOR('',#2562,10.);
#766=VECTOR('',#2565,10.);
#767=VECTOR('',#2566,10.);
#768=VECTOR('',#2569,10.);
#769=VECTOR('',#2570,10.);
#770=VECTOR('',#2577,10.);
#771=VECTOR('',#2578,10.);
#772=VECTOR('',#2585,10.);
#773=VECTOR('',#2586,10.);
#774=VECTOR('',#2587,10.);
#775=VECTOR('',#2588,10.);
#776=VECTOR('',#2591,10.);
#777=VECTOR('',#2592,10.);
#778=VECTOR('',#2593,10.);
#779=VECTOR('',#2596,10.);
#780=VECTOR('',#2597,10.);
#781=VECTOR('',#2598,10.);
#782=VECTOR('',#2601,10.);
#783=VECTOR('',#2602,10.);
#784=VECTOR('',#2607,10.);
#785=VECTOR('',#2610,10.);
#786=VECTOR('',#2613,10.);
#787=VECTOR('',#2616,10.);
#788=VECTOR('',#2619,10.);
#789=VECTOR('',#2620,10.);
#790=VECTOR('',#2621,10.);
#791=VECTOR('',#2624,10.);
#792=VECTOR('',#2629,10.);
#793=VECTOR('',#2630,10.);
#794=VECTOR('',#2631,10.);
#795=VECTOR('',#2634,10.);
#796=VECTOR('',#2639,10.);
#797=VECTOR('',#2640,10.);
#798=VECTOR('',#2647,10.);
#799=VECTOR('',#2648,10.);
#800=VECTOR('',#2655,10.);
#801=VECTOR('',#2656,10.);
#802=VECTOR('',#2657,10.);
#803=VECTOR('',#2658,10.);
#804=VECTOR('',#2661,10.);
#805=VECTOR('',#2662,10.);
#806=VECTOR('',#2663,10.);
#807=VECTOR('',#2666,10.);
#808=VECTOR('',#2667,10.);
#809=VECTOR('',#2668,10.);
#810=VECTOR('',#2671,10.);
#811=VECTOR('',#2672,10.);
#812=VECTOR('',#2675,10.);
#813=VECTOR('',#2678,10.);
#814=VECTOR('',#2681,10.);
#815=VECTOR('',#2684,10.);
#816=VECTOR('',#2689,10.);
#817=VECTOR('',#2690,10.);
#818=VECTOR('',#2691,10.);
#819=VECTOR('',#2694,10.);
#820=VECTOR('',#2699,10.);
#821=VECTOR('',#2700,10.);
#822=VECTOR('',#2701,10.);
#823=VECTOR('',#2704,10.);
#824=VECTOR('',#2711,10.);
#825=VECTOR('',#2714,10.);
#826=VECTOR('',#2719,10.);
#827=VECTOR('',#2722,10.);
#828=VECTOR('',#2725,10.);
#829=VECTOR('',#2726,10.);
#830=VECTOR('',#2727,10.);
#831=VECTOR('',#2728,10.);
#832=VECTOR('',#2731,10.);
#833=VECTOR('',#2732,10.);
#834=VECTOR('',#2733,10.);
#835=VECTOR('',#2736,10.);
#836=VECTOR('',#2737,10.);
#837=VECTOR('',#2738,10.);
#838=VECTOR('',#2741,10.);
#839=VECTOR('',#2742,10.);
#840=VECTOR('',#2747,10.);
#841=VECTOR('',#2750,10.);
#842=VECTOR('',#2753,10.);
#843=VECTOR('',#2756,10.);
#844=VECTOR('',#2759,10.);
#845=VECTOR('',#2762,10.);
#846=VECTOR('',#2765,10.);
#847=VECTOR('',#2766,10.);
#848=VECTOR('',#2769,10.);
#849=VECTOR('',#2772,10.);
#850=VECTOR('',#2775,10.);
#851=VECTOR('',#2776,10.);
#852=VECTOR('',#2779,10.);
#853=VECTOR('',#2780,10.);
#854=VECTOR('',#2787,10.);
#855=VECTOR('',#2788,10.);
#856=VECTOR('',#2795,10.);
#857=VECTOR('',#2796,10.);
#858=VECTOR('',#2797,10.);
#859=VECTOR('',#2798,10.);
#860=VECTOR('',#2801,10.);
#861=VECTOR('',#2802,10.);
#862=VECTOR('',#2803,10.);
#863=VECTOR('',#2806,10.);
#864=VECTOR('',#2807,10.);
#865=VECTOR('',#2808,10.);
#866=VECTOR('',#2811,10.);
#867=VECTOR('',#2812,10.);
#868=VECTOR('',#2817,10.);
#869=VECTOR('',#2820,10.);
#870=VECTOR('',#2823,10.);
#871=VECTOR('',#2826,10.);
#872=VECTOR('',#2829,10.);
#873=VECTOR('',#2830,10.);
#874=VECTOR('',#2831,10.);
#875=VECTOR('',#2834,10.);
#876=VECTOR('',#2839,10.);
#877=VECTOR('',#2840,10.);
#878=VECTOR('',#2841,10.);
#879=VECTOR('',#2844,10.);
#880=VECTOR('',#2849,10.);
#881=VECTOR('',#2850,10.);
#882=VECTOR('',#2857,10.);
#883=VECTOR('',#2858,10.);
#884=VECTOR('',#2865,10.);
#885=VECTOR('',#2866,10.);
#886=VECTOR('',#2867,10.);
#887=VECTOR('',#2868,10.);
#888=VECTOR('',#2871,10.);
#889=VECTOR('',#2872,10.);
#890=VECTOR('',#2873,10.);
#891=VECTOR('',#2876,10.);
#892=VECTOR('',#2877,10.);
#893=VECTOR('',#2878,10.);
#894=VECTOR('',#2881,10.);
#895=VECTOR('',#2882,10.);
#896=VECTOR('',#2887,10.);
#897=VECTOR('',#2888,10.);
#898=VECTOR('',#2889,10.);
#899=VECTOR('',#2890,10.);
#900=VECTOR('',#2893,10.);
#901=VECTOR('',#2894,10.);
#902=VECTOR('',#2895,10.);
#903=VECTOR('',#2898,10.);
#904=VECTOR('',#2899,10.);
#905=VECTOR('',#2900,10.);
#906=VECTOR('',#2903,10.);
#907=VECTOR('',#2904,10.);
#908=VECTOR('',#2911,10.);
#909=VECTOR('',#2922,10.);
#910=VECTOR('',#2933,6.50000004842877);
#911=VECTOR('',#2938,6.50000004842873);
#912=VECTOR('',#2943,10.);
#913=VECTOR('',#2954,10.);
#914=VECTOR('',#2963,6.50000004842877);
#915=VECTOR('',#2968,6.50000004842873);
#916=VECTOR('',#2975,10.);
#917=VECTOR('',#2986,10.);
#918=VECTOR('',#2995,6.50000004842877);
#919=VECTOR('',#3000,6.50000004842873);
#920=VECTOR('',#3007,10.);
#921=VECTOR('',#3018,10.);
#922=VECTOR('',#3029,6.50000004842877);
#923=VECTOR('',#3034,6.50000004842873);
#924=VECTOR('',#3037,10.);
#925=VECTOR('',#3038,10.);
#926=VECTOR('',#3039,10.);
#927=VECTOR('',#3040,10.);
#928=VECTOR('',#3043,10.);
#929=VECTOR('',#3044,10.);
#930=VECTOR('',#3045,10.);
#931=VECTOR('',#3048,10.);
#932=VECTOR('',#3049,10.);
#933=VECTOR('',#3050,10.);
#934=VECTOR('',#3053,10.);
#935=VECTOR('',#3054,10.);
#936=VECTOR('',#3061,7.5);
#937=VECTOR('',#3072,7.5);
#938=VECTOR('',#3083,7.5);
#939=VECTOR('',#3094,7.5);
#940=VECTOR('',#3105,2.75000000000002);
#941=VECTOR('',#3110,2.75000000000002);
#942=VECTOR('',#3115,2.75000000000002);
#943=VECTOR('',#3120,2.75000000000002);
#944=VECTOR('',#3123,10.);
#945=VECTOR('',#3124,10.);
#946=VECTOR('',#3125,10.);
#947=VECTOR('',#3126,10.);
#948=VECTOR('',#3133,10.);
#949=VECTOR('',#3136,10.);
#950=VECTOR('',#3137,10.);
#951=VECTOR('',#3138,10.);
#952=VECTOR('',#3145,10.);
#953=VECTOR('',#3148,10.);
#954=VECTOR('',#3149,10.);
#955=VECTOR('',#3150,10.);
#956=VERTEX_POINT('',#3163);
#957=VERTEX_POINT('',#3164);
#958=VERTEX_POINT('',#3166);
#959=VERTEX_POINT('',#3168);
#960=VERTEX_POINT('',#3172);
#961=VERTEX_POINT('',#3174);
#962=VERTEX_POINT('',#3178);
#963=VERTEX_POINT('',#3180);
#964=VERTEX_POINT('',#3187);
#965=VERTEX_POINT('',#3188);
#966=VERTEX_POINT('',#3190);
#967=VERTEX_POINT('',#3192);
#968=VERTEX_POINT('',#3195);
#969=VERTEX_POINT('',#3196);
#970=VERTEX_POINT('',#3198);
#971=VERTEX_POINT('',#3200);
#972=VERTEX_POINT('',#3204);
#973=VERTEX_POINT('',#3206);
#974=VERTEX_POINT('',#3210);
#975=VERTEX_POINT('',#3214);
#976=VERTEX_POINT('',#3216);
#977=VERTEX_POINT('',#3220);
#978=VERTEX_POINT('',#3224);
#979=VERTEX_POINT('',#3230);
#980=VERTEX_POINT('',#3236);
#981=VERTEX_POINT('',#3237);
#982=VERTEX_POINT('',#3239);
#983=VERTEX_POINT('',#3241);
#984=VERTEX_POINT('',#3245);
#985=VERTEX_POINT('',#3247);
#986=VERTEX_POINT('',#3251);
#987=VERTEX_POINT('',#3253);
#988=VERTEX_POINT('',#3260);
#989=VERTEX_POINT('',#3261);
#990=VERTEX_POINT('',#3263);
#991=VERTEX_POINT('',#3265);
#992=VERTEX_POINT('',#3268);
#993=VERTEX_POINT('',#3269);
#994=VERTEX_POINT('',#3271);
#995=VERTEX_POINT('',#3273);
#996=VERTEX_POINT('',#3277);
#997=VERTEX_POINT('',#3279);
#998=VERTEX_POINT('',#3283);
#999=VERTEX_POINT('',#3287);
#1000=VERTEX_POINT('',#3289);
#1001=VERTEX_POINT('',#3293);
#1002=VERTEX_POINT('',#3297);
#1003=VERTEX_POINT('',#3303);
#1004=VERTEX_POINT('',#3309);
#1005=VERTEX_POINT('',#3310);
#1006=VERTEX_POINT('',#3312);
#1007=VERTEX_POINT('',#3314);
#1008=VERTEX_POINT('',#3318);
#1009=VERTEX_POINT('',#3320);
#1010=VERTEX_POINT('',#3324);
#1011=VERTEX_POINT('',#3326);
#1012=VERTEX_POINT('',#3333);
#1013=VERTEX_POINT('',#3334);
#1014=VERTEX_POINT('',#3336);
#1015=VERTEX_POINT('',#3338);
#1016=VERTEX_POINT('',#3341);
#1017=VERTEX_POINT('',#3342);
#1018=VERTEX_POINT('',#3344);
#1019=VERTEX_POINT('',#3346);
#1020=VERTEX_POINT('',#3350);
#1021=VERTEX_POINT('',#3352);
#1022=VERTEX_POINT('',#3356);
#1023=VERTEX_POINT('',#3360);
#1024=VERTEX_POINT('',#3362);
#1025=VERTEX_POINT('',#3366);
#1026=VERTEX_POINT('',#3370);
#1027=VERTEX_POINT('',#3376);
#1028=VERTEX_POINT('',#3382);
#1029=VERTEX_POINT('',#3383);
#1030=VERTEX_POINT('',#3385);
#1031=VERTEX_POINT('',#3387);
#1032=VERTEX_POINT('',#3391);
#1033=VERTEX_POINT('',#3393);
#1034=VERTEX_POINT('',#3397);
#1035=VERTEX_POINT('',#3399);
#1036=VERTEX_POINT('',#3406);
#1037=VERTEX_POINT('',#3407);
#1038=VERTEX_POINT('',#3409);
#1039=VERTEX_POINT('',#3411);
#1040=VERTEX_POINT('',#3414);
#1041=VERTEX_POINT('',#3415);
#1042=VERTEX_POINT('',#3417);
#1043=VERTEX_POINT('',#3419);
#1044=VERTEX_POINT('',#3423);
#1045=VERTEX_POINT('',#3425);
#1046=VERTEX_POINT('',#3429);
#1047=VERTEX_POINT('',#3433);
#1048=VERTEX_POINT('',#3435);
#1049=VERTEX_POINT('',#3439);
#1050=VERTEX_POINT('',#3443);
#1051=VERTEX_POINT('',#3449);
#1052=VERTEX_POINT('',#3455);
#1053=VERTEX_POINT('',#3456);
#1054=VERTEX_POINT('',#3458);
#1055=VERTEX_POINT('',#3460);
#1056=VERTEX_POINT('',#3464);
#1057=VERTEX_POINT('',#3466);
#1058=VERTEX_POINT('',#3470);
#1059=VERTEX_POINT('',#3472);
#1060=VERTEX_POINT('',#3479);
#1061=VERTEX_POINT('',#3480);
#1062=VERTEX_POINT('',#3482);
#1063=VERTEX_POINT('',#3484);
#1064=VERTEX_POINT('',#3487);
#1065=VERTEX_POINT('',#3488);
#1066=VERTEX_POINT('',#3490);
#1067=VERTEX_POINT('',#3492);
#1068=VERTEX_POINT('',#3496);
#1069=VERTEX_POINT('',#3498);
#1070=VERTEX_POINT('',#3502);
#1071=VERTEX_POINT('',#3506);
#1072=VERTEX_POINT('',#3508);
#1073=VERTEX_POINT('',#3512);
#1074=VERTEX_POINT('',#3516);
#1075=VERTEX_POINT('',#3522);
#1076=VERTEX_POINT('',#3528);
#1077=VERTEX_POINT('',#3529);
#1078=VERTEX_POINT('',#3531);
#1079=VERTEX_POINT('',#3533);
#1080=VERTEX_POINT('',#3537);
#1081=VERTEX_POINT('',#3539);
#1082=VERTEX_POINT('',#3543);
#1083=VERTEX_POINT('',#3545);
#1084=VERTEX_POINT('',#3553);
#1085=VERTEX_POINT('',#3554);
#1086=VERTEX_POINT('',#3556);
#1087=VERTEX_POINT('',#3558);
#1088=VERTEX_POINT('',#3562);
#1089=VERTEX_POINT('',#3564);
#1090=VERTEX_POINT('',#3568);
#1091=VERTEX_POINT('',#3570);
#1092=VERTEX_POINT('',#3578);
#1093=VERTEX_POINT('',#3580);
#1094=VERTEX_POINT('',#3584);
#1095=VERTEX_POINT('',#3587);
#1096=VERTEX_POINT('',#3589);
#1097=VERTEX_POINT('',#3593);
#1098=VERTEX_POINT('',#3596);
#1099=VERTEX_POINT('',#3600);
#1100=VERTEX_POINT('',#3604);
#1101=VERTEX_POINT('',#3606);
#1102=VERTEX_POINT('',#3610);
#1103=VERTEX_POINT('',#3613);
#1104=VERTEX_POINT('',#3615);
#1105=VERTEX_POINT('',#3619);
#1106=VERTEX_POINT('',#3622);
#1107=VERTEX_POINT('',#3626);
#1108=VERTEX_POINT('',#3630);
#1109=VERTEX_POINT('',#3632);
#1110=VERTEX_POINT('',#3636);
#1111=VERTEX_POINT('',#3639);
#1112=VERTEX_POINT('',#3641);
#1113=VERTEX_POINT('',#3645);
#1114=VERTEX_POINT('',#3648);
#1115=VERTEX_POINT('',#3652);
#1116=VERTEX_POINT('',#3656);
#1117=VERTEX_POINT('',#3658);
#1118=VERTEX_POINT('',#3662);
#1119=VERTEX_POINT('',#3665);
#1120=VERTEX_POINT('',#3667);
#1121=VERTEX_POINT('',#3671);
#1122=VERTEX_POINT('',#3674);
#1123=VERTEX_POINT('',#3678);
#1124=VERTEX_POINT('',#3682);
#1125=VERTEX_POINT('',#3683);
#1126=VERTEX_POINT('',#3685);
#1127=VERTEX_POINT('',#3687);
#1128=VERTEX_POINT('',#3691);
#1129=VERTEX_POINT('',#3693);
#1130=VERTEX_POINT('',#3697);
#1131=VERTEX_POINT('',#3699);
#1132=VERTEX_POINT('',#3707);
#1133=VERTEX_POINT('',#3709);
#1134=VERTEX_POINT('',#3713);
#1135=VERTEX_POINT('',#3716);
#1136=VERTEX_POINT('',#3718);
#1137=VERTEX_POINT('',#3722);
#1138=VERTEX_POINT('',#3725);
#1139=VERTEX_POINT('',#3727);
#1140=VERTEX_POINT('',#3731);
#1141=VERTEX_POINT('',#3734);
#1142=VERTEX_POINT('',#3736);
#1143=VERTEX_POINT('',#3740);
#1144=VERTEX_POINT('',#3743);
#1145=VERTEX_POINT('',#3747);
#1146=VERTEX_POINT('',#3751);
#1147=VERTEX_POINT('',#3755);
#1148=VERTEX_POINT('',#3759);
#1149=VERTEX_POINT('',#3760);
#1150=VERTEX_POINT('',#3762);
#1151=VERTEX_POINT('',#3764);
#1152=VERTEX_POINT('',#3768);
#1153=VERTEX_POINT('',#3770);
#1154=VERTEX_POINT('',#3774);
#1155=VERTEX_POINT('',#3776);
#1156=VERTEX_POINT('',#3780);
#1157=VERTEX_POINT('',#3782);
#1158=VERTEX_POINT('',#3786);
#1159=VERTEX_POINT('',#3788);
#1160=EDGE_CURVE('',#956,#957,#532,.T.);
#1161=EDGE_CURVE('',#956,#958,#533,.T.);
#1162=EDGE_CURVE('',#959,#958,#534,.T.);
#1163=EDGE_CURVE('',#957,#959,#535,.T.);
#1164=EDGE_CURVE('',#957,#960,#536,.T.);
#1165=EDGE_CURVE('',#961,#959,#537,.T.);
#1166=EDGE_CURVE('',#960,#961,#538,.T.);
#1167=EDGE_CURVE('',#960,#962,#539,.T.);
#1168=EDGE_CURVE('',#963,#961,#540,.T.);
#1169=EDGE_CURVE('',#962,#963,#541,.T.);
#1170=EDGE_CURVE('',#962,#956,#542,.T.);
#1171=EDGE_CURVE('',#958,#963,#543,.T.);
#1172=EDGE_CURVE('',#964,#965,#126,.T.);
#1173=EDGE_CURVE('',#966,#964,#544,.T.);
#1174=EDGE_CURVE('',#967,#966,#127,.T.);
#1175=EDGE_CURVE('',#965,#967,#545,.T.);
#1176=EDGE_CURVE('',#968,#969,#128,.T.);
#1177=EDGE_CURVE('',#970,#968,#546,.T.);
#1178=EDGE_CURVE('',#971,#970,#129,.T.);
#1179=EDGE_CURVE('',#969,#971,#547,.T.);
#1180=EDGE_CURVE('',#970,#972,#548,.T.);
#1181=EDGE_CURVE('',#973,#972,#130,.T.);
#1182=EDGE_CURVE('',#971,#973,#549,.T.);
#1183=EDGE_CURVE('',#968,#974,#550,.T.);
#1184=EDGE_CURVE('',#972,#974,#551,.T.);
#1185=EDGE_CURVE('',#966,#975,#552,.T.);
#1186=EDGE_CURVE('',#976,#975,#131,.T.);
#1187=EDGE_CURVE('',#967,#976,#553,.T.);
#1188=EDGE_CURVE('',#964,#977,#554,.T.);
#1189=EDGE_CURVE('',#975,#977,#555,.T.);
#1190=EDGE_CURVE('',#978,#973,#556,.T.);
#1191=EDGE_CURVE('',#969,#978,#557,.T.);
#1192=EDGE_CURVE('',#974,#978,#132,.T.);
#1193=EDGE_CURVE('',#979,#976,#558,.T.);
#1194=EDGE_CURVE('',#965,#979,#559,.T.);
#1195=EDGE_CURVE('',#977,#979,#133,.T.);
#1196=EDGE_CURVE('',#980,#981,#560,.T.);
#1197=EDGE_CURVE('',#980,#982,#561,.T.);
#1198=EDGE_CURVE('',#982,#983,#562,.T.);
#1199=EDGE_CURVE('',#981,#983,#563,.T.);
#1200=EDGE_CURVE('',#984,#980,#564,.T.);
#1201=EDGE_CURVE('',#984,#985,#565,.T.);
#1202=EDGE_CURVE('',#985,#982,#566,.T.);
#1203=EDGE_CURVE('',#986,#984,#567,.T.);
#1204=EDGE_CURVE('',#986,#987,#568,.T.);
#1205=EDGE_CURVE('',#987,#985,#569,.T.);
#1206=EDGE_CURVE('',#981,#986,#570,.T.);
#1207=EDGE_CURVE('',#983,#987,#571,.T.);
#1208=EDGE_CURVE('',#988,#989,#134,.T.);
#1209=EDGE_CURVE('',#990,#988,#572,.T.);
#1210=EDGE_CURVE('',#991,#990,#135,.T.);
#1211=EDGE_CURVE('',#989,#991,#573,.T.);
#1212=EDGE_CURVE('',#992,#993,#136,.T.);
#1213=EDGE_CURVE('',#994,#992,#574,.T.);
#1214=EDGE_CURVE('',#995,#994,#137,.T.);
#1215=EDGE_CURVE('',#993,#995,#575,.T.);
#1216=EDGE_CURVE('',#992,#996,#576,.T.);
#1217=EDGE_CURVE('',#997,#996,#577,.T.);
#1218=EDGE_CURVE('',#994,#997,#578,.T.);
#1219=EDGE_CURVE('',#993,#998,#579,.T.);
#1220=EDGE_CURVE('',#996,#998,#138,.T.);
#1221=EDGE_CURVE('',#988,#999,#580,.T.);
#1222=EDGE_CURVE('',#1000,#999,#581,.T.);
#1223=EDGE_CURVE('',#990,#1000,#582,.T.);
#1224=EDGE_CURVE('',#989,#1001,#583,.T.);
#1225=EDGE_CURVE('',#999,#1001,#139,.T.);
#1226=EDGE_CURVE('',#991,#1002,#584,.T.);
#1227=EDGE_CURVE('',#1001,#1002,#585,.T.);
#1228=EDGE_CURVE('',#1002,#1000,#140,.T.);
#1229=EDGE_CURVE('',#995,#1003,#586,.T.);
#1230=EDGE_CURVE('',#998,#1003,#587,.T.);
#1231=EDGE_CURVE('',#1003,#997,#141,.T.);
#1232=EDGE_CURVE('',#1004,#1005,#588,.T.);
#1233=EDGE_CURVE('',#1004,#1006,#589,.T.);
#1234=EDGE_CURVE('',#1006,#1007,#590,.T.);
#1235=EDGE_CURVE('',#1005,#1007,#591,.T.);
#1236=EDGE_CURVE('',#1008,#1004,#592,.T.);
#1237=EDGE_CURVE('',#1008,#1009,#593,.T.);
#1238=EDGE_CURVE('',#1009,#1006,#594,.T.);
#1239=EDGE_CURVE('',#1010,#1008,#595,.T.);
#1240=EDGE_CURVE('',#1010,#1011,#596,.T.);
#1241=EDGE_CURVE('',#1011,#1009,#597,.T.);
#1242=EDGE_CURVE('',#1005,#1010,#598,.T.);
#1243=EDGE_CURVE('',#1007,#1011,#599,.T.);
#1244=EDGE_CURVE('',#1012,#1013,#600,.T.);
#1245=EDGE_CURVE('',#1014,#1012,#142,.T.);
#1246=EDGE_CURVE('',#1015,#1014,#601,.T.);
#1247=EDGE_CURVE('',#1013,#1015,#143,.T.);
#1248=EDGE_CURVE('',#1016,#1017,#602,.T.);
#1249=EDGE_CURVE('',#1018,#1016,#144,.T.);
#1250=EDGE_CURVE('',#1019,#1018,#603,.T.);
#1251=EDGE_CURVE('',#1017,#1019,#145,.T.);
#1252=EDGE_CURVE('',#1020,#1017,#604,.T.);
#1253=EDGE_CURVE('',#1021,#1020,#605,.T.);
#1254=EDGE_CURVE('',#1021,#1016,#606,.T.);
#1255=EDGE_CURVE('',#1022,#1019,#607,.T.);
#1256=EDGE_CURVE('',#1020,#1022,#146,.T.);
#1257=EDGE_CURVE('',#1023,#1013,#608,.T.);
#1258=EDGE_CURVE('',#1024,#1023,#609,.T.);
#1259=EDGE_CURVE('',#1024,#1012,#610,.T.);
#1260=EDGE_CURVE('',#1025,#1015,#611,.T.);
#1261=EDGE_CURVE('',#1023,#1025,#147,.T.);
#1262=EDGE_CURVE('',#1026,#1021,#148,.T.);
#1263=EDGE_CURVE('',#1026,#1018,#612,.T.);
#1264=EDGE_CURVE('',#1022,#1026,#613,.T.);
#1265=EDGE_CURVE('',#1027,#1024,#149,.T.);
#1266=EDGE_CURVE('',#1027,#1014,#614,.T.);
#1267=EDGE_CURVE('',#1025,#1027,#615,.T.);
#1268=EDGE_CURVE('',#1028,#1029,#616,.T.);
#1269=EDGE_CURVE('',#1028,#1030,#617,.T.);
#1270=EDGE_CURVE('',#1031,#1030,#618,.T.);
#1271=EDGE_CURVE('',#1029,#1031,#619,.T.);
#1272=EDGE_CURVE('',#1029,#1032,#620,.T.);
#1273=EDGE_CURVE('',#1033,#1031,#621,.T.);
#1274=EDGE_CURVE('',#1032,#1033,#622,.T.);
#1275=EDGE_CURVE('',#1032,#1034,#623,.T.);
#1276=EDGE_CURVE('',#1035,#1033,#624,.T.);
#1277=EDGE_CURVE('',#1034,#1035,#625,.T.);
#1278=EDGE_CURVE('',#1034,#1028,#626,.T.);
#1279=EDGE_CURVE('',#1030,#1035,#627,.T.);
#1280=EDGE_CURVE('',#1036,#1037,#150,.T.);
#1281=EDGE_CURVE('',#1038,#1036,#628,.T.);
#1282=EDGE_CURVE('',#1039,#1038,#151,.T.);
#1283=EDGE_CURVE('',#1037,#1039,#629,.T.);
#1284=EDGE_CURVE('',#1040,#1041,#152,.T.);
#1285=EDGE_CURVE('',#1042,#1040,#630,.T.);
#1286=EDGE_CURVE('',#1043,#1042,#153,.T.);
#1287=EDGE_CURVE('',#1041,#1043,#631,.T.);
#1288=EDGE_CURVE('',#1042,#1044,#632,.T.);
#1289=EDGE_CURVE('',#1045,#1044,#154,.T.);
#1290=EDGE_CURVE('',#1043,#1045,#633,.T.);
#1291=EDGE_CURVE('',#1040,#1046,#634,.T.);
#1292=EDGE_CURVE('',#1044,#1046,#635,.T.);
#1293=EDGE_CURVE('',#1038,#1047,#636,.T.);
#1294=EDGE_CURVE('',#1048,#1047,#155,.T.);
#1295=EDGE_CURVE('',#1039,#1048,#637,.T.);
#1296=EDGE_CURVE('',#1036,#1049,#638,.T.);
#1297=EDGE_CURVE('',#1047,#1049,#639,.T.);
#1298=EDGE_CURVE('',#1050,#1048,#640,.T.);
#1299=EDGE_CURVE('',#1037,#1050,#641,.T.);
#1300=EDGE_CURVE('',#1049,#1050,#156,.T.);
#1301=EDGE_CURVE('',#1051,#1045,#642,.T.);
#1302=EDGE_CURVE('',#1041,#1051,#643,.T.);
#1303=EDGE_CURVE('',#1046,#1051,#157,.T.);
#1304=EDGE_CURVE('',#1052,#1053,#644,.T.);
#1305=EDGE_CURVE('',#1052,#1054,#645,.T.);
#1306=EDGE_CURVE('',#1054,#1055,#646,.T.);
#1307=EDGE_CURVE('',#1053,#1055,#647,.T.);
#1308=EDGE_CURVE('',#1056,#1052,#648,.T.);
#1309=EDGE_CURVE('',#1056,#1057,#649,.T.);
#1310=EDGE_CURVE('',#1057,#1054,#650,.T.);
#1311=EDGE_CURVE('',#1058,#1056,#651,.T.);
#1312=EDGE_CURVE('',#1058,#1059,#652,.T.);
#1313=EDGE_CURVE('',#1059,#1057,#653,.T.);
#1314=EDGE_CURVE('',#1053,#1058,#654,.T.);
#1315=EDGE_CURVE('',#1055,#1059,#655,.T.);
#1316=EDGE_CURVE('',#1060,#1061,#158,.T.);
#1317=EDGE_CURVE('',#1062,#1060,#656,.T.);
#1318=EDGE_CURVE('',#1063,#1062,#159,.T.);
#1319=EDGE_CURVE('',#1061,#1063,#657,.T.);
#1320=EDGE_CURVE('',#1064,#1065,#160,.T.);
#1321=EDGE_CURVE('',#1066,#1064,#658,.T.);
#1322=EDGE_CURVE('',#1067,#1066,#161,.T.);
#1323=EDGE_CURVE('',#1065,#1067,#659,.T.);
#1324=EDGE_CURVE('',#1064,#1068,#660,.T.);
#1325=EDGE_CURVE('',#1069,#1068,#661,.T.);
#1326=EDGE_CURVE('',#1066,#1069,#662,.T.);
#1327=EDGE_CURVE('',#1065,#1070,#663,.T.);
#1328=EDGE_CURVE('',#1068,#1070,#162,.T.);
#1329=EDGE_CURVE('',#1060,#1071,#664,.T.);
#1330=EDGE_CURVE('',#1072,#1071,#665,.T.);
#1331=EDGE_CURVE('',#1062,#1072,#666,.T.);
#1332=EDGE_CURVE('',#1061,#1073,#667,.T.);
#1333=EDGE_CURVE('',#1071,#1073,#163,.T.);
#1334=EDGE_CURVE('',#1067,#1074,#668,.T.);
#1335=EDGE_CURVE('',#1070,#1074,#669,.T.);
#1336=EDGE_CURVE('',#1074,#1069,#164,.T.);
#1337=EDGE_CURVE('',#1063,#1075,#670,.T.);
#1338=EDGE_CURVE('',#1073,#1075,#671,.T.);
#1339=EDGE_CURVE('',#1075,#1072,#165,.T.);
#1340=EDGE_CURVE('',#1076,#1077,#672,.T.);
#1341=EDGE_CURVE('',#1076,#1078,#673,.T.);
#1342=EDGE_CURVE('',#1079,#1078,#674,.T.);
#1343=EDGE_CURVE('',#1077,#1079,#675,.T.);
#1344=EDGE_CURVE('',#1077,#1080,#676,.T.);
#1345=EDGE_CURVE('',#1081,#1079,#677,.T.);
#1346=EDGE_CURVE('',#1080,#1081,#678,.T.);
#1347=EDGE_CURVE('',#1080,#1082,#679,.T.);
#1348=EDGE_CURVE('',#1083,#1081,#680,.T.);
#1349=EDGE_CURVE('',#1082,#1083,#681,.T.);
#1350=EDGE_CURVE('',#1082,#1076,#682,.T.);
#1351=EDGE_CURVE('',#1078,#1083,#683,.T.);
#1352=EDGE_CURVE('',#1084,#1085,#684,.T.);
#1353=EDGE_CURVE('',#1084,#1086,#685,.T.);
#1354=EDGE_CURVE('',#1086,#1087,#686,.T.);
#1355=EDGE_CURVE('',#1085,#1087,#687,.T.);
#1356=EDGE_CURVE('',#1088,#1084,#688,.T.);
#1357=EDGE_CURVE('',#1088,#1089,#689,.T.);
#1358=EDGE_CURVE('',#1089,#1086,#690,.T.);
#1359=EDGE_CURVE('',#1090,#1088,#691,.T.);
#1360=EDGE_CURVE('',#1090,#1091,#692,.T.);
#1361=EDGE_CURVE('',#1091,#1089,#693,.T.);
#1362=EDGE_CURVE('',#1085,#1090,#694,.T.);
#1363=EDGE_CURVE('',#1087,#1091,#695,.T.);
#1364=EDGE_CURVE('',#1092,#1092,#166,.T.);
#1365=EDGE_CURVE('',#1092,#1093,#696,.T.);
#1366=EDGE_CURVE('',#1093,#1093,#167,.T.);
#1367=EDGE_CURVE('',#1094,#1094,#168,.T.);
#1368=EDGE_CURVE('',#1095,#1095,#169,.T.);
#1369=EDGE_CURVE('',#1095,#1096,#697,.T.);
#1370=EDGE_CURVE('',#1096,#1096,#170,.T.);
#1371=EDGE_CURVE('',#1097,#1097,#171,.T.);
#1372=EDGE_CURVE('',#1098,#1098,#172,.T.);
#1373=EDGE_CURVE('',#1098,#1094,#698,.T.);
#1374=EDGE_CURVE('',#1099,#1099,#173,.T.);
#1375=EDGE_CURVE('',#1099,#1097,#699,.T.);
#1376=EDGE_CURVE('',#1100,#1100,#174,.T.);
#1377=EDGE_CURVE('',#1100,#1101,#700,.T.);
#1378=EDGE_CURVE('',#1101,#1101,#175,.T.);
#1379=EDGE_CURVE('',#1102,#1102,#176,.T.);
#1380=EDGE_CURVE('',#1103,#1103,#177,.T.);
#1381=EDGE_CURVE('',#1103,#1104,#701,.T.);
#1382=EDGE_CURVE('',#1104,#1104,#178,.T.);
#1383=EDGE_CURVE('',#1105,#1105,#179,.T.);
#1384=EDGE_CURVE('',#1102,#1106,#702,.T.);
#1385=EDGE_CURVE('',#1106,#1106,#180,.T.);
#1386=EDGE_CURVE('',#1105,#1107,#703,.T.);
#1387=EDGE_CURVE('',#1107,#1107,#181,.T.);
#1388=EDGE_CURVE('',#1108,#1108,#182,.T.);
#1389=EDGE_CURVE('',#1108,#1109,#704,.T.);
#1390=EDGE_CURVE('',#1109,#1109,#183,.T.);
#1391=EDGE_CURVE('',#1110,#1110,#184,.T.);
#1392=EDGE_CURVE('',#1111,#1111,#185,.T.);
#1393=EDGE_CURVE('',#1111,#1112,#705,.T.);
#1394=EDGE_CURVE('',#1112,#1112,#186,.T.);
#1395=EDGE_CURVE('',#1113,#1113,#187,.T.);
#1396=EDGE_CURVE('',#1110,#1114,#706,.T.);
#1397=EDGE_CURVE('',#1114,#1114,#188,.T.);
#1398=EDGE_CURVE('',#1113,#1115,#707,.T.);
#1399=EDGE_CURVE('',#1115,#1115,#189,.T.);
#1400=EDGE_CURVE('',#1116,#1116,#190,.T.);
#1401=EDGE_CURVE('',#1116,#1117,#708,.T.);
#1402=EDGE_CURVE('',#1117,#1117,#191,.T.);
#1403=EDGE_CURVE('',#1118,#1118,#192,.T.);
#1404=EDGE_CURVE('',#1119,#1119,#193,.T.);
#1405=EDGE_CURVE('',#1119,#1120,#709,.T.);
#1406=EDGE_CURVE('',#1120,#1120,#194,.T.);
#1407=EDGE_CURVE('',#1121,#1121,#195,.T.);
#1408=EDGE_CURVE('',#1122,#1122,#196,.T.);
#1409=EDGE_CURVE('',#1122,#1118,#710,.T.);
#1410=EDGE_CURVE('',#1123,#1123,#197,.T.);
#1411=EDGE_CURVE('',#1123,#1121,#711,.T.);
#1412=EDGE_CURVE('',#1124,#1125,#712,.T.);
#1413=EDGE_CURVE('',#1124,#1126,#713,.T.);
#1414=EDGE_CURVE('',#1126,#1127,#714,.T.);
#1415=EDGE_CURVE('',#1125,#1127,#715,.T.);
#1416=EDGE_CURVE('',#1128,#1124,#716,.T.);
#1417=EDGE_CURVE('',#1128,#1129,#717,.T.);
#1418=EDGE_CURVE('',#1129,#1126,#718,.T.);
#1419=EDGE_CURVE('',#1130,#1128,#719,.T.);
#1420=EDGE_CURVE('',#1130,#1131,#720,.T.);
#1421=EDGE_CURVE('',#1131,#1129,#721,.T.);
#1422=EDGE_CURVE('',#1125,#1130,#722,.T.);
#1423=EDGE_CURVE('',#1127,#1131,#723,.T.);
#1424=EDGE_CURVE('',#1132,#1132,#198,.T.);
#1425=EDGE_CURVE('',#1132,#1133,#724,.T.);
#1426=EDGE_CURVE('',#1133,#1133,#199,.T.);
#1427=EDGE_CURVE('',#1134,#1134,#200,.F.);
#1428=EDGE_CURVE('',#1135,#1135,#201,.T.);
#1429=EDGE_CURVE('',#1135,#1136,#725,.T.);
#1430=EDGE_CURVE('',#1136,#1136,#202,.T.);
#1431=EDGE_CURVE('',#1137,#1137,#203,.F.);
#1432=EDGE_CURVE('',#1138,#1138,#204,.T.);
#1433=EDGE_CURVE('',#1138,#1139,#726,.T.);
#1434=EDGE_CURVE('',#1139,#1139,#205,.T.);
#1435=EDGE_CURVE('',#1140,#1140,#206,.F.);
#1436=EDGE_CURVE('',#1141,#1141,#207,.T.);
#1437=EDGE_CURVE('',#1141,#1142,#727,.T.);
#1438=EDGE_CURVE('',#1142,#1142,#208,.T.);
#1439=EDGE_CURVE('',#1143,#1143,#209,.F.);
#1440=EDGE_CURVE('',#1144,#1144,#210,.T.);
#1441=EDGE_CURVE('',#1144,#1143,#728,.T.);
#1442=EDGE_CURVE('',#1145,#1145,#211,.T.);
#1443=EDGE_CURVE('',#1145,#1137,#729,.T.);
#1444=EDGE_CURVE('',#1146,#1146,#212,.T.);
#1445=EDGE_CURVE('',#1146,#1140,#730,.T.);
#1446=EDGE_CURVE('',#1147,#1147,#213,.T.);
#1447=EDGE_CURVE('',#1147,#1134,#731,.T.);
#1448=EDGE_CURVE('',#1148,#1149,#732,.T.);
#1449=EDGE_CURVE('',#1148,#1150,#733,.T.);
#1450=EDGE_CURVE('',#1151,#1150,#734,.T.);
#1451=EDGE_CURVE('',#1149,#1151,#735,.T.);
#1452=EDGE_CURVE('',#1149,#1152,#214,.T.);
#1453=EDGE_CURVE('',#1153,#1151,#215,.T.);
#1454=EDGE_CURVE('',#1152,#1153,#736,.T.);
#1455=EDGE_CURVE('',#1152,#1154,#737,.T.);
#1456=EDGE_CURVE('',#1155,#1153,#738,.T.);
#1457=EDGE_CURVE('',#1154,#1155,#739,.T.);
#1458=EDGE_CURVE('',#1154,#1156,#216,.T.);
#1459=EDGE_CURVE('',#1157,#1155,#217,.T.);
#1460=EDGE_CURVE('',#1156,#1157,#740,.T.);
#1461=EDGE_CURVE('',#1156,#1158,#741,.T.);
#1462=EDGE_CURVE('',#1159,#1157,#742,.T.);
#1463=EDGE_CURVE('',#1158,#1159,#743,.T.);
#1464=EDGE_CURVE('',#1158,#1148,#218,.T.);
#1465=EDGE_CURVE('',#1150,#1159,#219,.T.);
#1466=ORIENTED_EDGE('',*,*,#1160,.F.);
#1467=ORIENTED_EDGE('',*,*,#1161,.T.);
#1468=ORIENTED_EDGE('',*,*,#1162,.F.);
#1469=ORIENTED_EDGE('',*,*,#1163,.F.);
#1470=ORIENTED_EDGE('',*,*,#1164,.F.);
#1471=ORIENTED_EDGE('',*,*,#1163,.T.);
#1472=ORIENTED_EDGE('',*,*,#1165,.F.);
#1473=ORIENTED_EDGE('',*,*,#1166,.F.);
#1474=ORIENTED_EDGE('',*,*,#1167,.F.);
#1475=ORIENTED_EDGE('',*,*,#1166,.T.);
#1476=ORIENTED_EDGE('',*,*,#1168,.F.);
#1477=ORIENTED_EDGE('',*,*,#1169,.F.);
#1478=ORIENTED_EDGE('',*,*,#1170,.F.);
#1479=ORIENTED_EDGE('',*,*,#1169,.T.);
#1480=ORIENTED_EDGE('',*,*,#1171,.F.);
#1481=ORIENTED_EDGE('',*,*,#1161,.F.);
#1482=ORIENTED_EDGE('',*,*,#1171,.T.);
#1483=ORIENTED_EDGE('',*,*,#1168,.T.);
#1484=ORIENTED_EDGE('',*,*,#1165,.T.);
#1485=ORIENTED_EDGE('',*,*,#1162,.T.);
#1486=ORIENTED_EDGE('',*,*,#1172,.F.);
#1487=ORIENTED_EDGE('',*,*,#1173,.F.);
#1488=ORIENTED_EDGE('',*,*,#1174,.F.);
#1489=ORIENTED_EDGE('',*,*,#1175,.F.);
#1490=ORIENTED_EDGE('',*,*,#1176,.F.);
#1491=ORIENTED_EDGE('',*,*,#1177,.F.);
#1492=ORIENTED_EDGE('',*,*,#1178,.F.);
#1493=ORIENTED_EDGE('',*,*,#1179,.F.);
#1494=ORIENTED_EDGE('',*,*,#1178,.T.);
#1495=ORIENTED_EDGE('',*,*,#1180,.T.);
#1496=ORIENTED_EDGE('',*,*,#1181,.F.);
#1497=ORIENTED_EDGE('',*,*,#1182,.F.);
#1498=ORIENTED_EDGE('',*,*,#1177,.T.);
#1499=ORIENTED_EDGE('',*,*,#1183,.T.);
#1500=ORIENTED_EDGE('',*,*,#1184,.F.);
#1501=ORIENTED_EDGE('',*,*,#1180,.F.);
#1502=ORIENTED_EDGE('',*,*,#1174,.T.);
#1503=ORIENTED_EDGE('',*,*,#1185,.T.);
#1504=ORIENTED_EDGE('',*,*,#1186,.F.);
#1505=ORIENTED_EDGE('',*,*,#1187,.F.);
#1506=ORIENTED_EDGE('',*,*,#1173,.T.);
#1507=ORIENTED_EDGE('',*,*,#1188,.T.);
#1508=ORIENTED_EDGE('',*,*,#1189,.F.);
#1509=ORIENTED_EDGE('',*,*,#1185,.F.);
#1510=ORIENTED_EDGE('',*,*,#1179,.T.);
#1511=ORIENTED_EDGE('',*,*,#1182,.T.);
#1512=ORIENTED_EDGE('',*,*,#1190,.F.);
#1513=ORIENTED_EDGE('',*,*,#1191,.F.);
#1514=ORIENTED_EDGE('',*,*,#1176,.T.);
#1515=ORIENTED_EDGE('',*,*,#1191,.T.);
#1516=ORIENTED_EDGE('',*,*,#1192,.F.);
#1517=ORIENTED_EDGE('',*,*,#1183,.F.);
#1518=ORIENTED_EDGE('',*,*,#1175,.T.);
#1519=ORIENTED_EDGE('',*,*,#1187,.T.);
#1520=ORIENTED_EDGE('',*,*,#1193,.F.);
#1521=ORIENTED_EDGE('',*,*,#1194,.F.);
#1522=ORIENTED_EDGE('',*,*,#1172,.T.);
#1523=ORIENTED_EDGE('',*,*,#1194,.T.);
#1524=ORIENTED_EDGE('',*,*,#1195,.F.);
#1525=ORIENTED_EDGE('',*,*,#1188,.F.);
#1526=ORIENTED_EDGE('',*,*,#1196,.F.);
#1527=ORIENTED_EDGE('',*,*,#1197,.T.);
#1528=ORIENTED_EDGE('',*,*,#1198,.T.);
#1529=ORIENTED_EDGE('',*,*,#1199,.F.);
#1530=ORIENTED_EDGE('',*,*,#1200,.F.);
#1531=ORIENTED_EDGE('',*,*,#1201,.T.);
#1532=ORIENTED_EDGE('',*,*,#1202,.T.);
#1533=ORIENTED_EDGE('',*,*,#1197,.F.);
#1534=ORIENTED_EDGE('',*,*,#1203,.F.);
#1535=ORIENTED_EDGE('',*,*,#1204,.T.);
#1536=ORIENTED_EDGE('',*,*,#1205,.T.);
#1537=ORIENTED_EDGE('',*,*,#1201,.F.);
#1538=ORIENTED_EDGE('',*,*,#1206,.F.);
#1539=ORIENTED_EDGE('',*,*,#1199,.T.);
#1540=ORIENTED_EDGE('',*,*,#1207,.T.);
#1541=ORIENTED_EDGE('',*,*,#1204,.F.);
#1542=ORIENTED_EDGE('',*,*,#1207,.F.);
#1543=ORIENTED_EDGE('',*,*,#1198,.F.);
#1544=ORIENTED_EDGE('',*,*,#1202,.F.);
#1545=ORIENTED_EDGE('',*,*,#1205,.F.);
#1546=ORIENTED_EDGE('',*,*,#1208,.F.);
#1547=ORIENTED_EDGE('',*,*,#1209,.F.);
#1548=ORIENTED_EDGE('',*,*,#1210,.F.);
#1549=ORIENTED_EDGE('',*,*,#1211,.F.);
#1550=ORIENTED_EDGE('',*,*,#1212,.F.);
#1551=ORIENTED_EDGE('',*,*,#1213,.F.);
#1552=ORIENTED_EDGE('',*,*,#1214,.F.);
#1553=ORIENTED_EDGE('',*,*,#1215,.F.);
#1554=ORIENTED_EDGE('',*,*,#1213,.T.);
#1555=ORIENTED_EDGE('',*,*,#1216,.T.);
#1556=ORIENTED_EDGE('',*,*,#1217,.F.);
#1557=ORIENTED_EDGE('',*,*,#1218,.F.);
#1558=ORIENTED_EDGE('',*,*,#1212,.T.);
#1559=ORIENTED_EDGE('',*,*,#1219,.T.);
#1560=ORIENTED_EDGE('',*,*,#1220,.F.);
#1561=ORIENTED_EDGE('',*,*,#1216,.F.);
#1562=ORIENTED_EDGE('',*,*,#1209,.T.);
#1563=ORIENTED_EDGE('',*,*,#1221,.T.);
#1564=ORIENTED_EDGE('',*,*,#1222,.F.);
#1565=ORIENTED_EDGE('',*,*,#1223,.F.);
#1566=ORIENTED_EDGE('',*,*,#1208,.T.);
#1567=ORIENTED_EDGE('',*,*,#1224,.T.);
#1568=ORIENTED_EDGE('',*,*,#1225,.F.);
#1569=ORIENTED_EDGE('',*,*,#1221,.F.);
#1570=ORIENTED_EDGE('',*,*,#1211,.T.);
#1571=ORIENTED_EDGE('',*,*,#1226,.T.);
#1572=ORIENTED_EDGE('',*,*,#1227,.F.);
#1573=ORIENTED_EDGE('',*,*,#1224,.F.);
#1574=ORIENTED_EDGE('',*,*,#1210,.T.);
#1575=ORIENTED_EDGE('',*,*,#1223,.T.);
#1576=ORIENTED_EDGE('',*,*,#1228,.F.);
#1577=ORIENTED_EDGE('',*,*,#1226,.F.);
#1578=ORIENTED_EDGE('',*,*,#1215,.T.);
#1579=ORIENTED_EDGE('',*,*,#1229,.T.);
#1580=ORIENTED_EDGE('',*,*,#1230,.F.);
#1581=ORIENTED_EDGE('',*,*,#1219,.F.);
#1582=ORIENTED_EDGE('',*,*,#1214,.T.);
#1583=ORIENTED_EDGE('',*,*,#1218,.T.);
#1584=ORIENTED_EDGE('',*,*,#1231,.F.);
#1585=ORIENTED_EDGE('',*,*,#1229,.F.);
#1586=ORIENTED_EDGE('',*,*,#1232,.F.);
#1587=ORIENTED_EDGE('',*,*,#1233,.T.);
#1588=ORIENTED_EDGE('',*,*,#1234,.T.);
#1589=ORIENTED_EDGE('',*,*,#1235,.F.);
#1590=ORIENTED_EDGE('',*,*,#1236,.F.);
#1591=ORIENTED_EDGE('',*,*,#1237,.T.);
#1592=ORIENTED_EDGE('',*,*,#1238,.T.);
#1593=ORIENTED_EDGE('',*,*,#1233,.F.);
#1594=ORIENTED_EDGE('',*,*,#1239,.F.);
#1595=ORIENTED_EDGE('',*,*,#1240,.T.);
#1596=ORIENTED_EDGE('',*,*,#1241,.T.);
#1597=ORIENTED_EDGE('',*,*,#1237,.F.);
#1598=ORIENTED_EDGE('',*,*,#1242,.F.);
#1599=ORIENTED_EDGE('',*,*,#1235,.T.);
#1600=ORIENTED_EDGE('',*,*,#1243,.T.);
#1601=ORIENTED_EDGE('',*,*,#1240,.F.);
#1602=ORIENTED_EDGE('',*,*,#1243,.F.);
#1603=ORIENTED_EDGE('',*,*,#1234,.F.);
#1604=ORIENTED_EDGE('',*,*,#1238,.F.);
#1605=ORIENTED_EDGE('',*,*,#1241,.F.);
#1606=ORIENTED_EDGE('',*,*,#1244,.F.);
#1607=ORIENTED_EDGE('',*,*,#1245,.F.);
#1608=ORIENTED_EDGE('',*,*,#1246,.F.);
#1609=ORIENTED_EDGE('',*,*,#1247,.F.);
#1610=ORIENTED_EDGE('',*,*,#1248,.F.);
#1611=ORIENTED_EDGE('',*,*,#1249,.F.);
#1612=ORIENTED_EDGE('',*,*,#1250,.F.);
#1613=ORIENTED_EDGE('',*,*,#1251,.F.);
#1614=ORIENTED_EDGE('',*,*,#1248,.T.);
#1615=ORIENTED_EDGE('',*,*,#1252,.F.);
#1616=ORIENTED_EDGE('',*,*,#1253,.F.);
#1617=ORIENTED_EDGE('',*,*,#1254,.T.);
#1618=ORIENTED_EDGE('',*,*,#1251,.T.);
#1619=ORIENTED_EDGE('',*,*,#1255,.F.);
#1620=ORIENTED_EDGE('',*,*,#1256,.F.);
#1621=ORIENTED_EDGE('',*,*,#1252,.T.);
#1622=ORIENTED_EDGE('',*,*,#1244,.T.);
#1623=ORIENTED_EDGE('',*,*,#1257,.F.);
#1624=ORIENTED_EDGE('',*,*,#1258,.F.);
#1625=ORIENTED_EDGE('',*,*,#1259,.T.);
#1626=ORIENTED_EDGE('',*,*,#1247,.T.);
#1627=ORIENTED_EDGE('',*,*,#1260,.F.);
#1628=ORIENTED_EDGE('',*,*,#1261,.F.);
#1629=ORIENTED_EDGE('',*,*,#1257,.T.);
#1630=ORIENTED_EDGE('',*,*,#1249,.T.);
#1631=ORIENTED_EDGE('',*,*,#1254,.F.);
#1632=ORIENTED_EDGE('',*,*,#1262,.F.);
#1633=ORIENTED_EDGE('',*,*,#1263,.T.);
#1634=ORIENTED_EDGE('',*,*,#1250,.T.);
#1635=ORIENTED_EDGE('',*,*,#1263,.F.);
#1636=ORIENTED_EDGE('',*,*,#1264,.F.);
#1637=ORIENTED_EDGE('',*,*,#1255,.T.);
#1638=ORIENTED_EDGE('',*,*,#1245,.T.);
#1639=ORIENTED_EDGE('',*,*,#1259,.F.);
#1640=ORIENTED_EDGE('',*,*,#1265,.F.);
#1641=ORIENTED_EDGE('',*,*,#1266,.T.);
#1642=ORIENTED_EDGE('',*,*,#1246,.T.);
#1643=ORIENTED_EDGE('',*,*,#1266,.F.);
#1644=ORIENTED_EDGE('',*,*,#1267,.F.);
#1645=ORIENTED_EDGE('',*,*,#1260,.T.);
#1646=ORIENTED_EDGE('',*,*,#1268,.F.);
#1647=ORIENTED_EDGE('',*,*,#1269,.T.);
#1648=ORIENTED_EDGE('',*,*,#1270,.F.);
#1649=ORIENTED_EDGE('',*,*,#1271,.F.);
#1650=ORIENTED_EDGE('',*,*,#1272,.F.);
#1651=ORIENTED_EDGE('',*,*,#1271,.T.);
#1652=ORIENTED_EDGE('',*,*,#1273,.F.);
#1653=ORIENTED_EDGE('',*,*,#1274,.F.);
#1654=ORIENTED_EDGE('',*,*,#1275,.F.);
#1655=ORIENTED_EDGE('',*,*,#1274,.T.);
#1656=ORIENTED_EDGE('',*,*,#1276,.F.);
#1657=ORIENTED_EDGE('',*,*,#1277,.F.);
#1658=ORIENTED_EDGE('',*,*,#1278,.F.);
#1659=ORIENTED_EDGE('',*,*,#1277,.T.);
#1660=ORIENTED_EDGE('',*,*,#1279,.F.);
#1661=ORIENTED_EDGE('',*,*,#1269,.F.);
#1662=ORIENTED_EDGE('',*,*,#1279,.T.);
#1663=ORIENTED_EDGE('',*,*,#1276,.T.);
#1664=ORIENTED_EDGE('',*,*,#1273,.T.);
#1665=ORIENTED_EDGE('',*,*,#1270,.T.);
#1666=ORIENTED_EDGE('',*,*,#1280,.F.);
#1667=ORIENTED_EDGE('',*,*,#1281,.F.);
#1668=ORIENTED_EDGE('',*,*,#1282,.F.);
#1669=ORIENTED_EDGE('',*,*,#1283,.F.);
#1670=ORIENTED_EDGE('',*,*,#1284,.F.);
#1671=ORIENTED_EDGE('',*,*,#1285,.F.);
#1672=ORIENTED_EDGE('',*,*,#1286,.F.);
#1673=ORIENTED_EDGE('',*,*,#1287,.F.);
#1674=ORIENTED_EDGE('',*,*,#1286,.T.);
#1675=ORIENTED_EDGE('',*,*,#1288,.T.);
#1676=ORIENTED_EDGE('',*,*,#1289,.F.);
#1677=ORIENTED_EDGE('',*,*,#1290,.F.);
#1678=ORIENTED_EDGE('',*,*,#1285,.T.);
#1679=ORIENTED_EDGE('',*,*,#1291,.T.);
#1680=ORIENTED_EDGE('',*,*,#1292,.F.);
#1681=ORIENTED_EDGE('',*,*,#1288,.F.);
#1682=ORIENTED_EDGE('',*,*,#1282,.T.);
#1683=ORIENTED_EDGE('',*,*,#1293,.T.);
#1684=ORIENTED_EDGE('',*,*,#1294,.F.);
#1685=ORIENTED_EDGE('',*,*,#1295,.F.);
#1686=ORIENTED_EDGE('',*,*,#1281,.T.);
#1687=ORIENTED_EDGE('',*,*,#1296,.T.);
#1688=ORIENTED_EDGE('',*,*,#1297,.F.);
#1689=ORIENTED_EDGE('',*,*,#1293,.F.);
#1690=ORIENTED_EDGE('',*,*,#1283,.T.);
#1691=ORIENTED_EDGE('',*,*,#1295,.T.);
#1692=ORIENTED_EDGE('',*,*,#1298,.F.);
#1693=ORIENTED_EDGE('',*,*,#1299,.F.);
#1694=ORIENTED_EDGE('',*,*,#1280,.T.);
#1695=ORIENTED_EDGE('',*,*,#1299,.T.);
#1696=ORIENTED_EDGE('',*,*,#1300,.F.);
#1697=ORIENTED_EDGE('',*,*,#1296,.F.);
#1698=ORIENTED_EDGE('',*,*,#1287,.T.);
#1699=ORIENTED_EDGE('',*,*,#1290,.T.);
#1700=ORIENTED_EDGE('',*,*,#1301,.F.);
#1701=ORIENTED_EDGE('',*,*,#1302,.F.);
#1702=ORIENTED_EDGE('',*,*,#1284,.T.);
#1703=ORIENTED_EDGE('',*,*,#1302,.T.);
#1704=ORIENTED_EDGE('',*,*,#1303,.F.);
#1705=ORIENTED_EDGE('',*,*,#1291,.F.);
#1706=ORIENTED_EDGE('',*,*,#1304,.F.);
#1707=ORIENTED_EDGE('',*,*,#1305,.T.);
#1708=ORIENTED_EDGE('',*,*,#1306,.T.);
#1709=ORIENTED_EDGE('',*,*,#1307,.F.);
#1710=ORIENTED_EDGE('',*,*,#1308,.F.);
#1711=ORIENTED_EDGE('',*,*,#1309,.T.);
#1712=ORIENTED_EDGE('',*,*,#1310,.T.);
#1713=ORIENTED_EDGE('',*,*,#1305,.F.);
#1714=ORIENTED_EDGE('',*,*,#1311,.F.);
#1715=ORIENTED_EDGE('',*,*,#1312,.T.);
#1716=ORIENTED_EDGE('',*,*,#1313,.T.);
#1717=ORIENTED_EDGE('',*,*,#1309,.F.);
#1718=ORIENTED_EDGE('',*,*,#1314,.F.);
#1719=ORIENTED_EDGE('',*,*,#1307,.T.);
#1720=ORIENTED_EDGE('',*,*,#1315,.T.);
#1721=ORIENTED_EDGE('',*,*,#1312,.F.);
#1722=ORIENTED_EDGE('',*,*,#1315,.F.);
#1723=ORIENTED_EDGE('',*,*,#1306,.F.);
#1724=ORIENTED_EDGE('',*,*,#1310,.F.);
#1725=ORIENTED_EDGE('',*,*,#1313,.F.);
#1726=ORIENTED_EDGE('',*,*,#1316,.F.);
#1727=ORIENTED_EDGE('',*,*,#1317,.F.);
#1728=ORIENTED_EDGE('',*,*,#1318,.F.);
#1729=ORIENTED_EDGE('',*,*,#1319,.F.);
#1730=ORIENTED_EDGE('',*,*,#1320,.F.);
#1731=ORIENTED_EDGE('',*,*,#1321,.F.);
#1732=ORIENTED_EDGE('',*,*,#1322,.F.);
#1733=ORIENTED_EDGE('',*,*,#1323,.F.);
#1734=ORIENTED_EDGE('',*,*,#1321,.T.);
#1735=ORIENTED_EDGE('',*,*,#1324,.T.);
#1736=ORIENTED_EDGE('',*,*,#1325,.F.);
#1737=ORIENTED_EDGE('',*,*,#1326,.F.);
#1738=ORIENTED_EDGE('',*,*,#1320,.T.);
#1739=ORIENTED_EDGE('',*,*,#1327,.T.);
#1740=ORIENTED_EDGE('',*,*,#1328,.F.);
#1741=ORIENTED_EDGE('',*,*,#1324,.F.);
#1742=ORIENTED_EDGE('',*,*,#1317,.T.);
#1743=ORIENTED_EDGE('',*,*,#1329,.T.);
#1744=ORIENTED_EDGE('',*,*,#1330,.F.);
#1745=ORIENTED_EDGE('',*,*,#1331,.F.);
#1746=ORIENTED_EDGE('',*,*,#1316,.T.);
#1747=ORIENTED_EDGE('',*,*,#1332,.T.);
#1748=ORIENTED_EDGE('',*,*,#1333,.F.);
#1749=ORIENTED_EDGE('',*,*,#1329,.F.);
#1750=ORIENTED_EDGE('',*,*,#1323,.T.);
#1751=ORIENTED_EDGE('',*,*,#1334,.T.);
#1752=ORIENTED_EDGE('',*,*,#1335,.F.);
#1753=ORIENTED_EDGE('',*,*,#1327,.F.);
#1754=ORIENTED_EDGE('',*,*,#1322,.T.);
#1755=ORIENTED_EDGE('',*,*,#1326,.T.);
#1756=ORIENTED_EDGE('',*,*,#1336,.F.);
#1757=ORIENTED_EDGE('',*,*,#1334,.F.);
#1758=ORIENTED_EDGE('',*,*,#1319,.T.);
#1759=ORIENTED_EDGE('',*,*,#1337,.T.);
#1760=ORIENTED_EDGE('',*,*,#1338,.F.);
#1761=ORIENTED_EDGE('',*,*,#1332,.F.);
#1762=ORIENTED_EDGE('',*,*,#1318,.T.);
#1763=ORIENTED_EDGE('',*,*,#1331,.T.);
#1764=ORIENTED_EDGE('',*,*,#1339,.F.);
#1765=ORIENTED_EDGE('',*,*,#1337,.F.);
#1766=ORIENTED_EDGE('',*,*,#1340,.F.);
#1767=ORIENTED_EDGE('',*,*,#1341,.T.);
#1768=ORIENTED_EDGE('',*,*,#1342,.F.);
#1769=ORIENTED_EDGE('',*,*,#1343,.F.);
#1770=ORIENTED_EDGE('',*,*,#1344,.F.);
#1771=ORIENTED_EDGE('',*,*,#1343,.T.);
#1772=ORIENTED_EDGE('',*,*,#1345,.F.);
#1773=ORIENTED_EDGE('',*,*,#1346,.F.);
#1774=ORIENTED_EDGE('',*,*,#1347,.F.);
#1775=ORIENTED_EDGE('',*,*,#1346,.T.);
#1776=ORIENTED_EDGE('',*,*,#1348,.F.);
#1777=ORIENTED_EDGE('',*,*,#1349,.F.);
#1778=ORIENTED_EDGE('',*,*,#1350,.F.);
#1779=ORIENTED_EDGE('',*,*,#1349,.T.);
#1780=ORIENTED_EDGE('',*,*,#1351,.F.);
#1781=ORIENTED_EDGE('',*,*,#1341,.F.);
#1782=ORIENTED_EDGE('',*,*,#1351,.T.);
#1783=ORIENTED_EDGE('',*,*,#1348,.T.);
#1784=ORIENTED_EDGE('',*,*,#1345,.T.);
#1785=ORIENTED_EDGE('',*,*,#1342,.T.);
#1786=ORIENTED_EDGE('',*,*,#1352,.F.);
#1787=ORIENTED_EDGE('',*,*,#1353,.T.);
#1788=ORIENTED_EDGE('',*,*,#1354,.T.);
#1789=ORIENTED_EDGE('',*,*,#1355,.F.);
#1790=ORIENTED_EDGE('',*,*,#1356,.F.);
#1791=ORIENTED_EDGE('',*,*,#1357,.T.);
#1792=ORIENTED_EDGE('',*,*,#1358,.T.);
#1793=ORIENTED_EDGE('',*,*,#1353,.F.);
#1794=ORIENTED_EDGE('',*,*,#1359,.F.);
#1795=ORIENTED_EDGE('',*,*,#1360,.T.);
#1796=ORIENTED_EDGE('',*,*,#1361,.T.);
#1797=ORIENTED_EDGE('',*,*,#1357,.F.);
#1798=ORIENTED_EDGE('',*,*,#1362,.F.);
#1799=ORIENTED_EDGE('',*,*,#1355,.T.);
#1800=ORIENTED_EDGE('',*,*,#1363,.T.);
#1801=ORIENTED_EDGE('',*,*,#1360,.F.);
#1802=ORIENTED_EDGE('',*,*,#1363,.F.);
#1803=ORIENTED_EDGE('',*,*,#1354,.F.);
#1804=ORIENTED_EDGE('',*,*,#1358,.F.);
#1805=ORIENTED_EDGE('',*,*,#1361,.F.);
#1806=ORIENTED_EDGE('',*,*,#1364,.F.);
#1807=ORIENTED_EDGE('',*,*,#1365,.T.);
#1808=ORIENTED_EDGE('',*,*,#1366,.T.);
#1809=ORIENTED_EDGE('',*,*,#1365,.F.);
#1810=ORIENTED_EDGE('',*,*,#1366,.F.);
#1811=ORIENTED_EDGE('',*,*,#1367,.F.);
#1812=ORIENTED_EDGE('',*,*,#1368,.F.);
#1813=ORIENTED_EDGE('',*,*,#1369,.T.);
#1814=ORIENTED_EDGE('',*,*,#1370,.T.);
#1815=ORIENTED_EDGE('',*,*,#1369,.F.);
#1816=ORIENTED_EDGE('',*,*,#1370,.F.);
#1817=ORIENTED_EDGE('',*,*,#1371,.F.);
#1818=ORIENTED_EDGE('',*,*,#1372,.F.);
#1819=ORIENTED_EDGE('',*,*,#1373,.T.);
#1820=ORIENTED_EDGE('',*,*,#1367,.T.);
#1821=ORIENTED_EDGE('',*,*,#1373,.F.);
#1822=ORIENTED_EDGE('',*,*,#1374,.F.);
#1823=ORIENTED_EDGE('',*,*,#1375,.T.);
#1824=ORIENTED_EDGE('',*,*,#1371,.T.);
#1825=ORIENTED_EDGE('',*,*,#1375,.F.);
#1826=ORIENTED_EDGE('',*,*,#1376,.F.);
#1827=ORIENTED_EDGE('',*,*,#1377,.T.);
#1828=ORIENTED_EDGE('',*,*,#1378,.F.);
#1829=ORIENTED_EDGE('',*,*,#1377,.F.);
#1830=ORIENTED_EDGE('',*,*,#1376,.T.);
#1831=ORIENTED_EDGE('',*,*,#1379,.F.);
#1832=ORIENTED_EDGE('',*,*,#1380,.F.);
#1833=ORIENTED_EDGE('',*,*,#1381,.T.);
#1834=ORIENTED_EDGE('',*,*,#1382,.F.);
#1835=ORIENTED_EDGE('',*,*,#1381,.F.);
#1836=ORIENTED_EDGE('',*,*,#1380,.T.);
#1837=ORIENTED_EDGE('',*,*,#1383,.F.);
#1838=ORIENTED_EDGE('',*,*,#1379,.T.);
#1839=ORIENTED_EDGE('',*,*,#1384,.T.);
#1840=ORIENTED_EDGE('',*,*,#1385,.F.);
#1841=ORIENTED_EDGE('',*,*,#1384,.F.);
#1842=ORIENTED_EDGE('',*,*,#1383,.T.);
#1843=ORIENTED_EDGE('',*,*,#1386,.T.);
#1844=ORIENTED_EDGE('',*,*,#1387,.F.);
#1845=ORIENTED_EDGE('',*,*,#1386,.F.);
#1846=ORIENTED_EDGE('',*,*,#1388,.F.);
#1847=ORIENTED_EDGE('',*,*,#1389,.T.);
#1848=ORIENTED_EDGE('',*,*,#1390,.F.);
#1849=ORIENTED_EDGE('',*,*,#1389,.F.);
#1850=ORIENTED_EDGE('',*,*,#1388,.T.);
#1851=ORIENTED_EDGE('',*,*,#1391,.F.);
#1852=ORIENTED_EDGE('',*,*,#1392,.F.);
#1853=ORIENTED_EDGE('',*,*,#1393,.T.);
#1854=ORIENTED_EDGE('',*,*,#1394,.F.);
#1855=ORIENTED_EDGE('',*,*,#1393,.F.);
#1856=ORIENTED_EDGE('',*,*,#1392,.T.);
#1857=ORIENTED_EDGE('',*,*,#1395,.F.);
#1858=ORIENTED_EDGE('',*,*,#1391,.T.);
#1859=ORIENTED_EDGE('',*,*,#1396,.T.);
#1860=ORIENTED_EDGE('',*,*,#1397,.F.);
#1861=ORIENTED_EDGE('',*,*,#1396,.F.);
#1862=ORIENTED_EDGE('',*,*,#1395,.T.);
#1863=ORIENTED_EDGE('',*,*,#1398,.T.);
#1864=ORIENTED_EDGE('',*,*,#1399,.F.);
#1865=ORIENTED_EDGE('',*,*,#1398,.F.);
#1866=ORIENTED_EDGE('',*,*,#1400,.F.);
#1867=ORIENTED_EDGE('',*,*,#1401,.T.);
#1868=ORIENTED_EDGE('',*,*,#1402,.T.);
#1869=ORIENTED_EDGE('',*,*,#1401,.F.);
#1870=ORIENTED_EDGE('',*,*,#1402,.F.);
#1871=ORIENTED_EDGE('',*,*,#1403,.F.);
#1872=ORIENTED_EDGE('',*,*,#1404,.F.);
#1873=ORIENTED_EDGE('',*,*,#1405,.T.);
#1874=ORIENTED_EDGE('',*,*,#1406,.T.);
#1875=ORIENTED_EDGE('',*,*,#1405,.F.);
#1876=ORIENTED_EDGE('',*,*,#1406,.F.);
#1877=ORIENTED_EDGE('',*,*,#1407,.F.);
#1878=ORIENTED_EDGE('',*,*,#1408,.F.);
#1879=ORIENTED_EDGE('',*,*,#1409,.T.);
#1880=ORIENTED_EDGE('',*,*,#1403,.T.);
#1881=ORIENTED_EDGE('',*,*,#1409,.F.);
#1882=ORIENTED_EDGE('',*,*,#1410,.F.);
#1883=ORIENTED_EDGE('',*,*,#1411,.T.);
#1884=ORIENTED_EDGE('',*,*,#1407,.T.);
#1885=ORIENTED_EDGE('',*,*,#1411,.F.);
#1886=ORIENTED_EDGE('',*,*,#1412,.F.);
#1887=ORIENTED_EDGE('',*,*,#1413,.T.);
#1888=ORIENTED_EDGE('',*,*,#1414,.T.);
#1889=ORIENTED_EDGE('',*,*,#1415,.F.);
#1890=ORIENTED_EDGE('',*,*,#1416,.F.);
#1891=ORIENTED_EDGE('',*,*,#1417,.T.);
#1892=ORIENTED_EDGE('',*,*,#1418,.T.);
#1893=ORIENTED_EDGE('',*,*,#1413,.F.);
#1894=ORIENTED_EDGE('',*,*,#1419,.F.);
#1895=ORIENTED_EDGE('',*,*,#1420,.T.);
#1896=ORIENTED_EDGE('',*,*,#1421,.T.);
#1897=ORIENTED_EDGE('',*,*,#1417,.F.);
#1898=ORIENTED_EDGE('',*,*,#1422,.F.);
#1899=ORIENTED_EDGE('',*,*,#1415,.T.);
#1900=ORIENTED_EDGE('',*,*,#1423,.T.);
#1901=ORIENTED_EDGE('',*,*,#1420,.F.);
#1902=ORIENTED_EDGE('',*,*,#1423,.F.);
#1903=ORIENTED_EDGE('',*,*,#1414,.F.);
#1904=ORIENTED_EDGE('',*,*,#1418,.F.);
#1905=ORIENTED_EDGE('',*,*,#1421,.F.);
#1906=ORIENTED_EDGE('',*,*,#1424,.F.);
#1907=ORIENTED_EDGE('',*,*,#1425,.T.);
#1908=ORIENTED_EDGE('',*,*,#1426,.T.);
#1909=ORIENTED_EDGE('',*,*,#1425,.F.);
#1910=ORIENTED_EDGE('',*,*,#1426,.F.);
#1911=ORIENTED_EDGE('',*,*,#1427,.F.);
#1912=ORIENTED_EDGE('',*,*,#1428,.F.);
#1913=ORIENTED_EDGE('',*,*,#1429,.T.);
#1914=ORIENTED_EDGE('',*,*,#1430,.T.);
#1915=ORIENTED_EDGE('',*,*,#1429,.F.);
#1916=ORIENTED_EDGE('',*,*,#1430,.F.);
#1917=ORIENTED_EDGE('',*,*,#1431,.F.);
#1918=ORIENTED_EDGE('',*,*,#1432,.F.);
#1919=ORIENTED_EDGE('',*,*,#1433,.T.);
#1920=ORIENTED_EDGE('',*,*,#1434,.T.);
#1921=ORIENTED_EDGE('',*,*,#1433,.F.);
#1922=ORIENTED_EDGE('',*,*,#1434,.F.);
#1923=ORIENTED_EDGE('',*,*,#1435,.F.);
#1924=ORIENTED_EDGE('',*,*,#1436,.F.);
#1925=ORIENTED_EDGE('',*,*,#1437,.T.);
#1926=ORIENTED_EDGE('',*,*,#1438,.T.);
#1927=ORIENTED_EDGE('',*,*,#1437,.F.);
#1928=ORIENTED_EDGE('',*,*,#1438,.F.);
#1929=ORIENTED_EDGE('',*,*,#1439,.F.);
#1930=ORIENTED_EDGE('',*,*,#1440,.F.);
#1931=ORIENTED_EDGE('',*,*,#1441,.T.);
#1932=ORIENTED_EDGE('',*,*,#1439,.T.);
#1933=ORIENTED_EDGE('',*,*,#1441,.F.);
#1934=ORIENTED_EDGE('',*,*,#1442,.F.);
#1935=ORIENTED_EDGE('',*,*,#1443,.T.);
#1936=ORIENTED_EDGE('',*,*,#1431,.T.);
#1937=ORIENTED_EDGE('',*,*,#1443,.F.);
#1938=ORIENTED_EDGE('',*,*,#1444,.F.);
#1939=ORIENTED_EDGE('',*,*,#1445,.T.);
#1940=ORIENTED_EDGE('',*,*,#1435,.T.);
#1941=ORIENTED_EDGE('',*,*,#1445,.F.);
#1942=ORIENTED_EDGE('',*,*,#1446,.F.);
#1943=ORIENTED_EDGE('',*,*,#1447,.T.);
#1944=ORIENTED_EDGE('',*,*,#1427,.T.);
#1945=ORIENTED_EDGE('',*,*,#1447,.F.);
#1946=ORIENTED_EDGE('',*,*,#1448,.F.);
#1947=ORIENTED_EDGE('',*,*,#1449,.T.);
#1948=ORIENTED_EDGE('',*,*,#1450,.F.);
#1949=ORIENTED_EDGE('',*,*,#1451,.F.);
#1950=ORIENTED_EDGE('',*,*,#1452,.F.);
#1951=ORIENTED_EDGE('',*,*,#1451,.T.);
#1952=ORIENTED_EDGE('',*,*,#1453,.F.);
#1953=ORIENTED_EDGE('',*,*,#1454,.F.);
#1954=ORIENTED_EDGE('',*,*,#1455,.F.);
#1955=ORIENTED_EDGE('',*,*,#1454,.T.);
#1956=ORIENTED_EDGE('',*,*,#1456,.F.);
#1957=ORIENTED_EDGE('',*,*,#1457,.F.);
#1958=ORIENTED_EDGE('',*,*,#1458,.F.);
#1959=ORIENTED_EDGE('',*,*,#1457,.T.);
#1960=ORIENTED_EDGE('',*,*,#1459,.F.);
#1961=ORIENTED_EDGE('',*,*,#1460,.F.);
#1962=ORIENTED_EDGE('',*,*,#1461,.F.);
#1963=ORIENTED_EDGE('',*,*,#1460,.T.);
#1964=ORIENTED_EDGE('',*,*,#1462,.F.);
#1965=ORIENTED_EDGE('',*,*,#1463,.F.);
#1966=ORIENTED_EDGE('',*,*,#1464,.F.);
#1967=ORIENTED_EDGE('',*,*,#1463,.T.);
#1968=ORIENTED_EDGE('',*,*,#1465,.F.);
#1969=ORIENTED_EDGE('',*,*,#1449,.F.);
#1970=ORIENTED_EDGE('',*,*,#1464,.T.);
#1971=ORIENTED_EDGE('',*,*,#1448,.T.);
#1972=ORIENTED_EDGE('',*,*,#1452,.T.);
#1973=ORIENTED_EDGE('',*,*,#1455,.T.);
#1974=ORIENTED_EDGE('',*,*,#1458,.T.);
#1975=ORIENTED_EDGE('',*,*,#1461,.T.);
#1976=ORIENTED_EDGE('',*,*,#1440,.T.);
#1977=ORIENTED_EDGE('',*,*,#1442,.T.);
#1978=ORIENTED_EDGE('',*,*,#1444,.T.);
#1979=ORIENTED_EDGE('',*,*,#1446,.T.);
#1980=ORIENTED_EDGE('',*,*,#1410,.T.);
#1981=ORIENTED_EDGE('',*,*,#1408,.T.);
#1982=ORIENTED_EDGE('',*,*,#1399,.T.);
#1983=ORIENTED_EDGE('',*,*,#1397,.T.);
#1984=ORIENTED_EDGE('',*,*,#1387,.T.);
#1985=ORIENTED_EDGE('',*,*,#1385,.T.);
#1986=ORIENTED_EDGE('',*,*,#1374,.T.);
#1987=ORIENTED_EDGE('',*,*,#1372,.T.);
#1988=ORIENTED_EDGE('',*,*,#1338,.T.);
#1989=ORIENTED_EDGE('',*,*,#1339,.T.);
#1990=ORIENTED_EDGE('',*,*,#1330,.T.);
#1991=ORIENTED_EDGE('',*,*,#1333,.T.);
#1992=ORIENTED_EDGE('',*,*,#1335,.T.);
#1993=ORIENTED_EDGE('',*,*,#1336,.T.);
#1994=ORIENTED_EDGE('',*,*,#1325,.T.);
#1995=ORIENTED_EDGE('',*,*,#1328,.T.);
#1996=ORIENTED_EDGE('',*,*,#1292,.T.);
#1997=ORIENTED_EDGE('',*,*,#1303,.T.);
#1998=ORIENTED_EDGE('',*,*,#1301,.T.);
#1999=ORIENTED_EDGE('',*,*,#1289,.T.);
#2000=ORIENTED_EDGE('',*,*,#1297,.T.);
#2001=ORIENTED_EDGE('',*,*,#1300,.T.);
#2002=ORIENTED_EDGE('',*,*,#1298,.T.);
#2003=ORIENTED_EDGE('',*,*,#1294,.T.);
#2004=ORIENTED_EDGE('',*,*,#1261,.T.);
#2005=ORIENTED_EDGE('',*,*,#1267,.T.);
#2006=ORIENTED_EDGE('',*,*,#1265,.T.);
#2007=ORIENTED_EDGE('',*,*,#1258,.T.);
#2008=ORIENTED_EDGE('',*,*,#1262,.T.);
#2009=ORIENTED_EDGE('',*,*,#1253,.T.);
#2010=ORIENTED_EDGE('',*,*,#1256,.T.);
#2011=ORIENTED_EDGE('',*,*,#1264,.T.);
#2012=ORIENTED_EDGE('',*,*,#1230,.T.);
#2013=ORIENTED_EDGE('',*,*,#1231,.T.);
#2014=ORIENTED_EDGE('',*,*,#1217,.T.);
#2015=ORIENTED_EDGE('',*,*,#1220,.T.);
#2016=ORIENTED_EDGE('',*,*,#1227,.T.);
#2017=ORIENTED_EDGE('',*,*,#1228,.T.);
#2018=ORIENTED_EDGE('',*,*,#1222,.T.);
#2019=ORIENTED_EDGE('',*,*,#1225,.T.);
#2020=ORIENTED_EDGE('',*,*,#1189,.T.);
#2021=ORIENTED_EDGE('',*,*,#1195,.T.);
#2022=ORIENTED_EDGE('',*,*,#1193,.T.);
#2023=ORIENTED_EDGE('',*,*,#1186,.T.);
#2024=ORIENTED_EDGE('',*,*,#1184,.T.);
#2025=ORIENTED_EDGE('',*,*,#1192,.T.);
#2026=ORIENTED_EDGE('',*,*,#1190,.T.);
#2027=ORIENTED_EDGE('',*,*,#1181,.T.);
#2028=ORIENTED_EDGE('',*,*,#1465,.T.);
#2029=ORIENTED_EDGE('',*,*,#1462,.T.);
#2030=ORIENTED_EDGE('',*,*,#1459,.T.);
#2031=ORIENTED_EDGE('',*,*,#1456,.T.);
#2032=ORIENTED_EDGE('',*,*,#1453,.T.);
#2033=ORIENTED_EDGE('',*,*,#1450,.T.);
#2034=ORIENTED_EDGE('',*,*,#1160,.T.);
#2035=ORIENTED_EDGE('',*,*,#1164,.T.);
#2036=ORIENTED_EDGE('',*,*,#1167,.T.);
#2037=ORIENTED_EDGE('',*,*,#1170,.T.);
#2038=ORIENTED_EDGE('',*,*,#1196,.T.);
#2039=ORIENTED_EDGE('',*,*,#1206,.T.);
#2040=ORIENTED_EDGE('',*,*,#1203,.T.);
#2041=ORIENTED_EDGE('',*,*,#1200,.T.);
#2042=ORIENTED_EDGE('',*,*,#1232,.T.);
#2043=ORIENTED_EDGE('',*,*,#1242,.T.);
#2044=ORIENTED_EDGE('',*,*,#1239,.T.);
#2045=ORIENTED_EDGE('',*,*,#1236,.T.);
#2046=ORIENTED_EDGE('',*,*,#1268,.T.);
#2047=ORIENTED_EDGE('',*,*,#1272,.T.);
#2048=ORIENTED_EDGE('',*,*,#1275,.T.);
#2049=ORIENTED_EDGE('',*,*,#1278,.T.);
#2050=ORIENTED_EDGE('',*,*,#1304,.T.);
#2051=ORIENTED_EDGE('',*,*,#1314,.T.);
#2052=ORIENTED_EDGE('',*,*,#1311,.T.);
#2053=ORIENTED_EDGE('',*,*,#1308,.T.);
#2054=ORIENTED_EDGE('',*,*,#1390,.T.);
#2055=ORIENTED_EDGE('',*,*,#1340,.T.);
#2056=ORIENTED_EDGE('',*,*,#1344,.T.);
#2057=ORIENTED_EDGE('',*,*,#1347,.T.);
#2058=ORIENTED_EDGE('',*,*,#1350,.T.);
#2059=ORIENTED_EDGE('',*,*,#1352,.T.);
#2060=ORIENTED_EDGE('',*,*,#1362,.T.);
#2061=ORIENTED_EDGE('',*,*,#1359,.T.);
#2062=ORIENTED_EDGE('',*,*,#1356,.T.);
#2063=ORIENTED_EDGE('',*,*,#1364,.T.);
#2064=ORIENTED_EDGE('',*,*,#1368,.T.);
#2065=ORIENTED_EDGE('',*,*,#1378,.T.);
#2066=ORIENTED_EDGE('',*,*,#1382,.T.);
#2067=ORIENTED_EDGE('',*,*,#1394,.T.);
#2068=ORIENTED_EDGE('',*,*,#1400,.T.);
#2069=ORIENTED_EDGE('',*,*,#1404,.T.);
#2070=ORIENTED_EDGE('',*,*,#1412,.T.);
#2071=ORIENTED_EDGE('',*,*,#1422,.T.);
#2072=ORIENTED_EDGE('',*,*,#1419,.T.);
#2073=ORIENTED_EDGE('',*,*,#1416,.T.);
#2074=ORIENTED_EDGE('',*,*,#1424,.T.);
#2075=ORIENTED_EDGE('',*,*,#1428,.T.);
#2076=ORIENTED_EDGE('',*,*,#1432,.T.);
#2077=ORIENTED_EDGE('',*,*,#1436,.T.);
#2078=PLANE('',#2293);
#2079=PLANE('',#2294);
#2080=PLANE('',#2295);
#2081=PLANE('',#2296);
#2082=PLANE('',#2297);
#2083=PLANE('',#2304);
#2084=PLANE('',#2307);
#2085=PLANE('',#2308);
#2086=PLANE('',#2311);
#2087=PLANE('',#2314);
#2088=PLANE('',#2315);
#2089=PLANE('',#2316);
#2090=PLANE('',#2317);
#2091=PLANE('',#2318);
#2092=PLANE('',#2323);
#2093=PLANE('',#2326);
#2094=PLANE('',#2329);
#2095=PLANE('',#2332);
#2096=PLANE('',#2335);
#2097=PLANE('',#2336);
#2098=PLANE('',#2337);
#2099=PLANE('',#2338);
#2100=PLANE('',#2339);
#2101=PLANE('',#2344);
#2102=PLANE('',#2347);
#2103=PLANE('',#2352);
#2104=PLANE('',#2355);
#2105=PLANE('',#2356);
#2106=PLANE('',#2357);
#2107=PLANE('',#2358);
#2108=PLANE('',#2359);
#2109=PLANE('',#2360);
#2110=PLANE('',#2367);
#2111=PLANE('',#2370);
#2112=PLANE('',#2371);
#2113=PLANE('',#2374);
#2114=PLANE('',#2377);
#2115=PLANE('',#2378);
#2116=PLANE('',#2379);
#2117=PLANE('',#2380);
#2118=PLANE('',#2381);
#2119=PLANE('',#2386);
#2120=PLANE('',#2389);
#2121=PLANE('',#2392);
#2122=PLANE('',#2395);
#2123=PLANE('',#2398);
#2124=PLANE('',#2399);
#2125=PLANE('',#2400);
#2126=PLANE('',#2401);
#2127=PLANE('',#2402);
#2128=PLANE('',#2403);
#2129=PLANE('',#2404);
#2130=PLANE('',#2405);
#2131=PLANE('',#2406);
#2132=PLANE('',#2407);
#2133=PLANE('',#2411);
#2134=PLANE('',#2416);
#2135=PLANE('',#2425);
#2136=PLANE('',#2430);
#2137=PLANE('',#2439);
#2138=PLANE('',#2444);
#2139=PLANE('',#2453);
#2140=PLANE('',#2458);
#2141=PLANE('',#2464);
#2142=PLANE('',#2465);
#2143=PLANE('',#2466);
#2144=PLANE('',#2467);
#2145=PLANE('',#2468);
#2146=PLANE('',#2472);
#2147=PLANE('',#2477);
#2148=PLANE('',#2482);
#2149=PLANE('',#2487);
#2150=PLANE('',#2497);
#2151=PLANE('',#2501);
#2152=PLANE('',#2505);
#2153=PLANE('',#2509);
#2154=PLANE('',#2510);
#2155=ADVANCED_FACE('',(#220),#2078,.T.);
#2156=ADVANCED_FACE('',(#221),#2079,.T.);
#2157=ADVANCED_FACE('',(#222),#2080,.T.);
#2158=ADVANCED_FACE('',(#223),#2081,.T.);
#2159=ADVANCED_FACE('',(#224,#62,#63),#2082,.F.);
#2160=ADVANCED_FACE('',(#225),#15,.F.);
#2161=ADVANCED_FACE('',(#226),#2083,.T.);
#2162=ADVANCED_FACE('',(#227),#16,.F.);
#2163=ADVANCED_FACE('',(#228),#2084,.T.);
#2164=ADVANCED_FACE('',(#229),#2085,.T.);
#2165=ADVANCED_FACE('',(#230),#17,.F.);
#2166=ADVANCED_FACE('',(#231),#2086,.T.);
#2167=ADVANCED_FACE('',(#232),#18,.F.);
#2168=ADVANCED_FACE('',(#233),#2087,.F.);
#2169=ADVANCED_FACE('',(#234),#2088,.F.);
#2170=ADVANCED_FACE('',(#235),#2089,.F.);
#2171=ADVANCED_FACE('',(#236),#2090,.F.);
#2172=ADVANCED_FACE('',(#237,#64,#65),#2091,.T.);
#2173=ADVANCED_FACE('',(#238),#2092,.F.);
#2174=ADVANCED_FACE('',(#239),#19,.F.);
#2175=ADVANCED_FACE('',(#240),#2093,.F.);
#2176=ADVANCED_FACE('',(#241),#20,.F.);
#2177=ADVANCED_FACE('',(#242),#2094,.F.);
#2178=ADVANCED_FACE('',(#243),#21,.F.);
#2179=ADVANCED_FACE('',(#244),#2095,.F.);
#2180=ADVANCED_FACE('',(#245),#22,.F.);
#2181=ADVANCED_FACE('',(#246),#2096,.F.);
#2182=ADVANCED_FACE('',(#247),#2097,.F.);
#2183=ADVANCED_FACE('',(#248),#2098,.F.);
#2184=ADVANCED_FACE('',(#249),#2099,.F.);
#2185=ADVANCED_FACE('',(#250,#66,#67),#2100,.F.);
#2186=ADVANCED_FACE('',(#251),#2101,.F.);
#2187=ADVANCED_FACE('',(#252),#23,.F.);
#2188=ADVANCED_FACE('',(#253),#2102,.F.);
#2189=ADVANCED_FACE('',(#254),#24,.F.);
#2190=ADVANCED_FACE('',(#255),#25,.F.);
#2191=ADVANCED_FACE('',(#256),#2103,.F.);
#2192=ADVANCED_FACE('',(#257),#26,.F.);
#2193=ADVANCED_FACE('',(#258),#2104,.F.);
#2194=ADVANCED_FACE('',(#259),#2105,.T.);
#2195=ADVANCED_FACE('',(#260),#2106,.T.);
#2196=ADVANCED_FACE('',(#261),#2107,.T.);
#2197=ADVANCED_FACE('',(#262),#2108,.T.);
#2198=ADVANCED_FACE('',(#263,#68,#69),#2109,.F.);
#2199=ADVANCED_FACE('',(#264),#27,.F.);
#2200=ADVANCED_FACE('',(#265),#2110,.T.);
#2201=ADVANCED_FACE('',(#266),#28,.F.);
#2202=ADVANCED_FACE('',(#267),#2111,.T.);
#2203=ADVANCED_FACE('',(#268),#2112,.T.);
#2204=ADVANCED_FACE('',(#269),#29,.F.);
#2205=ADVANCED_FACE('',(#270),#2113,.T.);
#2206=ADVANCED_FACE('',(#271),#30,.F.);
#2207=ADVANCED_FACE('',(#272),#2114,.F.);
#2208=ADVANCED_FACE('',(#273),#2115,.F.);
#2209=ADVANCED_FACE('',(#274),#2116,.F.);
#2210=ADVANCED_FACE('',(#275),#2117,.F.);
#2211=ADVANCED_FACE('',(#276,#70,#71),#2118,.T.);
#2212=ADVANCED_FACE('',(#277),#2119,.F.);
#2213=ADVANCED_FACE('',(#278),#31,.F.);
#2214=ADVANCED_FACE('',(#279),#2120,.F.);
#2215=ADVANCED_FACE('',(#280),#32,.F.);
#2216=ADVANCED_FACE('',(#281),#2121,.F.);
#2217=ADVANCED_FACE('',(#282),#33,.F.);
#2218=ADVANCED_FACE('',(#283),#2122,.F.);
#2219=ADVANCED_FACE('',(#284),#34,.F.);
#2220=ADVANCED_FACE('',(#285),#2123,.T.);
#2221=ADVANCED_FACE('',(#286),#2124,.T.);
#2222=ADVANCED_FACE('',(#287),#2125,.T.);
#2223=ADVANCED_FACE('',(#288),#2126,.T.);
#2224=ADVANCED_FACE('',(#289),#2127,.T.);
#2225=ADVANCED_FACE('',(#290),#2128,.F.);
#2226=ADVANCED_FACE('',(#291),#2129,.F.);
#2227=ADVANCED_FACE('',(#292),#2130,.F.);
#2228=ADVANCED_FACE('',(#293),#2131,.F.);
#2229=ADVANCED_FACE('',(#294),#2132,.F.);
#2230=ADVANCED_FACE('',(#295),#35,.F.);
#2231=ADVANCED_FACE('',(#296,#72),#2133,.T.);
#2232=ADVANCED_FACE('',(#297),#36,.F.);
#2233=ADVANCED_FACE('',(#298,#73),#2134,.T.);
#2234=ADVANCED_FACE('',(#299),#37,.F.);
#2235=ADVANCED_FACE('',(#300),#38,.F.);
#2236=ADVANCED_FACE('',(#301),#39,.F.);
#2237=ADVANCED_FACE('',(#302,#74),#2135,.F.);
#2238=ADVANCED_FACE('',(#303),#40,.F.);
#2239=ADVANCED_FACE('',(#304,#75),#2136,.F.);
#2240=ADVANCED_FACE('',(#305),#41,.F.);
#2241=ADVANCED_FACE('',(#306),#42,.F.);
#2242=ADVANCED_FACE('',(#307),#43,.F.);
#2243=ADVANCED_FACE('',(#308,#76),#2137,.F.);
#2244=ADVANCED_FACE('',(#309),#44,.F.);
#2245=ADVANCED_FACE('',(#310,#77),#2138,.F.);
#2246=ADVANCED_FACE('',(#311),#45,.F.);
#2247=ADVANCED_FACE('',(#312),#46,.F.);
#2248=ADVANCED_FACE('',(#313),#47,.F.);
#2249=ADVANCED_FACE('',(#314,#78),#2139,.T.);
#2250=ADVANCED_FACE('',(#315),#48,.F.);
#2251=ADVANCED_FACE('',(#316,#79),#2140,.T.);
#2252=ADVANCED_FACE('',(#317),#49,.F.);
#2253=ADVANCED_FACE('',(#318),#50,.F.);
#2254=ADVANCED_FACE('',(#319),#2141,.F.);
#2255=ADVANCED_FACE('',(#320),#2142,.F.);
#2256=ADVANCED_FACE('',(#321),#2143,.F.);
#2257=ADVANCED_FACE('',(#322),#2144,.F.);
#2258=ADVANCED_FACE('',(#323),#2145,.F.);
#2259=ADVANCED_FACE('',(#324),#51,.F.);
#2260=ADVANCED_FACE('',(#325,#80),#2146,.T.);
#2261=ADVANCED_FACE('',(#326),#52,.F.);
#2262=ADVANCED_FACE('',(#327,#81),#2147,.T.);
#2263=ADVANCED_FACE('',(#328),#53,.F.);
#2264=ADVANCED_FACE('',(#329,#82),#2148,.T.);
#2265=ADVANCED_FACE('',(#330),#54,.F.);
#2266=ADVANCED_FACE('',(#331,#83),#2149,.T.);
#2267=ADVANCED_FACE('',(#332),#55,.F.);
#2268=ADVANCED_FACE('',(#333),#56,.F.);
#2269=ADVANCED_FACE('',(#334),#57,.F.);
#2270=ADVANCED_FACE('',(#335),#58,.F.);
#2271=ADVANCED_FACE('',(#336),#2150,.T.);
#2272=ADVANCED_FACE('',(#337),#59,.T.);
#2273=ADVANCED_FACE('',(#338),#2151,.T.);
#2274=ADVANCED_FACE('',(#339),#60,.T.);
#2275=ADVANCED_FACE('',(#340),#2152,.T.);
#2276=ADVANCED_FACE('',(#341),#61,.T.);
#2277=ADVANCED_FACE('',(#342,#84,#85,#86,#87,#88,#89,#90,#91,#92,#93,#94,
#95,#96,#97,#98,#99,#100,#101,#102,#103,#104,#105),#2153,.T.);
#2278=ADVANCED_FACE('',(#343,#106,#107,#108,#109,#110,#111,#112,#113,#114,
#115,#116,#117,#118,#119,#120,#121,#122,#123,#124,#125),#2154,.F.);
#2279=CLOSED_SHELL('',(#2155,#2156,#2157,#2158,#2159,#2160,#2161,#2162,
#2163,#2164,#2165,#2166,#2167,#2168,#2169,#2170,#2171,#2172,#2173,#2174,
#2175,#2176,#2177,#2178,#2179,#2180,#2181,#2182,#2183,#2184,#2185,#2186,
#2187,#2188,#2189,#2190,#2191,#2192,#2193,#2194,#2195,#2196,#2197,#2198,
#2199,#2200,#2201,#2202,#2203,#2204,#2205,#2206,#2207,#2208,#2209,#2210,
#2211,#2212,#2213,#2214,#2215,#2216,#2217,#2218,#2219,#2220,#2221,#2222,
#2223,#2224,#2225,#2226,#2227,#2228,#2229,#2230,#2231,#2232,#2233,#2234,
#2235,#2236,#2237,#2238,#2239,#2240,#2241,#2242,#2243,#2244,#2245,#2246,
#2247,#2248,#2249,#2250,#2251,#2252,#2253,#2254,#2255,#2256,#2257,#2258,
#2259,#2260,#2261,#2262,#2263,#2264,#2265,#2266,#2267,#2268,#2269,#2270,
#2271,#2272,#2273,#2274,#2275,#2276,#2277,#2278));
#2280=DERIVED_UNIT_ELEMENT(#2282,1.);
#2281=DERIVED_UNIT_ELEMENT(#3801,-3.);
#2282=(
MASS_UNIT()
NAMED_UNIT(*)
SI_UNIT(.KILO.,.GRAM.)
);
#2283=DERIVED_UNIT((#2280,#2281));
#2284=MEASURE_REPRESENTATION_ITEM('density measure',
POSITIVE_RATIO_MEASURE(544.),#2283);
#2285=PROPERTY_DEFINITION_REPRESENTATION(#2290,#2287);
#2286=PROPERTY_DEFINITION_REPRESENTATION(#2291,#2288);
#2287=REPRESENTATION('material name',(#2289),#3798);
#2288=REPRESENTATION('density',(#2284),#3798);
#2289=DESCRIPTIVE_REPRESENTATION_ITEM('Cherry','Cherry');
#2290=PROPERTY_DEFINITION('material property','material name',#3808);
#2291=PROPERTY_DEFINITION('material property','density of part',#3808);
#2292=AXIS2_PLACEMENT_3D('',#3161,#2511,#2512);
#2293=AXIS2_PLACEMENT_3D('',#3162,#2513,#2514);
#2294=AXIS2_PLACEMENT_3D('',#3171,#2519,#2520);
#2295=AXIS2_PLACEMENT_3D('',#3177,#2524,#2525);
#2296=AXIS2_PLACEMENT_3D('',#3183,#2529,#2530);
#2297=AXIS2_PLACEMENT_3D('',#3186,#2533,#2534);
#2298=AXIS2_PLACEMENT_3D('',#3189,#2535,#2536);
#2299=AXIS2_PLACEMENT_3D('',#3193,#2538,#2539);
#2300=AXIS2_PLACEMENT_3D('',#3197,#2541,#2542);
#2301=AXIS2_PLACEMENT_3D('',#3201,#2544,#2545);
#2302=AXIS2_PLACEMENT_3D('',#3203,#2547,#2548);
#2303=AXIS2_PLACEMENT_3D('',#3207,#2550,#2551);
#2304=AXIS2_PLACEMENT_3D('',#3209,#2553,#2554);
#2305=AXIS2_PLACEMENT_3D('',#3213,#2557,#2558);
#2306=AXIS2_PLACEMENT_3D('',#3217,#2560,#2561);
#2307=AXIS2_PLACEMENT_3D('',#3219,#2563,#2564);
#2308=AXIS2_PLACEMENT_3D('',#3223,#2567,#2568);
#2309=AXIS2_PLACEMENT_3D('',#3227,#2571,#2572);
#2310=AXIS2_PLACEMENT_3D('',#3228,#2573,#2574);
#2311=AXIS2_PLACEMENT_3D('',#3229,#2575,#2576);
#2312=AXIS2_PLACEMENT_3D('',#3233,#2579,#2580);
#2313=AXIS2_PLACEMENT_3D('',#3234,#2581,#2582);
#2314=AXIS2_PLACEMENT_3D('',#3235,#2583,#2584);
#2315=AXIS2_PLACEMENT_3D('',#3244,#2589,#2590);
#2316=AXIS2_PLACEMENT_3D('',#3250,#2594,#2595);
#2317=AXIS2_PLACEMENT_3D('',#3256,#2599,#2600);
#2318=AXIS2_PLACEMENT_3D('',#3259,#2603,#2604);
#2319=AXIS2_PLACEMENT_3D('',#3262,#2605,#2606);
#2320=AXIS2_PLACEMENT_3D('',#3266,#2608,#2609);
#2321=AXIS2_PLACEMENT_3D('',#3270,#2611,#2612);
#2322=AXIS2_PLACEMENT_3D('',#3274,#2614,#2615);
#2323=AXIS2_PLACEMENT_3D('',#3276,#2617,#2618);
#2324=AXIS2_PLACEMENT_3D('',#3282,#2622,#2623);
#2325=AXIS2_PLACEMENT_3D('',#3285,#2625,#2626);
#2326=AXIS2_PLACEMENT_3D('',#3286,#2627,#2628);
#2327=AXIS2_PLACEMENT_3D('',#3292,#2632,#2633);
#2328=AXIS2_PLACEMENT_3D('',#3295,#2635,#2636);
#2329=AXIS2_PLACEMENT_3D('',#3296,#2637,#2638);
#2330=AXIS2_PLACEMENT_3D('',#3300,#2641,#2642);
#2331=AXIS2_PLACEMENT_3D('',#3301,#2643,#2644);
#2332=AXIS2_PLACEMENT_3D('',#3302,#2645,#2646);
#2333=AXIS2_PLACEMENT_3D('',#3306,#2649,#2650);
#2334=AXIS2_PLACEMENT_3D('',#3307,#2651,#2652);
#2335=AXIS2_PLACEMENT_3D('',#3308,#2653,#2654);
#2336=AXIS2_PLACEMENT_3D('',#3317,#2659,#2660);
#2337=AXIS2_PLACEMENT_3D('',#3323,#2664,#2665);
#2338=AXIS2_PLACEMENT_3D('',#3329,#2669,#2670);
#2339=AXIS2_PLACEMENT_3D('',#3332,#2673,#2674);
#2340=AXIS2_PLACEMENT_3D('',#3337,#2676,#2677);
#2341=AXIS2_PLACEMENT_3D('',#3340,#2679,#2680);
#2342=AXIS2_PLACEMENT_3D('',#3345,#2682,#2683);
#2343=AXIS2_PLACEMENT_3D('',#3348,#2685,#2686);
#2344=AXIS2_PLACEMENT_3D('',#3349,#2687,#2688);
#2345=AXIS2_PLACEMENT_3D('',#3355,#2692,#2693);
#2346=AXIS2_PLACEMENT_3D('',#3358,#2695,#2696);
#2347=AXIS2_PLACEMENT_3D('',#3359,#2697,#2698);
#2348=AXIS2_PLACEMENT_3D('',#3365,#2702,#2703);
#2349=AXIS2_PLACEMENT_3D('',#3368,#2705,#2706);
#2350=AXIS2_PLACEMENT_3D('',#3369,#2707,#2708);
#2351=AXIS2_PLACEMENT_3D('',#3371,#2709,#2710);
#2352=AXIS2_PLACEMENT_3D('',#3373,#2712,#2713);
#2353=AXIS2_PLACEMENT_3D('',#3375,#2715,#2716);
#2354=AXIS2_PLACEMENT_3D('',#3377,#2717,#2718);
#2355=AXIS2_PLACEMENT_3D('',#3379,#2720,#2721);
#2356=AXIS2_PLACEMENT_3D('',#3381,#2723,#2724);
#2357=AXIS2_PLACEMENT_3D('',#3390,#2729,#2730);
#2358=AXIS2_PLACEMENT_3D('',#3396,#2734,#2735);
#2359=AXIS2_PLACEMENT_3D('',#3402,#2739,#2740);
#2360=AXIS2_PLACEMENT_3D('',#3405,#2743,#2744);
#2361=AXIS2_PLACEMENT_3D('',#3408,#2745,#2746);
#2362=AXIS2_PLACEMENT_3D('',#3412,#2748,#2749);
#2363=AXIS2_PLACEMENT_3D('',#3416,#2751,#2752);
#2364=AXIS2_PLACEMENT_3D('',#3420,#2754,#2755);
#2365=AXIS2_PLACEMENT_3D('',#3422,#2757,#2758);
#2366=AXIS2_PLACEMENT_3D('',#3426,#2760,#2761);
#2367=AXIS2_PLACEMENT_3D('',#3428,#2763,#2764);
#2368=AXIS2_PLACEMENT_3D('',#3432,#2767,#2768);
#2369=AXIS2_PLACEMENT_3D('',#3436,#2770,#2771);
#2370=AXIS2_PLACEMENT_3D('',#3438,#2773,#2774);
#2371=AXIS2_PLACEMENT_3D('',#3442,#2777,#2778);
#2372=AXIS2_PLACEMENT_3D('',#3446,#2781,#2782);
#2373=AXIS2_PLACEMENT_3D('',#3447,#2783,#2784);
#2374=AXIS2_PLACEMENT_3D('',#3448,#2785,#2786);
#2375=AXIS2_PLACEMENT_3D('',#3452,#2789,#2790);
#2376=AXIS2_PLACEMENT_3D('',#3453,#2791,#2792);
#2377=AXIS2_PLACEMENT_3D('',#3454,#2793,#2794);
#2378=AXIS2_PLACEMENT_3D('',#3463,#2799,#2800);
#2379=AXIS2_PLACEMENT_3D('',#3469,#2804,#2805);
#2380=AXIS2_PLACEMENT_3D('',#3475,#2809,#2810);
#2381=AXIS2_PLACEMENT_3D('',#3478,#2813,#2814);
#2382=AXIS2_PLACEMENT_3D('',#3481,#2815,#2816);
#2383=AXIS2_PLACEMENT_3D('',#3485,#2818,#2819);
#2384=AXIS2_PLACEMENT_3D('',#3489,#2821,#2822);
#2385=AXIS2_PLACEMENT_3D('',#3493,#2824,#2825);
#2386=AXIS2_PLACEMENT_3D('',#3495,#2827,#2828);
#2387=AXIS2_PLACEMENT_3D('',#3501,#2832,#2833);
#2388=AXIS2_PLACEMENT_3D('',#3504,#2835,#2836);
#2389=AXIS2_PLACEMENT_3D('',#3505,#2837,#2838);
#2390=AXIS2_PLACEMENT_3D('',#3511,#2842,#2843);
#2391=AXIS2_PLACEMENT_3D('',#3514,#2845,#2846);
#2392=AXIS2_PLACEMENT_3D('',#3515,#2847,#2848);
#2393=AXIS2_PLACEMENT_3D('',#3519,#2851,#2852);
#2394=AXIS2_PLACEMENT_3D('',#3520,#2853,#2854);
#2395=AXIS2_PLACEMENT_3D('',#3521,#2855,#2856);
#2396=AXIS2_PLACEMENT_3D('',#3525,#2859,#2860);
#2397=AXIS2_PLACEMENT_3D('',#3526,#2861,#2862);
#2398=AXIS2_PLACEMENT_3D('',#3527,#2863,#2864);
#2399=AXIS2_PLACEMENT_3D('',#3536,#2869,#2870);
#2400=AXIS2_PLACEMENT_3D('',#3542,#2874,#2875);
#2401=AXIS2_PLACEMENT_3D('',#3548,#2879,#2880);
#2402=AXIS2_PLACEMENT_3D('',#3551,#2883,#2884);
#2403=AXIS2_PLACEMENT_3D('',#3552,#2885,#2886);
#2404=AXIS2_PLACEMENT_3D('',#3561,#2891,#2892);
#2405=AXIS2_PLACEMENT_3D('',#3567,#2896,#2897);
#2406=AXIS2_PLACEMENT_3D('',#3573,#2901,#2902);
#2407=AXIS2_PLACEMENT_3D('',#3576,#2905,#2906);
#2408=AXIS2_PLACEMENT_3D('',#3577,#2907,#2908);
#2409=AXIS2_PLACEMENT_3D('',#3579,#2909,#2910);
#2410=AXIS2_PLACEMENT_3D('',#3582,#2912,#2913);
#2411=AXIS2_PLACEMENT_3D('',#3583,#2914,#2915);
#2412=AXIS2_PLACEMENT_3D('',#3585,#2916,#2917);
#2413=AXIS2_PLACEMENT_3D('',#3586,#2918,#2919);
#2414=AXIS2_PLACEMENT_3D('',#3588,#2920,#2921);
#2415=AXIS2_PLACEMENT_3D('',#3591,#2923,#2924);
#2416=AXIS2_PLACEMENT_3D('',#3592,#2925,#2926);
#2417=AXIS2_PLACEMENT_3D('',#3594,#2927,#2928);
#2418=AXIS2_PLACEMENT_3D('',#3595,#2929,#2930);
#2419=AXIS2_PLACEMENT_3D('',#3597,#2931,#2932);
#2420=AXIS2_PLACEMENT_3D('',#3599,#2934,#2935);
#2421=AXIS2_PLACEMENT_3D('',#3601,#2936,#2937);
#2422=AXIS2_PLACEMENT_3D('',#3603,#2939,#2940);
#2423=AXIS2_PLACEMENT_3D('',#3605,#2941,#2942);
#2424=AXIS2_PLACEMENT_3D('',#3608,#2944,#2945);
#2425=AXIS2_PLACEMENT_3D('',#3609,#2946,#2947);
#2426=AXIS2_PLACEMENT_3D('',#3611,#2948,#2949);
#2427=AXIS2_PLACEMENT_3D('',#3612,#2950,#2951);
#2428=AXIS2_PLACEMENT_3D('',#3614,#2952,#2953);
#2429=AXIS2_PLACEMENT_3D('',#3617,#2955,#2956);
#2430=AXIS2_PLACEMENT_3D('',#3618,#2957,#2958);
#2431=AXIS2_PLACEMENT_3D('',#3620,#2959,#2960);
#2432=AXIS2_PLACEMENT_3D('',#3621,#2961,#2962);
#2433=AXIS2_PLACEMENT_3D('',#3624,#2964,#2965);
#2434=AXIS2_PLACEMENT_3D('',#3625,#2966,#2967);
#2435=AXIS2_PLACEMENT_3D('',#3628,#2969,#2970);
#2436=AXIS2_PLACEMENT_3D('',#3629,#2971,#2972);
#2437=AXIS2_PLACEMENT_3D('',#3631,#2973,#2974);
#2438=AXIS2_PLACEMENT_3D('',#3634,#2976,#2977);
#2439=AXIS2_PLACEMENT_3D('',#3635,#2978,#2979);
#2440=AXIS2_PLACEMENT_3D('',#3637,#2980,#2981);
#2441=AXIS2_PLACEMENT_3D('',#3638,#2982,#2983);
#2442=AXIS2_PLACEMENT_3D('',#3640,#2984,#2985);
#2443=AXIS2_PLACEMENT_3D('',#3643,#2987,#2988);
#2444=AXIS2_PLACEMENT_3D('',#3644,#2989,#2990);
#2445=AXIS2_PLACEMENT_3D('',#3646,#2991,#2992);
#2446=AXIS2_PLACEMENT_3D('',#3647,#2993,#2994);
#2447=AXIS2_PLACEMENT_3D('',#3650,#2996,#2997);
#2448=AXIS2_PLACEMENT_3D('',#3651,#2998,#2999);
#2449=AXIS2_PLACEMENT_3D('',#3654,#3001,#3002);
#2450=AXIS2_PLACEMENT_3D('',#3655,#3003,#3004);
#2451=AXIS2_PLACEMENT_3D('',#3657,#3005,#3006);
#2452=AXIS2_PLACEMENT_3D('',#3660,#3008,#3009);
#2453=AXIS2_PLACEMENT_3D('',#3661,#3010,#3011);
#2454=AXIS2_PLACEMENT_3D('',#3663,#3012,#3013);
#2455=AXIS2_PLACEMENT_3D('',#3664,#3014,#3015);
#2456=AXIS2_PLACEMENT_3D('',#3666,#3016,#3017);
#2457=AXIS2_PLACEMENT_3D('',#3669,#3019,#3020);
#2458=AXIS2_PLACEMENT_3D('',#3670,#3021,#3022);
#2459=AXIS2_PLACEMENT_3D('',#3672,#3023,#3024);
#2460=AXIS2_PLACEMENT_3D('',#3673,#3025,#3026);
#2461=AXIS2_PLACEMENT_3D('',#3675,#3027,#3028);
#2462=AXIS2_PLACEMENT_3D('',#3677,#3030,#3031);
#2463=AXIS2_PLACEMENT_3D('',#3679,#3032,#3033);
#2464=AXIS2_PLACEMENT_3D('',#3681,#3035,#3036);
#2465=AXIS2_PLACEMENT_3D('',#3690,#3041,#3042);
#2466=AXIS2_PLACEMENT_3D('',#3696,#3046,#3047);
#2467=AXIS2_PLACEMENT_3D('',#3702,#3051,#3052);
#2468=AXIS2_PLACEMENT_3D('',#3705,#3055,#3056);
#2469=AXIS2_PLACEMENT_3D('',#3706,#3057,#3058);
#2470=AXIS2_PLACEMENT_3D('',#3708,#3059,#3060);
#2471=AXIS2_PLACEMENT_3D('',#3711,#3062,#3063);
#2472=AXIS2_PLACEMENT_3D('',#3712,#3064,#3065);
#2473=AXIS2_PLACEMENT_3D('',#3714,#3066,#3067);
#2474=AXIS2_PLACEMENT_3D('',#3715,#3068,#3069);
#2475=AXIS2_PLACEMENT_3D('',#3717,#3070,#3071);
#2476=AXIS2_PLACEMENT_3D('',#3720,#3073,#3074);
#2477=AXIS2_PLACEMENT_3D('',#3721,#3075,#3076);
#2478=AXIS2_PLACEMENT_3D('',#3723,#3077,#3078);
#2479=AXIS2_PLACEMENT_3D('',#3724,#3079,#3080);
#2480=AXIS2_PLACEMENT_3D('',#3726,#3081,#3082);
#2481=AXIS2_PLACEMENT_3D('',#3729,#3084,#3085);
#2482=AXIS2_PLACEMENT_3D('',#3730,#3086,#3087);
#2483=AXIS2_PLACEMENT_3D('',#3732,#3088,#3089);
#2484=AXIS2_PLACEMENT_3D('',#3733,#3090,#3091);
#2485=AXIS2_PLACEMENT_3D('',#3735,#3092,#3093);
#2486=AXIS2_PLACEMENT_3D('',#3738,#3095,#3096);
#2487=AXIS2_PLACEMENT_3D('',#3739,#3097,#3098);
#2488=AXIS2_PLACEMENT_3D('',#3741,#3099,#3100);
#2489=AXIS2_PLACEMENT_3D('',#3742,#3101,#3102);
#2490=AXIS2_PLACEMENT_3D('',#3744,#3103,#3104);
#2491=AXIS2_PLACEMENT_3D('',#3746,#3106,#3107);
#2492=AXIS2_PLACEMENT_3D('',#3748,#3108,#3109);
#2493=AXIS2_PLACEMENT_3D('',#3750,#3111,#3112);
#2494=AXIS2_PLACEMENT_3D('',#3752,#3113,#3114);
#2495=AXIS2_PLACEMENT_3D('',#3754,#3116,#3117);
#2496=AXIS2_PLACEMENT_3D('',#3756,#3118,#3119);
#2497=AXIS2_PLACEMENT_3D('',#3758,#3121,#3122);
#2498=AXIS2_PLACEMENT_3D('',#3767,#3127,#3128);
#2499=AXIS2_PLACEMENT_3D('',#3769,#3129,#3130);
#2500=AXIS2_PLACEMENT_3D('',#3771,#3131,#3132);
#2501=AXIS2_PLACEMENT_3D('',#3773,#3134,#3135);
#2502=AXIS2_PLACEMENT_3D('',#3779,#3139,#3140);
#2503=AXIS2_PLACEMENT_3D('',#3781,#3141,#3142);
#2504=AXIS2_PLACEMENT_3D('',#3783,#3143,#3144);
#2505=AXIS2_PLACEMENT_3D('',#3785,#3146,#3147);
#2506=AXIS2_PLACEMENT_3D('',#3791,#3151,#3152);
#2507=AXIS2_PLACEMENT_3D('',#3792,#3153,#3154);
#2508=AXIS2_PLACEMENT_3D('',#3793,#3155,#3156);
#2509=AXIS2_PLACEMENT_3D('',#3794,#3157,#3158);
#2510=AXIS2_PLACEMENT_3D('',#3795,#3159,#3160);
#2511=DIRECTION('axis',(0.,0.,1.));
#2512=DIRECTION('refdir',(1.,0.,0.));
#2513=DIRECTION('center_axis',(-1.,0.,0.));
#2514=DIRECTION('ref_axis',(0.,-1.,0.));
#2515=DIRECTION('',(0.,1.,0.));
#2516=DIRECTION('',(0.,0.,1.));
#2517=DIRECTION('',(0.,-1.,0.));
#2518=DIRECTION('',(0.,0.,1.));
#2519=DIRECTION('center_axis',(3.22973970800046E-16,-1.,0.));
#2520=DIRECTION('ref_axis',(1.,3.22973970800046E-16,0.));
#2521=DIRECTION('',(-1.,-3.22973970800046E-16,0.));
#2522=DIRECTION('',(1.,3.22973970800046E-16,0.));
#2523=DIRECTION('',(0.,0.,1.));
#2524=DIRECTION('center_axis',(1.,0.,0.));
#2525=DIRECTION('ref_axis',(0.,1.,0.));
#2526=DIRECTION('',(0.,-1.,0.));
#2527=DIRECTION('',(0.,1.,0.));
#2528=DIRECTION('',(0.,0.,1.));
#2529=DIRECTION('center_axis',(0.,1.,0.));
#2530=DIRECTION('ref_axis',(-1.,0.,0.));
#2531=DIRECTION('',(1.,0.,0.));
#2532=DIRECTION('',(-1.,0.,0.));
#2533=DIRECTION('center_axis',(0.,0.,1.));
#2534=DIRECTION('ref_axis',(-1.,0.,0.));
#2535=DIRECTION('center_axis',(0.,0.,-1.));
#2536=DIRECTION('ref_axis',(2.32964831396754E-14,1.,0.));
#2537=DIRECTION('',(-1.,1.93425522512472E-14,0.));
#2538=DIRECTION('center_axis',(0.,0.,-1.));
#2539=DIRECTION('ref_axis',(-2.32964831396754E-14,-1.,0.));
#2540=DIRECTION('',(1.,-1.93425522512472E-14,0.));
#2541=DIRECTION('center_axis',(0.,0.,-1.));
#2542=DIRECTION('ref_axis',(2.32964831396776E-14,1.,0.));
#2543=DIRECTION('',(-1.,1.1842378929335E-15,0.));
#2544=DIRECTION('center_axis',(0.,0.,-1.));
#2545=DIRECTION('ref_axis',(-2.32964831396917E-14,-1.,0.));
#2546=DIRECTION('',(1.,-1.1842378929335E-15,0.));
#2547=DIRECTION('center_axis',(0.,0.,-1.));
#2548=DIRECTION('ref_axis',(-2.32964831396917E-14,-1.,0.));
#2549=DIRECTION('',(0.,0.,1.));
#2550=DIRECTION('center_axis',(0.,0.,-1.));
#2551=DIRECTION('ref_axis',(-2.32964831396917E-14,-1.,0.));
#2552=DIRECTION('',(0.,0.,1.));
#2553=DIRECTION('center_axis',(1.1842378929335E-15,1.,0.));
#2554=DIRECTION('ref_axis',(-1.,1.1842378929335E-15,0.));
#2555=DIRECTION('',(0.,0.,1.));
#2556=DIRECTION('',(-1.,1.1842378929335E-15,0.));
#2557=DIRECTION('center_axis',(0.,0.,-1.));
#2558=DIRECTION('ref_axis',(-2.32964831396754E-14,-1.,0.));
#2559=DIRECTION('',(0.,0.,1.));
#2560=DIRECTION('center_axis',(0.,0.,-1.));
#2561=DIRECTION('ref_axis',(-2.32964831396754E-14,-1.,0.));
#2562=DIRECTION('',(0.,0.,1.));
#2563=DIRECTION('center_axis',(1.93425522512472E-14,1.,0.));
#2564=DIRECTION('ref_axis',(-1.,1.93425522512472E-14,0.));
#2565=DIRECTION('',(0.,0.,1.));
#2566=DIRECTION('',(-1.,1.93425522512472E-14,0.));
#2567=DIRECTION('center_axis',(-1.1842378929335E-15,-1.,0.));
#2568=DIRECTION('ref_axis',(1.,-1.1842378929335E-15,0.));
#2569=DIRECTION('',(1.,-1.1842378929335E-15,0.));
#2570=DIRECTION('',(0.,0.,1.));
#2571=DIRECTION('center_axis',(0.,0.,-1.));
#2572=DIRECTION('ref_axis',(2.32964831396776E-14,1.,0.));
#2573=DIRECTION('center_axis',(0.,0.,-1.));
#2574=DIRECTION('ref_axis',(2.32964831396776E-14,1.,0.));
#2575=DIRECTION('center_axis',(-1.93425522512472E-14,-1.,0.));
#2576=DIRECTION('ref_axis',(1.,-1.93425522512472E-14,0.));
#2577=DIRECTION('',(1.,-1.93425522512472E-14,0.));
#2578=DIRECTION('',(0.,0.,1.));
#2579=DIRECTION('center_axis',(0.,0.,-1.));
#2580=DIRECTION('ref_axis',(2.32964831396754E-14,1.,0.));
#2581=DIRECTION('center_axis',(0.,0.,-1.));
#2582=DIRECTION('ref_axis',(2.32964831396754E-14,1.,0.));
#2583=DIRECTION('center_axis',(-1.,0.,0.));
#2584=DIRECTION('ref_axis',(0.,-1.,0.));
#2585=DIRECTION('',(0.,-1.,0.));
#2586=DIRECTION('',(0.,0.,1.));
#2587=DIRECTION('',(0.,-1.,0.));
#2588=DIRECTION('',(0.,0.,1.));
#2589=DIRECTION('center_axis',(3.22973970800046E-16,1.,0.));
#2590=DIRECTION('ref_axis',(-1.,3.22973970800046E-16,0.));
#2591=DIRECTION('',(-1.,3.22973970800046E-16,0.));
#2592=DIRECTION('',(0.,0.,1.));
#2593=DIRECTION('',(-1.,3.22973970800046E-16,0.));
#2594=DIRECTION('center_axis',(1.,0.,0.));
#2595=DIRECTION('ref_axis',(0.,1.,0.));
#2596=DIRECTION('',(0.,1.,0.));
#2597=DIRECTION('',(0.,0.,1.));
#2598=DIRECTION('',(0.,1.,0.));
#2599=DIRECTION('center_axis',(0.,-1.,0.));
#2600=DIRECTION('ref_axis',(1.,0.,0.));
#2601=DIRECTION('',(1.,0.,0.));
#2602=DIRECTION('',(1.,0.,0.));
#2603=DIRECTION('center_axis',(0.,0.,-1.));
#2604=DIRECTION('ref_axis',(1.,0.,0.));
#2605=DIRECTION('center_axis',(0.,0.,-1.));
#2606=DIRECTION('ref_axis',(-2.32964831396754E-14,1.,0.));
#2607=DIRECTION('',(1.,1.93425522512472E-14,0.));
#2608=DIRECTION('center_axis',(0.,0.,-1.));
#2609=DIRECTION('ref_axis',(2.32964831396754E-14,-1.,0.));
#2610=DIRECTION('',(-1.,-1.93425522512472E-14,0.));
#2611=DIRECTION('center_axis',(0.,0.,-1.));
#2612=DIRECTION('ref_axis',(-2.32964831396776E-14,1.,0.));
#2613=DIRECTION('',(1.,1.1842378929335E-15,0.));
#2614=DIRECTION('center_axis',(0.,0.,-1.));
#2615=DIRECTION('ref_axis',(2.32964831396917E-14,-1.,0.));
#2616=DIRECTION('',(-1.,-1.1842378929335E-15,0.));
#2617=DIRECTION('center_axis',(-1.1842378929335E-15,1.,0.));
#2618=DIRECTION('ref_axis',(-1.,-1.1842378929335E-15,0.));
#2619=DIRECTION('',(0.,0.,1.));
#2620=DIRECTION('',(1.,1.1842378929335E-15,0.));
#2621=DIRECTION('',(0.,0.,1.));
#2622=DIRECTION('center_axis',(0.,0.,1.));
#2623=DIRECTION('ref_axis',(-2.32964831396776E-14,1.,0.));
#2624=DIRECTION('',(0.,0.,1.));
#2625=DIRECTION('center_axis',(0.,0.,-1.));
#2626=DIRECTION('ref_axis',(-2.32964831396776E-14,1.,0.));
#2627=DIRECTION('center_axis',(-1.93425522512472E-14,1.,0.));
#2628=DIRECTION('ref_axis',(-1.,-1.93425522512472E-14,0.));
#2629=DIRECTION('',(0.,0.,1.));
#2630=DIRECTION('',(1.,1.93425522512472E-14,0.));
#2631=DIRECTION('',(0.,0.,1.));
#2632=DIRECTION('center_axis',(0.,0.,1.));
#2633=DIRECTION('ref_axis',(-2.32964831396754E-14,1.,0.));
#2634=DIRECTION('',(0.,0.,1.));
#2635=DIRECTION('center_axis',(0.,0.,-1.));
#2636=DIRECTION('ref_axis',(-2.32964831396754E-14,1.,0.));
#2637=DIRECTION('center_axis',(1.93425522512472E-14,-1.,0.));
#2638=DIRECTION('ref_axis',(1.,1.93425522512472E-14,0.));
#2639=DIRECTION('',(0.,0.,1.));
#2640=DIRECTION('',(-1.,-1.93425522512472E-14,0.));
#2641=DIRECTION('center_axis',(0.,0.,1.));
#2642=DIRECTION('ref_axis',(2.32964831396754E-14,-1.,0.));
#2643=DIRECTION('center_axis',(0.,0.,-1.));
#2644=DIRECTION('ref_axis',(2.32964831396754E-14,-1.,0.));
#2645=DIRECTION('center_axis',(1.1842378929335E-15,-1.,0.));
#2646=DIRECTION('ref_axis',(1.,1.1842378929335E-15,0.));
#2647=DIRECTION('',(0.,0.,1.));
#2648=DIRECTION('',(-1.,-1.1842378929335E-15,0.));
#2649=DIRECTION('center_axis',(0.,0.,1.));
#2650=DIRECTION('ref_axis',(2.32964831396917E-14,-1.,0.));
#2651=DIRECTION('center_axis',(0.,0.,-1.));
#2652=DIRECTION('ref_axis',(2.32964831396917E-14,-1.,0.));
#2653=DIRECTION('center_axis',(-0.499999999999996,0.866025403784441,0.));
#2654=DIRECTION('ref_axis',(-0.866025403784441,-0.499999999999996,-2.06795153138255E-25));
#2655=DIRECTION('',(-0.866025403784441,-0.499999999999996,0.));
#2656=DIRECTION('',(0.,0.,1.));
#2657=DIRECTION('',(-0.866025403784441,-0.499999999999996,-2.06795153138255E-25));
#2658=DIRECTION('',(0.,0.,1.));
#2659=DIRECTION('center_axis',(0.86602540378444,0.499999999999997,0.));
#2660=DIRECTION('ref_axis',(-0.499999999999997,0.86602540378444,3.58179711994448E-25));
#2661=DIRECTION('',(-0.499999999999997,0.86602540378444,0.));
#2662=DIRECTION('',(0.,0.,1.));
#2663=DIRECTION('',(-0.499999999999997,0.86602540378444,3.58179711994448E-25));
#2664=DIRECTION('center_axis',(0.499999999999996,-0.866025403784441,0.));
#2665=DIRECTION('ref_axis',(0.866025403784441,0.499999999999996,2.06795153138255E-25));
#2666=DIRECTION('',(0.866025403784441,0.499999999999996,0.));
#2667=DIRECTION('',(0.,0.,1.));
#2668=DIRECTION('',(0.866025403784441,0.499999999999996,2.06795153138255E-25));
#2669=DIRECTION('center_axis',(-0.86602540378444,-0.499999999999997,0.));
#2670=DIRECTION('ref_axis',(0.499999999999997,-0.86602540378444,-3.58179711994448E-25));
#2671=DIRECTION('',(0.499999999999997,-0.86602540378444,0.));
#2672=DIRECTION('',(0.499999999999997,-0.86602540378444,-3.58179711994448E-25));
#2673=DIRECTION('center_axis',(0.,-4.13590306276514E-25,1.));
#2674=DIRECTION('ref_axis',(-1.,0.,0.));
#2675=DIRECTION('',(0.866025403785867,0.499999999997527,2.06795153137234E-25));
#2676=DIRECTION('center_axis',(0.,4.13590306276514E-25,-1.));
#2677=DIRECTION('ref_axis',(-0.500000000159675,0.86602540369225,3.58179711956319E-25));
#2678=DIRECTION('',(-0.866025403789385,-0.499999999991432,-2.06795153134713E-25));
#2679=DIRECTION('center_axis',(0.,4.13590306276514E-25,-1.));
#2680=DIRECTION('ref_axis',(0.500000000025372,-0.86602540376979,-3.58179711988389E-25));
#2681=DIRECTION('',(-0.866025403783222,-0.500000000002107,-2.06795153139128E-25));
#2682=DIRECTION('center_axis',(0.,4.13590306276514E-25,-1.));
#2683=DIRECTION('ref_axis',(0.500000000149107,-0.866025403698352,-3.58179711958843E-25));
#2684=DIRECTION('',(0.866025403785659,0.499999999997886,2.06795153137383E-25));
#2685=DIRECTION('center_axis',(0.,4.13590306276514E-25,-1.));
#2686=DIRECTION('ref_axis',(-0.500000000008335,0.866025403779626,3.58179711992457E-25));
#2687=DIRECTION('center_axis',(0.500000000002107,-0.866025403783222,0.));
#2688=DIRECTION('ref_axis',(-0.866025403783222,-0.500000000002107,-2.06795153139128E-25));
#2689=DIRECTION('',(0.,0.,-1.));
#2690=DIRECTION('',(-0.866025403783222,-0.500000000002107,0.));
#2691=DIRECTION('',(0.,0.,-1.));
#2692=DIRECTION('center_axis',(0.,0.,-1.));
#2693=DIRECTION('ref_axis',(-0.500000000008335,0.866025403779626,0.));
#2694=DIRECTION('',(0.,0.,-1.));
#2695=DIRECTION('center_axis',(0.,0.,-1.));
#2696=DIRECTION('ref_axis',(-0.500000000008335,0.866025403779626,0.));
#2697=DIRECTION('center_axis',(-0.499999999997527,0.866025403785867,0.));
#2698=DIRECTION('ref_axis',(0.866025403785867,0.499999999997527,2.06795153137234E-25));
#2699=DIRECTION('',(0.,0.,-1.));
#2700=DIRECTION('',(0.866025403785867,0.499999999997527,0.));
#2701=DIRECTION('',(0.,0.,-1.));
#2702=DIRECTION('center_axis',(0.,0.,-1.));
#2703=DIRECTION('ref_axis',(0.500000000025372,-0.86602540376979,0.));
#2704=DIRECTION('',(0.,0.,-1.));
#2705=DIRECTION('center_axis',(0.,0.,-1.));
#2706=DIRECTION('ref_axis',(0.500000000025372,-0.86602540376979,0.));
#2707=DIRECTION('center_axis',(0.,0.,-1.));
#2708=DIRECTION('ref_axis',(0.500000000149107,-0.866025403698352,0.));
#2709=DIRECTION('center_axis',(0.,0.,-1.));
#2710=DIRECTION('ref_axis',(0.500000000149107,-0.866025403698352,0.));
#2711=DIRECTION('',(0.,0.,-1.));
#2712=DIRECTION('center_axis',(-0.499999999997886,0.866025403785659,0.));
#2713=DIRECTION('ref_axis',(0.866025403785659,0.499999999997886,2.06795153137383E-25));
#2714=DIRECTION('',(0.866025403785659,0.499999999997886,0.));
#2715=DIRECTION('center_axis',(0.,0.,-1.));
#2716=DIRECTION('ref_axis',(-0.500000000159675,0.86602540369225,0.));
#2717=DIRECTION('center_axis',(0.,0.,-1.));
#2718=DIRECTION('ref_axis',(-0.500000000159675,0.86602540369225,0.));
#2719=DIRECTION('',(0.,0.,-1.));
#2720=DIRECTION('center_axis',(0.499999999991432,-0.866025403789385,0.));
#2721=DIRECTION('ref_axis',(-0.866025403789385,-0.499999999991432,-2.06795153134713E-25));
#2722=DIRECTION('',(-0.866025403789385,-0.499999999991432,0.));
#2723=DIRECTION('center_axis',(0.866025403784431,-0.500000000000013,0.));
#2724=DIRECTION('ref_axis',(0.500000000000013,0.866025403784431,0.));
#2725=DIRECTION('',(-0.500000000000013,-0.866025403784431,0.));
#2726=DIRECTION('',(0.,0.,1.));
#2727=DIRECTION('',(0.500000000000013,0.866025403784431,0.));
#2728=DIRECTION('',(0.,0.,1.));
#2729=DIRECTION('center_axis',(0.500000000000033,0.86602540378442,0.));
#2730=DIRECTION('ref_axis',(-0.86602540378442,0.500000000000033,0.));
#2731=DIRECTION('',(0.86602540378442,-0.500000000000033,0.));
#2732=DIRECTION('',(-0.86602540378442,0.500000000000033,0.));
#2733=DIRECTION('',(0.,0.,1.));
#2734=DIRECTION('center_axis',(-0.866025403784427,0.500000000000021,0.));
#2735=DIRECTION('ref_axis',(-0.500000000000021,-0.866025403784427,0.));
#2736=DIRECTION('',(0.500000000000021,0.866025403784427,0.));
#2737=DIRECTION('',(-0.500000000000021,-0.866025403784427,0.));
#2738=DIRECTION('',(0.,0.,1.));
#2739=DIRECTION('center_axis',(-0.499999999999995,-0.866025403784442,0.));
#2740=DIRECTION('ref_axis',(0.866025403784442,-0.499999999999995,0.));
#2741=DIRECTION('',(-0.866025403784442,0.499999999999995,0.));
#2742=DIRECTION('',(0.866025403784442,-0.499999999999995,0.));
#2743=DIRECTION('center_axis',(0.,0.,1.));
#2744=DIRECTION('ref_axis',(-1.,0.,0.));
#2745=DIRECTION('center_axis',(0.,0.,-1.));
#2746=DIRECTION('ref_axis',(0.500000000000012,0.866025403784432,0.));
#2747=DIRECTION('',(-0.866025403784433,0.50000000000001,0.));
#2748=DIRECTION('center_axis',(0.,0.,-1.));
#2749=DIRECTION('ref_axis',(-0.500000000000017,-0.866025403784429,0.));
#2750=DIRECTION('',(0.866025403784432,-0.500000000000011,0.));
#2751=DIRECTION('center_axis',(0.,0.,-1.));
#2752=DIRECTION('ref_axis',(0.500000000000012,0.866025403784432,0.));
#2753=DIRECTION('',(-0.86602540378443,0.500000000000016,0.));
#2754=DIRECTION('center_axis',(0.,0.,-1.));
#2755=DIRECTION('ref_axis',(-0.500000000000012,-0.866025403784432,0.));
#2756=DIRECTION('',(0.86602540378443,-0.500000000000016,0.));
#2757=DIRECTION('center_axis',(0.,0.,-1.));
#2758=DIRECTION('ref_axis',(-0.500000000000012,-0.866025403784432,0.));
#2759=DIRECTION('',(0.,0.,1.));
#2760=DIRECTION('center_axis',(0.,0.,-1.));
#2761=DIRECTION('ref_axis',(-0.500000000000012,-0.866025403784432,0.));
#2762=DIRECTION('',(0.,0.,1.));
#2763=DIRECTION('center_axis',(0.500000000000016,0.86602540378443,0.));
#2764=DIRECTION('ref_axis',(-0.86602540378443,0.500000000000016,0.));
#2765=DIRECTION('',(0.,0.,1.));
#2766=DIRECTION('',(-0.86602540378443,0.500000000000016,0.));
#2767=DIRECTION('center_axis',(0.,0.,-1.));
#2768=DIRECTION('ref_axis',(-0.500000000000017,-0.866025403784429,0.));
#2769=DIRECTION('',(0.,0.,1.));
#2770=DIRECTION('center_axis',(0.,0.,-1.));
#2771=DIRECTION('ref_axis',(-0.500000000000017,-0.866025403784429,0.));
#2772=DIRECTION('',(0.,0.,1.));
#2773=DIRECTION('center_axis',(0.50000000000001,0.866025403784433,0.));
#2774=DIRECTION('ref_axis',(-0.866025403784433,0.50000000000001,0.));
#2775=DIRECTION('',(0.,0.,1.));
#2776=DIRECTION('',(-0.866025403784433,0.50000000000001,0.));
#2777=DIRECTION('center_axis',(-0.500000000000011,-0.866025403784432,0.));
#2778=DIRECTION('ref_axis',(0.866025403784432,-0.500000000000011,0.));
#2779=DIRECTION('',(0.866025403784432,-0.500000000000011,0.));
#2780=DIRECTION('',(0.,0.,1.));
#2781=DIRECTION('center_axis',(0.,0.,-1.));
#2782=DIRECTION('ref_axis',(0.500000000000012,0.866025403784432,0.));
#2783=DIRECTION('center_axis',(0.,0.,-1.));
#2784=DIRECTION('ref_axis',(0.500000000000012,0.866025403784432,0.));
#2785=DIRECTION('center_axis',(-0.500000000000016,-0.86602540378443,0.));
#2786=DIRECTION('ref_axis',(0.86602540378443,-0.500000000000016,0.));
#2787=DIRECTION('',(0.86602540378443,-0.500000000000016,0.));
#2788=DIRECTION('',(0.,0.,1.));
#2789=DIRECTION('center_axis',(0.,0.,-1.));
#2790=DIRECTION('ref_axis',(0.500000000000012,0.866025403784432,0.));
#2791=DIRECTION('center_axis',(0.,0.,-1.));
#2792=DIRECTION('ref_axis',(0.500000000000012,0.866025403784432,0.));
#2793=DIRECTION('center_axis',(0.866025403784431,0.500000000000013,0.));
#2794=DIRECTION('ref_axis',(-0.500000000000013,0.866025403784431,0.));
#2795=DIRECTION('',(-0.500000000000013,0.866025403784431,0.));
#2796=DIRECTION('',(0.,0.,1.));
#2797=DIRECTION('',(-0.500000000000013,0.866025403784431,0.));
#2798=DIRECTION('',(0.,0.,1.));
#2799=DIRECTION('center_axis',(0.500000000000033,-0.86602540378442,0.));
#2800=DIRECTION('ref_axis',(0.86602540378442,0.500000000000033,0.));
#2801=DIRECTION('',(0.86602540378442,0.500000000000033,0.));
#2802=DIRECTION('',(0.,0.,1.));
#2803=DIRECTION('',(0.86602540378442,0.500000000000033,0.));
#2804=DIRECTION('center_axis',(-0.866025403784427,-0.500000000000021,0.));
#2805=DIRECTION('ref_axis',(0.500000000000021,-0.866025403784427,0.));
#2806=DIRECTION('',(0.500000000000021,-0.866025403784427,0.));
#2807=DIRECTION('',(0.,0.,1.));
#2808=DIRECTION('',(0.500000000000021,-0.866025403784427,0.));
#2809=DIRECTION('center_axis',(-0.499999999999995,0.866025403784442,0.));
#2810=DIRECTION('ref_axis',(-0.866025403784442,-0.499999999999995,0.));
#2811=DIRECTION('',(-0.866025403784442,-0.499999999999995,0.));
#2812=DIRECTION('',(-0.866025403784442,-0.499999999999995,0.));
#2813=DIRECTION('center_axis',(0.,0.,-1.));
#2814=DIRECTION('ref_axis',(1.,0.,0.));
#2815=DIRECTION('center_axis',(0.,0.,-1.));
#2816=DIRECTION('ref_axis',(-0.500000000000012,0.866025403784432,0.));
#2817=DIRECTION('',(0.866025403784432,0.500000000000011,0.));
#2818=DIRECTION('center_axis',(0.,0.,-1.));
#2819=DIRECTION('ref_axis',(0.500000000000017,-0.866025403784429,0.));
#2820=DIRECTION('',(-0.866025403784433,-0.50000000000001,0.));
#2821=DIRECTION('center_axis',(0.,0.,-1.));
#2822=DIRECTION('ref_axis',(-0.500000000000012,0.866025403784432,0.));
#2823=DIRECTION('',(0.86602540378443,0.500000000000016,0.));
#2824=DIRECTION('center_axis',(0.,0.,-1.));
#2825=DIRECTION('ref_axis',(0.500000000000012,-0.866025403784432,0.));
#2826=DIRECTION('',(-0.86602540378443,-0.500000000000016,0.));
#2827=DIRECTION('center_axis',(-0.500000000000016,0.86602540378443,0.));
#2828=DIRECTION('ref_axis',(-0.86602540378443,-0.500000000000016,0.));
#2829=DIRECTION('',(0.,0.,1.));
#2830=DIRECTION('',(0.86602540378443,0.500000000000016,0.));
#2831=DIRECTION('',(0.,0.,1.));
#2832=DIRECTION('center_axis',(0.,0.,1.));
#2833=DIRECTION('ref_axis',(-0.500000000000012,0.866025403784432,0.));
#2834=DIRECTION('',(0.,0.,1.));
#2835=DIRECTION('center_axis',(0.,0.,-1.));
#2836=DIRECTION('ref_axis',(-0.500000000000012,0.866025403784432,0.));
#2837=DIRECTION('center_axis',(-0.500000000000011,0.866025403784432,0.));
#2838=DIRECTION('ref_axis',(-0.866025403784432,-0.500000000000011,0.));
#2839=DIRECTION('',(0.,0.,1.));
#2840=DIRECTION('',(0.866025403784432,0.500000000000011,0.));
#2841=DIRECTION('',(0.,0.,1.));
#2842=DIRECTION('center_axis',(0.,0.,1.));
#2843=DIRECTION('ref_axis',(-0.500000000000012,0.866025403784432,0.));
#2844=DIRECTION('',(0.,0.,1.));
#2845=DIRECTION('center_axis',(0.,0.,-1.));
#2846=DIRECTION('ref_axis',(-0.500000000000012,0.866025403784432,0.));
#2847=DIRECTION('center_axis',(0.500000000000016,-0.86602540378443,0.));
#2848=DIRECTION('ref_axis',(0.86602540378443,0.500000000000016,0.));
#2849=DIRECTION('',(0.,0.,1.));
#2850=DIRECTION('',(-0.86602540378443,-0.500000000000016,0.));
#2851=DIRECTION('center_axis',(0.,0.,1.));
#2852=DIRECTION('ref_axis',(0.500000000000012,-0.866025403784432,0.));
#2853=DIRECTION('center_axis',(0.,0.,-1.));
#2854=DIRECTION('ref_axis',(0.500000000000012,-0.866025403784432,0.));
#2855=DIRECTION('center_axis',(0.50000000000001,-0.866025403784433,0.));
#2856=DIRECTION('ref_axis',(0.866025403784433,0.50000000000001,0.));
#2857=DIRECTION('',(0.,0.,1.));
#2858=DIRECTION('',(-0.866025403784433,-0.50000000000001,0.));
#2859=DIRECTION('center_axis',(0.,0.,1.));
#2860=DIRECTION('ref_axis',(0.500000000000017,-0.866025403784429,0.));
#2861=DIRECTION('center_axis',(0.,0.,-1.));
#2862=DIRECTION('ref_axis',(0.500000000000017,-0.866025403784429,0.));
#2863=DIRECTION('center_axis',(0.500000000000009,-0.866025403784434,0.));
#2864=DIRECTION('ref_axis',(0.866025403784434,0.500000000000009,0.));
#2865=DIRECTION('',(-0.866025403784434,-0.500000000000009,0.));
#2866=DIRECTION('',(0.,0.,1.));
#2867=DIRECTION('',(0.866025403784434,0.500000000000009,0.));
#2868=DIRECTION('',(0.,0.,1.));
#2869=DIRECTION('center_axis',(0.866025403784442,0.499999999999994,0.));
#2870=DIRECTION('ref_axis',(-0.499999999999994,0.866025403784442,0.));
#2871=DIRECTION('',(0.499999999999994,-0.866025403784442,0.));
#2872=DIRECTION('',(-0.499999999999994,0.866025403784442,0.));
#2873=DIRECTION('',(0.,0.,1.));
#2874=DIRECTION('center_axis',(-0.50000000000001,0.866025403784433,0.));
#2875=DIRECTION('ref_axis',(-0.866025403784433,-0.50000000000001,0.));
#2876=DIRECTION('',(0.866025403784433,0.50000000000001,0.));
#2877=DIRECTION('',(-0.866025403784433,-0.50000000000001,0.));
#2878=DIRECTION('',(0.,0.,1.));
#2879=DIRECTION('center_axis',(-0.866025403784442,-0.499999999999994,0.));
#2880=DIRECTION('ref_axis',(0.499999999999994,-0.866025403784442,0.));
#2881=DIRECTION('',(-0.499999999999994,0.866025403784442,0.));
#2882=DIRECTION('',(0.499999999999994,-0.866025403784442,0.));
#2883=DIRECTION('center_axis',(0.,0.,-1.));
#2884=DIRECTION('ref_axis',(-1.,0.,0.));
#2885=DIRECTION('center_axis',(0.500000000000009,0.866025403784434,0.));
#2886=DIRECTION('ref_axis',(-0.866025403784434,0.500000000000009,0.));
#2887=DIRECTION('',(-0.866025403784434,0.500000000000009,0.));
#2888=DIRECTION('',(0.,0.,1.));
#2889=DIRECTION('',(-0.866025403784434,0.500000000000009,0.));
#2890=DIRECTION('',(0.,0.,1.));
#2891=DIRECTION('center_axis',(0.866025403784442,-0.499999999999994,0.));
#2892=DIRECTION('ref_axis',(0.499999999999994,0.866025403784442,0.));
#2893=DIRECTION('',(0.499999999999994,0.866025403784442,0.));
#2894=DIRECTION('',(0.,0.,1.));
#2895=DIRECTION('',(0.499999999999994,0.866025403784442,0.));
#2896=DIRECTION('center_axis',(-0.50000000000001,-0.866025403784433,0.));
#2897=DIRECTION('ref_axis',(0.866025403784433,-0.50000000000001,0.));
#2898=DIRECTION('',(0.866025403784433,-0.50000000000001,0.));
#2899=DIRECTION('',(0.,0.,1.));
#2900=DIRECTION('',(0.866025403784433,-0.50000000000001,0.));
#2901=DIRECTION('center_axis',(-0.866025403784442,0.499999999999994,0.));
#2902=DIRECTION('ref_axis',(-0.499999999999994,-0.866025403784442,0.));
#2903=DIRECTION('',(-0.499999999999994,-0.866025403784442,0.));
#2904=DIRECTION('',(-0.499999999999994,-0.866025403784442,0.));
#2905=DIRECTION('center_axis',(0.,0.,1.));
#2906=DIRECTION('ref_axis',(1.,0.,0.));
#2907=DIRECTION('center_axis',(4.79265607937454E-15,8.30112383268158E-15,
1.));
#2908=DIRECTION('ref_axis',(-0.500000000000092,0.866025403784386,-4.79265607937454E-15));
#2909=DIRECTION('center_axis',(0.,0.,1.));
#2910=DIRECTION('ref_axis',(-0.500000000000092,0.866025403784386,0.));
#2911=DIRECTION('',(4.79265607937454E-15,8.30112383268158E-15,1.));
#2912=DIRECTION('center_axis',(4.79265607937454E-15,8.30112383268158E-15,
1.));
#2913=DIRECTION('ref_axis',(-0.500000000000092,0.866025403784386,-4.79265607937454E-15));
#2914=DIRECTION('center_axis',(-4.79265607937454E-15,-8.30112383268158E-15,
-1.));
#2915=DIRECTION('ref_axis',(-0.500000000000092,0.866025403784386,-4.79265607937454E-15));
#2916=DIRECTION('center_axis',(-4.79265607937454E-15,-8.30112383268158E-15,
-1.));
#2917=DIRECTION('ref_axis',(0.500000000000092,-0.866025403784386,4.79265607937454E-15));
#2918=DIRECTION('center_axis',(4.79265607937454E-15,8.30112383268158E-15,
1.));
#2919=DIRECTION('ref_axis',(-0.500000000000092,0.866025403784386,-4.79265607937454E-15));
#2920=DIRECTION('center_axis',(0.,0.,1.));
#2921=DIRECTION('ref_axis',(-0.500000000000092,0.866025403784386,0.));
#2922=DIRECTION('',(4.79265607937454E-15,8.30112383268158E-15,1.));
#2923=DIRECTION('center_axis',(4.79265607937454E-15,8.30112383268158E-15,
1.));
#2924=DIRECTION('ref_axis',(-0.500000000000092,0.866025403784386,-4.79265607937454E-15));
#2925=DIRECTION('center_axis',(-4.79265607937454E-15,-8.30112383268158E-15,
-1.));
#2926=DIRECTION('ref_axis',(-0.500000000000092,0.866025403784386,-4.79265607937454E-15));
#2927=DIRECTION('center_axis',(-4.79265607937454E-15,-8.30112383268158E-15,
-1.));
#2928=DIRECTION('ref_axis',(0.500000000000092,-0.866025403784386,4.79265607937454E-15));
#2929=DIRECTION('center_axis',(-4.79265607937454E-15,-8.30112383268158E-15,
-1.));
#2930=DIRECTION('ref_axis',(0.500000000000092,-0.866025403784386,4.79265607937454E-15));
#2931=DIRECTION('center_axis',(0.,0.,-1.));
#2932=DIRECTION('ref_axis',(0.500000000000092,-0.866025403784386,0.));
#2933=DIRECTION('',(-4.79265607937454E-15,-8.30112383268158E-15,-1.));
#2934=DIRECTION('center_axis',(-4.79265607937454E-15,-8.30112383268158E-15,
-1.));
#2935=DIRECTION('ref_axis',(0.500000000000092,-0.866025403784386,4.79265607937454E-15));
#2936=DIRECTION('center_axis',(0.,0.,-1.));
#2937=DIRECTION('ref_axis',(0.500000000000092,-0.866025403784386,0.));
#2938=DIRECTION('',(-4.79265607937454E-15,-8.30112383268158E-15,-1.));
#2939=DIRECTION('center_axis',(0.,0.,-1.));
#2940=DIRECTION('ref_axis',(-1.,0.,0.));
#2941=DIRECTION('center_axis',(0.,0.,-1.));
#2942=DIRECTION('ref_axis',(-1.,0.,0.));
#2943=DIRECTION('',(0.,0.,-1.));
#2944=DIRECTION('center_axis',(0.,0.,1.));
#2945=DIRECTION('ref_axis',(-1.,0.,0.));
#2946=DIRECTION('center_axis',(0.,0.,1.));
#2947=DIRECTION('ref_axis',(-1.,0.,0.));
#2948=DIRECTION('center_axis',(0.,0.,-1.));
#2949=DIRECTION('ref_axis',(1.,0.,0.));
#2950=DIRECTION('center_axis',(0.,0.,-1.));
#2951=DIRECTION('ref_axis',(-1.,0.,0.));
#2952=DIRECTION('center_axis',(0.,0.,-1.));
#2953=DIRECTION('ref_axis',(-1.,0.,0.));
#2954=DIRECTION('',(0.,0.,-1.));
#2955=DIRECTION('center_axis',(0.,0.,1.));
#2956=DIRECTION('ref_axis',(-1.,0.,0.));
#2957=DIRECTION('center_axis',(0.,0.,1.));
#2958=DIRECTION('ref_axis',(-1.,0.,0.));
#2959=DIRECTION('center_axis',(0.,0.,-1.));
#2960=DIRECTION('ref_axis',(1.,0.,0.));
#2961=DIRECTION('center_axis',(0.,0.,1.));
#2962=DIRECTION('ref_axis',(1.,0.,0.));
#2963=DIRECTION('',(0.,0.,1.));
#2964=DIRECTION('center_axis',(0.,0.,-1.));
#2965=DIRECTION('ref_axis',(1.,0.,0.));
#2966=DIRECTION('center_axis',(0.,0.,1.));
#2967=DIRECTION('ref_axis',(1.,0.,0.));
#2968=DIRECTION('',(0.,0.,1.));
#2969=DIRECTION('center_axis',(0.,0.,-1.));
#2970=DIRECTION('ref_axis',(1.,0.,0.));
#2971=DIRECTION('center_axis',(4.79265607937454E-15,-8.30112383268158E-15,
-1.));
#2972=DIRECTION('ref_axis',(0.500000000000092,0.866025403784386,-4.79265607937454E-15));
#2973=DIRECTION('center_axis',(4.79265607937454E-15,-8.30112383268158E-15,
-1.));
#2974=DIRECTION('ref_axis',(0.500000000000092,0.866025403784386,-4.79265607937454E-15));
#2975=DIRECTION('',(4.79265607937454E-15,-8.30112383268158E-15,-1.));
#2976=DIRECTION('center_axis',(0.,0.,1.));
#2977=DIRECTION('ref_axis',(0.500000000000092,0.866025403784386,0.));
#2978=DIRECTION('center_axis',(-4.79265607937454E-15,8.30112383268158E-15,
1.));
#2979=DIRECTION('ref_axis',(0.500000000000092,0.866025403784386,-4.79265607937454E-15));
#2980=DIRECTION('center_axis',(4.79265607937454E-15,-8.30112383268158E-15,
-1.));
#2981=DIRECTION('ref_axis',(-0.500000000000092,-0.866025403784386,4.79265607937454E-15));
#2982=DIRECTION('center_axis',(4.79265607937454E-15,-8.30112383268158E-15,
-1.));
#2983=DIRECTION('ref_axis',(0.500000000000092,0.866025403784386,-4.79265607937454E-15));
#2984=DIRECTION('center_axis',(4.79265607937454E-15,-8.30112383268158E-15,
-1.));
#2985=DIRECTION('ref_axis',(0.500000000000092,0.866025403784386,-4.79265607937454E-15));
#2986=DIRECTION('',(4.79265607937454E-15,-8.30112383268158E-15,-1.));
#2987=DIRECTION('center_axis',(0.,0.,1.));
#2988=DIRECTION('ref_axis',(0.500000000000092,0.866025403784386,0.));
#2989=DIRECTION('center_axis',(-4.79265607937454E-15,8.30112383268158E-15,
1.));
#2990=DIRECTION('ref_axis',(0.500000000000092,0.866025403784386,-4.79265607937454E-15));
#2991=DIRECTION('center_axis',(4.79265607937454E-15,-8.30112383268158E-15,
-1.));
#2992=DIRECTION('ref_axis',(-0.500000000000092,-0.866025403784386,4.79265607937454E-15));
#2993=DIRECTION('center_axis',(-4.79265607937454E-15,8.30112383268158E-15,
1.));
#2994=DIRECTION('ref_axis',(-0.500000000000092,-0.866025403784386,4.79265607937454E-15));
#2995=DIRECTION('',(-4.79265607937454E-15,8.30112383268158E-15,1.));
#2996=DIRECTION('center_axis',(0.,0.,-1.));
#2997=DIRECTION('ref_axis',(-0.500000000000092,-0.866025403784386,0.));
#2998=DIRECTION('center_axis',(-4.79265607937454E-15,8.30112383268158E-15,
1.));
#2999=DIRECTION('ref_axis',(-0.500000000000092,-0.866025403784386,4.79265607937454E-15));
#3000=DIRECTION('',(-4.79265607937454E-15,8.30112383268158E-15,1.));
#3001=DIRECTION('center_axis',(0.,0.,-1.));
#3002=DIRECTION('ref_axis',(-0.500000000000092,-0.866025403784386,0.));
#3003=DIRECTION('center_axis',(0.,0.,1.));
#3004=DIRECTION('ref_axis',(1.,0.,0.));
#3005=DIRECTION('center_axis',(0.,0.,1.));
#3006=DIRECTION('ref_axis',(1.,0.,0.));
#3007=DIRECTION('',(0.,0.,1.));
#3008=DIRECTION('center_axis',(0.,0.,1.));
#3009=DIRECTION('ref_axis',(1.,0.,0.));
#3010=DIRECTION('center_axis',(0.,0.,-1.));
#3011=DIRECTION('ref_axis',(1.,0.,0.));
#3012=DIRECTION('center_axis',(0.,0.,-1.));
#3013=DIRECTION('ref_axis',(-1.,0.,0.));
#3014=DIRECTION('center_axis',(0.,0.,1.));
#3015=DIRECTION('ref_axis',(1.,0.,0.));
#3016=DIRECTION('center_axis',(0.,0.,1.));
#3017=DIRECTION('ref_axis',(1.,0.,0.));
#3018=DIRECTION('',(0.,0.,1.));
#3019=DIRECTION('center_axis',(0.,0.,1.));
#3020=DIRECTION('ref_axis',(1.,0.,0.));
#3021=DIRECTION('center_axis',(0.,0.,-1.));
#3022=DIRECTION('ref_axis',(1.,0.,0.));
#3023=DIRECTION('center_axis',(0.,0.,-1.));
#3024=DIRECTION('ref_axis',(-1.,0.,0.));
#3025=DIRECTION('center_axis',(0.,0.,-1.));
#3026=DIRECTION('ref_axis',(-1.,0.,0.));
#3027=DIRECTION('center_axis',(0.,0.,-1.));
#3028=DIRECTION('ref_axis',(-1.,0.,0.));
#3029=DIRECTION('',(0.,0.,-1.));
#3030=DIRECTION('center_axis',(0.,0.,-1.));
#3031=DIRECTION('ref_axis',(-1.,0.,0.));
#3032=DIRECTION('center_axis',(0.,0.,-1.));
#3033=DIRECTION('ref_axis',(-1.,0.,0.));
#3034=DIRECTION('',(0.,0.,-1.));
#3035=DIRECTION('center_axis',(1.,6.93889390390723E-17,0.));
#3036=DIRECTION('ref_axis',(-6.93889390390723E-17,1.,0.));
#3037=DIRECTION('',(-6.93889390390723E-17,1.,0.));
#3038=DIRECTION('',(0.,0.,1.));
#3039=DIRECTION('',(-6.93889390390723E-17,1.,0.));
#3040=DIRECTION('',(0.,0.,1.));
#3041=DIRECTION('center_axis',(0.,-1.,0.));
#3042=DIRECTION('ref_axis',(1.,0.,0.));
#3043=DIRECTION('',(1.,0.,0.));
#3044=DIRECTION('',(0.,0.,1.));
#3045=DIRECTION('',(1.,0.,0.));
#3046=DIRECTION('center_axis',(-1.,6.93889390390723E-17,0.));
#3047=DIRECTION('ref_axis',(-6.93889390390723E-17,-1.,0.));
#3048=DIRECTION('',(-6.93889390390723E-17,-1.,0.));
#3049=DIRECTION('',(0.,0.,1.));
#3050=DIRECTION('',(-6.93889390390723E-17,-1.,0.));
#3051=DIRECTION('center_axis',(5.55111512312578E-16,1.,0.));
#3052=DIRECTION('ref_axis',(-1.,5.55111512312578E-16,0.));
#3053=DIRECTION('',(-1.,5.55111512312578E-16,0.));
#3054=DIRECTION('',(-1.,5.55111512312578E-16,0.));
#3055=DIRECTION('center_axis',(0.,0.,1.));
#3056=DIRECTION('ref_axis',(1.,0.,0.));
#3057=DIRECTION('center_axis',(0.,0.,1.));
#3058=DIRECTION('ref_axis',(1.,0.,0.));
#3059=DIRECTION('center_axis',(0.,0.,1.));
#3060=DIRECTION('ref_axis',(1.,0.,0.));
#3061=DIRECTION('',(0.,0.,1.));
#3062=DIRECTION('center_axis',(0.,0.,1.));
#3063=DIRECTION('ref_axis',(1.,0.,0.));
#3064=DIRECTION('center_axis',(0.,0.,-1.));
#3065=DIRECTION('ref_axis',(1.,0.,0.));
#3066=DIRECTION('center_axis',(0.,0.,1.));
#3067=DIRECTION('ref_axis',(-1.,0.,0.));
#3068=DIRECTION('center_axis',(0.,0.,1.));
#3069=DIRECTION('ref_axis',(1.,0.,0.));
#3070=DIRECTION('center_axis',(0.,0.,1.));
#3071=DIRECTION('ref_axis',(1.,0.,0.));
#3072=DIRECTION('',(0.,0.,1.));
#3073=DIRECTION('center_axis',(0.,0.,1.));
#3074=DIRECTION('ref_axis',(1.,0.,0.));
#3075=DIRECTION('center_axis',(0.,0.,-1.));
#3076=DIRECTION('ref_axis',(1.,0.,0.));
#3077=DIRECTION('center_axis',(0.,0.,1.));
#3078=DIRECTION('ref_axis',(-1.,0.,0.));
#3079=DIRECTION('center_axis',(0.,0.,1.));
#3080=DIRECTION('ref_axis',(1.,0.,0.));
#3081=DIRECTION('center_axis',(0.,0.,1.));
#3082=DIRECTION('ref_axis',(1.,0.,0.));
#3083=DIRECTION('',(0.,0.,1.));
#3084=DIRECTION('center_axis',(0.,0.,1.));
#3085=DIRECTION('ref_axis',(1.,0.,0.));
#3086=DIRECTION('center_axis',(0.,0.,-1.));
#3087=DIRECTION('ref_axis',(1.,0.,0.));
#3088=DIRECTION('center_axis',(0.,0.,1.));
#3089=DIRECTION('ref_axis',(-1.,0.,0.));
#3090=DIRECTION('center_axis',(0.,0.,1.));
#3091=DIRECTION('ref_axis',(1.,0.,0.));
#3092=DIRECTION('center_axis',(0.,0.,1.));
#3093=DIRECTION('ref_axis',(1.,0.,0.));
#3094=DIRECTION('',(0.,0.,1.));
#3095=DIRECTION('center_axis',(0.,0.,1.));
#3096=DIRECTION('ref_axis',(1.,0.,0.));
#3097=DIRECTION('center_axis',(0.,0.,-1.));
#3098=DIRECTION('ref_axis',(1.,0.,0.));
#3099=DIRECTION('center_axis',(0.,0.,1.));
#3100=DIRECTION('ref_axis',(-1.,0.,0.));
#3101=DIRECTION('center_axis',(0.,0.,-1.));
#3102=DIRECTION('ref_axis',(-1.,0.,0.));
#3103=DIRECTION('center_axis',(0.,0.,-1.));
#3104=DIRECTION('ref_axis',(-1.,0.,0.));
#3105=DIRECTION('',(0.,0.,-1.));
#3106=DIRECTION('center_axis',(0.,0.,-1.));
#3107=DIRECTION('ref_axis',(-1.,0.,0.));
#3108=DIRECTION('center_axis',(0.,0.,-1.));
#3109=DIRECTION('ref_axis',(-1.,0.,0.));
#3110=DIRECTION('',(0.,0.,-1.));
#3111=DIRECTION('center_axis',(0.,0.,-1.));
#3112=DIRECTION('ref_axis',(-1.,0.,0.));
#3113=DIRECTION('center_axis',(0.,0.,-1.));
#3114=DIRECTION('ref_axis',(-1.,0.,0.));
#3115=DIRECTION('',(0.,0.,-1.));
#3116=DIRECTION('center_axis',(0.,0.,-1.));
#3117=DIRECTION('ref_axis',(-1.,0.,0.));
#3118=DIRECTION('center_axis',(0.,0.,-1.));
#3119=DIRECTION('ref_axis',(-1.,0.,0.));
#3120=DIRECTION('',(0.,0.,-1.));
#3121=DIRECTION('center_axis',(1.23188105868286E-16,-1.,0.));
#3122=DIRECTION('ref_axis',(-1.,-1.23188105868286E-16,0.));
#3123=DIRECTION('',(1.,1.23188105868286E-16,0.));
#3124=DIRECTION('',(0.,0.,-1.));
#3125=DIRECTION('',(-1.,-1.23188105868286E-16,0.));
#3126=DIRECTION('',(0.,0.,-1.));
#3127=DIRECTION('center_axis',(0.,0.,-1.));
#3128=DIRECTION('ref_axis',(2.84217094304039E-15,-1.,0.));
#3129=DIRECTION('center_axis',(0.,0.,1.));
#3130=DIRECTION('ref_axis',(2.84217094304039E-15,-1.,0.));
#3131=DIRECTION('center_axis',(0.,0.,-1.));
#3132=DIRECTION('ref_axis',(2.84217094304039E-15,-1.,0.));
#3133=DIRECTION('',(0.,0.,-1.));
#3134=DIRECTION('center_axis',(0.866025403784439,0.5,0.));
#3135=DIRECTION('ref_axis',(0.5,-0.866025403784439,0.));
#3136=DIRECTION('',(-0.5,0.866025403784439,0.));
#3137=DIRECTION('',(0.5,-0.866025403784439,0.));
#3138=DIRECTION('',(0.,0.,-1.));
#3139=DIRECTION('center_axis',(0.,0.,-1.));
#3140=DIRECTION('ref_axis',(0.866025403784439,0.5,0.));
#3141=DIRECTION('center_axis',(0.,0.,1.));
#3142=DIRECTION('ref_axis',(0.866025403784439,0.5,0.));
#3143=DIRECTION('center_axis',(0.,0.,-1.));
#3144=DIRECTION('ref_axis',(0.866025403784439,0.5,0.));
#3145=DIRECTION('',(0.,0.,-1.));
#3146=DIRECTION('center_axis',(-0.866025403784439,0.5,0.));
#3147=DIRECTION('ref_axis',(0.5,0.866025403784439,0.));
#3148=DIRECTION('',(-0.5,-0.866025403784439,0.));
#3149=DIRECTION('',(0.5,0.866025403784439,0.));
#3150=DIRECTION('',(0.,0.,-1.));
#3151=DIRECTION('center_axis',(0.,0.,-1.));
#3152=DIRECTION('ref_axis',(-0.866025403784439,0.5,0.));
#3153=DIRECTION('center_axis',(0.,0.,1.));
#3154=DIRECTION('ref_axis',(-0.866025403784439,0.5,0.));
#3155=DIRECTION('center_axis',(0.,0.,-1.));
#3156=DIRECTION('ref_axis',(-0.866025403784439,0.5,0.));
#3157=DIRECTION('center_axis',(0.,0.,1.));
#3158=DIRECTION('ref_axis',(1.,0.,0.));
#3159=DIRECTION('center_axis',(0.,0.,1.));
#3160=DIRECTION('ref_axis',(1.,0.,0.));
#3161=CARTESIAN_POINT('',(0.,0.,0.));
#3162=CARTESIAN_POINT('Origin',(-55.6999592869126,-195.462548162197,-25.));
#3163=CARTESIAN_POINT('',(-55.6999592869126,-230.462548162197,-25.));
#3164=CARTESIAN_POINT('',(-55.6999592869126,-195.462548162197,-25.));
#3165=CARTESIAN_POINT('',(-55.6999592869126,-56.1046863445711,-25.));
#3166=CARTESIAN_POINT('',(-55.6999592869126,-230.462548162197,-5.));
#3167=CARTESIAN_POINT('',(-55.6999592869126,-230.462548162197,-25.));
#3168=CARTESIAN_POINT('',(-55.6999592869126,-195.462548162197,-5.));
#3169=CARTESIAN_POINT('',(-55.6999592869126,-195.462548162197,-5.));
#3170=CARTESIAN_POINT('',(-55.6999592869126,-195.462548162197,-25.));
#3171=CARTESIAN_POINT('Origin',(-165.699959286913,-195.462548162197,-25.));
#3172=CARTESIAN_POINT('',(-165.699959286913,-195.462548162197,-25.));
#3173=CARTESIAN_POINT('',(-82.8499796434563,-195.462548162197,-25.));
#3174=CARTESIAN_POINT('',(-165.699959286913,-195.462548162197,-5.));
#3175=CARTESIAN_POINT('',(-165.699959286913,-195.462548162197,-5.));
#3176=CARTESIAN_POINT('',(-165.699959286913,-195.462548162197,-25.));
#3177=CARTESIAN_POINT('Origin',(-165.699959286913,-230.462548162197,-25.));
#3178=CARTESIAN_POINT('',(-165.699959286913,-230.462548162197,-25.));
#3179=CARTESIAN_POINT('',(-165.699959286913,-73.6046863445711,-25.));
#3180=CARTESIAN_POINT('',(-165.699959286913,-230.462548162197,-5.));
#3181=CARTESIAN_POINT('',(-165.699959286913,-230.462548162197,-5.));
#3182=CARTESIAN_POINT('',(-165.699959286913,-230.462548162197,-25.));
#3183=CARTESIAN_POINT('Origin',(-55.6999592869126,-230.462548162197,-25.));
#3184=CARTESIAN_POINT('',(-27.8499796434564,-230.462548162197,-25.));
#3185=CARTESIAN_POINT('',(-55.6999592869126,-230.462548162197,-5.));
#3186=CARTESIAN_POINT('Origin',(-110.699959286913,-212.962548162197,-5.));
#3187=CARTESIAN_POINT('',(-155.699959286913,-223.512548162196,-5.));
#3188=CARTESIAN_POINT('',(-155.699959286913,-217.412548162196,-5.));
#3189=CARTESIAN_POINT('Origin',(-155.699959286913,-220.462548162196,-5.));
#3190=CARTESIAN_POINT('',(-65.6999592869128,-223.512548162198,-5.));
#3191=CARTESIAN_POINT('',(-88.1999592869128,-223.512548162197,-5.));
#3192=CARTESIAN_POINT('',(-65.6999592869127,-217.412548162198,-5.));
#3193=CARTESIAN_POINT('Origin',(-65.6999592869127,-220.462548162198,-5.));
#3194=CARTESIAN_POINT('',(-133.199959286913,-217.412548162196,-5.));
#3195=CARTESIAN_POINT('',(-155.699959286912,-208.512548162196,-5.));
#3196=CARTESIAN_POINT('',(-155.699959286912,-202.412548162196,-5.));
#3197=CARTESIAN_POINT('Origin',(-155.699959286912,-205.462548162196,-5.));
#3198=CARTESIAN_POINT('',(-65.6999592869124,-208.512548162196,-5.));
#3199=CARTESIAN_POINT('',(-88.1999592869125,-208.512548162196,-5.));
#3200=CARTESIAN_POINT('',(-65.6999592869123,-202.412548162201,-5.));
#3201=CARTESIAN_POINT('Origin',(-65.6999592869124,-205.462548162199,-5.));
#3202=CARTESIAN_POINT('',(-133.199959286912,-202.412548162196,-5.));
#3203=CARTESIAN_POINT('Origin',(-65.6999592869124,-205.462548162199,-25.));
#3204=CARTESIAN_POINT('',(-65.6999592869124,-208.512548162196,0.));
#3205=CARTESIAN_POINT('',(-65.6999592869124,-208.512548162196,-25.));
#3206=CARTESIAN_POINT('',(-65.6999592869123,-202.412548162201,0.));
#3207=CARTESIAN_POINT('Origin',(-65.6999592869124,-205.462548162199,0.));
#3208=CARTESIAN_POINT('',(-65.6999592869123,-202.412548162201,-25.));
#3209=CARTESIAN_POINT('Origin',(-65.6999592869124,-208.512548162196,-25.));
#3210=CARTESIAN_POINT('',(-155.699959286912,-208.512548162196,0.));
#3211=CARTESIAN_POINT('',(-155.699959286912,-208.512548162196,-25.));
#3212=CARTESIAN_POINT('',(-32.8499796434565,-208.512548162196,0.));
#3213=CARTESIAN_POINT('Origin',(-65.6999592869127,-220.462548162198,-25.));
#3214=CARTESIAN_POINT('',(-65.6999592869128,-223.512548162198,0.));
#3215=CARTESIAN_POINT('',(-65.6999592869128,-223.512548162198,-25.));
#3216=CARTESIAN_POINT('',(-65.6999592869127,-217.412548162198,0.));
#3217=CARTESIAN_POINT('Origin',(-65.6999592869127,-220.462548162198,0.));
#3218=CARTESIAN_POINT('',(-65.6999592869127,-217.412548162198,-25.));
#3219=CARTESIAN_POINT('Origin',(-65.6999592869128,-223.512548162198,-25.));
#3220=CARTESIAN_POINT('',(-155.699959286913,-223.512548162196,0.));
#3221=CARTESIAN_POINT('',(-155.699959286913,-223.512548162196,-25.));
#3222=CARTESIAN_POINT('',(-32.8499796434594,-223.512548162198,0.));
#3223=CARTESIAN_POINT('Origin',(-155.699959286912,-202.412548162196,-25.));
#3224=CARTESIAN_POINT('',(-155.699959286912,-202.412548162196,0.));
#3225=CARTESIAN_POINT('',(-77.8499796434564,-202.412548162196,0.));
#3226=CARTESIAN_POINT('',(-155.699959286912,-202.412548162196,-25.));
#3227=CARTESIAN_POINT('Origin',(-155.699959286912,-205.462548162196,-25.));
#3228=CARTESIAN_POINT('Origin',(-155.699959286912,-205.462548162196,0.));
#3229=CARTESIAN_POINT('Origin',(-155.699959286913,-217.412548162196,-25.));
#3230=CARTESIAN_POINT('',(-155.699959286913,-217.412548162196,0.));
#3231=CARTESIAN_POINT('',(-77.8499796434593,-217.412548162198,0.));
#3232=CARTESIAN_POINT('',(-155.699959286913,-217.412548162196,-25.));
#3233=CARTESIAN_POINT('Origin',(-155.699959286913,-220.462548162196,-25.));
#3234=CARTESIAN_POINT('Origin',(-155.699959286913,-220.462548162196,0.));
#3235=CARTESIAN_POINT('Origin',(55.6999592869126,-195.462548162197,-25.));
#3236=CARTESIAN_POINT('',(55.6999592869126,-195.462548162197,-25.));
#3237=CARTESIAN_POINT('',(55.6999592869126,-230.462548162197,-25.));
#3238=CARTESIAN_POINT('',(55.6999592869126,-56.1046863445711,-25.));
#3239=CARTESIAN_POINT('',(55.6999592869126,-195.462548162197,-5.));
#3240=CARTESIAN_POINT('',(55.6999592869126,-195.462548162197,-25.));
#3241=CARTESIAN_POINT('',(55.6999592869126,-230.462548162197,-5.));
#3242=CARTESIAN_POINT('',(55.6999592869126,-195.462548162197,-5.));
#3243=CARTESIAN_POINT('',(55.6999592869126,-230.462548162197,-25.));
#3244=CARTESIAN_POINT('Origin',(165.699959286913,-195.462548162197,-25.));
#3245=CARTESIAN_POINT('',(165.699959286913,-195.462548162197,-25.));
#3246=CARTESIAN_POINT('',(82.8499796434562,-195.462548162197,-25.));
#3247=CARTESIAN_POINT('',(165.699959286913,-195.462548162197,-5.));
#3248=CARTESIAN_POINT('',(165.699959286913,-195.462548162197,-25.));
#3249=CARTESIAN_POINT('',(165.699959286913,-195.462548162197,-5.));
#3250=CARTESIAN_POINT('Origin',(165.699959286913,-230.462548162197,-25.));
#3251=CARTESIAN_POINT('',(165.699959286913,-230.462548162197,-25.));
#3252=CARTESIAN_POINT('',(165.699959286913,-73.6046863445711,-25.));
#3253=CARTESIAN_POINT('',(165.699959286913,-230.462548162197,-5.));
#3254=CARTESIAN_POINT('',(165.699959286913,-230.462548162197,-25.));
#3255=CARTESIAN_POINT('',(165.699959286913,-230.462548162197,-5.));
#3256=CARTESIAN_POINT('Origin',(55.6999592869126,-230.462548162197,-25.));
#3257=CARTESIAN_POINT('',(27.8499796434562,-230.462548162197,-25.));
#3258=CARTESIAN_POINT('',(55.6999592869126,-230.462548162197,-5.));
#3259=CARTESIAN_POINT('Origin',(110.699959286913,-212.962548162197,-5.));
#3260=CARTESIAN_POINT('',(155.699959286913,-217.412548162196,-5.));
#3261=CARTESIAN_POINT('',(155.699959286913,-223.512548162196,-5.));
#3262=CARTESIAN_POINT('Origin',(155.699959286913,-220.462548162196,-5.));
#3263=CARTESIAN_POINT('',(65.6999592869127,-217.412548162198,-5.));
#3264=CARTESIAN_POINT('',(133.199959286913,-217.412548162196,-5.));
#3265=CARTESIAN_POINT('',(65.6999592869128,-223.512548162198,-5.));
#3266=CARTESIAN_POINT('Origin',(65.6999592869127,-220.462548162198,-5.));
#3267=CARTESIAN_POINT('',(88.1999592869128,-223.512548162197,-5.));
#3268=CARTESIAN_POINT('',(155.699959286912,-202.412548162196,-5.));
#3269=CARTESIAN_POINT('',(155.699959286912,-208.512548162196,-5.));
#3270=CARTESIAN_POINT('Origin',(155.699959286912,-205.462548162196,-5.));
#3271=CARTESIAN_POINT('',(65.6999592869123,-202.412548162201,-5.));
#3272=CARTESIAN_POINT('',(133.199959286912,-202.412548162196,-5.));
#3273=CARTESIAN_POINT('',(65.6999592869124,-208.512548162196,-5.));
#3274=CARTESIAN_POINT('Origin',(65.6999592869124,-205.462548162199,-5.));
#3275=CARTESIAN_POINT('',(88.1999592869125,-208.512548162196,-5.));
#3276=CARTESIAN_POINT('Origin',(155.699959286912,-202.412548162196,-25.));
#3277=CARTESIAN_POINT('',(155.699959286912,-202.412548162196,0.));
#3278=CARTESIAN_POINT('',(155.699959286912,-202.412548162196,-25.));
#3279=CARTESIAN_POINT('',(65.6999592869123,-202.412548162201,0.));
#3280=CARTESIAN_POINT('',(77.8499796434563,-202.412548162196,0.));
#3281=CARTESIAN_POINT('',(65.6999592869123,-202.412548162201,-25.));
#3282=CARTESIAN_POINT('Origin',(155.699959286912,-205.462548162196,-25.));
#3283=CARTESIAN_POINT('',(155.699959286912,-208.512548162196,0.));
#3284=CARTESIAN_POINT('',(155.699959286912,-208.512548162196,-25.));
#3285=CARTESIAN_POINT('Origin',(155.699959286912,-205.462548162196,0.));
#3286=CARTESIAN_POINT('Origin',(155.699959286913,-217.412548162196,-25.));
#3287=CARTESIAN_POINT('',(155.699959286913,-217.412548162196,0.));
#3288=CARTESIAN_POINT('',(155.699959286913,-217.412548162196,-25.));
#3289=CARTESIAN_POINT('',(65.6999592869127,-217.412548162198,0.));
#3290=CARTESIAN_POINT('',(77.8499796434592,-217.412548162198,0.));
#3291=CARTESIAN_POINT('',(65.6999592869127,-217.412548162198,-25.));
#3292=CARTESIAN_POINT('Origin',(155.699959286913,-220.462548162196,-25.));
#3293=CARTESIAN_POINT('',(155.699959286913,-223.512548162196,0.));
#3294=CARTESIAN_POINT('',(155.699959286913,-223.512548162196,-25.));
#3295=CARTESIAN_POINT('Origin',(155.699959286913,-220.462548162196,0.));
#3296=CARTESIAN_POINT('Origin',(65.6999592869128,-223.512548162198,-25.));
#3297=CARTESIAN_POINT('',(65.6999592869128,-223.512548162198,0.));
#3298=CARTESIAN_POINT('',(65.6999592869128,-223.512548162198,-25.));
#3299=CARTESIAN_POINT('',(32.8499796434593,-223.512548162198,0.));
#3300=CARTESIAN_POINT('Origin',(65.6999592869127,-220.462548162198,-25.));
#3301=CARTESIAN_POINT('Origin',(65.6999592869127,-220.462548162198,0.));
#3302=CARTESIAN_POINT('Origin',(65.6999592869124,-208.512548162196,-25.));
#3303=CARTESIAN_POINT('',(65.6999592869124,-208.512548162196,0.));
#3304=CARTESIAN_POINT('',(65.6999592869124,-208.512548162196,-25.));
#3305=CARTESIAN_POINT('',(32.8499796434563,-208.512548162196,0.));
#3306=CARTESIAN_POINT('Origin',(65.6999592869124,-205.462548162199,-25.));
#3307=CARTESIAN_POINT('Origin',(65.6999592869124,-205.462548162199,0.));
#3308=CARTESIAN_POINT('Origin',(224.227999593782,-19.7192839136003,-25.));
#3309=CARTESIAN_POINT('',(224.227999593782,-19.7192839136003,-25.));
#3310=CARTESIAN_POINT('',(102.98444306396,-89.7192839135998,-25.));
#3311=CARTESIAN_POINT('',(162.436691175864,-55.3945124622638,-25.));
#3312=CARTESIAN_POINT('',(224.227999593782,-19.7192839136003,-5.));
#3313=CARTESIAN_POINT('',(224.227999593782,-19.7192839136003,-25.));
#3314=CARTESIAN_POINT('',(102.98444306396,-89.7192839135998,-5.));
#3315=CARTESIAN_POINT('',(224.227999593782,-19.7192839136003,-5.));
#3316=CARTESIAN_POINT('',(102.98444306396,-89.7192839135998,-25.));
#3317=CARTESIAN_POINT('Origin',(249.227999593782,-63.0205541028223,-25.));
#3318=CARTESIAN_POINT('',(249.227999593782,-63.0205541028222,-25.));
#3319=CARTESIAN_POINT('',(186.405308214808,45.7915392337799,-25.));
#3320=CARTESIAN_POINT('',(249.227999593782,-63.0205541028222,-5.));
#3321=CARTESIAN_POINT('',(249.227999593782,-63.0205541028222,-25.));
#3322=CARTESIAN_POINT('',(236.727999593782,-41.3699190082113,-5.));
#3323=CARTESIAN_POINT('Origin',(127.98444306396,-133.020554102822,-25.));
#3324=CARTESIAN_POINT('',(127.98444306396,-133.020554102822,-25.));
#3325=CARTESIAN_POINT('',(126.814912910953,-133.695782651486,-25.));
#3326=CARTESIAN_POINT('',(127.98444306396,-133.020554102822,-5.));
#3327=CARTESIAN_POINT('',(127.98444306396,-133.020554102822,-25.));
#3328=CARTESIAN_POINT('',(127.98444306396,-133.020554102822,-5.));
#3329=CARTESIAN_POINT('Origin',(102.98444306396,-89.7192839135998,-25.));
#3330=CARTESIAN_POINT('',(52.6617516849867,-2.55782567160868,-25.));
#3331=CARTESIAN_POINT('',(115.48444306396,-111.369919008211,-5.));
#3332=CARTESIAN_POINT('Origin',(196.391569706294,-76.2051730462768,-5.));
#3333=CARTESIAN_POINT('',(123.193363576761,-93.0627652149364,-5.));
#3334=CARTESIAN_POINT('',(217.019079081095,-38.8924631116441,-5.));
#3335=CARTESIAN_POINT('',(154.292466641282,-75.107689688895,-5.));
#3336=CARTESIAN_POINT('',(125.193363576858,-96.5268668296206,-5.));
#3337=CARTESIAN_POINT('Origin',(124.193363577081,-94.7948160223209,-5.));
#3338=CARTESIAN_POINT('',(219.019079081196,-42.3565647267232,-5.));
#3339=CARTESIAN_POINT('',(203.205324393488,-51.4866402523619,-5.));
#3340=CARTESIAN_POINT('Origin',(218.019079081146,-40.6245139191836,-5.));
#3341=CARTESIAN_POINT('',(229.019079081212,-59.6770728018635,-5.));
#3342=CARTESIAN_POINT('',(135.193363576532,-113.847374905399,-5.));
#3343=CARTESIAN_POINT('',(213.205324393653,-68.807148327676,-5.));
#3344=CARTESIAN_POINT('',(227.01907908123,-56.2129711873199,-5.));
#3345=CARTESIAN_POINT('Origin',(228.019079081025,-57.9450219946597,-5.));
#3346=CARTESIAN_POINT('',(133.193363577038,-110.383273290573,-5.));
#3347=CARTESIAN_POINT('',(164.292466641718,-92.4281977647259,-5.));
#3348=CARTESIAN_POINT('Origin',(134.193363577091,-112.115324098195,-5.));
#3349=CARTESIAN_POINT('Origin',(229.019079081212,-59.6770728018635,-1.34222836923017E-17));
#3350=CARTESIAN_POINT('',(135.193363576532,-113.847374905399,-1.34223060966135E-17));
#3351=CARTESIAN_POINT('',(135.193363576532,-113.847374905399,-1.34223060966135E-17));
#3352=CARTESIAN_POINT('',(229.019079081212,-59.6770728018635,-1.34222836923017E-17));
#3353=CARTESIAN_POINT('',(174.08223091991,-91.3948768763992,0.));
#3354=CARTESIAN_POINT('',(229.019079081212,-59.6770728018635,-1.34222836923017E-17));
#3355=CARTESIAN_POINT('Origin',(134.193363577091,-112.115324098195,-1.34223053802541E-17));
#3356=CARTESIAN_POINT('',(133.193363577038,-110.383273290573,-1.34223046638947E-17));
#3357=CARTESIAN_POINT('',(133.193363577038,-110.383273290573,-1.34223046638947E-17));
#3358=CARTESIAN_POINT('Origin',(134.193363577091,-112.115324098195,0.));
#3359=CARTESIAN_POINT('Origin',(123.19336357663,-93.0627652147094,-1.34222975003004E-17));
#3360=CARTESIAN_POINT('',(217.019079081095,-38.8924631116441,-1.34222750959886E-17));
#3361=CARTESIAN_POINT('',(217.019079081095,-38.8924631116441,-1.34222750959886E-17));
#3362=CARTESIAN_POINT('',(123.193363576761,-93.0627652149364,-1.34222975003005E-17));
#3363=CARTESIAN_POINT('',(115.169373167054,-97.6954182376226,0.));
#3364=CARTESIAN_POINT('',(123.193363576761,-93.0627652149364,-1.34222975003005E-17));
#3365=CARTESIAN_POINT('Origin',(218.019079081146,-40.6245139191836,-1.3422275812348E-17));
#3366=CARTESIAN_POINT('',(219.019079081196,-42.3565647267232,-1.34222765287075E-17));
#3367=CARTESIAN_POINT('',(219.019079081196,-42.3565647267232,-1.34222765287075E-17));
#3368=CARTESIAN_POINT('Origin',(218.019079081146,-40.6245139191836,0.));
#3369=CARTESIAN_POINT('Origin',(228.019079081025,-57.9450219946597,-1.34222829759423E-17));
#3370=CARTESIAN_POINT('',(227.01907908123,-56.2129711873199,-1.34222822595828E-17));
#3371=CARTESIAN_POINT('Origin',(228.019079081025,-57.9450219946597,0.));
#3372=CARTESIAN_POINT('',(227.01907908123,-56.2129711873199,-1.34222822595828E-17));
#3373=CARTESIAN_POINT('Origin',(133.193363577038,-110.383273290573,-1.34223046638947E-17));
#3374=CARTESIAN_POINT('',(125.169373167366,-115.015926313546,0.));
#3375=CARTESIAN_POINT('Origin',(124.193363577081,-94.7948160223209,-1.34222982166599E-17));
#3376=CARTESIAN_POINT('',(125.193363576858,-96.5268668296206,-8.94819928867953E-18));
#3377=CARTESIAN_POINT('Origin',(124.193363577081,-94.7948160223209,0.));
#3378=CARTESIAN_POINT('',(125.19336357703,-96.526866829919,-1.34222989330193E-17));
#3379=CARTESIAN_POINT('Origin',(219.019079081196,-42.3565647267232,-1.34222765287075E-17));
#3380=CARTESIAN_POINT('',(164.082230918441,-74.0743688011946,-1.92592994438724E-33));
#3381=CARTESIAN_POINT('Origin',(-259.354292731362,-182.273169780662,-25.));
#3382=CARTESIAN_POINT('',(-244.354292731362,-156.29240766713,-25.));
#3383=CARTESIAN_POINT('',(-259.354292731362,-182.273169780662,-25.));
#3384=CARTESIAN_POINT('',(-169.446866049,-26.5489387890427,-25.));
#3385=CARTESIAN_POINT('',(-244.354292731362,-156.29240766713,-5.));
#3386=CARTESIAN_POINT('',(-244.354292731362,-156.29240766713,-25.));
#3387=CARTESIAN_POINT('',(-259.354292731362,-182.273169780662,-5.));
#3388=CARTESIAN_POINT('',(-242.862247328243,-153.708109221729,-5.));
#3389=CARTESIAN_POINT('',(-259.354292731362,-182.273169780662,-25.));
#3390=CARTESIAN_POINT('Origin',(-228.632975151475,-200.010130755271,-25.));
#3391=CARTESIAN_POINT('',(-228.632975151475,-200.010130755271,-25.));
#3392=CARTESIAN_POINT('',(-204.223914258104,-214.102708632726,-25.));
#3393=CARTESIAN_POINT('',(-228.632975151475,-200.010130755271,-5.));
#3394=CARTESIAN_POINT('',(-232.530089468505,-197.760130755271,-5.));
#3395=CARTESIAN_POINT('',(-228.632975151475,-200.010130755271,-25.));
#3396=CARTESIAN_POINT('Origin',(-213.632975151475,-174.029368641738,-25.));
#3397=CARTESIAN_POINT('',(-213.632975151475,-174.029368641738,-25.));
#3398=CARTESIAN_POINT('',(-131.225548469111,-31.2955187068856,-25.));
#3399=CARTESIAN_POINT('',(-213.632975151475,-174.029368641738,-5.));
#3400=CARTESIAN_POINT('',(-212.140929748356,-171.445070196338,-5.));
#3401=CARTESIAN_POINT('',(-213.632975151475,-174.029368641738,-25.));
#3402=CARTESIAN_POINT('Origin',(-244.354292731362,-156.29240766713,-25.));
#3403=CARTESIAN_POINT('',(-204.58457304804,-179.253466031892,-25.));
#3404=CARTESIAN_POINT('',(-217.530089468505,-171.779368641738,-5.));
#3405=CARTESIAN_POINT('Origin',(-236.493633941418,-178.151269211201,-5.));
#3406=CARTESIAN_POINT('',(-252.755864442251,-180.944356733822,-5.));
#3407=CARTESIAN_POINT('',(-249.705864442251,-175.661601770737,-5.));
#3408=CARTESIAN_POINT('Origin',(-251.230864442251,-178.302979252279,-5.));
#3409=CARTESIAN_POINT('',(-230.781403440586,-193.63131770843,-5.));
#3410=CARTESIAN_POINT('',(-236.275018691002,-190.459577464778,-5.));
#3411=CARTESIAN_POINT('',(-227.731403440586,-188.348562745345,-5.));
#3412=CARTESIAN_POINT('Origin',(-229.256403440586,-190.989940226888,-5.));
#3413=CARTESIAN_POINT('',(-244.212249191834,-178.833342014389,-5.));
#3414=CARTESIAN_POINT('',(-245.25586444225,-167.953975677055,-5.));
#3415=CARTESIAN_POINT('',(-242.20586444225,-162.67122071397,-5.));
#3416=CARTESIAN_POINT('Origin',(-243.73086444225,-165.312598195513,-5.));
#3417=CARTESIAN_POINT('',(-223.281403440586,-180.640936651664,-5.));
#3418=CARTESIAN_POINT('',(-228.775018691002,-177.469196408012,-5.));
#3419=CARTESIAN_POINT('',(-220.231403440586,-175.358181688579,-5.));
#3420=CARTESIAN_POINT('Origin',(-221.756403440586,-177.999559170121,-5.));
#3421=CARTESIAN_POINT('',(-236.712249191834,-165.842960957623,-5.));
#3422=CARTESIAN_POINT('Origin',(-221.756403440586,-177.999559170121,-25.));
#3423=CARTESIAN_POINT('',(-223.281403440586,-180.640936651664,0.));
#3424=CARTESIAN_POINT('',(-223.281403440586,-180.640936651664,-25.));
#3425=CARTESIAN_POINT('',(-220.231403440586,-175.358181688579,0.));
#3426=CARTESIAN_POINT('Origin',(-221.756403440586,-177.999559170121,0.));
#3427=CARTESIAN_POINT('',(-220.231403440586,-175.358181688579,-25.));
#3428=CARTESIAN_POINT('Origin',(-223.281403440586,-180.640936651664,-25.));
#3429=CARTESIAN_POINT('',(-245.25586444225,-167.953975677055,0.));
#3430=CARTESIAN_POINT('',(-245.25586444225,-167.953975677055,-25.));
#3431=CARTESIAN_POINT('',(-196.685628402656,-195.99601452912,0.));
#3432=CARTESIAN_POINT('Origin',(-229.256403440586,-190.989940226888,-25.));
#3433=CARTESIAN_POINT('',(-230.781403440586,-193.63131770843,0.));
#3434=CARTESIAN_POINT('',(-230.781403440586,-193.63131770843,-25.));
#3435=CARTESIAN_POINT('',(-227.731403440586,-188.348562745345,0.));
#3436=CARTESIAN_POINT('Origin',(-229.256403440586,-190.989940226888,0.));
#3437=CARTESIAN_POINT('',(-227.731403440586,-188.348562745345,-25.));
#3438=CARTESIAN_POINT('Origin',(-230.781403440586,-193.63131770843,-25.));
#3439=CARTESIAN_POINT('',(-252.755864442251,-180.944356733822,0.));
#3440=CARTESIAN_POINT('',(-252.755864442251,-180.944356733822,-25.));
#3441=CARTESIAN_POINT('',(-204.185628402655,-208.986395585887,2.22044604925031E-15));
#3442=CARTESIAN_POINT('Origin',(-249.705864442251,-175.661601770737,-25.));
#3443=CARTESIAN_POINT('',(-249.705864442251,-175.661601770737,0.));
#3444=CARTESIAN_POINT('',(-212.122858903487,-197.360160135498,0.));
#3445=CARTESIAN_POINT('',(-249.705864442251,-175.661601770737,-25.));
#3446=CARTESIAN_POINT('Origin',(-251.230864442251,-178.302979252279,-25.));
#3447=CARTESIAN_POINT('Origin',(-251.230864442251,-178.302979252279,0.));
#3448=CARTESIAN_POINT('Origin',(-242.20586444225,-162.67122071397,-25.));
#3449=CARTESIAN_POINT('',(-242.20586444225,-162.67122071397,0.));
#3450=CARTESIAN_POINT('',(-204.622858903488,-184.369779078731,0.));
#3451=CARTESIAN_POINT('',(-242.20586444225,-162.67122071397,-25.));
#3452=CARTESIAN_POINT('Origin',(-243.73086444225,-165.312598195513,-25.));
#3453=CARTESIAN_POINT('Origin',(-243.73086444225,-165.312598195513,0.));
#3454=CARTESIAN_POINT('Origin',(259.354292731362,-182.273169780662,-25.));
#3455=CARTESIAN_POINT('',(259.354292731362,-182.273169780662,-25.));
#3456=CARTESIAN_POINT('',(244.354292731362,-156.29240766713,-25.));
#3457=CARTESIAN_POINT('',(169.446866049,-26.5489387890426,-25.));
#3458=CARTESIAN_POINT('',(259.354292731362,-182.273169780662,-5.));
#3459=CARTESIAN_POINT('',(259.354292731362,-182.273169780662,-25.));
#3460=CARTESIAN_POINT('',(244.354292731362,-156.29240766713,-5.));
#3461=CARTESIAN_POINT('',(242.862247328243,-153.708109221729,-5.));
#3462=CARTESIAN_POINT('',(244.354292731362,-156.29240766713,-25.));
#3463=CARTESIAN_POINT('Origin',(228.632975151475,-200.010130755271,-25.));
#3464=CARTESIAN_POINT('',(228.632975151475,-200.010130755271,-25.));
#3465=CARTESIAN_POINT('',(204.223914258104,-214.102708632726,-25.));
#3466=CARTESIAN_POINT('',(228.632975151475,-200.010130755271,-5.));
#3467=CARTESIAN_POINT('',(228.632975151475,-200.010130755271,-25.));
#3468=CARTESIAN_POINT('',(232.530089468505,-197.760130755271,-5.));
#3469=CARTESIAN_POINT('Origin',(213.632975151475,-174.029368641738,-25.));
#3470=CARTESIAN_POINT('',(213.632975151475,-174.029368641738,-25.));
#3471=CARTESIAN_POINT('',(131.225548469111,-31.2955187068855,-25.));
#3472=CARTESIAN_POINT('',(213.632975151475,-174.029368641738,-5.));
#3473=CARTESIAN_POINT('',(213.632975151475,-174.029368641738,-25.));
#3474=CARTESIAN_POINT('',(212.140929748356,-171.445070196338,-5.));
#3475=CARTESIAN_POINT('Origin',(244.354292731362,-156.29240766713,-25.));
#3476=CARTESIAN_POINT('',(204.58457304804,-179.253466031892,-25.));
#3477=CARTESIAN_POINT('',(217.530089468505,-171.779368641738,-5.));
#3478=CARTESIAN_POINT('Origin',(236.493633941418,-178.151269211201,-5.));
#3479=CARTESIAN_POINT('',(249.705864442251,-175.661601770737,-5.));
#3480=CARTESIAN_POINT('',(252.755864442251,-180.944356733822,-5.));
#3481=CARTESIAN_POINT('Origin',(251.230864442251,-178.302979252279,-5.));
#3482=CARTESIAN_POINT('',(227.731403440586,-188.348562745345,-5.));
#3483=CARTESIAN_POINT('',(244.212249191834,-178.833342014389,-5.));
#3484=CARTESIAN_POINT('',(230.781403440586,-193.63131770843,-5.));
#3485=CARTESIAN_POINT('Origin',(229.256403440586,-190.989940226888,-5.));
#3486=CARTESIAN_POINT('',(236.275018691002,-190.459577464778,-5.));
#3487=CARTESIAN_POINT('',(242.20586444225,-162.67122071397,-5.));
#3488=CARTESIAN_POINT('',(245.25586444225,-167.953975677055,-5.));
#3489=CARTESIAN_POINT('Origin',(243.73086444225,-165.312598195513,-5.));
#3490=CARTESIAN_POINT('',(220.231403440586,-175.358181688579,-5.));
#3491=CARTESIAN_POINT('',(236.712249191834,-165.842960957623,-5.));
#3492=CARTESIAN_POINT('',(223.281403440586,-180.640936651664,-5.));
#3493=CARTESIAN_POINT('Origin',(221.756403440586,-177.999559170121,-5.));
#3494=CARTESIAN_POINT('',(228.775018691002,-177.469196408012,-5.));
#3495=CARTESIAN_POINT('Origin',(242.20586444225,-162.67122071397,-25.));
#3496=CARTESIAN_POINT('',(242.20586444225,-162.67122071397,0.));
#3497=CARTESIAN_POINT('',(242.20586444225,-162.67122071397,-25.));
#3498=CARTESIAN_POINT('',(220.231403440586,-175.358181688579,0.));
#3499=CARTESIAN_POINT('',(204.622858903488,-184.369779078731,0.));
#3500=CARTESIAN_POINT('',(220.231403440586,-175.358181688579,-25.));
#3501=CARTESIAN_POINT('Origin',(243.73086444225,-165.312598195513,-25.));
#3502=CARTESIAN_POINT('',(245.25586444225,-167.953975677055,0.));
#3503=CARTESIAN_POINT('',(245.25586444225,-167.953975677055,-25.));
#3504=CARTESIAN_POINT('Origin',(243.73086444225,-165.312598195513,0.));
#3505=CARTESIAN_POINT('Origin',(249.705864442251,-175.661601770737,-25.));
#3506=CARTESIAN_POINT('',(249.705864442251,-175.661601770737,0.));
#3507=CARTESIAN_POINT('',(249.705864442251,-175.661601770737,-25.));
#3508=CARTESIAN_POINT('',(227.731403440586,-188.348562745345,0.));
#3509=CARTESIAN_POINT('',(212.122858903487,-197.360160135498,0.));
#3510=CARTESIAN_POINT('',(227.731403440586,-188.348562745345,-25.));
#3511=CARTESIAN_POINT('Origin',(251.230864442251,-178.302979252279,-25.));
#3512=CARTESIAN_POINT('',(252.755864442251,-180.944356733822,0.));
#3513=CARTESIAN_POINT('',(252.755864442251,-180.944356733822,-25.));
#3514=CARTESIAN_POINT('Origin',(251.230864442251,-178.302979252279,0.));
#3515=CARTESIAN_POINT('Origin',(223.281403440586,-180.640936651664,-25.));
#3516=CARTESIAN_POINT('',(223.281403440586,-180.640936651664,0.));
#3517=CARTESIAN_POINT('',(223.281403440586,-180.640936651664,-25.));
#3518=CARTESIAN_POINT('',(196.685628402656,-195.99601452912,0.));
#3519=CARTESIAN_POINT('Origin',(221.756403440586,-177.999559170121,-25.));
#3520=CARTESIAN_POINT('Origin',(221.756403440586,-177.999559170121,0.));
#3521=CARTESIAN_POINT('Origin',(230.781403440586,-193.63131770843,-25.));
#3522=CARTESIAN_POINT('',(230.781403440586,-193.63131770843,0.));
#3523=CARTESIAN_POINT('',(230.781403440586,-193.63131770843,-25.));
#3524=CARTESIAN_POINT('',(204.185628402655,-208.986395585887,2.22044604925031E-15));
#3525=CARTESIAN_POINT('Origin',(229.256403440586,-190.989940226888,-25.));
#3526=CARTESIAN_POINT('Origin',(229.256403440586,-190.989940226888,0.));
#3527=CARTESIAN_POINT('Origin',(242.953199535598,-152.865643065928,-25.));
#3528=CARTESIAN_POINT('',(298.378825377802,-120.865643065927,-25.));
#3529=CARTESIAN_POINT('',(242.953199535598,-152.865643065928,-25.));
#3530=CARTESIAN_POINT('',(202.966973501332,-175.951701430689,-25.));
#3531=CARTESIAN_POINT('',(298.378825377802,-120.865643065927,-23.));
#3532=CARTESIAN_POINT('',(298.378825377802,-120.865643065927,-25.));
#3533=CARTESIAN_POINT('',(242.953199535598,-152.865643065928,-23.));
#3534=CARTESIAN_POINT('',(298.378825377802,-120.865643065927,-23.));
#3535=CARTESIAN_POINT('',(242.953199535598,-152.865643065928,-25.));
#3536=CARTESIAN_POINT('Origin',(274.953199535598,-208.291268908132,-25.));
#3537=CARTESIAN_POINT('',(274.953199535598,-208.291268908132,-25.));
#3538=CARTESIAN_POINT('',(177.462825802067,-39.4329883527768,-25.));
#3539=CARTESIAN_POINT('',(274.953199535598,-208.291268908132,-23.));
#3540=CARTESIAN_POINT('',(242.953199535598,-152.865643065928,-23.));
#3541=CARTESIAN_POINT('',(274.953199535598,-208.291268908132,-25.));
#3542=CARTESIAN_POINT('Origin',(330.378825377802,-176.291268908131,-25.));
#3543=CARTESIAN_POINT('',(330.378825377802,-176.291268908131,-25.));
#3544=CARTESIAN_POINT('',(262.679786422435,-215.377327272893,-25.));
#3545=CARTESIAN_POINT('',(330.378825377802,-176.291268908131,-23.));
#3546=CARTESIAN_POINT('',(274.953199535598,-208.291268908132,-23.));
#3547=CARTESIAN_POINT('',(330.378825377802,-176.291268908131,-25.));
#3548=CARTESIAN_POINT('Origin',(298.378825377802,-120.865643065927,-25.));
#3549=CARTESIAN_POINT('',(216.888451644272,20.2798245683258,-25.));
#3550=CARTESIAN_POINT('',(330.378825377802,-176.291268908131,-23.));
#3551=CARTESIAN_POINT('Origin',(286.6660124567,-164.57845598703,-23.));
#3552=CARTESIAN_POINT('Origin',(-242.953199535598,-152.865643065928,-25.));
#3553=CARTESIAN_POINT('',(-242.953199535598,-152.865643065928,-25.));
#3554=CARTESIAN_POINT('',(-298.378825377802,-120.865643065927,-25.));
#3555=CARTESIAN_POINT('',(-202.966973501332,-175.951701430689,-25.));
#3556=CARTESIAN_POINT('',(-242.953199535598,-152.865643065928,-23.));
#3557=CARTESIAN_POINT('',(-242.953199535598,-152.865643065928,-25.));
#3558=CARTESIAN_POINT('',(-298.378825377802,-120.865643065927,-23.));
#3559=CARTESIAN_POINT('',(-298.378825377802,-120.865643065927,-23.));
#3560=CARTESIAN_POINT('',(-298.378825377802,-120.865643065927,-25.));
#3561=CARTESIAN_POINT('Origin',(-274.953199535598,-208.291268908132,-25.));
#3562=CARTESIAN_POINT('',(-274.953199535598,-208.291268908132,-25.));
#3563=CARTESIAN_POINT('',(-177.462825802067,-39.4329883527769,-25.));
#3564=CARTESIAN_POINT('',(-274.953199535598,-208.291268908132,-23.));
#3565=CARTESIAN_POINT('',(-274.953199535598,-208.291268908132,-25.));
#3566=CARTESIAN_POINT('',(-242.953199535598,-152.865643065928,-23.));
#3567=CARTESIAN_POINT('Origin',(-330.378825377802,-176.291268908131,-25.));
#3568=CARTESIAN_POINT('',(-330.378825377802,-176.291268908131,-25.));
#3569=CARTESIAN_POINT('',(-262.679786422435,-215.377327272893,-25.));
#3570=CARTESIAN_POINT('',(-330.378825377802,-176.291268908131,-23.));
#3571=CARTESIAN_POINT('',(-330.378825377802,-176.291268908131,-25.));
#3572=CARTESIAN_POINT('',(-274.953199535598,-208.291268908132,-23.));
#3573=CARTESIAN_POINT('Origin',(-298.378825377802,-120.865643065927,-25.));
#3574=CARTESIAN_POINT('',(-216.888451644272,20.2798245683257,-25.));
#3575=CARTESIAN_POINT('',(-330.378825377802,-176.291268908131,-23.));
#3576=CARTESIAN_POINT('Origin',(-286.6660124567,-164.57845598703,-23.));
#3577=CARTESIAN_POINT('Origin',(-218.761211716808,-140.892823215823,-25.0000000000004));
#3578=CARTESIAN_POINT('',(-213.761211716807,-149.553077253667,-24.9999999999998));
#3579=CARTESIAN_POINT('Origin',(-218.761211716808,-140.892823215823,-24.9999999999999));
#3580=CARTESIAN_POINT('',(-213.761211716807,-149.553077253667,-15.0000000000003));
#3581=CARTESIAN_POINT('',(-213.761211716807,-149.553077253667,-25.0000000000004));
#3582=CARTESIAN_POINT('Origin',(-218.761211716808,-140.892823215823,-15.0000000000004));
#3583=CARTESIAN_POINT('Origin',(-218.761211716808,-140.892823215823,-15.0000000000004));
#3584=CARTESIAN_POINT('',(-222.011211741023,-135.263658049284,-15.0000000000004));
#3585=CARTESIAN_POINT('Origin',(-218.761211716808,-140.892823215823,-15.0000000000004));
#3586=CARTESIAN_POINT('Origin',(-301.033625829138,-93.3928236337432,-25.0000000000004));
#3587=CARTESIAN_POINT('',(-296.033625829137,-102.053077671587,-25.0000000000003));
#3588=CARTESIAN_POINT('Origin',(-301.033625829138,-93.3928236337432,-24.9999999999971));
#3589=CARTESIAN_POINT('',(-296.033625829137,-102.053077671587,-15.0000000000003));
#3590=CARTESIAN_POINT('',(-296.033625829137,-102.053077671587,-25.0000000000004));
#3591=CARTESIAN_POINT('Origin',(-301.033625829138,-93.3928236337432,-15.0000000000004));
#3592=CARTESIAN_POINT('Origin',(-301.033625829138,-93.3928236337432,-15.0000000000004));
#3593=CARTESIAN_POINT('',(-304.283625853353,-87.7636584672041,-15.0000000000004));
#3594=CARTESIAN_POINT('Origin',(-301.033625829138,-93.3928236337431,-15.0000000000004));
#3595=CARTESIAN_POINT('Origin',(-218.761211716808,-140.892823215823,-3.78446847562274E-13));
#3596=CARTESIAN_POINT('',(-222.011211741023,-135.263658049284,-4.09599112310311E-13));
#3597=CARTESIAN_POINT('Origin',(-218.761211716808,-140.892823215823,2.90911094298236E-12));
#3598=CARTESIAN_POINT('',(-222.011211741023,-135.263658049284,-4.09599112310311E-13));
#3599=CARTESIAN_POINT('Origin',(-301.033625829138,-93.392823633743,-3.78446840485165E-13));
#3600=CARTESIAN_POINT('',(-304.283625853353,-87.763658467204,-4.09599105233202E-13));
#3601=CARTESIAN_POINT('Origin',(-301.033625829138,-93.392823633743,2.90911095005947E-12));
#3602=CARTESIAN_POINT('',(-304.283625853353,-87.763658467204,-4.09599105233202E-13));
#3603=CARTESIAN_POINT('Origin',(-258.261358697031,-209.309084692016,-25.));
#3604=CARTESIAN_POINT('',(-248.261358697031,-209.309084692016,-15.));
#3605=CARTESIAN_POINT('Origin',(-258.261358697031,-209.309084692016,-15.));
#3606=CARTESIAN_POINT('',(-248.261358697031,-209.309084692016,-25.));
#3607=CARTESIAN_POINT('',(-248.261358697031,-209.309084692016,-25.));
#3608=CARTESIAN_POINT('Origin',(-258.261358697031,-209.309084692016,-25.));
#3609=CARTESIAN_POINT('Origin',(-258.261358697031,-209.309084692016,-15.));
#3610=CARTESIAN_POINT('',(-264.76135874546,-209.309084692016,-15.));
#3611=CARTESIAN_POINT('Origin',(-258.261358697031,-209.309084692016,-15.));
#3612=CARTESIAN_POINT('Origin',(-340.533772071032,-161.809083831114,-25.));
#3613=CARTESIAN_POINT('',(-330.533772071032,-161.809083831114,-15.));
#3614=CARTESIAN_POINT('Origin',(-340.533772071032,-161.809083831114,-15.));
#3615=CARTESIAN_POINT('',(-330.533772071032,-161.809083831114,-25.));
#3616=CARTESIAN_POINT('',(-330.533772071032,-161.809083831114,-25.));
#3617=CARTESIAN_POINT('Origin',(-340.533772071032,-161.809083831114,-25.));
#3618=CARTESIAN_POINT('Origin',(-340.533772071032,-161.809083831114,-15.));
#3619=CARTESIAN_POINT('',(-347.033772119461,-161.809083831114,-15.));
#3620=CARTESIAN_POINT('Origin',(-340.533772071032,-161.809083831114,-15.));
#3621=CARTESIAN_POINT('Origin',(-258.261358697031,-209.309084692016,0.));
#3622=CARTESIAN_POINT('',(-264.76135874546,-209.309084692016,0.));
#3623=CARTESIAN_POINT('',(-264.76135874546,-209.309084692016,0.));
#3624=CARTESIAN_POINT('Origin',(-258.261358697031,-209.309084692016,0.));
#3625=CARTESIAN_POINT('Origin',(-340.533772071032,-161.809083831114,0.));
#3626=CARTESIAN_POINT('',(-347.033772119461,-161.809083831114,0.));
#3627=CARTESIAN_POINT('',(-347.033772119461,-161.809083831114,0.));
#3628=CARTESIAN_POINT('Origin',(-340.533772071032,-161.809083831114,0.));
#3629=CARTESIAN_POINT('Origin',(218.761211716808,-140.892823215823,-25.0000000000004));
#3630=CARTESIAN_POINT('',(213.761211716807,-149.553077253667,-15.0000000000003));
#3631=CARTESIAN_POINT('Origin',(218.761211716808,-140.892823215823,-15.0000000000004));
#3632=CARTESIAN_POINT('',(213.761211716807,-149.553077253667,-24.9999999999998));
#3633=CARTESIAN_POINT('',(213.761211716807,-149.553077253667,-25.0000000000004));
#3634=CARTESIAN_POINT('Origin',(218.761211716808,-140.892823215823,-24.9999999999999));
#3635=CARTESIAN_POINT('Origin',(218.761211716808,-140.892823215823,-15.0000000000004));
#3636=CARTESIAN_POINT('',(222.011211741023,-135.263658049284,-15.0000000000004));
#3637=CARTESIAN_POINT('Origin',(218.761211716808,-140.892823215823,-15.0000000000004));
#3638=CARTESIAN_POINT('Origin',(301.033625829138,-93.3928236337432,-25.0000000000004));
#3639=CARTESIAN_POINT('',(296.033625829137,-102.053077671587,-15.0000000000003));
#3640=CARTESIAN_POINT('Origin',(301.033625829138,-93.3928236337432,-15.0000000000004));
#3641=CARTESIAN_POINT('',(296.033625829137,-102.053077671587,-25.0000000000003));
#3642=CARTESIAN_POINT('',(296.033625829137,-102.053077671587,-25.0000000000004));
#3643=CARTESIAN_POINT('Origin',(301.033625829138,-93.3928236337432,-24.9999999999971));
#3644=CARTESIAN_POINT('Origin',(301.033625829138,-93.3928236337432,-15.0000000000004));
#3645=CARTESIAN_POINT('',(304.283625853353,-87.7636584672041,-15.0000000000004));
#3646=CARTESIAN_POINT('Origin',(301.033625829138,-93.3928236337431,-15.0000000000004));
#3647=CARTESIAN_POINT('Origin',(218.761211716808,-140.892823215823,-3.78446847562275E-13));
#3648=CARTESIAN_POINT('',(222.011211741023,-135.263658049284,-4.09599112310311E-13));
#3649=CARTESIAN_POINT('',(222.011211741023,-135.263658049284,-4.09599112310312E-13));
#3650=CARTESIAN_POINT('Origin',(218.761211716808,-140.892823215823,2.90911094298236E-12));
#3651=CARTESIAN_POINT('Origin',(301.033625829138,-93.392823633743,-3.78446840485166E-13));
#3652=CARTESIAN_POINT('',(304.283625853353,-87.763658467204,-4.09599105233203E-13));
#3653=CARTESIAN_POINT('',(304.283625853353,-87.763658467204,-4.09599105233203E-13));
#3654=CARTESIAN_POINT('Origin',(301.033625829138,-93.392823633743,2.90911095005947E-12));
#3655=CARTESIAN_POINT('Origin',(258.261358697031,-209.309084692016,-25.));
#3656=CARTESIAN_POINT('',(248.261358697031,-209.309084692016,-25.));
#3657=CARTESIAN_POINT('Origin',(258.261358697031,-209.309084692016,-25.));
#3658=CARTESIAN_POINT('',(248.261358697031,-209.309084692016,-15.));
#3659=CARTESIAN_POINT('',(248.261358697031,-209.309084692016,-25.));
#3660=CARTESIAN_POINT('Origin',(258.261358697031,-209.309084692016,-15.));
#3661=CARTESIAN_POINT('Origin',(258.261358697031,-209.309084692016,-15.));
#3662=CARTESIAN_POINT('',(264.76135874546,-209.309084692016,-15.));
#3663=CARTESIAN_POINT('Origin',(258.261358697031,-209.309084692016,-15.));
#3664=CARTESIAN_POINT('Origin',(340.533772071032,-161.809083831114,-25.));
#3665=CARTESIAN_POINT('',(330.533772071032,-161.809083831114,-25.));
#3666=CARTESIAN_POINT('Origin',(340.533772071032,-161.809083831114,-25.));
#3667=CARTESIAN_POINT('',(330.533772071032,-161.809083831114,-15.));
#3668=CARTESIAN_POINT('',(330.533772071032,-161.809083831114,-25.));
#3669=CARTESIAN_POINT('Origin',(340.533772071032,-161.809083831114,-15.));
#3670=CARTESIAN_POINT('Origin',(340.533772071032,-161.809083831114,-15.));
#3671=CARTESIAN_POINT('',(347.033772119461,-161.809083831114,-15.));
#3672=CARTESIAN_POINT('Origin',(340.533772071032,-161.809083831114,-15.));
#3673=CARTESIAN_POINT('Origin',(258.261358697031,-209.309084692016,0.));
#3674=CARTESIAN_POINT('',(264.76135874546,-209.309084692016,0.));
#3675=CARTESIAN_POINT('Origin',(258.261358697031,-209.309084692016,0.));
#3676=CARTESIAN_POINT('',(264.76135874546,-209.309084692016,0.));
#3677=CARTESIAN_POINT('Origin',(340.533772071032,-161.809083831114,0.));
#3678=CARTESIAN_POINT('',(347.033772119461,-161.809083831114,0.));
#3679=CARTESIAN_POINT('Origin',(340.533772071032,-161.809083831114,0.));
#3680=CARTESIAN_POINT('',(347.033772119461,-161.809083831114,0.));
#3681=CARTESIAN_POINT('Origin',(32.0000000000001,221.012701892219,-25.));
#3682=CARTESIAN_POINT('',(32.0000000000001,221.012701892219,-25.));
#3683=CARTESIAN_POINT('',(32.0000000000001,285.012701892219,-25.));
#3684=CARTESIAN_POINT('',(32.0000000000001,152.132938682637,-25.));
#3685=CARTESIAN_POINT('',(32.0000000000001,221.012701892219,-23.));
#3686=CARTESIAN_POINT('',(32.0000000000001,221.012701892219,-25.));
#3687=CARTESIAN_POINT('',(32.0000000000001,285.012701892219,-23.));
#3688=CARTESIAN_POINT('',(32.0000000000001,221.012701892219,-23.));
#3689=CARTESIAN_POINT('',(32.0000000000001,285.012701892219,-25.));
#3690=CARTESIAN_POINT('Origin',(-31.9999999999999,221.012701892219,-25.));
#3691=CARTESIAN_POINT('',(-31.9999999999999,221.012701892219,-25.));
#3692=CARTESIAN_POINT('',(-16.,221.012701892219,-25.));
#3693=CARTESIAN_POINT('',(-31.9999999999999,221.012701892219,-23.));
#3694=CARTESIAN_POINT('',(-31.9999999999999,221.012701892219,-25.));
#3695=CARTESIAN_POINT('',(-31.9999999999999,221.012701892219,-23.));
#3696=CARTESIAN_POINT('Origin',(-31.9999999999999,285.01270189222,-25.));
#3697=CARTESIAN_POINT('',(-31.9999999999999,285.01270189222,-25.));
#3698=CARTESIAN_POINT('',(-31.9999999999999,184.132938682637,-25.));
#3699=CARTESIAN_POINT('',(-31.9999999999999,285.01270189222,-23.));
#3700=CARTESIAN_POINT('',(-31.9999999999999,285.01270189222,-25.));
#3701=CARTESIAN_POINT('',(-31.9999999999999,285.01270189222,-23.));
#3702=CARTESIAN_POINT('Origin',(32.0000000000001,285.012701892219,-25.));
#3703=CARTESIAN_POINT('',(16.,285.012701892219,-25.));
#3704=CARTESIAN_POINT('',(32.0000000000001,285.012701892219,-23.));
#3705=CARTESIAN_POINT('Origin',(1.11022302462516E-13,253.01270189222,-23.));
#3706=CARTESIAN_POINT('Origin',(27.0000000000002,306.012701892219,-25.));
#3707=CARTESIAN_POINT('',(19.5000000000002,306.012701892219,-25.));
#3708=CARTESIAN_POINT('Origin',(27.0000000000002,306.012701892219,-25.));
#3709=CARTESIAN_POINT('',(19.5000000000002,306.012701892219,-15.));
#3710=CARTESIAN_POINT('',(19.5000000000002,306.012701892219,-25.));
#3711=CARTESIAN_POINT('Origin',(27.0000000000002,306.012701892219,-15.));
#3712=CARTESIAN_POINT('Origin',(27.0000000000002,306.012701892219,-15.));
#3713=CARTESIAN_POINT('',(29.7500000000002,306.012701892219,-15.));
#3714=CARTESIAN_POINT('Origin',(27.0000000000002,306.012701892219,-15.));
#3715=CARTESIAN_POINT('Origin',(-27.,306.012701892219,-25.));
#3716=CARTESIAN_POINT('',(-34.5,306.012701892219,-25.));
#3717=CARTESIAN_POINT('Origin',(-27.,306.012701892219,-25.));
#3718=CARTESIAN_POINT('',(-34.5,306.012701892219,-15.));
#3719=CARTESIAN_POINT('',(-34.5,306.012701892219,-25.));
#3720=CARTESIAN_POINT('Origin',(-27.,306.012701892219,-15.));
#3721=CARTESIAN_POINT('Origin',(-27.,306.012701892219,-15.));
#3722=CARTESIAN_POINT('',(-24.25,306.012701892219,-15.));
#3723=CARTESIAN_POINT('Origin',(-27.,306.012701892219,-15.));
#3724=CARTESIAN_POINT('Origin',(27.0000000000002,360.01270189222,-25.));
#3725=CARTESIAN_POINT('',(19.5000000000002,360.01270189222,-25.));
#3726=CARTESIAN_POINT('Origin',(27.0000000000002,360.01270189222,-25.));
#3727=CARTESIAN_POINT('',(19.5000000000002,360.01270189222,-15.));
#3728=CARTESIAN_POINT('',(19.5000000000002,360.01270189222,-25.));
#3729=CARTESIAN_POINT('Origin',(27.0000000000002,360.01270189222,-15.));
#3730=CARTESIAN_POINT('Origin',(27.0000000000002,360.01270189222,-15.));
#3731=CARTESIAN_POINT('',(29.7500000000002,360.01270189222,-15.));
#3732=CARTESIAN_POINT('Origin',(27.0000000000002,360.01270189222,-15.));
#3733=CARTESIAN_POINT('Origin',(-27.,360.01270189222,-25.));
#3734=CARTESIAN_POINT('',(-34.5,360.01270189222,-25.));
#3735=CARTESIAN_POINT('Origin',(-27.,360.01270189222,-25.));
#3736=CARTESIAN_POINT('',(-34.5,360.01270189222,-15.));
#3737=CARTESIAN_POINT('',(-34.5,360.01270189222,-25.));
#3738=CARTESIAN_POINT('Origin',(-27.,360.01270189222,-15.));
#3739=CARTESIAN_POINT('Origin',(-27.,360.01270189222,-15.));
#3740=CARTESIAN_POINT('',(-24.25,360.01270189222,-15.));
#3741=CARTESIAN_POINT('Origin',(-27.,360.01270189222,-15.));
#3742=CARTESIAN_POINT('Origin',(-27.,360.01270189222,0.));
#3743=CARTESIAN_POINT('',(-24.25,360.01270189222,0.));
#3744=CARTESIAN_POINT('Origin',(-27.,360.01270189222,0.));
#3745=CARTESIAN_POINT('',(-24.25,360.01270189222,0.));
#3746=CARTESIAN_POINT('Origin',(-27.,306.012701892219,0.));
#3747=CARTESIAN_POINT('',(-24.25,306.012701892219,0.));
#3748=CARTESIAN_POINT('Origin',(-27.,306.012701892219,0.));
#3749=CARTESIAN_POINT('',(-24.25,306.012701892219,0.));
#3750=CARTESIAN_POINT('Origin',(27.0000000000002,360.01270189222,0.));
#3751=CARTESIAN_POINT('',(29.7500000000002,360.01270189222,0.));
#3752=CARTESIAN_POINT('Origin',(27.0000000000002,360.01270189222,0.));
#3753=CARTESIAN_POINT('',(29.7500000000002,360.01270189222,0.));
#3754=CARTESIAN_POINT('Origin',(27.0000000000002,306.012701892219,0.));
#3755=CARTESIAN_POINT('',(29.7500000000002,306.012701892219,0.));
#3756=CARTESIAN_POINT('Origin',(27.0000000000002,306.012701892219,0.));
#3757=CARTESIAN_POINT('',(29.7500000000002,306.012701892219,0.));
#3758=CARTESIAN_POINT('Origin',(288.397459621556,-241.50635094611,0.));
#3759=CARTESIAN_POINT('',(-288.397459621556,-241.50635094611,0.));
#3760=CARTESIAN_POINT('',(288.397459621556,-241.50635094611,0.));
#3761=CARTESIAN_POINT('',(-288.397459621556,-241.50635094611,0.));
#3762=CARTESIAN_POINT('',(-288.397459621556,-241.50635094611,-25.));
#3763=CARTESIAN_POINT('',(-288.397459621556,-241.50635094611,0.));
#3764=CARTESIAN_POINT('',(288.397459621556,-241.50635094611,-25.));
#3765=CARTESIAN_POINT('',(-288.397459621556,-241.50635094611,-25.));
#3766=CARTESIAN_POINT('',(288.397459621556,-241.50635094611,0.));
#3767=CARTESIAN_POINT('Origin',(288.397459621556,-166.506350946109,0.));
#3768=CARTESIAN_POINT('',(353.349364905389,-129.00635094611,0.));
#3769=CARTESIAN_POINT('Origin',(288.397459621556,-166.506350946109,0.));
#3770=CARTESIAN_POINT('',(353.349364905389,-129.00635094611,-25.));
#3771=CARTESIAN_POINT('Origin',(288.397459621556,-166.506350946109,-25.));
#3772=CARTESIAN_POINT('',(353.349364905389,-129.00635094611,0.));
#3773=CARTESIAN_POINT('Origin',(64.951905283833,370.51270189222,0.));
#3774=CARTESIAN_POINT('',(64.9519052838331,370.51270189222,0.));
#3775=CARTESIAN_POINT('',(353.349364905389,-129.00635094611,0.));
#3776=CARTESIAN_POINT('',(64.951905283833,370.51270189222,-25.));
#3777=CARTESIAN_POINT('',(353.349364905389,-129.00635094611,-25.));
#3778=CARTESIAN_POINT('',(64.9519052838331,370.51270189222,0.));
#3779=CARTESIAN_POINT('Origin',(1.06581410364015E-13,333.01270189222,0.));
#3780=CARTESIAN_POINT('',(-64.9519052838328,370.51270189222,0.));
#3781=CARTESIAN_POINT('Origin',(1.06581410364015E-13,333.01270189222,0.));
#3782=CARTESIAN_POINT('',(-64.9519052838328,370.51270189222,-25.));
#3783=CARTESIAN_POINT('Origin',(1.06581410364015E-13,333.01270189222,-25.));
#3784=CARTESIAN_POINT('',(-64.9519052838328,370.51270189222,0.));
#3785=CARTESIAN_POINT('Origin',(-353.349364905389,-129.00635094611,0.));
#3786=CARTESIAN_POINT('',(-353.349364905389,-129.00635094611,0.));
#3787=CARTESIAN_POINT('',(-64.9519052838328,370.51270189222,0.));
#3788=CARTESIAN_POINT('',(-353.349364905389,-129.00635094611,-25.));
#3789=CARTESIAN_POINT('',(-64.9519052838328,370.51270189222,-25.));
#3790=CARTESIAN_POINT('',(-353.349364905389,-129.00635094611,0.));
#3791=CARTESIAN_POINT('Origin',(-288.397459621556,-166.50635094611,0.));
#3792=CARTESIAN_POINT('Origin',(-288.397459621556,-166.50635094611,0.));
#3793=CARTESIAN_POINT('Origin',(-288.397459621556,-166.50635094611,-25.));
#3794=CARTESIAN_POINT('Origin',(-1.4210854715202E-13,83.2531754730549,0.));
#3795=CARTESIAN_POINT('Origin',(-1.4210854715202E-13,83.2531754730549,-25.));
#3796=UNCERTAINTY_MEASURE_WITH_UNIT(LENGTH_MEASURE(0.01),#3800,
'DISTANCE_ACCURACY_VALUE',
'Maximum model space distance between geometric entities at asserted c
onnectivities');
#3797=UNCERTAINTY_MEASURE_WITH_UNIT(LENGTH_MEASURE(0.01),#3800,
'DISTANCE_ACCURACY_VALUE',
'Maximum model space distance between geometric entities at asserted c
onnectivities');
#3798=(
GEOMETRIC_REPRESENTATION_CONTEXT(3)
GLOBAL_UNCERTAINTY_ASSIGNED_CONTEXT((#3796))
GLOBAL_UNIT_ASSIGNED_CONTEXT((#3800,#3802,#3803))
REPRESENTATION_CONTEXT('','3D')
);
#3799=(
GEOMETRIC_REPRESENTATION_CONTEXT(3)
GLOBAL_UNCERTAINTY_ASSIGNED_CONTEXT((#3797))
GLOBAL_UNIT_ASSIGNED_CONTEXT((#3800,#3802,#3803))
REPRESENTATION_CONTEXT('','3D')
);
#3800=(
LENGTH_UNIT()
NAMED_UNIT(*)
SI_UNIT(.MILLI.,.METRE.)
);
#3801=(
LENGTH_UNIT()
NAMED_UNIT(*)
SI_UNIT($,.METRE.)
);
#3802=(
NAMED_UNIT(*)
PLANE_ANGLE_UNIT()
SI_UNIT($,.RADIAN.)
);
#3803=(
NAMED_UNIT(*)
SI_UNIT($,.STERADIAN.)
SOLID_ANGLE_UNIT()
);
#3804=SHAPE_DEFINITION_REPRESENTATION(#3805,#3806);
#3805=PRODUCT_DEFINITION_SHAPE('',$,#3808);
#3806=SHAPE_REPRESENTATION('',(#2292),#3798);
#3807=PRODUCT_DEFINITION_CONTEXT('part definition',#3812,'design');
#3808=PRODUCT_DEFINITION('Unterplatte','Unterplatte v2',#3809,#3807);
#3809=PRODUCT_DEFINITION_FORMATION('',$,#3814);
#3810=PRODUCT_RELATED_PRODUCT_CATEGORY('Unterplatte v2',
'Unterplatte v2',(#3814));
#3811=APPLICATION_PROTOCOL_DEFINITION('international standard',
'automotive_design',2009,#3812);
#3812=APPLICATION_CONTEXT(
'Core Data for Automotive Mechanical Design Process');
#3813=PRODUCT_CONTEXT('part definition',#3812,'mechanical');
#3814=PRODUCT('Unterplatte','Unterplatte v2',$,(#3813));
#3815=PRESENTATION_STYLE_ASSIGNMENT((#3816));
#3816=SURFACE_STYLE_USAGE(.BOTH.,#3817);
#3817=SURFACE_SIDE_STYLE('',(#3818));
#3818=SURFACE_STYLE_FILL_AREA(#3819);
#3819=FILL_AREA_STYLE('Cherry',(#3820));
#3820=FILL_AREA_STYLE_COLOUR('Cherry',#3821);
#3821=COLOUR_RGB('Cherry',0.,0.,0.);
ENDSEC;
END-ISO-10303-21;
