ISO-10303-21;
HEADER;
/* Generated by software containing ST-Developer
 * from STEP Tools, Inc. (www.steptools.com) 
 */

FILE_DESCRIPTION(
/* description */ (''),
/* implementation_level */ '2;1');

FILE_NAME(
/* name */ 'Oberplatte.step',
/* time_stamp */ '2026-07-29T01:30:12+02:00',
/* author */ (''),
/* organization */ (''),
/* preprocessor_version */ 'ST-DEVELOPER v20.1',
/* originating_system */ 'Autodesk Translation Framework v15.8.0.0',
/* authorisation */ '');

FILE_SCHEMA (('AUTOMOTIVE_DESIGN { 1 0 10303 214 3 1 1 }'));
ENDSEC;

DATA;
#10=MECHANICAL_DESIGN_GEOMETRIC_PRESENTATION_REPRESENTATION('',(#13),#10574);
#11=SHAPE_REPRESENTATION_RELATIONSHIP('SRR','None',#10581,#12);
#12=ADVANCED_BREP_SHAPE_REPRESENTATION('',(#14),#10573);
#13=STYLED_ITEM('',(#10590),#14);
#14=MANIFOLD_SOLID_BREP('Body1',#5370);
#15=B_SPLINE_SURFACE_WITH_KNOTS('',3,1,((#7540,#7541),(#7542,#7543),(#7544,
#7545),(#7546,#7547),(#7548,#7549)),.UNSPECIFIED.,.F.,.F.,.F.,(4,1,4),(2,
2),(0.,0.139792122442785,0.393303897189276),(0.,0.600000000000013),
 .UNSPECIFIED.);
#16=B_SPLINE_SURFACE_WITH_KNOTS('',3,1,((#7557,#7558),(#7559,#7560),(#7561,
#7562),(#7563,#7564),(#7565,#7566)),.UNSPECIFIED.,.F.,.F.,.F.,(4,1,4),(2,
2),(0.,0.0892963166193379,0.172976007203387),(0.,0.600000000000013),
 .UNSPECIFIED.);
#17=B_SPLINE_SURFACE_WITH_KNOTS('',3,1,((#7574,#7575),(#7576,#7577),(#7578,
#7579),(#7580,#7581),(#7582,#7583)),.UNSPECIFIED.,.F.,.F.,.F.,(4,1,4),(2,
2),(0.,0.0940558512264145,0.186040835191268),(0.,0.600000000000013),
 .UNSPECIFIED.);
#18=B_SPLINE_SURFACE_WITH_KNOTS('',3,1,((#7591,#7592),(#7593,#7594),(#7595,
#7596),(#7597,#7598),(#7599,#7600)),.UNSPECIFIED.,.F.,.F.,.F.,(4,1,4),(2,
2),(0.,0.0700345386363671,0.149100345463394),(0.,0.600000000000013),
 .UNSPECIFIED.);
#19=B_SPLINE_SURFACE_WITH_KNOTS('',3,1,((#7608,#7609),(#7610,#7611),(#7612,
#7613),(#7614,#7615),(#7616,#7617)),.UNSPECIFIED.,.F.,.F.,.F.,(4,1,4),(2,
2),(0.,0.0684861458918887,0.135772505345424),(0.,0.600000000000013),
 .UNSPECIFIED.);
#20=B_SPLINE_SURFACE_WITH_KNOTS('',3,1,((#7625,#7626),(#7627,#7628),(#7629,
#7630),(#7631,#7632),(#7633,#7634)),.UNSPECIFIED.,.F.,.F.,.F.,(4,1,4),(2,
2),(0.,0.246642487145169,0.376136291882655),(0.,0.600000000000013),
 .UNSPECIFIED.);
#21=B_SPLINE_SURFACE_WITH_KNOTS('',3,1,((#7654,#7655),(#7656,#7657),(#7658,
#7659),(#7660,#7661),(#7662,#7663)),.UNSPECIFIED.,.F.,.F.,.F.,(4,1,4),(2,
2),(0.,0.143498852284572,0.326427799134782),(0.,0.600000000000013),
 .UNSPECIFIED.);
#22=B_SPLINE_SURFACE_WITH_KNOTS('',3,1,((#7671,#7672),(#7673,#7674),(#7675,
#7676),(#7677,#7678),(#7679,#7680)),.UNSPECIFIED.,.F.,.F.,.F.,(4,1,4),(2,
2),(0.,0.126205188911877,0.249557979460798),(0.,0.600000000000013),
 .UNSPECIFIED.);
#23=B_SPLINE_SURFACE_WITH_KNOTS('',3,1,((#7688,#7689),(#7690,#7691),(#7692,
#7693),(#7694,#7695),(#7696,#7697)),.UNSPECIFIED.,.F.,.F.,.F.,(4,1,4),(2,
2),(0.,0.139396844473341,0.271896910942312),(0.,0.600000000000013),
 .UNSPECIFIED.);
#24=B_SPLINE_SURFACE_WITH_KNOTS('',3,1,((#7705,#7706),(#7707,#7708),(#7709,
#7710),(#7711,#7712),(#7713,#7714)),.UNSPECIFIED.,.F.,.F.,.F.,(4,1,4),(2,
2),(0.,0.141193003694799,0.281685908414917),(0.,0.600000000000013),
 .UNSPECIFIED.);
#25=B_SPLINE_SURFACE_WITH_KNOTS('',3,1,((#7722,#7723),(#7724,#7725),(#7726,
#7727),(#7728,#7729),(#7730,#7731)),.UNSPECIFIED.,.F.,.F.,.F.,(4,1,4),(2,
2),(0.,0.13844728749945,0.279679598085729),(0.,0.600000000000013),
 .UNSPECIFIED.);
#26=B_SPLINE_SURFACE_WITH_KNOTS('',3,1,((#7746,#7747),(#7748,#7749),(#7750,
#7751),(#7752,#7753),(#7754,#7755)),.UNSPECIFIED.,.F.,.F.,.F.,(4,1,4),(2,
2),(0.,0.110699026177273,0.259162222620247),(0.,0.600000000000013),
 .UNSPECIFIED.);
#27=B_SPLINE_SURFACE_WITH_KNOTS('',3,1,((#7765,#7766),(#7767,#7768),(#7769,
#7770),(#7771,#7772),(#7773,#7774)),.UNSPECIFIED.,.F.,.F.,.F.,(4,1,4),(2,
2),(0.,0.088616848868487,0.17867656834563),(0.,0.600000000000013),
 .UNSPECIFIED.);
#28=B_SPLINE_SURFACE_WITH_KNOTS('',3,1,((#7782,#7783),(#7784,#7785),(#7786,
#7787),(#7788,#7789),(#7790,#7791)),.UNSPECIFIED.,.F.,.F.,.F.,(4,1,4),(2,
2),(0.,0.105510533800326,0.197885662874667),(0.,0.600000000000013),
 .UNSPECIFIED.);
#29=B_SPLINE_SURFACE_WITH_KNOTS('',3,1,((#7799,#7800),(#7801,#7802),(#7803,
#7804),(#7805,#7806),(#7807,#7808)),.UNSPECIFIED.,.F.,.F.,.F.,(4,1,4),(2,
2),(0.,0.121972385721112,0.237823214541929),(0.,0.600000000000013),
 .UNSPECIFIED.);
#30=B_SPLINE_SURFACE_WITH_KNOTS('',3,1,((#7816,#7817),(#7818,#7819),(#7820,
#7821),(#7822,#7823),(#7824,#7825)),.UNSPECIFIED.,.F.,.F.,.F.,(4,1,4),(2,
2),(0.,0.282483638997563,0.552846893237292),(0.,0.600000000000013),
 .UNSPECIFIED.);
#31=B_SPLINE_SURFACE_WITH_KNOTS('',3,1,((#7853,#7854),(#7855,#7856),(#7857,
#7858),(#7859,#7860),(#7861,#7862)),.UNSPECIFIED.,.F.,.F.,.F.,(4,1,4),(2,
2),(0.,0.130027792173175,0.33479156718104),(0.,0.600000000000013),
 .UNSPECIFIED.);
#32=B_SPLINE_SURFACE_WITH_KNOTS('',3,1,((#7870,#7871),(#7872,#7873),(#7874,
#7875),(#7876,#7877),(#7878,#7879)),.UNSPECIFIED.,.F.,.F.,.F.,(4,1,4),(2,
2),(0.,0.0921581688980531,0.183687878129045),(0.,0.600000000000013),
 .UNSPECIFIED.);
#33=B_SPLINE_SURFACE_WITH_KNOTS('',3,1,((#7887,#7888),(#7889,#7890),(#7891,
#7892),(#7893,#7894),(#7895,#7896)),.UNSPECIFIED.,.F.,.F.,.F.,(4,1,4),(2,
2),(0.,0.0954547304825203,0.189113287280902),(0.,0.600000000000013),
 .UNSPECIFIED.);
#34=B_SPLINE_SURFACE_WITH_KNOTS('',3,1,((#7904,#7905),(#7906,#7907),(#7908,
#7909),(#7910,#7911),(#7912,#7913)),.UNSPECIFIED.,.F.,.F.,.F.,(4,1,4),(2,
2),(0.,0.0668217877379456,0.139416916757024),(0.,0.600000000000013),
 .UNSPECIFIED.);
#35=B_SPLINE_SURFACE_WITH_KNOTS('',3,1,((#7921,#7922),(#7923,#7924),(#7925,
#7926),(#7927,#7928),(#7929,#7930)),.UNSPECIFIED.,.F.,.F.,.F.,(4,1,4),(2,
2),(0.,0.0697189761558073,0.136297219976896),(0.,0.600000000000013),
 .UNSPECIFIED.);
#36=B_SPLINE_SURFACE_WITH_KNOTS('',3,1,((#7938,#7939),(#7940,#7941),(#7942,
#7943),(#7944,#7945),(#7946,#7947)),.UNSPECIFIED.,.F.,.F.,.F.,(4,1,4),(2,
2),(0.,0.193139861478899,0.30449608871509),(0.,0.600000000000013),
 .UNSPECIFIED.);
#37=B_SPLINE_SURFACE_WITH_KNOTS('',3,1,((#7966,#7967),(#7968,#7969),(#7970,
#7971),(#7972,#7973),(#7974,#7975)),.UNSPECIFIED.,.F.,.F.,.F.,(4,1,4),(2,
2),(0.,0.128443178015207,0.260543789205531),(0.,0.600000000000013),
 .UNSPECIFIED.);
#38=B_SPLINE_SURFACE_WITH_KNOTS('',3,1,((#7992,#7993),(#7994,#7995),(#7996,
#7997),(#7998,#7999),(#8000,#8001)),.UNSPECIFIED.,.F.,.F.,.F.,(4,1,4),(2,
2),(0.,0.13193927769911,0.262788053798188),(0.,0.600000000000013),
 .UNSPECIFIED.);
#39=B_SPLINE_SURFACE_WITH_KNOTS('',3,1,((#8015,#8016),(#8017,#8018),(#8019,
#8020),(#8021,#8022),(#8023,#8024)),.UNSPECIFIED.,.F.,.F.,.F.,(4,1,4),(2,
2),(0.,0.215707293357255,0.375000020050076),(0.,0.600000000000013),
 .UNSPECIFIED.);
#40=B_SPLINE_SURFACE_WITH_KNOTS('',3,1,((#8038,#8039),(#8040,#8041),(#8042,
#8043),(#8044,#8045),(#8046,#8047)),.UNSPECIFIED.,.F.,.F.,.F.,(4,1,4),(2,
2),(0.,0.157105963045964,0.354584498249251),(0.,0.600000000000013),
 .UNSPECIFIED.);
#41=B_SPLINE_SURFACE_WITH_KNOTS('',3,1,((#8061,#8062),(#8063,#8064),(#8065,
#8066),(#8067,#8068),(#8069,#8070)),.UNSPECIFIED.,.F.,.F.,.F.,(4,1,4),(2,
2),(0.,0.125595655062681,0.258180111967049),(0.,0.600000000000013),
 .UNSPECIFIED.);
#42=B_SPLINE_SURFACE_WITH_KNOTS('',3,1,((#8084,#8085),(#8086,#8087),(#8088,
#8089),(#8090,#8091),(#8092,#8093)),.UNSPECIFIED.,.F.,.F.,.F.,(4,1,4),(2,
2),(0.,0.158209399674348,0.310912035022023),(0.,0.600000000000013),
 .UNSPECIFIED.);
#43=B_SPLINE_SURFACE_WITH_KNOTS('',3,1,((#8107,#8108),(#8109,#8110),(#8111,
#8112),(#8113,#8114),(#8115,#8116)),.UNSPECIFIED.,.F.,.F.,.F.,(4,1,4),(2,
2),(0.,0.200505350149738,0.344515730364688),(0.,0.600000000000013),
 .UNSPECIFIED.);
#44=B_SPLINE_SURFACE_WITH_KNOTS('',3,1,((#8130,#8131),(#8132,#8133),(#8134,
#8135),(#8136,#8137),(#8138,#8139)),.UNSPECIFIED.,.F.,.F.,.F.,(4,1,4),(2,
2),(0.,0.151159540444485,0.341147345517475),(0.,0.600000000000013),
 .UNSPECIFIED.);
#45=B_SPLINE_SURFACE_WITH_KNOTS('',3,1,((#8160,#8161),(#8162,#8163),(#8164,
#8165),(#8166,#8167),(#8168,#8169)),.UNSPECIFIED.,.F.,.F.,.F.,(4,1,4),(2,
2),(0.,0.232023508866361,0.477911701741301),(0.,0.600000000000013),
 .UNSPECIFIED.);
#46=B_SPLINE_SURFACE_WITH_KNOTS('',3,1,((#8177,#8178),(#8179,#8180),(#8181,
#8182),(#8183,#8184),(#8185,#8186)),.UNSPECIFIED.,.F.,.F.,.F.,(4,1,4),(2,
2),(0.,0.24346224145107,0.490012344890649),(0.,0.600000000000013),
 .UNSPECIFIED.);
#47=B_SPLINE_SURFACE_WITH_KNOTS('',3,1,((#8194,#8195),(#8196,#8197),(#8198,
#8199),(#8200,#8201),(#8202,#8203)),.UNSPECIFIED.,.F.,.F.,.F.,(4,1,4),(2,
2),(0.,0.326893457132365,0.595720303626483),(0.,0.600000000000013),
 .UNSPECIFIED.);
#48=B_SPLINE_SURFACE_WITH_KNOTS('',3,1,((#8211,#8212),(#8213,#8214),(#8215,
#8216),(#8217,#8218),(#8219,#8220)),.UNSPECIFIED.,.F.,.F.,.F.,(4,1,4),(2,
2),(0.,0.275685422421662,0.599337105906526),(0.,0.600000000000013),
 .UNSPECIFIED.);
#49=B_SPLINE_SURFACE_WITH_KNOTS('',3,1,((#8228,#8229),(#8230,#8231),(#8232,
#8233),(#8234,#8235),(#8236,#8237)),.UNSPECIFIED.,.F.,.F.,.F.,(4,1,4),(2,
2),(0.,0.237280427186724,0.484700620964088),(0.,0.600000000000013),
 .UNSPECIFIED.);
#50=B_SPLINE_SURFACE_WITH_KNOTS('',3,1,((#8245,#8246),(#8247,#8248),(#8249,
#8250),(#8251,#8252),(#8253,#8254)),.UNSPECIFIED.,.F.,.F.,.F.,(4,1,4),(2,
2),(0.,0.128857650622338,0.251877226993238),(0.,0.600000000000013),
 .UNSPECIFIED.);
#51=B_SPLINE_SURFACE_WITH_KNOTS('',3,1,((#8262,#8263),(#8264,#8265),(#8266,
#8267),(#8268,#8269),(#8270,#8271)),.UNSPECIFIED.,.F.,.F.,.F.,(4,1,4),(2,
2),(0.,0.145415125162862,0.282393715488619),(0.,0.600000000000013),
 .UNSPECIFIED.);
#52=B_SPLINE_SURFACE_WITH_KNOTS('',3,1,((#8331,#8332),(#8333,#8334),(#8335,
#8336),(#8337,#8338),(#8339,#8340)),.UNSPECIFIED.,.F.,.F.,.F.,(4,1,4),(2,
2),(0.,0.180936676704935,0.487312723894798),(0.,0.600000000000013),
 .UNSPECIFIED.);
#53=B_SPLINE_SURFACE_WITH_KNOTS('',3,1,((#8350,#8351),(#8352,#8353),(#8354,
#8355),(#8356,#8357),(#8358,#8359)),.UNSPECIFIED.,.F.,.F.,.F.,(4,1,4),(2,
2),(0.,0.079527324349857,0.184726509514665),(0.,0.600000000000013),
 .UNSPECIFIED.);
#54=B_SPLINE_SURFACE_WITH_KNOTS('',3,1,((#8367,#8368),(#8369,#8370),(#8371,
#8372),(#8373,#8374),(#8375,#8376)),.UNSPECIFIED.,.F.,.F.,.F.,(4,1,4),(2,
2),(0.,0.0751993185651262,0.145862192395876),(0.,0.600000000000013),
 .UNSPECIFIED.);
#55=B_SPLINE_SURFACE_WITH_KNOTS('',3,1,((#8384,#8385),(#8386,#8387),(#8388,
#8389),(#8390,#8391),(#8392,#8393)),.UNSPECIFIED.,.F.,.F.,.F.,(4,1,4),(2,
2),(0.,0.104635403074022,0.192674459268959),(0.,0.600000000000013),
 .UNSPECIFIED.);
#56=B_SPLINE_SURFACE_WITH_KNOTS('',3,1,((#8405,#8406),(#8407,#8408),(#8409,
#8410),(#8411,#8412),(#8413,#8414)),.UNSPECIFIED.,.F.,.F.,.F.,(4,1,4),(2,
2),(0.,0.129845912262844,0.265007808374457),(0.,0.600000000000013),
 .UNSPECIFIED.);
#57=B_SPLINE_SURFACE_WITH_KNOTS('',3,1,((#8422,#8423),(#8424,#8425),(#8426,
#8427),(#8428,#8429),(#8430,#8431)),.UNSPECIFIED.,.F.,.F.,.F.,(4,1,4),(2,
2),(0.,0.0858124441658805,0.174567822808853),(0.,0.600000000000013),
 .UNSPECIFIED.);
#58=B_SPLINE_SURFACE_WITH_KNOTS('',3,1,((#8439,#8440),(#8441,#8442),(#8443,
#8444),(#8445,#8446),(#8447,#8448)),.UNSPECIFIED.,.F.,.F.,.F.,(4,1,4),(2,
2),(0.,0.148877673889107,0.253866326046542),(0.,0.600000000000013),
 .UNSPECIFIED.);
#59=B_SPLINE_SURFACE_WITH_KNOTS('',3,1,((#8475,#8476),(#8477,#8478),(#8479,
#8480),(#8481,#8482),(#8483,#8484)),.UNSPECIFIED.,.F.,.F.,.F.,(4,1,4),(2,
2),(0.,0.128443178015207,0.260543789205531),(0.,0.600000000000013),
 .UNSPECIFIED.);
#60=B_SPLINE_SURFACE_WITH_KNOTS('',3,1,((#8501,#8502),(#8503,#8504),(#8505,
#8506),(#8507,#8508),(#8509,#8510)),.UNSPECIFIED.,.F.,.F.,.F.,(4,1,4),(2,
2),(0.,0.13193927769911,0.262788053798188),(0.,0.600000000000013),
 .UNSPECIFIED.);
#61=B_SPLINE_SURFACE_WITH_KNOTS('',3,1,((#8524,#8525),(#8526,#8527),(#8528,
#8529),(#8530,#8531),(#8532,#8533)),.UNSPECIFIED.,.F.,.F.,.F.,(4,1,4),(2,
2),(0.,0.215707293357255,0.375000222199799),(0.,0.600000000000013),
 .UNSPECIFIED.);
#62=B_SPLINE_SURFACE_WITH_KNOTS('',3,1,((#8547,#8548),(#8549,#8550),(#8551,
#8552),(#8553,#8554),(#8555,#8556)),.UNSPECIFIED.,.F.,.F.,.F.,(4,1,4),(2,
2),(0.,0.157106174221057,0.354584709424345),(0.,0.600000000000013),
 .UNSPECIFIED.);
#63=B_SPLINE_SURFACE_WITH_KNOTS('',3,1,((#8570,#8571),(#8572,#8573),(#8574,
#8575),(#8576,#8577),(#8578,#8579)),.UNSPECIFIED.,.F.,.F.,.F.,(4,1,4),(2,
2),(0.,0.125595655062681,0.258180111967049),(0.,0.600000000000013),
 .UNSPECIFIED.);
#64=B_SPLINE_SURFACE_WITH_KNOTS('',3,1,((#8593,#8594),(#8595,#8596),(#8597,
#8598),(#8599,#8600),(#8601,#8602)),.UNSPECIFIED.,.F.,.F.,.F.,(4,1,4),(2,
2),(0.,0.158209734786639,0.310911907912649),(0.,0.600000000000013),
 .UNSPECIFIED.);
#65=B_SPLINE_SURFACE_WITH_KNOTS('',3,1,((#8616,#8617),(#8618,#8619),(#8620,
#8621),(#8622,#8623),(#8624,#8625)),.UNSPECIFIED.,.F.,.F.,.F.,(4,1,4),(2,
2),(0.,0.200505350149738,0.344515571131609),(0.,0.600000000000013),
 .UNSPECIFIED.);
#66=B_SPLINE_SURFACE_WITH_KNOTS('',3,1,((#8639,#8640),(#8641,#8642),(#8643,
#8644),(#8645,#8646),(#8647,#8648)),.UNSPECIFIED.,.F.,.F.,.F.,(4,1,4),(2,
2),(0.,0.151159540444485,0.341147288164759),(0.,0.600000000000013),
 .UNSPECIFIED.);
#67=B_SPLINE_SURFACE_WITH_KNOTS('',3,1,((#8669,#8670),(#8671,#8672),(#8673,
#8674),(#8675,#8676),(#8677,#8678)),.UNSPECIFIED.,.F.,.F.,.F.,(4,1,4),(2,
2),(0.,0.232023974282539,0.477912167157479),(0.,0.600000000000013),
 .UNSPECIFIED.);
#68=B_SPLINE_SURFACE_WITH_KNOTS('',3,1,((#8686,#8687),(#8688,#8689),(#8690,
#8691),(#8692,#8693),(#8694,#8695)),.UNSPECIFIED.,.F.,.F.,.F.,(4,1,4),(2,
2),(0.,0.2434618573524,0.490011960791979),(0.,0.600000000000013),
 .UNSPECIFIED.);
#69=B_SPLINE_SURFACE_WITH_KNOTS('',3,1,((#8703,#8704),(#8705,#8706),(#8707,
#8708),(#8709,#8710),(#8711,#8712)),.UNSPECIFIED.,.F.,.F.,.F.,(4,1,4),(2,
2),(0.,0.326893457132365,0.595720534119076),(0.,0.600000000000013),
 .UNSPECIFIED.);
#70=B_SPLINE_SURFACE_WITH_KNOTS('',3,1,((#8720,#8721),(#8722,#8723),(#8724,
#8725),(#8726,#8727),(#8728,#8729)),.UNSPECIFIED.,.F.,.F.,.F.,(4,1,4),(2,
2),(0.,0.275685422421662,0.599337105906526),(0.,0.600000000000013),
 .UNSPECIFIED.);
#71=B_SPLINE_SURFACE_WITH_KNOTS('',3,1,((#8737,#8738),(#8739,#8740),(#8741,
#8742),(#8743,#8744),(#8745,#8746)),.UNSPECIFIED.,.F.,.F.,.F.,(4,1,4),(2,
2),(0.,0.237280893257861,0.484701087035225),(0.,0.600000000000013),
 .UNSPECIFIED.);
#72=B_SPLINE_SURFACE_WITH_KNOTS('',3,1,((#8754,#8755),(#8756,#8757),(#8758,
#8759),(#8760,#8761),(#8762,#8763)),.UNSPECIFIED.,.F.,.F.,.F.,(4,1,4),(2,
2),(0.,0.128857203835438,0.251876780206338),(0.,0.600000000000013),
 .UNSPECIFIED.);
#73=B_SPLINE_SURFACE_WITH_KNOTS('',3,1,((#8771,#8772),(#8773,#8774),(#8775,
#8776),(#8777,#8778),(#8779,#8780)),.UNSPECIFIED.,.F.,.F.,.F.,(4,1,4),(2,
2),(0.,0.145415125162862,0.282394109665406),(0.,0.600000000000013),
 .UNSPECIFIED.);
#74=B_SPLINE_SURFACE_WITH_KNOTS('',3,1,((#8799,#8800),(#8801,#8802),(#8803,
#8804),(#8805,#8806),(#8807,#8808)),.UNSPECIFIED.,.F.,.F.,.F.,(4,1,4),(2,
2),(0.,0.12386638210687,0.265723236738763),(0.,0.600000000000013),
 .UNSPECIFIED.);
#75=B_SPLINE_SURFACE_WITH_KNOTS('',3,1,((#8825,#8826),(#8827,#8828),(#8829,
#8830),(#8831,#8832),(#8833,#8834)),.UNSPECIFIED.,.F.,.F.,.F.,(4,1,4),(2,
2),(0.,0.116853922781483,0.232204809830954),(0.,0.600000000000013),
 .UNSPECIFIED.);
#76=B_SPLINE_SURFACE_WITH_KNOTS('',3,1,((#8848,#8849),(#8850,#8851),(#8852,
#8853),(#8854,#8855),(#8856,#8857)),.UNSPECIFIED.,.F.,.F.,.F.,(4,1,4),(2,
2),(0.,0.111887330299261,0.222520572778654),(0.,0.600000000000013),
 .UNSPECIFIED.);
#77=B_SPLINE_SURFACE_WITH_KNOTS('',3,1,((#8871,#8872),(#8873,#8874),(#8875,
#8876),(#8877,#8878),(#8879,#8880)),.UNSPECIFIED.,.F.,.F.,.F.,(4,1,4),(2,
2),(0.,0.148196979564978,0.271268924490726),(0.,0.600000000000013),
 .UNSPECIFIED.);
#78=B_SPLINE_SURFACE_WITH_KNOTS('',3,1,((#8897,#8898),(#8899,#8900),(#8901,
#8902),(#8903,#8904),(#8905,#8906)),.UNSPECIFIED.,.F.,.F.,.F.,(4,1,4),(2,
2),(0.,0.0837831589398327,0.161606384896983),(0.,0.600000000000013),
 .UNSPECIFIED.);
#79=B_SPLINE_SURFACE_WITH_KNOTS('',3,1,((#8916,#8917),(#8918,#8919),(#8920,
#8921),(#8922,#8923),(#8924,#8925)),.UNSPECIFIED.,.F.,.F.,.F.,(4,1,4),(2,
2),(0.,0.122076314052416,0.245754850694713),(0.,0.600000000000013),
 .UNSPECIFIED.);
#80=B_SPLINE_SURFACE_WITH_KNOTS('',3,1,((#8933,#8934),(#8935,#8936),(#8937,
#8938),(#8939,#8940),(#8941,#8942)),.UNSPECIFIED.,.F.,.F.,.F.,(4,1,4),(2,
2),(0.,0.153857686249676,0.28657905441526),(0.,0.600000000000013),
 .UNSPECIFIED.);
#81=B_SPLINE_SURFACE_WITH_KNOTS('',3,1,((#8954,#8955),(#8956,#8957),(#8958,
#8959),(#8960,#8961),(#8962,#8963)),.UNSPECIFIED.,.F.,.F.,.F.,(4,1,4),(2,
2),(0.,0.303087971279802,0.688925835819645),(0.,0.600000000000013),
 .UNSPECIFIED.);
#82=B_SPLINE_SURFACE_WITH_KNOTS('',3,1,((#8971,#8972),(#8973,#8974),(#8975,
#8976),(#8977,#8978),(#8979,#8980)),.UNSPECIFIED.,.F.,.F.,.F.,(4,1,4),(2,
2),(0.,0.294137831723342,0.567360604509093),(0.,0.600000000000013),
 .UNSPECIFIED.);
#83=B_SPLINE_SURFACE_WITH_KNOTS('',3,1,((#8988,#8989),(#8990,#8991),(#8992,
#8993),(#8994,#8995),(#8996,#8997)),.UNSPECIFIED.,.F.,.F.,.F.,(4,1,4),(2,
2),(0.,0.262668984469846,0.530560282116782),(0.,0.600000000000013),
 .UNSPECIFIED.);
#84=B_SPLINE_SURFACE_WITH_KNOTS('',3,1,((#9005,#9006),(#9007,#9008),(#9009,
#9010),(#9011,#9012),(#9013,#9014)),.UNSPECIFIED.,.F.,.F.,.F.,(4,1,4),(2,
2),(0.,0.324374181820485,0.604984482918926),(0.,0.600000000000013),
 .UNSPECIFIED.);
#85=B_SPLINE_SURFACE_WITH_KNOTS('',3,1,((#9022,#9023),(#9024,#9025),(#9026,
#9027),(#9028,#9029),(#9030,#9031)),.UNSPECIFIED.,.F.,.F.,.F.,(4,1,4),(2,
2),(0.,0.24819528192874,0.52609236669468),(0.,0.600000000000013),
 .UNSPECIFIED.);
#86=B_SPLINE_SURFACE_WITH_KNOTS('',3,1,((#9039,#9040),(#9041,#9042),(#9043,
#9044),(#9045,#9046),(#9047,#9048)),.UNSPECIFIED.,.F.,.F.,.F.,(4,1,4),(2,
2),(0.,0.334531165030366,0.630260517225677),(0.,0.600000000000013),
 .UNSPECIFIED.);
#87=B_SPLINE_SURFACE_WITH_KNOTS('',3,1,((#9056,#9057),(#9058,#9059),(#9060,
#9061),(#9062,#9063),(#9064,#9065)),.UNSPECIFIED.,.F.,.F.,.F.,(4,1,4),(2,
2),(0.,0.196261908852921,0.416579719773833),(0.,0.600000000000013),
 .UNSPECIFIED.);
#88=B_SPLINE_SURFACE_WITH_KNOTS('',3,1,((#9073,#9074),(#9075,#9076),(#9077,
#9078),(#9079,#9080),(#9081,#9082)),.UNSPECIFIED.,.F.,.F.,.F.,(4,1,4),(2,
2),(0.,0.208213899832365,0.401640974805032),(0.,0.600000000000013),
 .UNSPECIFIED.);
#89=B_SPLINE_SURFACE_WITH_KNOTS('',3,1,((#9094,#9095),(#9096,#9097),(#9098,
#9099),(#9100,#9101),(#9102,#9103)),.UNSPECIFIED.,.F.,.F.,.F.,(4,1,4),(2,
2),(0.,0.0837575816763197,0.185604983222969),(0.,0.600000000000013),
 .UNSPECIFIED.);
#90=B_SPLINE_SURFACE_WITH_KNOTS('',3,1,((#9110,#9111),(#9112,#9113),(#9114,
#9115),(#9116,#9117),(#9118,#9119)),.UNSPECIFIED.,.F.,.F.,.F.,(4,1,4),(2,
2),(0.,0.110698885138537,0.259162081581511),(0.,0.600000000000013),
 .UNSPECIFIED.);
#91=B_SPLINE_SURFACE_WITH_KNOTS('',3,1,((#9129,#9130),(#9131,#9132),(#9133,
#9134),(#9135,#9136),(#9137,#9138)),.UNSPECIFIED.,.F.,.F.,.F.,(4,1,4),(2,
2),(0.,0.088616848868487,0.17867656834563),(0.,0.600000000000013),
 .UNSPECIFIED.);
#92=B_SPLINE_SURFACE_WITH_KNOTS('',3,1,((#9146,#9147),(#9148,#9149),(#9150,
#9151),(#9152,#9153),(#9154,#9155)),.UNSPECIFIED.,.F.,.F.,.F.,(4,1,4),(2,
2),(0.,0.105510533800326,0.197885662874667),(0.,0.600000000000013),
 .UNSPECIFIED.);
#93=B_SPLINE_SURFACE_WITH_KNOTS('',3,1,((#9163,#9164),(#9165,#9166),(#9167,
#9168),(#9169,#9170),(#9171,#9172)),.UNSPECIFIED.,.F.,.F.,.F.,(4,1,4),(2,
2),(0.,0.121971436366537,0.237823174848616),(0.,0.600000000000013),
 .UNSPECIFIED.);
#94=B_SPLINE_SURFACE_WITH_KNOTS('',3,1,((#9180,#9181),(#9182,#9183),(#9184,
#9185),(#9186,#9187),(#9188,#9189)),.UNSPECIFIED.,.F.,.F.,.F.,(4,1,4),(2,
2),(0.,0.282483638997563,0.552846893237292),(0.,0.600000000000013),
 .UNSPECIFIED.);
#95=B_SPLINE_SURFACE_WITH_KNOTS('',3,1,((#9217,#9218),(#9219,#9220),(#9221,
#9222),(#9223,#9224),(#9225,#9226)),.UNSPECIFIED.,.F.,.F.,.F.,(4,1,4),(2,
2),(0.,0.130027792173175,0.33479156718104),(0.,0.600000000000013),
 .UNSPECIFIED.);
#96=B_SPLINE_SURFACE_WITH_KNOTS('',3,1,((#9234,#9235),(#9236,#9237),(#9238,
#9239),(#9240,#9241),(#9242,#9243)),.UNSPECIFIED.,.F.,.F.,.F.,(4,1,4),(2,
2),(0.,0.0921581688980531,0.183687878129045),(0.,0.600000000000013),
 .UNSPECIFIED.);
#97=B_SPLINE_SURFACE_WITH_KNOTS('',3,1,((#9251,#9252),(#9253,#9254),(#9255,
#9256),(#9257,#9258),(#9259,#9260)),.UNSPECIFIED.,.F.,.F.,.F.,(4,1,4),(2,
2),(0.,0.0954547304825203,0.189113287280902),(0.,0.600000000000013),
 .UNSPECIFIED.);
#98=B_SPLINE_SURFACE_WITH_KNOTS('',3,1,((#9268,#9269),(#9270,#9271),(#9272,
#9273),(#9274,#9275),(#9276,#9277)),.UNSPECIFIED.,.F.,.F.,.F.,(4,1,4),(2,
2),(0.,0.0668217877379456,0.139417862143843),(0.,0.600000000000013),
 .UNSPECIFIED.);
#99=B_SPLINE_SURFACE_WITH_KNOTS('',3,1,((#9285,#9286),(#9287,#9288),(#9289,
#9290),(#9291,#9292),(#9293,#9294)),.UNSPECIFIED.,.F.,.F.,.F.,(4,1,4),(2,
2),(0.,0.0697189761558073,0.136297219976896),(0.,0.600000000000013),
 .UNSPECIFIED.);
#100=B_SPLINE_SURFACE_WITH_KNOTS('',3,1,((#9302,#9303),(#9304,#9305),(#9306,
#9307),(#9308,#9309),(#9310,#9311)),.UNSPECIFIED.,.F.,.F.,.F.,(4,1,4),(2,
2),(0.,0.193139861478899,0.30449608871509),(0.,0.600000000000013),
 .UNSPECIFIED.);
#101=B_SPLINE_SURFACE_WITH_KNOTS('',3,1,((#9330,#9331),(#9332,#9333),(#9334,
#9335),(#9336,#9337),(#9338,#9339)),.UNSPECIFIED.,.F.,.F.,.F.,(4,1,4),(2,
2),(0.,0.141070891449779,0.284045009294664),(0.,0.600000000000013),
 .UNSPECIFIED.);
#102=B_SPLINE_SURFACE_WITH_KNOTS('',3,1,((#9356,#9357),(#9358,#9359),(#9360,
#9361),(#9362,#9363),(#9364,#9365)),.UNSPECIFIED.,.F.,.F.,.F.,(4,1,4),(2,
2),(0.,0.142157884367818,0.282894492183592),(0.,0.600000000000013),
 .UNSPECIFIED.);
#103=B_SPLINE_SURFACE_WITH_KNOTS('',3,1,((#9379,#9380),(#9381,#9382),(#9383,
#9384),(#9385,#9386),(#9387,#9388)),.UNSPECIFIED.,.F.,.F.,.F.,(4,1,4),(2,
2),(0.,0.189997178757429,0.348908512811891),(0.,0.600000000000013),
 .UNSPECIFIED.);
#104=B_SPLINE_SURFACE_WITH_KNOTS('',3,1,((#9402,#9403),(#9404,#9405),(#9406,
#9407),(#9408,#9409),(#9410,#9411)),.UNSPECIFIED.,.F.,.F.,.F.,(4,1,4),(2,
2),(0.,0.16010742261229,0.354160901827865),(0.,0.600000000000013),
 .UNSPECIFIED.);
#105=B_SPLINE_SURFACE_WITH_KNOTS('',3,1,((#9425,#9426),(#9427,#9428),(#9429,
#9430),(#9431,#9432),(#9433,#9434)),.UNSPECIFIED.,.F.,.F.,.F.,(4,1,4),(2,
2),(0.,0.140736607815774,0.282894564257101),(0.,0.600000000000013),
 .UNSPECIFIED.);
#106=B_SPLINE_SURFACE_WITH_KNOTS('',3,1,((#9448,#9449),(#9450,#9451),(#9452,
#9453),(#9454,#9455),(#9456,#9457)),.UNSPECIFIED.,.F.,.F.,.F.,(4,1,4),(2,
2),(0.,0.14297418950693,0.284045080956708),(0.,0.600000000000013),
 .UNSPECIFIED.);
#107=B_SPLINE_SURFACE_WITH_KNOTS('',3,1,((#9471,#9472),(#9473,#9474),(#9475,
#9476),(#9477,#9478),(#9479,#9480)),.UNSPECIFIED.,.F.,.F.,.F.,(4,1,4),(2,
2),(0.,0.192025092106854,0.351534075726973),(0.,0.600000000000013),
 .UNSPECIFIED.);
#108=B_SPLINE_SURFACE_WITH_KNOTS('',3,1,((#9494,#9495),(#9496,#9497),(#9498,
#9499),(#9500,#9501),(#9502,#9503)),.UNSPECIFIED.,.F.,.F.,.F.,(4,1,4),(2,
2),(0.,0.159508983620119,0.351534193873828),(0.,0.600000000000013),
 .UNSPECIFIED.);
#109=B_SPLINE_SURFACE_WITH_KNOTS('',3,1,((#9514,#9515),(#9516,#9517),(#9518,
#9519),(#9520,#9521),(#9522,#9523)),.UNSPECIFIED.,.F.,.F.,.F.,(4,1,4),(2,
2),(0.,0.193491906083504,0.3848316541223),(0.,0.600000000000013),
 .UNSPECIFIED.);
#110=B_SPLINE_SURFACE_WITH_KNOTS('',3,1,((#9533,#9534),(#9535,#9536),(#9537,
#9538),(#9539,#9540),(#9541,#9542)),.UNSPECIFIED.,.F.,.F.,.F.,(4,1,4),(2,
2),(0.,0.19604431773248,0.393811201954219),(0.,0.600000000000013),
 .UNSPECIFIED.);
#111=B_SPLINE_SURFACE_WITH_KNOTS('',3,1,((#9550,#9551),(#9552,#9553),(#9554,
#9555),(#9556,#9557),(#9558,#9559)),.UNSPECIFIED.,.F.,.F.,.F.,(4,1,4),(2,
2),(0.,0.288613027538937,0.587843568941757),(0.,0.600000000000013),
 .UNSPECIFIED.);
#112=B_SPLINE_SURFACE_WITH_KNOTS('',3,1,((#9567,#9568),(#9569,#9570),(#9571,
#9572),(#9573,#9574),(#9575,#9576)),.UNSPECIFIED.,.F.,.F.,.F.,(4,1,4),(2,
2),(0.,0.305487731650442,0.597799433022956),(0.,0.600000000000013),
 .UNSPECIFIED.);
#113=B_SPLINE_SURFACE_WITH_KNOTS('',3,1,((#9584,#9585),(#9586,#9587),(#9588,
#9589),(#9590,#9591),(#9592,#9593)),.UNSPECIFIED.,.F.,.F.,.F.,(4,1,4),(2,
2),(0.,0.288051316949424,0.590397554368606),(0.,0.600000000000013),
 .UNSPECIFIED.);
#114=B_SPLINE_SURFACE_WITH_KNOTS('',3,1,((#9601,#9602),(#9603,#9604),(#9605,
#9606),(#9607,#9608),(#9609,#9610)),.UNSPECIFIED.,.F.,.F.,.F.,(4,1,4),(2,
2),(0.,0.303868214337842,0.592475932043783),(0.,0.600000000000013),
 .UNSPECIFIED.);
#115=B_SPLINE_SURFACE_WITH_KNOTS('',3,1,((#9618,#9619),(#9620,#9621),(#9622,
#9623),(#9624,#9625),(#9626,#9627)),.UNSPECIFIED.,.F.,.F.,.F.,(4,1,4),(2,
2),(0.,0.196287664884959,0.400580965813724),(0.,0.600000000000013),
 .UNSPECIFIED.);
#116=B_SPLINE_SURFACE_WITH_KNOTS('',3,1,((#9635,#9636),(#9637,#9638),(#9639,
#9640),(#9641,#9642),(#9643,#9644)),.UNSPECIFIED.,.F.,.F.,.F.,(4,1,4),(2,
2),(0.,0.194236830317799,0.385370562739818),(0.,0.600000000000013),
 .UNSPECIFIED.);
#117=B_SPLINE_SURFACE_WITH_KNOTS('',3,1,((#9652,#9653),(#9654,#9655),(#9656,
#9657),(#9658,#9659),(#9660,#9661)),.UNSPECIFIED.,.F.,.F.,.F.,(4,1,4),(2,
2),(0.,0.189394059238901,0.384409538384987),(0.,0.600000000000013),
 .UNSPECIFIED.);
#118=B_SPLINE_SURFACE_WITH_KNOTS('',3,1,((#9669,#9670),(#9671,#9672),(#9673,
#9674),(#9675,#9676),(#9677,#9678)),.UNSPECIFIED.,.F.,.F.,.F.,(4,1,4),(2,
2),(0.,0.205867819417494,0.437964291473571),(0.,0.600000000000013),
 .UNSPECIFIED.);
#119=B_SPLINE_SURFACE_WITH_KNOTS('',3,1,((#9685,#9686),(#9687,#9688),(#9689,
#9690),(#9691,#9692),(#9693,#9694)),.UNSPECIFIED.,.F.,.F.,.F.,(4,1,4),(2,
2),(0.,0.12386638210687,0.265723236738763),(0.,0.600000000000013),
 .UNSPECIFIED.);
#120=B_SPLINE_SURFACE_WITH_KNOTS('',3,1,((#9711,#9712),(#9713,#9714),(#9715,
#9716),(#9717,#9718),(#9719,#9720)),.UNSPECIFIED.,.F.,.F.,.F.,(4,1,4),(2,
2),(0.,0.116853922781483,0.232204809830954),(0.,0.600000000000013),
 .UNSPECIFIED.);
#121=B_SPLINE_SURFACE_WITH_KNOTS('',3,1,((#9734,#9735),(#9736,#9737),(#9738,
#9739),(#9740,#9741),(#9742,#9743)),.UNSPECIFIED.,.F.,.F.,.F.,(4,1,4),(2,
2),(0.,0.111887330299261,0.222520572778654),(0.,0.600000000000013),
 .UNSPECIFIED.);
#122=B_SPLINE_SURFACE_WITH_KNOTS('',3,1,((#9757,#9758),(#9759,#9760),(#9761,
#9762),(#9763,#9764),(#9765,#9766)),.UNSPECIFIED.,.F.,.F.,.F.,(4,1,4),(2,
2),(0.,0.148196979564978,0.271268924490726),(0.,0.600000000000013),
 .UNSPECIFIED.);
#123=B_SPLINE_SURFACE_WITH_KNOTS('',3,1,((#9783,#9784),(#9785,#9786),(#9787,
#9788),(#9789,#9790),(#9791,#9792)),.UNSPECIFIED.,.F.,.F.,.F.,(4,1,4),(2,
2),(0.,0.0837831589398327,0.161606384896983),(0.,0.600000000000013),
 .UNSPECIFIED.);
#124=B_SPLINE_SURFACE_WITH_KNOTS('',3,1,((#9802,#9803),(#9804,#9805),(#9806,
#9807),(#9808,#9809),(#9810,#9811)),.UNSPECIFIED.,.F.,.F.,.F.,(4,1,4),(2,
2),(0.,0.122076314052416,0.245754850694713),(0.,0.600000000000013),
 .UNSPECIFIED.);
#125=B_SPLINE_SURFACE_WITH_KNOTS('',3,1,((#9819,#9820),(#9821,#9822),(#9823,
#9824),(#9825,#9826),(#9827,#9828)),.UNSPECIFIED.,.F.,.F.,.F.,(4,1,4),(2,
2),(0.,0.153857686249676,0.28657905441526),(0.,0.600000000000013),
 .UNSPECIFIED.);
#126=B_SPLINE_SURFACE_WITH_KNOTS('',3,1,((#9840,#9841),(#9842,#9843),(#9844,
#9845),(#9846,#9847),(#9848,#9849)),.UNSPECIFIED.,.F.,.F.,.F.,(4,1,4),(2,
2),(0.,0.303087753963454,0.688925618503297),(0.,0.600000000000013),
 .UNSPECIFIED.);
#127=B_SPLINE_SURFACE_WITH_KNOTS('',3,1,((#9857,#9858),(#9859,#9860),(#9861,
#9862),(#9863,#9864),(#9865,#9866)),.UNSPECIFIED.,.F.,.F.,.F.,(4,1,4),(2,
2),(0.,0.294137831723342,0.567360604509093),(0.,0.600000000000013),
 .UNSPECIFIED.);
#128=B_SPLINE_SURFACE_WITH_KNOTS('',3,1,((#9874,#9875),(#9876,#9877),(#9878,
#9879),(#9880,#9881),(#9882,#9883)),.UNSPECIFIED.,.F.,.F.,.F.,(4,1,4),(2,
2),(0.,0.262668984469846,0.530560282116782),(0.,0.600000000000013),
 .UNSPECIFIED.);
#129=B_SPLINE_SURFACE_WITH_KNOTS('',3,1,((#9891,#9892),(#9893,#9894),(#9895,
#9896),(#9897,#9898),(#9899,#9900)),.UNSPECIFIED.,.F.,.F.,.F.,(4,1,4),(2,
2),(0.,0.324374181820485,0.604984482918926),(0.,0.600000000000013),
 .UNSPECIFIED.);
#130=B_SPLINE_SURFACE_WITH_KNOTS('',3,1,((#9908,#9909),(#9910,#9911),(#9912,
#9913),(#9914,#9915),(#9916,#9917)),.UNSPECIFIED.,.F.,.F.,.F.,(4,1,4),(2,
2),(0.,0.24819528192874,0.52609236669468),(0.,0.600000000000013),
 .UNSPECIFIED.);
#131=B_SPLINE_SURFACE_WITH_KNOTS('',3,1,((#9925,#9926),(#9927,#9928),(#9929,
#9930),(#9931,#9932),(#9933,#9934)),.UNSPECIFIED.,.F.,.F.,.F.,(4,1,4),(2,
2),(0.,0.334531165030366,0.630260517225677),(0.,0.600000000000013),
 .UNSPECIFIED.);
#132=B_SPLINE_SURFACE_WITH_KNOTS('',3,1,((#9942,#9943),(#9944,#9945),(#9946,
#9947),(#9948,#9949),(#9950,#9951)),.UNSPECIFIED.,.F.,.F.,.F.,(4,1,4),(2,
2),(0.,0.196261908852921,0.416579719773833),(0.,0.600000000000013),
 .UNSPECIFIED.);
#133=B_SPLINE_SURFACE_WITH_KNOTS('',3,1,((#9959,#9960),(#9961,#9962),(#9963,
#9964),(#9965,#9966),(#9967,#9968)),.UNSPECIFIED.,.F.,.F.,.F.,(4,1,4),(2,
2),(0.,0.208213899832365,0.401640974805032),(0.,0.600000000000013),
 .UNSPECIFIED.);
#134=B_SPLINE_SURFACE_WITH_KNOTS('',3,1,((#9980,#9981),(#9982,#9983),(#9984,
#9985),(#9986,#9987),(#9988,#9989)),.UNSPECIFIED.,.F.,.F.,.F.,(4,1,4),(2,
2),(0.,0.0837575816763197,0.185604983222969),(0.,0.600000000000013),
 .UNSPECIFIED.);
#135=B_SPLINE_SURFACE_WITH_KNOTS('',3,1,((#10030,#10031),(#10032,#10033),
(#10034,#10035),(#10036,#10037),(#10038,#10039)),.UNSPECIFIED.,.F.,.F.,
 .F.,(4,1,4),(2,2),(0.,0.338096263912135,0.61791045209794),(0.,0.600000000000013),
 .UNSPECIFIED.);
#136=B_SPLINE_SURFACE_WITH_KNOTS('',3,1,((#10049,#10050),(#10051,#10052),
(#10053,#10054),(#10055,#10056),(#10057,#10058)),.UNSPECIFIED.,.F.,.F.,
 .F.,(4,1,4),(2,2),(0.,0.203471611702443,0.443239896943862),(0.,0.600000000000013),
 .UNSPECIFIED.);
#137=B_SPLINE_SURFACE_WITH_KNOTS('',3,1,((#10066,#10067),(#10068,#10069),
(#10070,#10071),(#10072,#10073),(#10074,#10075)),.UNSPECIFIED.,.F.,.F.,
 .F.,(4,1,4),(2,2),(0.,0.174476846238599,0.354983399147925),(0.,0.600000000000013),
 .UNSPECIFIED.);
#138=B_SPLINE_SURFACE_WITH_KNOTS('',3,1,((#10083,#10084),(#10085,#10086),
(#10087,#10088),(#10089,#10090),(#10091,#10092)),.UNSPECIFIED.,.F.,.F.,
 .F.,(4,1,4),(2,2),(0.,0.168142890494111,0.339367862118826),(0.,0.600000000000013),
 .UNSPECIFIED.);
#139=B_SPLINE_SURFACE_WITH_KNOTS('',3,1,((#10100,#10101),(#10102,#10103),
(#10104,#10105),(#10106,#10107),(#10108,#10109)),.UNSPECIFIED.,.F.,.F.,
 .F.,(4,1,4),(2,2),(0.,0.155762186878342,0.331203887522053),(0.,0.600000000000013),
 .UNSPECIFIED.);
#140=B_SPLINE_SURFACE_WITH_KNOTS('',3,1,((#10117,#10118),(#10119,#10120),
(#10121,#10122),(#10123,#10124),(#10125,#10126)),.UNSPECIFIED.,.F.,.F.,
 .F.,(4,1,4),(2,2),(0.,0.153648965804907,0.303175381623211),(0.,0.600000000000013),
 .UNSPECIFIED.);
#141=B_SPLINE_SURFACE_WITH_KNOTS('',3,1,((#10134,#10135),(#10136,#10137),
(#10138,#10139),(#10140,#10141),(#10142,#10143)),.UNSPECIFIED.,.F.,.F.,
 .F.,(4,1,4),(2,2),(0.,0.265781639639209,0.459403193329029),(0.,0.600000000000013),
 .UNSPECIFIED.);
#142=B_SPLINE_SURFACE_WITH_KNOTS('',3,1,((#10151,#10152),(#10153,#10154),
(#10155,#10156),(#10157,#10158),(#10159,#10160)),.UNSPECIFIED.,.F.,.F.,
 .F.,(4,1,4),(2,2),(0.,0.146427313510911,0.396037861442338),(0.,0.600000000000013),
 .UNSPECIFIED.);
#143=B_SPLINE_SURFACE_WITH_KNOTS('',3,1,((#10168,#10169),(#10170,#10171),
(#10172,#10173),(#10174,#10175),(#10176,#10177)),.UNSPECIFIED.,.F.,.F.,
 .F.,(4,1,4),(2,2),(0.,0.0675142893257168,0.139050765193168),(0.,0.600000000000013),
 .UNSPECIFIED.);
#144=B_SPLINE_SURFACE_WITH_KNOTS('',3,1,((#10185,#10186),(#10187,#10188),
(#10189,#10190),(#10191,#10192),(#10193,#10194)),.UNSPECIFIED.,.F.,.F.,
 .F.,(4,1,4),(2,2),(0.,0.0724806590469359,0.14421288149976),(0.,0.600000000000013),
 .UNSPECIFIED.);
#145=B_SPLINE_SURFACE_WITH_KNOTS('',3,1,((#10202,#10203),(#10204,#10205),
(#10206,#10207),(#10208,#10209),(#10210,#10211)),.UNSPECIFIED.,.F.,.F.,
 .F.,(4,1,4),(2,2),(0.,0.157927365922604,0.288419417970594),(0.,0.600000000000013),
 .UNSPECIFIED.);
#146=B_SPLINE_SURFACE_WITH_KNOTS('',3,1,((#10219,#10220),(#10221,#10222),
(#10223,#10224),(#10225,#10226),(#10227,#10228)),.UNSPECIFIED.,.F.,.F.,
 .F.,(4,1,4),(2,2),(0.,0.117764039064917,0.267781439349544),(0.,0.600000000000013),
 .UNSPECIFIED.);
#147=B_SPLINE_SURFACE_WITH_KNOTS('',3,1,((#10236,#10237),(#10238,#10239),
(#10240,#10241),(#10242,#10243),(#10244,#10245)),.UNSPECIFIED.,.F.,.F.,
 .F.,(4,1,4),(2,2),(0.,0.138517415523124,0.252078955970273),(0.,0.600000000000013),
 .UNSPECIFIED.);
#148=B_SPLINE_SURFACE_WITH_KNOTS('',3,1,((#10257,#10258),(#10259,#10260),
(#10261,#10262),(#10263,#10264),(#10265,#10266)),.UNSPECIFIED.,.F.,.F.,
 .F.,(4,1,4),(2,2),(0.,0.241543348160743,0.495504403383335),(0.,0.600000000000013),
 .UNSPECIFIED.);
#149=B_SPLINE_SURFACE_WITH_KNOTS('',3,1,((#10274,#10275),(#10276,#10277),
(#10278,#10279),(#10280,#10281),(#10282,#10283)),.UNSPECIFIED.,.F.,.F.,
 .F.,(4,1,4),(2,2),(0.,0.332381006457332,0.599200666650659),(0.,0.600000000000013),
 .UNSPECIFIED.);
#150=B_SPLINE_SURFACE_WITH_KNOTS('',3,1,((#10291,#10292),(#10293,#10294),
(#10295,#10296),(#10297,#10298),(#10299,#10300)),.UNSPECIFIED.,.F.,.F.,
 .F.,(4,1,4),(2,2),(0.,0.187817644417394,0.402371063887779),(0.,0.600000000000013),
 .UNSPECIFIED.);
#151=B_SPLINE_SURFACE_WITH_KNOTS('',3,1,((#10308,#10309),(#10310,#10311),
(#10312,#10313),(#10314,#10315),(#10316,#10317)),.UNSPECIFIED.,.F.,.F.,
 .F.,(4,1,4),(2,2),(0.,0.158419056695334,0.325589927522121),(0.,0.600000000000013),
 .UNSPECIFIED.);
#152=B_SPLINE_SURFACE_WITH_KNOTS('',3,1,((#10325,#10326),(#10327,#10328),
(#10329,#10330),(#10331,#10332),(#10333,#10334)),.UNSPECIFIED.,.F.,.F.,
 .F.,(4,1,4),(2,2),(0.,0.149235712119625,0.301049535504574),(0.,0.600000000000013),
 .UNSPECIFIED.);
#153=B_SPLINE_SURFACE_WITH_KNOTS('',3,1,((#10342,#10343),(#10344,#10345),
(#10346,#10347),(#10348,#10349),(#10350,#10351)),.UNSPECIFIED.,.F.,.F.,
 .F.,(4,1,4),(2,2),(0.,0.229400526631144,0.453486113308505),(0.,0.600000000000013),
 .UNSPECIFIED.);
#154=B_SPLINE_SURFACE_WITH_KNOTS('',3,1,((#10359,#10360),(#10361,#10362),
(#10363,#10364),(#10365,#10366),(#10367,#10368)),.UNSPECIFIED.,.F.,.F.,
 .F.,(4,1,4),(2,2),(0.,0.29045945650819,0.49991983009199),(0.,0.600000000000013),
 .UNSPECIFIED.);
#155=B_SPLINE_SURFACE_WITH_KNOTS('',3,1,((#10376,#10377),(#10378,#10379),
(#10380,#10381),(#10382,#10383),(#10384,#10385)),.UNSPECIFIED.,.F.,.F.,
 .F.,(4,1,4),(2,2),(0.,0.121200567476492,0.334954145739),(0.,0.600000000000013),
 .UNSPECIFIED.);
#156=B_SPLINE_SURFACE_WITH_KNOTS('',3,1,((#10393,#10394),(#10395,#10396),
(#10397,#10398),(#10399,#10400),(#10401,#10402)),.UNSPECIFIED.,.F.,.F.,
 .F.,(4,1,4),(2,2),(0.,0.0736257055982547,0.170387000769001),(0.,0.600000000000013),
 .UNSPECIFIED.);
#157=B_SPLINE_SURFACE_WITH_KNOTS('',3,1,((#10410,#10411),(#10412,#10413),
(#10414,#10415),(#10416,#10417),(#10418,#10419)),.UNSPECIFIED.,.F.,.F.,
 .F.,(4,1,4),(2,2),(0.,0.0663324481192105,0.129451499580417),(0.,0.600000000000013),
 .UNSPECIFIED.);
#158=B_SPLINE_SURFACE_WITH_KNOTS('',3,1,((#10427,#10428),(#10429,#10430),
(#10431,#10432),(#10433,#10434),(#10435,#10436)),.UNSPECIFIED.,.F.,.F.,
 .F.,(4,1,4),(2,2),(0.,0.116989068867936,0.223619981643156),(0.,0.600000000000013),
 .UNSPECIFIED.);
#159=B_SPLINE_SURFACE_WITH_KNOTS('',3,1,((#10444,#10445),(#10446,#10447),
(#10448,#10449),(#10450,#10451),(#10452,#10453)),.UNSPECIFIED.,.F.,.F.,
 .F.,(4,1,4),(2,2),(0.,0.172094165463721,0.309064972053964),(0.,0.600000000000013),
 .UNSPECIFIED.);
#160=B_SPLINE_SURFACE_WITH_KNOTS('',3,1,((#10461,#10462),(#10463,#10464),
(#10465,#10466),(#10467,#10468),(#10469,#10470)),.UNSPECIFIED.,.F.,.F.,
 .F.,(4,1,4),(2,2),(0.,0.145599081873496,0.312633153034484),(0.,0.600000000000013),
 .UNSPECIFIED.);
#161=B_SPLINE_SURFACE_WITH_KNOTS('',3,1,((#10478,#10479),(#10480,#10481),
(#10482,#10483),(#10484,#10485),(#10486,#10487)),.UNSPECIFIED.,.F.,.F.,
 .F.,(4,1,4),(2,2),(0.,0.179717715560271,0.328763239532883),(0.,0.600000000000013),
 .UNSPECIFIED.);
#162=B_SPLINE_SURFACE_WITH_KNOTS('',3,1,((#10499,#10500),(#10501,#10502),
(#10503,#10504),(#10505,#10506),(#10507,#10508)),.UNSPECIFIED.,.F.,.F.,
 .F.,(4,1,4),(2,2),(0.,0.270122981955468,0.576584766738425),(0.,0.600000000000013),
 .UNSPECIFIED.);
#163=B_SPLINE_CURVE_WITH_KNOTS('',3,(#6561,#6562,#6563,#6564,#6565),
 .UNSPECIFIED.,.F.,.F.,(4,1,4),(0.,0.13844728749945,0.279679598085729),
 .UNSPECIFIED.);
#164=B_SPLINE_CURVE_WITH_KNOTS('',3,(#6567,#6568,#6569,#6570,#6571),
 .UNSPECIFIED.,.F.,.F.,(4,1,4),(0.,0.141193003694799,0.281685908414917),
 .UNSPECIFIED.);
#165=B_SPLINE_CURVE_WITH_KNOTS('',3,(#6573,#6574,#6575,#6576,#6577),
 .UNSPECIFIED.,.F.,.F.,(4,1,4),(0.,0.139396844473341,0.271896910942312),
 .UNSPECIFIED.);
#166=B_SPLINE_CURVE_WITH_KNOTS('',3,(#6579,#6580,#6581,#6582,#6583),
 .UNSPECIFIED.,.F.,.F.,(4,1,4),(0.,0.126205188911877,0.249557979460798),
 .UNSPECIFIED.);
#167=B_SPLINE_CURVE_WITH_KNOTS('',3,(#6585,#6586,#6587,#6588,#6589),
 .UNSPECIFIED.,.F.,.F.,(4,1,4),(0.,0.143498852284572,0.326427799134782),
 .UNSPECIFIED.);
#168=B_SPLINE_CURVE_WITH_KNOTS('',3,(#6597,#6598,#6599,#6600,#6601),
 .UNSPECIFIED.,.F.,.F.,(4,1,4),(0.,0.246642487145169,0.376136291882655),
 .UNSPECIFIED.);
#169=B_SPLINE_CURVE_WITH_KNOTS('',3,(#6603,#6604,#6605,#6606,#6607),
 .UNSPECIFIED.,.F.,.F.,(4,1,4),(0.,0.0684861458918887,0.135772505345424),
 .UNSPECIFIED.);
#170=B_SPLINE_CURVE_WITH_KNOTS('',3,(#6609,#6610,#6611,#6612,#6613),
 .UNSPECIFIED.,.F.,.F.,(4,1,4),(0.,0.0700345386363671,0.149100345463394),
 .UNSPECIFIED.);
#171=B_SPLINE_CURVE_WITH_KNOTS('',3,(#6615,#6616,#6617,#6618,#6619),
 .UNSPECIFIED.,.F.,.F.,(4,1,4),(0.,0.0940558512264145,0.186040835191268),
 .UNSPECIFIED.);
#172=B_SPLINE_CURVE_WITH_KNOTS('',3,(#6621,#6622,#6623,#6624,#6625),
 .UNSPECIFIED.,.F.,.F.,(4,1,4),(0.,0.0892963166193379,0.172976007203387),
 .UNSPECIFIED.);
#173=B_SPLINE_CURVE_WITH_KNOTS('',3,(#6627,#6628,#6629,#6630,#6631),
 .UNSPECIFIED.,.F.,.F.,(4,1,4),(0.,0.139792122442785,0.393303897189276),
 .UNSPECIFIED.);
#174=B_SPLINE_CURVE_WITH_KNOTS('',3,(#6637,#6638,#6639,#6640,#6641),
 .UNSPECIFIED.,.F.,.F.,(4,1,4),(0.,0.110699026177273,0.259162222620247),
 .UNSPECIFIED.);
#175=B_SPLINE_CURVE_WITH_KNOTS('',3,(#6649,#6650,#6651,#6652,#6653),
 .UNSPECIFIED.,.F.,.F.,(4,1,4),(0.,0.193139861478899,0.30449608871509),
 .UNSPECIFIED.);
#176=B_SPLINE_CURVE_WITH_KNOTS('',3,(#6655,#6656,#6657,#6658,#6659),
 .UNSPECIFIED.,.F.,.F.,(4,1,4),(0.,0.0697189761558073,0.136297219976896),
 .UNSPECIFIED.);
#177=B_SPLINE_CURVE_WITH_KNOTS('',3,(#6661,#6662,#6663,#6664,#6665),
 .UNSPECIFIED.,.F.,.F.,(4,1,4),(0.,0.0668217877379456,0.139416916757024),
 .UNSPECIFIED.);
#178=B_SPLINE_CURVE_WITH_KNOTS('',3,(#6667,#6668,#6669,#6670,#6671),
 .UNSPECIFIED.,.F.,.F.,(4,1,4),(0.,0.0954547304825203,0.189113287280902),
 .UNSPECIFIED.);
#179=B_SPLINE_CURVE_WITH_KNOTS('',3,(#6673,#6674,#6675,#6676,#6677),
 .UNSPECIFIED.,.F.,.F.,(4,1,4),(0.,0.0921581688980531,0.183687878129045),
 .UNSPECIFIED.);
#180=B_SPLINE_CURVE_WITH_KNOTS('',3,(#6679,#6680,#6681,#6682,#6683),
 .UNSPECIFIED.,.F.,.F.,(4,1,4),(0.,0.130027792173175,0.33479156718104),
 .UNSPECIFIED.);
#181=B_SPLINE_CURVE_WITH_KNOTS('',3,(#6695,#6696,#6697,#6698,#6699),
 .UNSPECIFIED.,.F.,.F.,(4,1,4),(0.,0.282483638997563,0.552846893237292),
 .UNSPECIFIED.);
#182=B_SPLINE_CURVE_WITH_KNOTS('',3,(#6701,#6702,#6703,#6704,#6705),
 .UNSPECIFIED.,.F.,.F.,(4,1,4),(0.,0.121972385721112,0.237823214541929),
 .UNSPECIFIED.);
#183=B_SPLINE_CURVE_WITH_KNOTS('',3,(#6707,#6708,#6709,#6710,#6711),
 .UNSPECIFIED.,.F.,.F.,(4,1,4),(0.,0.105510533800326,0.197885662874667),
 .UNSPECIFIED.);
#184=B_SPLINE_CURVE_WITH_KNOTS('',3,(#6712,#6713,#6714,#6715,#6716),
 .UNSPECIFIED.,.F.,.F.,(4,1,4),(0.,0.088616848868487,0.17867656834563),
 .UNSPECIFIED.);
#185=B_SPLINE_CURVE_WITH_KNOTS('',3,(#6727,#6728,#6729,#6730,#6731),
 .UNSPECIFIED.,.F.,.F.,(4,1,4),(0.,0.145415125162862,0.282393715488619),
 .UNSPECIFIED.);
#186=B_SPLINE_CURVE_WITH_KNOTS('',3,(#6733,#6734,#6735,#6736,#6737),
 .UNSPECIFIED.,.F.,.F.,(4,1,4),(0.,0.128857650622338,0.251877226993238),
 .UNSPECIFIED.);
#187=B_SPLINE_CURVE_WITH_KNOTS('',3,(#6739,#6740,#6741,#6742,#6743),
 .UNSPECIFIED.,.F.,.F.,(4,1,4),(0.,0.237280427186724,0.484700620964088),
 .UNSPECIFIED.);
#188=B_SPLINE_CURVE_WITH_KNOTS('',3,(#6745,#6746,#6747,#6748,#6749),
 .UNSPECIFIED.,.F.,.F.,(4,1,4),(0.,0.275685422421662,0.599337105906526),
 .UNSPECIFIED.);
#189=B_SPLINE_CURVE_WITH_KNOTS('',3,(#6751,#6752,#6753,#6754,#6755),
 .UNSPECIFIED.,.F.,.F.,(4,1,4),(0.,0.326893457132365,0.595720303626483),
 .UNSPECIFIED.);
#190=B_SPLINE_CURVE_WITH_KNOTS('',3,(#6757,#6758,#6759,#6760,#6761),
 .UNSPECIFIED.,.F.,.F.,(4,1,4),(0.,0.24346224145107,0.490012344890649),
 .UNSPECIFIED.);
#191=B_SPLINE_CURVE_WITH_KNOTS('',3,(#6763,#6764,#6765,#6766,#6767),
 .UNSPECIFIED.,.F.,.F.,(4,1,4),(0.,0.232023508866361,0.477911701741301),
 .UNSPECIFIED.);
#192=B_SPLINE_CURVE_WITH_KNOTS('',3,(#6791,#6792,#6793,#6794,#6795),
 .UNSPECIFIED.,.F.,.F.,(4,1,4),(0.,0.180936676704935,0.487312723894798),
 .UNSPECIFIED.);
#193=B_SPLINE_CURVE_WITH_KNOTS('',3,(#6807,#6808,#6809,#6810,#6811),
 .UNSPECIFIED.,.F.,.F.,(4,1,4),(0.,0.148877673889107,0.253866326046542),
 .UNSPECIFIED.);
#194=B_SPLINE_CURVE_WITH_KNOTS('',3,(#6813,#6814,#6815,#6816,#6817),
 .UNSPECIFIED.,.F.,.F.,(4,1,4),(0.,0.0858124441658805,0.174567822808853),
 .UNSPECIFIED.);
#195=B_SPLINE_CURVE_WITH_KNOTS('',3,(#6819,#6820,#6821,#6822,#6823),
 .UNSPECIFIED.,.F.,.F.,(4,1,4),(0.,0.129845912262844,0.265007808374457),
 .UNSPECIFIED.);
#196=B_SPLINE_CURVE_WITH_KNOTS('',3,(#6827,#6828,#6829,#6830,#6831),
 .UNSPECIFIED.,.F.,.F.,(4,1,4),(0.,0.104635403074022,0.192674459268959),
 .UNSPECIFIED.);
#197=B_SPLINE_CURVE_WITH_KNOTS('',3,(#6833,#6834,#6835,#6836,#6837),
 .UNSPECIFIED.,.F.,.F.,(4,1,4),(0.,0.0751993185651262,0.145862192395876),
 .UNSPECIFIED.);
#198=B_SPLINE_CURVE_WITH_KNOTS('',3,(#6838,#6839,#6840,#6841,#6842),
 .UNSPECIFIED.,.F.,.F.,(4,1,4),(0.,0.079527324349857,0.184726509514665),
 .UNSPECIFIED.);
#199=B_SPLINE_CURVE_WITH_KNOTS('',3,(#6853,#6854,#6855,#6856,#6857),
 .UNSPECIFIED.,.F.,.F.,(4,1,4),(0.,0.145415125162862,0.282394109665406),
 .UNSPECIFIED.);
#200=B_SPLINE_CURVE_WITH_KNOTS('',3,(#6859,#6860,#6861,#6862,#6863),
 .UNSPECIFIED.,.F.,.F.,(4,1,4),(0.,0.128857203835438,0.251876780206338),
 .UNSPECIFIED.);
#201=B_SPLINE_CURVE_WITH_KNOTS('',3,(#6865,#6866,#6867,#6868,#6869),
 .UNSPECIFIED.,.F.,.F.,(4,1,4),(0.,0.237280893257861,0.484701087035225),
 .UNSPECIFIED.);
#202=B_SPLINE_CURVE_WITH_KNOTS('',3,(#6871,#6872,#6873,#6874,#6875),
 .UNSPECIFIED.,.F.,.F.,(4,1,4),(0.,0.275685422421662,0.599337105906526),
 .UNSPECIFIED.);
#203=B_SPLINE_CURVE_WITH_KNOTS('',3,(#6877,#6878,#6879,#6880,#6881),
 .UNSPECIFIED.,.F.,.F.,(4,1,4),(0.,0.326893457132365,0.595720534119076),
 .UNSPECIFIED.);
#204=B_SPLINE_CURVE_WITH_KNOTS('',3,(#6883,#6884,#6885,#6886,#6887),
 .UNSPECIFIED.,.F.,.F.,(4,1,4),(0.,0.2434618573524,0.490011960791979),
 .UNSPECIFIED.);
#205=B_SPLINE_CURVE_WITH_KNOTS('',3,(#6889,#6890,#6891,#6892,#6893),
 .UNSPECIFIED.,.F.,.F.,(4,1,4),(0.,0.232023974282539,0.477912167157479),
 .UNSPECIFIED.);
#206=B_SPLINE_CURVE_WITH_KNOTS('',3,(#6897,#6898,#6899,#6900,#6901),
 .UNSPECIFIED.,.F.,.F.,(4,1,4),(0.,0.0837831589398327,0.161606384896983),
 .UNSPECIFIED.);
#207=B_SPLINE_CURVE_WITH_KNOTS('',3,(#6903,#6904,#6905,#6906,#6907),
 .UNSPECIFIED.,.F.,.F.,(4,1,4),(0.,0.0837575816763197,0.185604983222969),
 .UNSPECIFIED.);
#208=B_SPLINE_CURVE_WITH_KNOTS('',3,(#6911,#6912,#6913,#6914,#6915),
 .UNSPECIFIED.,.F.,.F.,(4,1,4),(0.,0.208213899832365,0.401640974805032),
 .UNSPECIFIED.);
#209=B_SPLINE_CURVE_WITH_KNOTS('',3,(#6917,#6918,#6919,#6920,#6921),
 .UNSPECIFIED.,.F.,.F.,(4,1,4),(0.,0.196261908852921,0.416579719773833),
 .UNSPECIFIED.);
#210=B_SPLINE_CURVE_WITH_KNOTS('',3,(#6923,#6924,#6925,#6926,#6927),
 .UNSPECIFIED.,.F.,.F.,(4,1,4),(0.,0.334531165030366,0.630260517225677),
 .UNSPECIFIED.);
#211=B_SPLINE_CURVE_WITH_KNOTS('',3,(#6929,#6930,#6931,#6932,#6933),
 .UNSPECIFIED.,.F.,.F.,(4,1,4),(0.,0.24819528192874,0.52609236669468),
 .UNSPECIFIED.);
#212=B_SPLINE_CURVE_WITH_KNOTS('',3,(#6935,#6936,#6937,#6938,#6939),
 .UNSPECIFIED.,.F.,.F.,(4,1,4),(0.,0.324374181820485,0.604984482918926),
 .UNSPECIFIED.);
#213=B_SPLINE_CURVE_WITH_KNOTS('',3,(#6941,#6942,#6943,#6944,#6945),
 .UNSPECIFIED.,.F.,.F.,(4,1,4),(0.,0.262668984469846,0.530560282116782),
 .UNSPECIFIED.);
#214=B_SPLINE_CURVE_WITH_KNOTS('',3,(#6947,#6948,#6949,#6950,#6951),
 .UNSPECIFIED.,.F.,.F.,(4,1,4),(0.,0.294137831723342,0.567360604509093),
 .UNSPECIFIED.);
#215=B_SPLINE_CURVE_WITH_KNOTS('',3,(#6953,#6954,#6955,#6956,#6957),
 .UNSPECIFIED.,.F.,.F.,(4,1,4),(0.,0.303087971279802,0.688925835819645),
 .UNSPECIFIED.);
#216=B_SPLINE_CURVE_WITH_KNOTS('',3,(#6961,#6962,#6963,#6964,#6965),
 .UNSPECIFIED.,.F.,.F.,(4,1,4),(0.,0.153857686249676,0.28657905441526),
 .UNSPECIFIED.);
#217=B_SPLINE_CURVE_WITH_KNOTS('',3,(#6966,#6967,#6968,#6969,#6970),
 .UNSPECIFIED.,.F.,.F.,(4,1,4),(0.,0.122076314052416,0.245754850694713),
 .UNSPECIFIED.);
#218=B_SPLINE_CURVE_WITH_KNOTS('',3,(#6973,#6974,#6975,#6976,#6977),
 .UNSPECIFIED.,.F.,.F.,(4,1,4),(0.,0.110698885138537,0.259162081581511),
 .UNSPECIFIED.);
#219=B_SPLINE_CURVE_WITH_KNOTS('',3,(#6985,#6986,#6987,#6988,#6989),
 .UNSPECIFIED.,.F.,.F.,(4,1,4),(0.,0.193139861478899,0.30449608871509),
 .UNSPECIFIED.);
#220=B_SPLINE_CURVE_WITH_KNOTS('',3,(#6991,#6992,#6993,#6994,#6995),
 .UNSPECIFIED.,.F.,.F.,(4,1,4),(0.,0.0697189761558073,0.136297219976896),
 .UNSPECIFIED.);
#221=B_SPLINE_CURVE_WITH_KNOTS('',3,(#6997,#6998,#6999,#7000,#7001),
 .UNSPECIFIED.,.F.,.F.,(4,1,4),(0.,0.0668217877379456,0.139417862143843),
 .UNSPECIFIED.);
#222=B_SPLINE_CURVE_WITH_KNOTS('',3,(#7003,#7004,#7005,#7006,#7007),
 .UNSPECIFIED.,.F.,.F.,(4,1,4),(0.,0.0954547304825203,0.189113287280902),
 .UNSPECIFIED.);
#223=B_SPLINE_CURVE_WITH_KNOTS('',3,(#7009,#7010,#7011,#7012,#7013),
 .UNSPECIFIED.,.F.,.F.,(4,1,4),(0.,0.0921581688980531,0.183687878129045),
 .UNSPECIFIED.);
#224=B_SPLINE_CURVE_WITH_KNOTS('',3,(#7015,#7016,#7017,#7018,#7019),
 .UNSPECIFIED.,.F.,.F.,(4,1,4),(0.,0.130027792173175,0.33479156718104),
 .UNSPECIFIED.);
#225=B_SPLINE_CURVE_WITH_KNOTS('',3,(#7031,#7032,#7033,#7034,#7035),
 .UNSPECIFIED.,.F.,.F.,(4,1,4),(0.,0.282483638997563,0.552846893237292),
 .UNSPECIFIED.);
#226=B_SPLINE_CURVE_WITH_KNOTS('',3,(#7037,#7038,#7039,#7040,#7041),
 .UNSPECIFIED.,.F.,.F.,(4,1,4),(0.,0.121971436366537,0.237823174848616),
 .UNSPECIFIED.);
#227=B_SPLINE_CURVE_WITH_KNOTS('',3,(#7043,#7044,#7045,#7046,#7047),
 .UNSPECIFIED.,.F.,.F.,(4,1,4),(0.,0.105510533800326,0.197885662874667),
 .UNSPECIFIED.);
#228=B_SPLINE_CURVE_WITH_KNOTS('',3,(#7048,#7049,#7050,#7051,#7052),
 .UNSPECIFIED.,.F.,.F.,(4,1,4),(0.,0.088616848868487,0.17867656834563),
 .UNSPECIFIED.);
#229=B_SPLINE_CURVE_WITH_KNOTS('',3,(#7055,#7056,#7057,#7058,#7059),
 .UNSPECIFIED.,.F.,.F.,(4,1,4),(0.,0.193491906083504,0.3848316541223),
 .UNSPECIFIED.);
#230=B_SPLINE_CURVE_WITH_KNOTS('',3,(#7061,#7062,#7063,#7064,#7065),
 .UNSPECIFIED.,.F.,.F.,(4,1,4),(0.,0.205867819417494,0.437964291473571),
 .UNSPECIFIED.);
#231=B_SPLINE_CURVE_WITH_KNOTS('',3,(#7067,#7068,#7069,#7070,#7071),
 .UNSPECIFIED.,.F.,.F.,(4,1,4),(0.,0.189394059238901,0.384409538384987),
 .UNSPECIFIED.);
#232=B_SPLINE_CURVE_WITH_KNOTS('',3,(#7073,#7074,#7075,#7076,#7077),
 .UNSPECIFIED.,.F.,.F.,(4,1,4),(0.,0.194236830317799,0.385370562739818),
 .UNSPECIFIED.);
#233=B_SPLINE_CURVE_WITH_KNOTS('',3,(#7079,#7080,#7081,#7082,#7083),
 .UNSPECIFIED.,.F.,.F.,(4,1,4),(0.,0.196287664884959,0.400580965813724),
 .UNSPECIFIED.);
#234=B_SPLINE_CURVE_WITH_KNOTS('',3,(#7085,#7086,#7087,#7088,#7089),
 .UNSPECIFIED.,.F.,.F.,(4,1,4),(0.,0.303868214337842,0.592475932043783),
 .UNSPECIFIED.);
#235=B_SPLINE_CURVE_WITH_KNOTS('',3,(#7091,#7092,#7093,#7094,#7095),
 .UNSPECIFIED.,.F.,.F.,(4,1,4),(0.,0.288051316949424,0.590397554368606),
 .UNSPECIFIED.);
#236=B_SPLINE_CURVE_WITH_KNOTS('',3,(#7097,#7098,#7099,#7100,#7101),
 .UNSPECIFIED.,.F.,.F.,(4,1,4),(0.,0.305487731650442,0.597799433022956),
 .UNSPECIFIED.);
#237=B_SPLINE_CURVE_WITH_KNOTS('',3,(#7103,#7104,#7105,#7106,#7107),
 .UNSPECIFIED.,.F.,.F.,(4,1,4),(0.,0.288613027538937,0.587843568941757),
 .UNSPECIFIED.);
#238=B_SPLINE_CURVE_WITH_KNOTS('',3,(#7108,#7109,#7110,#7111,#7112),
 .UNSPECIFIED.,.F.,.F.,(4,1,4),(0.,0.19604431773248,0.393811201954219),
 .UNSPECIFIED.);
#239=B_SPLINE_CURVE_WITH_KNOTS('',3,(#7115,#7116,#7117,#7118,#7119),
 .UNSPECIFIED.,.F.,.F.,(4,1,4),(0.,0.0837831589398327,0.161606384896983),
 .UNSPECIFIED.);
#240=B_SPLINE_CURVE_WITH_KNOTS('',3,(#7121,#7122,#7123,#7124,#7125),
 .UNSPECIFIED.,.F.,.F.,(4,1,4),(0.,0.0837575816763197,0.185604983222969),
 .UNSPECIFIED.);
#241=B_SPLINE_CURVE_WITH_KNOTS('',3,(#7129,#7130,#7131,#7132,#7133),
 .UNSPECIFIED.,.F.,.F.,(4,1,4),(0.,0.208213899832365,0.401640974805032),
 .UNSPECIFIED.);
#242=B_SPLINE_CURVE_WITH_KNOTS('',3,(#7135,#7136,#7137,#7138,#7139),
 .UNSPECIFIED.,.F.,.F.,(4,1,4),(0.,0.196261908852921,0.416579719773833),
 .UNSPECIFIED.);
#243=B_SPLINE_CURVE_WITH_KNOTS('',3,(#7141,#7142,#7143,#7144,#7145),
 .UNSPECIFIED.,.F.,.F.,(4,1,4),(0.,0.334531165030366,0.630260517225677),
 .UNSPECIFIED.);
#244=B_SPLINE_CURVE_WITH_KNOTS('',3,(#7147,#7148,#7149,#7150,#7151),
 .UNSPECIFIED.,.F.,.F.,(4,1,4),(0.,0.24819528192874,0.52609236669468),
 .UNSPECIFIED.);
#245=B_SPLINE_CURVE_WITH_KNOTS('',3,(#7153,#7154,#7155,#7156,#7157),
 .UNSPECIFIED.,.F.,.F.,(4,1,4),(0.,0.324374181820485,0.604984482918926),
 .UNSPECIFIED.);
#246=B_SPLINE_CURVE_WITH_KNOTS('',3,(#7159,#7160,#7161,#7162,#7163),
 .UNSPECIFIED.,.F.,.F.,(4,1,4),(0.,0.262668984469846,0.530560282116782),
 .UNSPECIFIED.);
#247=B_SPLINE_CURVE_WITH_KNOTS('',3,(#7165,#7166,#7167,#7168,#7169),
 .UNSPECIFIED.,.F.,.F.,(4,1,4),(0.,0.294137831723342,0.567360604509093),
 .UNSPECIFIED.);
#248=B_SPLINE_CURVE_WITH_KNOTS('',3,(#7171,#7172,#7173,#7174,#7175),
 .UNSPECIFIED.,.F.,.F.,(4,1,4),(0.,0.303087753963454,0.688925618503297),
 .UNSPECIFIED.);
#249=B_SPLINE_CURVE_WITH_KNOTS('',3,(#7179,#7180,#7181,#7182,#7183),
 .UNSPECIFIED.,.F.,.F.,(4,1,4),(0.,0.153857686249676,0.28657905441526),
 .UNSPECIFIED.);
#250=B_SPLINE_CURVE_WITH_KNOTS('',3,(#7184,#7185,#7186,#7187,#7188),
 .UNSPECIFIED.,.F.,.F.,(4,1,4),(0.,0.122076314052416,0.245754850694713),
 .UNSPECIFIED.);
#251=B_SPLINE_CURVE_WITH_KNOTS('',3,(#7207,#7208,#7209,#7210,#7211),
 .UNSPECIFIED.,.F.,.F.,(4,1,4),(0.,0.338096263912135,0.61791045209794),
 .UNSPECIFIED.);
#252=B_SPLINE_CURVE_WITH_KNOTS('',3,(#7213,#7214,#7215,#7216,#7217),
 .UNSPECIFIED.,.F.,.F.,(4,1,4),(0.,0.270122981955468,0.576584766738425),
 .UNSPECIFIED.);
#253=B_SPLINE_CURVE_WITH_KNOTS('',3,(#7221,#7222,#7223,#7224,#7225),
 .UNSPECIFIED.,.F.,.F.,(4,1,4),(0.,0.179717715560271,0.328763239532883),
 .UNSPECIFIED.);
#254=B_SPLINE_CURVE_WITH_KNOTS('',3,(#7227,#7228,#7229,#7230,#7231),
 .UNSPECIFIED.,.F.,.F.,(4,1,4),(0.,0.145599081873496,0.312633153034484),
 .UNSPECIFIED.);
#255=B_SPLINE_CURVE_WITH_KNOTS('',3,(#7233,#7234,#7235,#7236,#7237),
 .UNSPECIFIED.,.F.,.F.,(4,1,4),(0.,0.172094165463721,0.309064972053964),
 .UNSPECIFIED.);
#256=B_SPLINE_CURVE_WITH_KNOTS('',3,(#7239,#7240,#7241,#7242,#7243),
 .UNSPECIFIED.,.F.,.F.,(4,1,4),(0.,0.116989068867936,0.223619981643156),
 .UNSPECIFIED.);
#257=B_SPLINE_CURVE_WITH_KNOTS('',3,(#7245,#7246,#7247,#7248,#7249),
 .UNSPECIFIED.,.F.,.F.,(4,1,4),(0.,0.0663324481192105,0.129451499580417),
 .UNSPECIFIED.);
#258=B_SPLINE_CURVE_WITH_KNOTS('',3,(#7251,#7252,#7253,#7254,#7255),
 .UNSPECIFIED.,.F.,.F.,(4,1,4),(0.,0.0736257055982547,0.170387000769001),
 .UNSPECIFIED.);
#259=B_SPLINE_CURVE_WITH_KNOTS('',3,(#7257,#7258,#7259,#7260,#7261),
 .UNSPECIFIED.,.F.,.F.,(4,1,4),(0.,0.121200567476492,0.334954145739),
 .UNSPECIFIED.);
#260=B_SPLINE_CURVE_WITH_KNOTS('',3,(#7263,#7264,#7265,#7266,#7267),
 .UNSPECIFIED.,.F.,.F.,(4,1,4),(0.,0.29045945650819,0.49991983009199),
 .UNSPECIFIED.);
#261=B_SPLINE_CURVE_WITH_KNOTS('',3,(#7269,#7270,#7271,#7272,#7273),
 .UNSPECIFIED.,.F.,.F.,(4,1,4),(0.,0.229400526631144,0.453486113308505),
 .UNSPECIFIED.);
#262=B_SPLINE_CURVE_WITH_KNOTS('',3,(#7275,#7276,#7277,#7278,#7279),
 .UNSPECIFIED.,.F.,.F.,(4,1,4),(0.,0.149235712119625,0.301049535504574),
 .UNSPECIFIED.);
#263=B_SPLINE_CURVE_WITH_KNOTS('',3,(#7281,#7282,#7283,#7284,#7285),
 .UNSPECIFIED.,.F.,.F.,(4,1,4),(0.,0.158419056695334,0.325589927522121),
 .UNSPECIFIED.);
#264=B_SPLINE_CURVE_WITH_KNOTS('',3,(#7287,#7288,#7289,#7290,#7291),
 .UNSPECIFIED.,.F.,.F.,(4,1,4),(0.,0.187817644417394,0.402371063887779),
 .UNSPECIFIED.);
#265=B_SPLINE_CURVE_WITH_KNOTS('',3,(#7293,#7294,#7295,#7296,#7297),
 .UNSPECIFIED.,.F.,.F.,(4,1,4),(0.,0.332381006457332,0.599200666650659),
 .UNSPECIFIED.);
#266=B_SPLINE_CURVE_WITH_KNOTS('',3,(#7299,#7300,#7301,#7302,#7303),
 .UNSPECIFIED.,.F.,.F.,(4,1,4),(0.,0.241543348160743,0.495504403383335),
 .UNSPECIFIED.);
#267=B_SPLINE_CURVE_WITH_KNOTS('',3,(#7307,#7308,#7309,#7310,#7311),
 .UNSPECIFIED.,.F.,.F.,(4,1,4),(0.,0.138517415523124,0.252078955970273),
 .UNSPECIFIED.);
#268=B_SPLINE_CURVE_WITH_KNOTS('',3,(#7313,#7314,#7315,#7316,#7317),
 .UNSPECIFIED.,.F.,.F.,(4,1,4),(0.,0.117764039064917,0.267781439349544),
 .UNSPECIFIED.);
#269=B_SPLINE_CURVE_WITH_KNOTS('',3,(#7319,#7320,#7321,#7322,#7323),
 .UNSPECIFIED.,.F.,.F.,(4,1,4),(0.,0.157927365922604,0.288419417970594),
 .UNSPECIFIED.);
#270=B_SPLINE_CURVE_WITH_KNOTS('',3,(#7325,#7326,#7327,#7328,#7329),
 .UNSPECIFIED.,.F.,.F.,(4,1,4),(0.,0.0724806590469359,0.14421288149976),
 .UNSPECIFIED.);
#271=B_SPLINE_CURVE_WITH_KNOTS('',3,(#7331,#7332,#7333,#7334,#7335),
 .UNSPECIFIED.,.F.,.F.,(4,1,4),(0.,0.0675142893257168,0.139050765193168),
 .UNSPECIFIED.);
#272=B_SPLINE_CURVE_WITH_KNOTS('',3,(#7337,#7338,#7339,#7340,#7341),
 .UNSPECIFIED.,.F.,.F.,(4,1,4),(0.,0.146427313510911,0.396037861442338),
 .UNSPECIFIED.);
#273=B_SPLINE_CURVE_WITH_KNOTS('',3,(#7343,#7344,#7345,#7346,#7347),
 .UNSPECIFIED.,.F.,.F.,(4,1,4),(0.,0.265781639639209,0.459403193329029),
 .UNSPECIFIED.);
#274=B_SPLINE_CURVE_WITH_KNOTS('',3,(#7349,#7350,#7351,#7352,#7353),
 .UNSPECIFIED.,.F.,.F.,(4,1,4),(0.,0.153648965804907,0.303175381623211),
 .UNSPECIFIED.);
#275=B_SPLINE_CURVE_WITH_KNOTS('',3,(#7355,#7356,#7357,#7358,#7359),
 .UNSPECIFIED.,.F.,.F.,(4,1,4),(0.,0.155762186878342,0.331203887522053),
 .UNSPECIFIED.);
#276=B_SPLINE_CURVE_WITH_KNOTS('',3,(#7361,#7362,#7363,#7364,#7365),
 .UNSPECIFIED.,.F.,.F.,(4,1,4),(0.,0.168142890494111,0.339367862118826),
 .UNSPECIFIED.);
#277=B_SPLINE_CURVE_WITH_KNOTS('',3,(#7367,#7368,#7369,#7370,#7371),
 .UNSPECIFIED.,.F.,.F.,(4,1,4),(0.,0.174476846238599,0.354983399147925),
 .UNSPECIFIED.);
#278=B_SPLINE_CURVE_WITH_KNOTS('',3,(#7372,#7373,#7374,#7375,#7376),
 .UNSPECIFIED.,.F.,.F.,(4,1,4),(0.,0.203471611702443,0.443239896943862),
 .UNSPECIFIED.);
#279=B_SPLINE_CURVE_WITH_KNOTS('',3,(#7552,#7553,#7554,#7555,#7556),
 .UNSPECIFIED.,.F.,.F.,(4,1,4),(0.,0.139792122442785,0.393303897189276),
 .UNSPECIFIED.);
#280=B_SPLINE_CURVE_WITH_KNOTS('',3,(#7569,#7570,#7571,#7572,#7573),
 .UNSPECIFIED.,.F.,.F.,(4,1,4),(0.,0.0892963166193379,0.172976007203387),
 .UNSPECIFIED.);
#281=B_SPLINE_CURVE_WITH_KNOTS('',3,(#7586,#7587,#7588,#7589,#7590),
 .UNSPECIFIED.,.F.,.F.,(4,1,4),(0.,0.0940558512264145,0.186040835191268),
 .UNSPECIFIED.);
#282=B_SPLINE_CURVE_WITH_KNOTS('',3,(#7603,#7604,#7605,#7606,#7607),
 .UNSPECIFIED.,.F.,.F.,(4,1,4),(0.,0.0700345386363671,0.149100345463394),
 .UNSPECIFIED.);
#283=B_SPLINE_CURVE_WITH_KNOTS('',3,(#7620,#7621,#7622,#7623,#7624),
 .UNSPECIFIED.,.F.,.F.,(4,1,4),(0.,0.0684861458918887,0.135772505345424),
 .UNSPECIFIED.);
#284=B_SPLINE_CURVE_WITH_KNOTS('',3,(#7637,#7638,#7639,#7640,#7641),
 .UNSPECIFIED.,.F.,.F.,(4,1,4),(0.,0.246642487145169,0.376136291882655),
 .UNSPECIFIED.);
#285=B_SPLINE_CURVE_WITH_KNOTS('',3,(#7666,#7667,#7668,#7669,#7670),
 .UNSPECIFIED.,.F.,.F.,(4,1,4),(0.,0.143498852284572,0.326427799134782),
 .UNSPECIFIED.);
#286=B_SPLINE_CURVE_WITH_KNOTS('',3,(#7683,#7684,#7685,#7686,#7687),
 .UNSPECIFIED.,.F.,.F.,(4,1,4),(0.,0.126205188911877,0.249557979460798),
 .UNSPECIFIED.);
#287=B_SPLINE_CURVE_WITH_KNOTS('',3,(#7700,#7701,#7702,#7703,#7704),
 .UNSPECIFIED.,.F.,.F.,(4,1,4),(0.,0.139396844473341,0.271896910942312),
 .UNSPECIFIED.);
#288=B_SPLINE_CURVE_WITH_KNOTS('',3,(#7717,#7718,#7719,#7720,#7721),
 .UNSPECIFIED.,.F.,.F.,(4,1,4),(0.,0.141193003694799,0.281685908414917),
 .UNSPECIFIED.);
#289=B_SPLINE_CURVE_WITH_KNOTS('',3,(#7734,#7735,#7736,#7737,#7738),
 .UNSPECIFIED.,.F.,.F.,(4,1,4),(0.,0.13844728749945,0.279679598085729),
 .UNSPECIFIED.);
#290=B_SPLINE_CURVE_WITH_KNOTS('',3,(#7759,#7760,#7761,#7762,#7763),
 .UNSPECIFIED.,.F.,.F.,(4,1,4),(0.,0.110699026177273,0.259162222620247),
 .UNSPECIFIED.);
#291=B_SPLINE_CURVE_WITH_KNOTS('',3,(#7777,#7778,#7779,#7780,#7781),
 .UNSPECIFIED.,.F.,.F.,(4,1,4),(0.,0.088616848868487,0.17867656834563),
 .UNSPECIFIED.);
#292=B_SPLINE_CURVE_WITH_KNOTS('',3,(#7794,#7795,#7796,#7797,#7798),
 .UNSPECIFIED.,.F.,.F.,(4,1,4),(0.,0.105510533800326,0.197885662874667),
 .UNSPECIFIED.);
#293=B_SPLINE_CURVE_WITH_KNOTS('',3,(#7811,#7812,#7813,#7814,#7815),
 .UNSPECIFIED.,.F.,.F.,(4,1,4),(0.,0.121972385721112,0.237823214541929),
 .UNSPECIFIED.);
#294=B_SPLINE_CURVE_WITH_KNOTS('',3,(#7828,#7829,#7830,#7831,#7832),
 .UNSPECIFIED.,.F.,.F.,(4,1,4),(0.,0.282483638997563,0.552846893237292),
 .UNSPECIFIED.);
#295=B_SPLINE_CURVE_WITH_KNOTS('',3,(#7865,#7866,#7867,#7868,#7869),
 .UNSPECIFIED.,.F.,.F.,(4,1,4),(0.,0.130027792173175,0.33479156718104),
 .UNSPECIFIED.);
#296=B_SPLINE_CURVE_WITH_KNOTS('',3,(#7882,#7883,#7884,#7885,#7886),
 .UNSPECIFIED.,.F.,.F.,(4,1,4),(0.,0.0921581688980531,0.183687878129045),
 .UNSPECIFIED.);
#297=B_SPLINE_CURVE_WITH_KNOTS('',3,(#7899,#7900,#7901,#7902,#7903),
 .UNSPECIFIED.,.F.,.F.,(4,1,4),(0.,0.0954547304825203,0.189113287280902),
 .UNSPECIFIED.);
#298=B_SPLINE_CURVE_WITH_KNOTS('',3,(#7916,#7917,#7918,#7919,#7920),
 .UNSPECIFIED.,.F.,.F.,(4,1,4),(0.,0.0668217877379456,0.139416916757024),
 .UNSPECIFIED.);
#299=B_SPLINE_CURVE_WITH_KNOTS('',3,(#7933,#7934,#7935,#7936,#7937),
 .UNSPECIFIED.,.F.,.F.,(4,1,4),(0.,0.0697189761558073,0.136297219976896),
 .UNSPECIFIED.);
#300=B_SPLINE_CURVE_WITH_KNOTS('',3,(#7950,#7951,#7952,#7953,#7954),
 .UNSPECIFIED.,.F.,.F.,(4,1,4),(0.,0.193139861478899,0.30449608871509),
 .UNSPECIFIED.);
#301=B_SPLINE_CURVE_WITH_KNOTS('',3,(#7978,#7979,#7980,#7981,#7982),
 .UNSPECIFIED.,.F.,.F.,(4,1,4),(0.,0.128443178015207,0.260543789205531),
 .UNSPECIFIED.);
#302=B_SPLINE_CURVE_WITH_KNOTS('',3,(#7986,#7987,#7988,#7989,#7990),
 .UNSPECIFIED.,.F.,.F.,(4,1,4),(0.,0.128443178015207,0.260543789205531),
 .UNSPECIFIED.);
#303=B_SPLINE_CURVE_WITH_KNOTS('',3,(#8003,#8004,#8005,#8006,#8007),
 .UNSPECIFIED.,.F.,.F.,(4,1,4),(0.,0.13193927769911,0.262788053798188),
 .UNSPECIFIED.);
#304=B_SPLINE_CURVE_WITH_KNOTS('',3,(#8010,#8011,#8012,#8013,#8014),
 .UNSPECIFIED.,.F.,.F.,(4,1,4),(0.,0.13193927769911,0.262788053798188),
 .UNSPECIFIED.);
#305=B_SPLINE_CURVE_WITH_KNOTS('',3,(#8026,#8027,#8028,#8029,#8030),
 .UNSPECIFIED.,.F.,.F.,(4,1,4),(0.,0.215707293357255,0.375000020050076),
 .UNSPECIFIED.);
#306=B_SPLINE_CURVE_WITH_KNOTS('',3,(#8033,#8034,#8035,#8036,#8037),
 .UNSPECIFIED.,.F.,.F.,(4,1,4),(0.,0.215707293357255,0.375000020050076),
 .UNSPECIFIED.);
#307=B_SPLINE_CURVE_WITH_KNOTS('',3,(#8049,#8050,#8051,#8052,#8053),
 .UNSPECIFIED.,.F.,.F.,(4,1,4),(0.,0.157105963045964,0.354584498249251),
 .UNSPECIFIED.);
#308=B_SPLINE_CURVE_WITH_KNOTS('',3,(#8056,#8057,#8058,#8059,#8060),
 .UNSPECIFIED.,.F.,.F.,(4,1,4),(0.,0.157105963045964,0.354584498249251),
 .UNSPECIFIED.);
#309=B_SPLINE_CURVE_WITH_KNOTS('',3,(#8072,#8073,#8074,#8075,#8076),
 .UNSPECIFIED.,.F.,.F.,(4,1,4),(0.,0.125595655062681,0.258180111967049),
 .UNSPECIFIED.);
#310=B_SPLINE_CURVE_WITH_KNOTS('',3,(#8079,#8080,#8081,#8082,#8083),
 .UNSPECIFIED.,.F.,.F.,(4,1,4),(0.,0.125595655062681,0.258180111967049),
 .UNSPECIFIED.);
#311=B_SPLINE_CURVE_WITH_KNOTS('',3,(#8095,#8096,#8097,#8098,#8099),
 .UNSPECIFIED.,.F.,.F.,(4,1,4),(0.,0.158209399674348,0.310912035022023),
 .UNSPECIFIED.);
#312=B_SPLINE_CURVE_WITH_KNOTS('',3,(#8102,#8103,#8104,#8105,#8106),
 .UNSPECIFIED.,.F.,.F.,(4,1,4),(0.,0.158209399674348,0.310912035022023),
 .UNSPECIFIED.);
#313=B_SPLINE_CURVE_WITH_KNOTS('',3,(#8118,#8119,#8120,#8121,#8122),
 .UNSPECIFIED.,.F.,.F.,(4,1,4),(0.,0.200505350149738,0.344515730364688),
 .UNSPECIFIED.);
#314=B_SPLINE_CURVE_WITH_KNOTS('',3,(#8125,#8126,#8127,#8128,#8129),
 .UNSPECIFIED.,.F.,.F.,(4,1,4),(0.,0.200505350149738,0.344515730364688),
 .UNSPECIFIED.);
#315=B_SPLINE_CURVE_WITH_KNOTS('',3,(#8140,#8141,#8142,#8143,#8144),
 .UNSPECIFIED.,.F.,.F.,(4,1,4),(0.,0.151159540444485,0.341147345517475),
 .UNSPECIFIED.);
#316=B_SPLINE_CURVE_WITH_KNOTS('',3,(#8145,#8146,#8147,#8148,#8149),
 .UNSPECIFIED.,.F.,.F.,(4,1,4),(0.,0.151159540444485,0.341147345517475),
 .UNSPECIFIED.);
#317=B_SPLINE_CURVE_WITH_KNOTS('',3,(#8172,#8173,#8174,#8175,#8176),
 .UNSPECIFIED.,.F.,.F.,(4,1,4),(0.,0.232023508866361,0.477911701741301),
 .UNSPECIFIED.);
#318=B_SPLINE_CURVE_WITH_KNOTS('',3,(#8189,#8190,#8191,#8192,#8193),
 .UNSPECIFIED.,.F.,.F.,(4,1,4),(0.,0.24346224145107,0.490012344890649),
 .UNSPECIFIED.);
#319=B_SPLINE_CURVE_WITH_KNOTS('',3,(#8206,#8207,#8208,#8209,#8210),
 .UNSPECIFIED.,.F.,.F.,(4,1,4),(0.,0.326893457132365,0.595720303626483),
 .UNSPECIFIED.);
#320=B_SPLINE_CURVE_WITH_KNOTS('',3,(#8223,#8224,#8225,#8226,#8227),
 .UNSPECIFIED.,.F.,.F.,(4,1,4),(0.,0.275685422421662,0.599337105906526),
 .UNSPECIFIED.);
#321=B_SPLINE_CURVE_WITH_KNOTS('',3,(#8240,#8241,#8242,#8243,#8244),
 .UNSPECIFIED.,.F.,.F.,(4,1,4),(0.,0.237280427186724,0.484700620964088),
 .UNSPECIFIED.);
#322=B_SPLINE_CURVE_WITH_KNOTS('',3,(#8257,#8258,#8259,#8260,#8261),
 .UNSPECIFIED.,.F.,.F.,(4,1,4),(0.,0.128857650622338,0.251877226993238),
 .UNSPECIFIED.);
#323=B_SPLINE_CURVE_WITH_KNOTS('',3,(#8274,#8275,#8276,#8277,#8278),
 .UNSPECIFIED.,.F.,.F.,(4,1,4),(0.,0.145415125162862,0.282393715488619),
 .UNSPECIFIED.);
#324=B_SPLINE_CURVE_WITH_KNOTS('',3,(#8344,#8345,#8346,#8347,#8348),
 .UNSPECIFIED.,.F.,.F.,(4,1,4),(0.,0.180936676704935,0.487312723894798),
 .UNSPECIFIED.);
#325=B_SPLINE_CURVE_WITH_KNOTS('',3,(#8362,#8363,#8364,#8365,#8366),
 .UNSPECIFIED.,.F.,.F.,(4,1,4),(0.,0.079527324349857,0.184726509514665),
 .UNSPECIFIED.);
#326=B_SPLINE_CURVE_WITH_KNOTS('',3,(#8379,#8380,#8381,#8382,#8383),
 .UNSPECIFIED.,.F.,.F.,(4,1,4),(0.,0.0751993185651262,0.145862192395876),
 .UNSPECIFIED.);
#327=B_SPLINE_CURVE_WITH_KNOTS('',3,(#8396,#8397,#8398,#8399,#8400),
 .UNSPECIFIED.,.F.,.F.,(4,1,4),(0.,0.104635403074022,0.192674459268959),
 .UNSPECIFIED.);
#328=B_SPLINE_CURVE_WITH_KNOTS('',3,(#8417,#8418,#8419,#8420,#8421),
 .UNSPECIFIED.,.F.,.F.,(4,1,4),(0.,0.129845912262844,0.265007808374457),
 .UNSPECIFIED.);
#329=B_SPLINE_CURVE_WITH_KNOTS('',3,(#8434,#8435,#8436,#8437,#8438),
 .UNSPECIFIED.,.F.,.F.,(4,1,4),(0.,0.0858124441658805,0.174567822808853),
 .UNSPECIFIED.);
#330=B_SPLINE_CURVE_WITH_KNOTS('',3,(#8451,#8452,#8453,#8454,#8455),
 .UNSPECIFIED.,.F.,.F.,(4,1,4),(0.,0.148877673889107,0.253866326046542),
 .UNSPECIFIED.);
#331=B_SPLINE_CURVE_WITH_KNOTS('',3,(#8487,#8488,#8489,#8490,#8491),
 .UNSPECIFIED.,.F.,.F.,(4,1,4),(0.,0.128443178015207,0.260543789205531),
 .UNSPECIFIED.);
#332=B_SPLINE_CURVE_WITH_KNOTS('',3,(#8495,#8496,#8497,#8498,#8499),
 .UNSPECIFIED.,.F.,.F.,(4,1,4),(0.,0.128443178015207,0.260543789205531),
 .UNSPECIFIED.);
#333=B_SPLINE_CURVE_WITH_KNOTS('',3,(#8512,#8513,#8514,#8515,#8516),
 .UNSPECIFIED.,.F.,.F.,(4,1,4),(0.,0.13193927769911,0.262788053798188),
 .UNSPECIFIED.);
#334=B_SPLINE_CURVE_WITH_KNOTS('',3,(#8519,#8520,#8521,#8522,#8523),
 .UNSPECIFIED.,.F.,.F.,(4,1,4),(0.,0.13193927769911,0.262788053798188),
 .UNSPECIFIED.);
#335=B_SPLINE_CURVE_WITH_KNOTS('',3,(#8535,#8536,#8537,#8538,#8539),
 .UNSPECIFIED.,.F.,.F.,(4,1,4),(0.,0.215707293357255,0.375000222199799),
 .UNSPECIFIED.);
#336=B_SPLINE_CURVE_WITH_KNOTS('',3,(#8542,#8543,#8544,#8545,#8546),
 .UNSPECIFIED.,.F.,.F.,(4,1,4),(0.,0.215707293357255,0.375000222199799),
 .UNSPECIFIED.);
#337=B_SPLINE_CURVE_WITH_KNOTS('',3,(#8558,#8559,#8560,#8561,#8562),
 .UNSPECIFIED.,.F.,.F.,(4,1,4),(0.,0.157106174221057,0.354584709424345),
 .UNSPECIFIED.);
#338=B_SPLINE_CURVE_WITH_KNOTS('',3,(#8565,#8566,#8567,#8568,#8569),
 .UNSPECIFIED.,.F.,.F.,(4,1,4),(0.,0.157106174221057,0.354584709424345),
 .UNSPECIFIED.);
#339=B_SPLINE_CURVE_WITH_KNOTS('',3,(#8581,#8582,#8583,#8584,#8585),
 .UNSPECIFIED.,.F.,.F.,(4,1,4),(0.,0.125595655062681,0.258180111967049),
 .UNSPECIFIED.);
#340=B_SPLINE_CURVE_WITH_KNOTS('',3,(#8588,#8589,#8590,#8591,#8592),
 .UNSPECIFIED.,.F.,.F.,(4,1,4),(0.,0.125595655062681,0.258180111967049),
 .UNSPECIFIED.);
#341=B_SPLINE_CURVE_WITH_KNOTS('',3,(#8604,#8605,#8606,#8607,#8608),
 .UNSPECIFIED.,.F.,.F.,(4,1,4),(0.,0.158209734786639,0.310911907912649),
 .UNSPECIFIED.);
#342=B_SPLINE_CURVE_WITH_KNOTS('',3,(#8611,#8612,#8613,#8614,#8615),
 .UNSPECIFIED.,.F.,.F.,(4,1,4),(0.,0.158209734786639,0.310911907912649),
 .UNSPECIFIED.);
#343=B_SPLINE_CURVE_WITH_KNOTS('',3,(#8627,#8628,#8629,#8630,#8631),
 .UNSPECIFIED.,.F.,.F.,(4,1,4),(0.,0.200505350149738,0.344515571131609),
 .UNSPECIFIED.);
#344=B_SPLINE_CURVE_WITH_KNOTS('',3,(#8634,#8635,#8636,#8637,#8638),
 .UNSPECIFIED.,.F.,.F.,(4,1,4),(0.,0.200505350149738,0.344515571131609),
 .UNSPECIFIED.);
#345=B_SPLINE_CURVE_WITH_KNOTS('',3,(#8649,#8650,#8651,#8652,#8653),
 .UNSPECIFIED.,.F.,.F.,(4,1,4),(0.,0.151159540444485,0.341147288164759),
 .UNSPECIFIED.);
#346=B_SPLINE_CURVE_WITH_KNOTS('',3,(#8654,#8655,#8656,#8657,#8658),
 .UNSPECIFIED.,.F.,.F.,(4,1,4),(0.,0.151159540444485,0.341147288164759),
 .UNSPECIFIED.);
#347=B_SPLINE_CURVE_WITH_KNOTS('',3,(#8681,#8682,#8683,#8684,#8685),
 .UNSPECIFIED.,.F.,.F.,(4,1,4),(0.,0.232023974282539,0.477912167157479),
 .UNSPECIFIED.);
#348=B_SPLINE_CURVE_WITH_KNOTS('',3,(#8698,#8699,#8700,#8701,#8702),
 .UNSPECIFIED.,.F.,.F.,(4,1,4),(0.,0.2434618573524,0.490011960791979),
 .UNSPECIFIED.);
#349=B_SPLINE_CURVE_WITH_KNOTS('',3,(#8715,#8716,#8717,#8718,#8719),
 .UNSPECIFIED.,.F.,.F.,(4,1,4),(0.,0.326893457132365,0.595720534119076),
 .UNSPECIFIED.);
#350=B_SPLINE_CURVE_WITH_KNOTS('',3,(#8732,#8733,#8734,#8735,#8736),
 .UNSPECIFIED.,.F.,.F.,(4,1,4),(0.,0.275685422421662,0.599337105906526),
 .UNSPECIFIED.);
#351=B_SPLINE_CURVE_WITH_KNOTS('',3,(#8749,#8750,#8751,#8752,#8753),
 .UNSPECIFIED.,.F.,.F.,(4,1,4),(0.,0.237280893257861,0.484701087035225),
 .UNSPECIFIED.);
#352=B_SPLINE_CURVE_WITH_KNOTS('',3,(#8766,#8767,#8768,#8769,#8770),
 .UNSPECIFIED.,.F.,.F.,(4,1,4),(0.,0.128857203835438,0.251876780206338),
 .UNSPECIFIED.);
#353=B_SPLINE_CURVE_WITH_KNOTS('',3,(#8783,#8784,#8785,#8786,#8787),
 .UNSPECIFIED.,.F.,.F.,(4,1,4),(0.,0.145415125162862,0.282394109665406),
 .UNSPECIFIED.);
#354=B_SPLINE_CURVE_WITH_KNOTS('',3,(#8811,#8812,#8813,#8814,#8815),
 .UNSPECIFIED.,.F.,.F.,(4,1,4),(0.,0.12386638210687,0.265723236738763),
 .UNSPECIFIED.);
#355=B_SPLINE_CURVE_WITH_KNOTS('',3,(#8819,#8820,#8821,#8822,#8823),
 .UNSPECIFIED.,.F.,.F.,(4,1,4),(0.,0.12386638210687,0.265723236738763),
 .UNSPECIFIED.);
#356=B_SPLINE_CURVE_WITH_KNOTS('',3,(#8836,#8837,#8838,#8839,#8840),
 .UNSPECIFIED.,.F.,.F.,(4,1,4),(0.,0.116853922781483,0.232204809830954),
 .UNSPECIFIED.);
#357=B_SPLINE_CURVE_WITH_KNOTS('',3,(#8843,#8844,#8845,#8846,#8847),
 .UNSPECIFIED.,.F.,.F.,(4,1,4),(0.,0.116853922781483,0.232204809830954),
 .UNSPECIFIED.);
#358=B_SPLINE_CURVE_WITH_KNOTS('',3,(#8859,#8860,#8861,#8862,#8863),
 .UNSPECIFIED.,.F.,.F.,(4,1,4),(0.,0.111887330299261,0.222520572778654),
 .UNSPECIFIED.);
#359=B_SPLINE_CURVE_WITH_KNOTS('',3,(#8866,#8867,#8868,#8869,#8870),
 .UNSPECIFIED.,.F.,.F.,(4,1,4),(0.,0.111887330299261,0.222520572778654),
 .UNSPECIFIED.);
#360=B_SPLINE_CURVE_WITH_KNOTS('',3,(#8882,#8883,#8884,#8885,#8886),
 .UNSPECIFIED.,.F.,.F.,(4,1,4),(0.,0.148196979564978,0.271268924490726),
 .UNSPECIFIED.);
#361=B_SPLINE_CURVE_WITH_KNOTS('',3,(#8889,#8890,#8891,#8892,#8893),
 .UNSPECIFIED.,.F.,.F.,(4,1,4),(0.,0.148196979564978,0.271268924490726),
 .UNSPECIFIED.);
#362=B_SPLINE_CURVE_WITH_KNOTS('',3,(#8910,#8911,#8912,#8913,#8914),
 .UNSPECIFIED.,.F.,.F.,(4,1,4),(0.,0.0837831589398327,0.161606384896983),
 .UNSPECIFIED.);
#363=B_SPLINE_CURVE_WITH_KNOTS('',3,(#8928,#8929,#8930,#8931,#8932),
 .UNSPECIFIED.,.F.,.F.,(4,1,4),(0.,0.122076314052416,0.245754850694713),
 .UNSPECIFIED.);
#364=B_SPLINE_CURVE_WITH_KNOTS('',3,(#8945,#8946,#8947,#8948,#8949),
 .UNSPECIFIED.,.F.,.F.,(4,1,4),(0.,0.153857686249676,0.28657905441526),
 .UNSPECIFIED.);
#365=B_SPLINE_CURVE_WITH_KNOTS('',3,(#8966,#8967,#8968,#8969,#8970),
 .UNSPECIFIED.,.F.,.F.,(4,1,4),(0.,0.303087971279802,0.688925835819645),
 .UNSPECIFIED.);
#366=B_SPLINE_CURVE_WITH_KNOTS('',3,(#8983,#8984,#8985,#8986,#8987),
 .UNSPECIFIED.,.F.,.F.,(4,1,4),(0.,0.294137831723342,0.567360604509093),
 .UNSPECIFIED.);
#367=B_SPLINE_CURVE_WITH_KNOTS('',3,(#9000,#9001,#9002,#9003,#9004),
 .UNSPECIFIED.,.F.,.F.,(4,1,4),(0.,0.262668984469846,0.530560282116782),
 .UNSPECIFIED.);
#368=B_SPLINE_CURVE_WITH_KNOTS('',3,(#9017,#9018,#9019,#9020,#9021),
 .UNSPECIFIED.,.F.,.F.,(4,1,4),(0.,0.324374181820485,0.604984482918926),
 .UNSPECIFIED.);
#369=B_SPLINE_CURVE_WITH_KNOTS('',3,(#9034,#9035,#9036,#9037,#9038),
 .UNSPECIFIED.,.F.,.F.,(4,1,4),(0.,0.24819528192874,0.52609236669468),
 .UNSPECIFIED.);
#370=B_SPLINE_CURVE_WITH_KNOTS('',3,(#9051,#9052,#9053,#9054,#9055),
 .UNSPECIFIED.,.F.,.F.,(4,1,4),(0.,0.334531165030366,0.630260517225677),
 .UNSPECIFIED.);
#371=B_SPLINE_CURVE_WITH_KNOTS('',3,(#9068,#9069,#9070,#9071,#9072),
 .UNSPECIFIED.,.F.,.F.,(4,1,4),(0.,0.196261908852921,0.416579719773833),
 .UNSPECIFIED.);
#372=B_SPLINE_CURVE_WITH_KNOTS('',3,(#9085,#9086,#9087,#9088,#9089),
 .UNSPECIFIED.,.F.,.F.,(4,1,4),(0.,0.208213899832365,0.401640974805032),
 .UNSPECIFIED.);
#373=B_SPLINE_CURVE_WITH_KNOTS('',3,(#9104,#9105,#9106,#9107,#9108),
 .UNSPECIFIED.,.F.,.F.,(4,1,4),(0.,0.0837575816763197,0.185604983222969),
 .UNSPECIFIED.);
#374=B_SPLINE_CURVE_WITH_KNOTS('',3,(#9123,#9124,#9125,#9126,#9127),
 .UNSPECIFIED.,.F.,.F.,(4,1,4),(0.,0.110698885138537,0.259162081581511),
 .UNSPECIFIED.);
#375=B_SPLINE_CURVE_WITH_KNOTS('',3,(#9141,#9142,#9143,#9144,#9145),
 .UNSPECIFIED.,.F.,.F.,(4,1,4),(0.,0.088616848868487,0.17867656834563),
 .UNSPECIFIED.);
#376=B_SPLINE_CURVE_WITH_KNOTS('',3,(#9158,#9159,#9160,#9161,#9162),
 .UNSPECIFIED.,.F.,.F.,(4,1,4),(0.,0.105510533800326,0.197885662874667),
 .UNSPECIFIED.);
#377=B_SPLINE_CURVE_WITH_KNOTS('',3,(#9175,#9176,#9177,#9178,#9179),
 .UNSPECIFIED.,.F.,.F.,(4,1,4),(0.,0.121971436366537,0.237823174848616),
 .UNSPECIFIED.);
#378=B_SPLINE_CURVE_WITH_KNOTS('',3,(#9192,#9193,#9194,#9195,#9196),
 .UNSPECIFIED.,.F.,.F.,(4,1,4),(0.,0.282483638997563,0.552846893237292),
 .UNSPECIFIED.);
#379=B_SPLINE_CURVE_WITH_KNOTS('',3,(#9229,#9230,#9231,#9232,#9233),
 .UNSPECIFIED.,.F.,.F.,(4,1,4),(0.,0.130027792173175,0.33479156718104),
 .UNSPECIFIED.);
#380=B_SPLINE_CURVE_WITH_KNOTS('',3,(#9246,#9247,#9248,#9249,#9250),
 .UNSPECIFIED.,.F.,.F.,(4,1,4),(0.,0.0921581688980531,0.183687878129045),
 .UNSPECIFIED.);
#381=B_SPLINE_CURVE_WITH_KNOTS('',3,(#9263,#9264,#9265,#9266,#9267),
 .UNSPECIFIED.,.F.,.F.,(4,1,4),(0.,0.0954547304825203,0.189113287280902),
 .UNSPECIFIED.);
#382=B_SPLINE_CURVE_WITH_KNOTS('',3,(#9280,#9281,#9282,#9283,#9284),
 .UNSPECIFIED.,.F.,.F.,(4,1,4),(0.,0.0668217877379456,0.139417862143843),
 .UNSPECIFIED.);
#383=B_SPLINE_CURVE_WITH_KNOTS('',3,(#9297,#9298,#9299,#9300,#9301),
 .UNSPECIFIED.,.F.,.F.,(4,1,4),(0.,0.0697189761558073,0.136297219976896),
 .UNSPECIFIED.);
#384=B_SPLINE_CURVE_WITH_KNOTS('',3,(#9314,#9315,#9316,#9317,#9318),
 .UNSPECIFIED.,.F.,.F.,(4,1,4),(0.,0.193139861478899,0.30449608871509),
 .UNSPECIFIED.);
#385=B_SPLINE_CURVE_WITH_KNOTS('',3,(#9342,#9343,#9344,#9345,#9346),
 .UNSPECIFIED.,.F.,.F.,(4,1,4),(0.,0.141070891449779,0.284045009294664),
 .UNSPECIFIED.);
#386=B_SPLINE_CURVE_WITH_KNOTS('',3,(#9350,#9351,#9352,#9353,#9354),
 .UNSPECIFIED.,.F.,.F.,(4,1,4),(0.,0.141070891449779,0.284045009294664),
 .UNSPECIFIED.);
#387=B_SPLINE_CURVE_WITH_KNOTS('',3,(#9367,#9368,#9369,#9370,#9371),
 .UNSPECIFIED.,.F.,.F.,(4,1,4),(0.,0.142157884367818,0.282894492183592),
 .UNSPECIFIED.);
#388=B_SPLINE_CURVE_WITH_KNOTS('',3,(#9374,#9375,#9376,#9377,#9378),
 .UNSPECIFIED.,.F.,.F.,(4,1,4),(0.,0.142157884367818,0.282894492183592),
 .UNSPECIFIED.);
#389=B_SPLINE_CURVE_WITH_KNOTS('',3,(#9390,#9391,#9392,#9393,#9394),
 .UNSPECIFIED.,.F.,.F.,(4,1,4),(0.,0.189997178757429,0.348908512811891),
 .UNSPECIFIED.);
#390=B_SPLINE_CURVE_WITH_KNOTS('',3,(#9397,#9398,#9399,#9400,#9401),
 .UNSPECIFIED.,.F.,.F.,(4,1,4),(0.,0.189997178757429,0.348908512811891),
 .UNSPECIFIED.);
#391=B_SPLINE_CURVE_WITH_KNOTS('',3,(#9413,#9414,#9415,#9416,#9417),
 .UNSPECIFIED.,.F.,.F.,(4,1,4),(0.,0.16010742261229,0.354160901827865),
 .UNSPECIFIED.);
#392=B_SPLINE_CURVE_WITH_KNOTS('',3,(#9420,#9421,#9422,#9423,#9424),
 .UNSPECIFIED.,.F.,.F.,(4,1,4),(0.,0.16010742261229,0.354160901827865),
 .UNSPECIFIED.);
#393=B_SPLINE_CURVE_WITH_KNOTS('',3,(#9436,#9437,#9438,#9439,#9440),
 .UNSPECIFIED.,.F.,.F.,(4,1,4),(0.,0.140736607815774,0.282894564257101),
 .UNSPECIFIED.);
#394=B_SPLINE_CURVE_WITH_KNOTS('',3,(#9443,#9444,#9445,#9446,#9447),
 .UNSPECIFIED.,.F.,.F.,(4,1,4),(0.,0.140736607815774,0.282894564257101),
 .UNSPECIFIED.);
#395=B_SPLINE_CURVE_WITH_KNOTS('',3,(#9459,#9460,#9461,#9462,#9463),
 .UNSPECIFIED.,.F.,.F.,(4,1,4),(0.,0.14297418950693,0.284045080956708),
 .UNSPECIFIED.);
#396=B_SPLINE_CURVE_WITH_KNOTS('',3,(#9466,#9467,#9468,#9469,#9470),
 .UNSPECIFIED.,.F.,.F.,(4,1,4),(0.,0.14297418950693,0.284045080956708),
 .UNSPECIFIED.);
#397=B_SPLINE_CURVE_WITH_KNOTS('',3,(#9482,#9483,#9484,#9485,#9486),
 .UNSPECIFIED.,.F.,.F.,(4,1,4),(0.,0.192025092106854,0.351534075726973),
 .UNSPECIFIED.);
#398=B_SPLINE_CURVE_WITH_KNOTS('',3,(#9489,#9490,#9491,#9492,#9493),
 .UNSPECIFIED.,.F.,.F.,(4,1,4),(0.,0.192025092106854,0.351534075726973),
 .UNSPECIFIED.);
#399=B_SPLINE_CURVE_WITH_KNOTS('',3,(#9504,#9505,#9506,#9507,#9508),
 .UNSPECIFIED.,.F.,.F.,(4,1,4),(0.,0.159508983620119,0.351534193873828),
 .UNSPECIFIED.);
#400=B_SPLINE_CURVE_WITH_KNOTS('',3,(#9509,#9510,#9511,#9512,#9513),
 .UNSPECIFIED.,.F.,.F.,(4,1,4),(0.,0.159508983620119,0.351534193873828),
 .UNSPECIFIED.);
#401=B_SPLINE_CURVE_WITH_KNOTS('',3,(#9527,#9528,#9529,#9530,#9531),
 .UNSPECIFIED.,.F.,.F.,(4,1,4),(0.,0.193491906083504,0.3848316541223),
 .UNSPECIFIED.);
#402=B_SPLINE_CURVE_WITH_KNOTS('',3,(#9545,#9546,#9547,#9548,#9549),
 .UNSPECIFIED.,.F.,.F.,(4,1,4),(0.,0.19604431773248,0.393811201954219),
 .UNSPECIFIED.);
#403=B_SPLINE_CURVE_WITH_KNOTS('',3,(#9562,#9563,#9564,#9565,#9566),
 .UNSPECIFIED.,.F.,.F.,(4,1,4),(0.,0.288613027538937,0.587843568941757),
 .UNSPECIFIED.);
#404=B_SPLINE_CURVE_WITH_KNOTS('',3,(#9579,#9580,#9581,#9582,#9583),
 .UNSPECIFIED.,.F.,.F.,(4,1,4),(0.,0.305487731650442,0.597799433022956),
 .UNSPECIFIED.);
#405=B_SPLINE_CURVE_WITH_KNOTS('',3,(#9596,#9597,#9598,#9599,#9600),
 .UNSPECIFIED.,.F.,.F.,(4,1,4),(0.,0.288051316949424,0.590397554368606),
 .UNSPECIFIED.);
#406=B_SPLINE_CURVE_WITH_KNOTS('',3,(#9613,#9614,#9615,#9616,#9617),
 .UNSPECIFIED.,.F.,.F.,(4,1,4),(0.,0.303868214337842,0.592475932043783),
 .UNSPECIFIED.);
#407=B_SPLINE_CURVE_WITH_KNOTS('',3,(#9630,#9631,#9632,#9633,#9634),
 .UNSPECIFIED.,.F.,.F.,(4,1,4),(0.,0.196287664884959,0.400580965813724),
 .UNSPECIFIED.);
#408=B_SPLINE_CURVE_WITH_KNOTS('',3,(#9647,#9648,#9649,#9650,#9651),
 .UNSPECIFIED.,.F.,.F.,(4,1,4),(0.,0.194236830317799,0.385370562739818),
 .UNSPECIFIED.);
#409=B_SPLINE_CURVE_WITH_KNOTS('',3,(#9664,#9665,#9666,#9667,#9668),
 .UNSPECIFIED.,.F.,.F.,(4,1,4),(0.,0.189394059238901,0.384409538384987),
 .UNSPECIFIED.);
#410=B_SPLINE_CURVE_WITH_KNOTS('',3,(#9679,#9680,#9681,#9682,#9683),
 .UNSPECIFIED.,.F.,.F.,(4,1,4),(0.,0.205867819417494,0.437964291473571),
 .UNSPECIFIED.);
#411=B_SPLINE_CURVE_WITH_KNOTS('',3,(#9697,#9698,#9699,#9700,#9701),
 .UNSPECIFIED.,.F.,.F.,(4,1,4),(0.,0.12386638210687,0.265723236738763),
 .UNSPECIFIED.);
#412=B_SPLINE_CURVE_WITH_KNOTS('',3,(#9705,#9706,#9707,#9708,#9709),
 .UNSPECIFIED.,.F.,.F.,(4,1,4),(0.,0.12386638210687,0.265723236738763),
 .UNSPECIFIED.);
#413=B_SPLINE_CURVE_WITH_KNOTS('',3,(#9722,#9723,#9724,#9725,#9726),
 .UNSPECIFIED.,.F.,.F.,(4,1,4),(0.,0.116853922781483,0.232204809830954),
 .UNSPECIFIED.);
#414=B_SPLINE_CURVE_WITH_KNOTS('',3,(#9729,#9730,#9731,#9732,#9733),
 .UNSPECIFIED.,.F.,.F.,(4,1,4),(0.,0.116853922781483,0.232204809830954),
 .UNSPECIFIED.);
#415=B_SPLINE_CURVE_WITH_KNOTS('',3,(#9745,#9746,#9747,#9748,#9749),
 .UNSPECIFIED.,.F.,.F.,(4,1,4),(0.,0.111887330299261,0.222520572778654),
 .UNSPECIFIED.);
#416=B_SPLINE_CURVE_WITH_KNOTS('',3,(#9752,#9753,#9754,#9755,#9756),
 .UNSPECIFIED.,.F.,.F.,(4,1,4),(0.,0.111887330299261,0.222520572778654),
 .UNSPECIFIED.);
#417=B_SPLINE_CURVE_WITH_KNOTS('',3,(#9768,#9769,#9770,#9771,#9772),
 .UNSPECIFIED.,.F.,.F.,(4,1,4),(0.,0.148196979564978,0.271268924490726),
 .UNSPECIFIED.);
#418=B_SPLINE_CURVE_WITH_KNOTS('',3,(#9775,#9776,#9777,#9778,#9779),
 .UNSPECIFIED.,.F.,.F.,(4,1,4),(0.,0.148196979564978,0.271268924490726),
 .UNSPECIFIED.);
#419=B_SPLINE_CURVE_WITH_KNOTS('',3,(#9796,#9797,#9798,#9799,#9800),
 .UNSPECIFIED.,.F.,.F.,(4,1,4),(0.,0.0837831589398327,0.161606384896983),
 .UNSPECIFIED.);
#420=B_SPLINE_CURVE_WITH_KNOTS('',3,(#9814,#9815,#9816,#9817,#9818),
 .UNSPECIFIED.,.F.,.F.,(4,1,4),(0.,0.122076314052416,0.245754850694713),
 .UNSPECIFIED.);
#421=B_SPLINE_CURVE_WITH_KNOTS('',3,(#9831,#9832,#9833,#9834,#9835),
 .UNSPECIFIED.,.F.,.F.,(4,1,4),(0.,0.153857686249676,0.28657905441526),
 .UNSPECIFIED.);
#422=B_SPLINE_CURVE_WITH_KNOTS('',3,(#9852,#9853,#9854,#9855,#9856),
 .UNSPECIFIED.,.F.,.F.,(4,1,4),(0.,0.303087753963454,0.688925618503297),
 .UNSPECIFIED.);
#423=B_SPLINE_CURVE_WITH_KNOTS('',3,(#9869,#9870,#9871,#9872,#9873),
 .UNSPECIFIED.,.F.,.F.,(4,1,4),(0.,0.294137831723342,0.567360604509093),
 .UNSPECIFIED.);
#424=B_SPLINE_CURVE_WITH_KNOTS('',3,(#9886,#9887,#9888,#9889,#9890),
 .UNSPECIFIED.,.F.,.F.,(4,1,4),(0.,0.262668984469846,0.530560282116782),
 .UNSPECIFIED.);
#425=B_SPLINE_CURVE_WITH_KNOTS('',3,(#9903,#9904,#9905,#9906,#9907),
 .UNSPECIFIED.,.F.,.F.,(4,1,4),(0.,0.324374181820485,0.604984482918926),
 .UNSPECIFIED.);
#426=B_SPLINE_CURVE_WITH_KNOTS('',3,(#9920,#9921,#9922,#9923,#9924),
 .UNSPECIFIED.,.F.,.F.,(4,1,4),(0.,0.24819528192874,0.52609236669468),
 .UNSPECIFIED.);
#427=B_SPLINE_CURVE_WITH_KNOTS('',3,(#9937,#9938,#9939,#9940,#9941),
 .UNSPECIFIED.,.F.,.F.,(4,1,4),(0.,0.334531165030366,0.630260517225677),
 .UNSPECIFIED.);
#428=B_SPLINE_CURVE_WITH_KNOTS('',3,(#9954,#9955,#9956,#9957,#9958),
 .UNSPECIFIED.,.F.,.F.,(4,1,4),(0.,0.196261908852921,0.416579719773833),
 .UNSPECIFIED.);
#429=B_SPLINE_CURVE_WITH_KNOTS('',3,(#9971,#9972,#9973,#9974,#9975),
 .UNSPECIFIED.,.F.,.F.,(4,1,4),(0.,0.208213899832365,0.401640974805032),
 .UNSPECIFIED.);
#430=B_SPLINE_CURVE_WITH_KNOTS('',3,(#9990,#9991,#9992,#9993,#9994),
 .UNSPECIFIED.,.F.,.F.,(4,1,4),(0.,0.0837575816763197,0.185604983222969),
 .UNSPECIFIED.);
#431=B_SPLINE_CURVE_WITH_KNOTS('',3,(#10043,#10044,#10045,#10046,#10047),
 .UNSPECIFIED.,.F.,.F.,(4,1,4),(0.,0.338096263912135,0.61791045209794),
 .UNSPECIFIED.);
#432=B_SPLINE_CURVE_WITH_KNOTS('',3,(#10061,#10062,#10063,#10064,#10065),
 .UNSPECIFIED.,.F.,.F.,(4,1,4),(0.,0.203471611702443,0.443239896943862),
 .UNSPECIFIED.);
#433=B_SPLINE_CURVE_WITH_KNOTS('',3,(#10078,#10079,#10080,#10081,#10082),
 .UNSPECIFIED.,.F.,.F.,(4,1,4),(0.,0.174476846238599,0.354983399147925),
 .UNSPECIFIED.);
#434=B_SPLINE_CURVE_WITH_KNOTS('',3,(#10095,#10096,#10097,#10098,#10099),
 .UNSPECIFIED.,.F.,.F.,(4,1,4),(0.,0.168142890494111,0.339367862118826),
 .UNSPECIFIED.);
#435=B_SPLINE_CURVE_WITH_KNOTS('',3,(#10112,#10113,#10114,#10115,#10116),
 .UNSPECIFIED.,.F.,.F.,(4,1,4),(0.,0.155762186878342,0.331203887522053),
 .UNSPECIFIED.);
#436=B_SPLINE_CURVE_WITH_KNOTS('',3,(#10129,#10130,#10131,#10132,#10133),
 .UNSPECIFIED.,.F.,.F.,(4,1,4),(0.,0.153648965804907,0.303175381623211),
 .UNSPECIFIED.);
#437=B_SPLINE_CURVE_WITH_KNOTS('',3,(#10146,#10147,#10148,#10149,#10150),
 .UNSPECIFIED.,.F.,.F.,(4,1,4),(0.,0.265781639639209,0.459403193329029),
 .UNSPECIFIED.);
#438=B_SPLINE_CURVE_WITH_KNOTS('',3,(#10163,#10164,#10165,#10166,#10167),
 .UNSPECIFIED.,.F.,.F.,(4,1,4),(0.,0.146427313510911,0.396037861442338),
 .UNSPECIFIED.);
#439=B_SPLINE_CURVE_WITH_KNOTS('',3,(#10180,#10181,#10182,#10183,#10184),
 .UNSPECIFIED.,.F.,.F.,(4,1,4),(0.,0.0675142893257168,0.139050765193168),
 .UNSPECIFIED.);
#440=B_SPLINE_CURVE_WITH_KNOTS('',3,(#10197,#10198,#10199,#10200,#10201),
 .UNSPECIFIED.,.F.,.F.,(4,1,4),(0.,0.0724806590469359,0.14421288149976),
 .UNSPECIFIED.);
#441=B_SPLINE_CURVE_WITH_KNOTS('',3,(#10214,#10215,#10216,#10217,#10218),
 .UNSPECIFIED.,.F.,.F.,(4,1,4),(0.,0.157927365922604,0.288419417970594),
 .UNSPECIFIED.);
#442=B_SPLINE_CURVE_WITH_KNOTS('',3,(#10231,#10232,#10233,#10234,#10235),
 .UNSPECIFIED.,.F.,.F.,(4,1,4),(0.,0.117764039064917,0.267781439349544),
 .UNSPECIFIED.);
#443=B_SPLINE_CURVE_WITH_KNOTS('',3,(#10248,#10249,#10250,#10251,#10252),
 .UNSPECIFIED.,.F.,.F.,(4,1,4),(0.,0.138517415523124,0.252078955970273),
 .UNSPECIFIED.);
#444=B_SPLINE_CURVE_WITH_KNOTS('',3,(#10269,#10270,#10271,#10272,#10273),
 .UNSPECIFIED.,.F.,.F.,(4,1,4),(0.,0.241543348160743,0.495504403383335),
 .UNSPECIFIED.);
#445=B_SPLINE_CURVE_WITH_KNOTS('',3,(#10286,#10287,#10288,#10289,#10290),
 .UNSPECIFIED.,.F.,.F.,(4,1,4),(0.,0.332381006457332,0.599200666650659),
 .UNSPECIFIED.);
#446=B_SPLINE_CURVE_WITH_KNOTS('',3,(#10303,#10304,#10305,#10306,#10307),
 .UNSPECIFIED.,.F.,.F.,(4,1,4),(0.,0.187817644417394,0.402371063887779),
 .UNSPECIFIED.);
#447=B_SPLINE_CURVE_WITH_KNOTS('',3,(#10320,#10321,#10322,#10323,#10324),
 .UNSPECIFIED.,.F.,.F.,(4,1,4),(0.,0.158419056695334,0.325589927522121),
 .UNSPECIFIED.);
#448=B_SPLINE_CURVE_WITH_KNOTS('',3,(#10337,#10338,#10339,#10340,#10341),
 .UNSPECIFIED.,.F.,.F.,(4,1,4),(0.,0.149235712119625,0.301049535504574),
 .UNSPECIFIED.);
#449=B_SPLINE_CURVE_WITH_KNOTS('',3,(#10354,#10355,#10356,#10357,#10358),
 .UNSPECIFIED.,.F.,.F.,(4,1,4),(0.,0.229400526631144,0.453486113308505),
 .UNSPECIFIED.);
#450=B_SPLINE_CURVE_WITH_KNOTS('',3,(#10371,#10372,#10373,#10374,#10375),
 .UNSPECIFIED.,.F.,.F.,(4,1,4),(0.,0.29045945650819,0.49991983009199),
 .UNSPECIFIED.);
#451=B_SPLINE_CURVE_WITH_KNOTS('',3,(#10388,#10389,#10390,#10391,#10392),
 .UNSPECIFIED.,.F.,.F.,(4,1,4),(0.,0.121200567476492,0.334954145739),
 .UNSPECIFIED.);
#452=B_SPLINE_CURVE_WITH_KNOTS('',3,(#10405,#10406,#10407,#10408,#10409),
 .UNSPECIFIED.,.F.,.F.,(4,1,4),(0.,0.0736257055982547,0.170387000769001),
 .UNSPECIFIED.);
#453=B_SPLINE_CURVE_WITH_KNOTS('',3,(#10422,#10423,#10424,#10425,#10426),
 .UNSPECIFIED.,.F.,.F.,(4,1,4),(0.,0.0663324481192105,0.129451499580417),
 .UNSPECIFIED.);
#454=B_SPLINE_CURVE_WITH_KNOTS('',3,(#10439,#10440,#10441,#10442,#10443),
 .UNSPECIFIED.,.F.,.F.,(4,1,4),(0.,0.116989068867936,0.223619981643156),
 .UNSPECIFIED.);
#455=B_SPLINE_CURVE_WITH_KNOTS('',3,(#10456,#10457,#10458,#10459,#10460),
 .UNSPECIFIED.,.F.,.F.,(4,1,4),(0.,0.172094165463721,0.309064972053964),
 .UNSPECIFIED.);
#456=B_SPLINE_CURVE_WITH_KNOTS('',3,(#10473,#10474,#10475,#10476,#10477),
 .UNSPECIFIED.,.F.,.F.,(4,1,4),(0.,0.145599081873496,0.312633153034484),
 .UNSPECIFIED.);
#457=B_SPLINE_CURVE_WITH_KNOTS('',3,(#10490,#10491,#10492,#10493,#10494),
 .UNSPECIFIED.,.F.,.F.,(4,1,4),(0.,0.179717715560271,0.328763239532883),
 .UNSPECIFIED.);
#458=B_SPLINE_CURVE_WITH_KNOTS('',3,(#10509,#10510,#10511,#10512,#10513),
 .UNSPECIFIED.,.F.,.F.,(4,1,4),(0.,0.270122981955468,0.576584766738425),
 .UNSPECIFIED.);
#459=FACE_BOUND('',#920,.T.);
#460=FACE_BOUND('',#921,.T.);
#461=FACE_BOUND('',#922,.T.);
#462=FACE_BOUND('',#923,.T.);
#463=FACE_BOUND('',#924,.T.);
#464=FACE_BOUND('',#925,.T.);
#465=FACE_BOUND('',#926,.T.);
#466=FACE_BOUND('',#927,.T.);
#467=FACE_BOUND('',#928,.T.);
#468=FACE_BOUND('',#929,.T.);
#469=FACE_BOUND('',#930,.T.);
#470=FACE_BOUND('',#939,.T.);
#471=FACE_BOUND('',#940,.T.);
#472=FACE_BOUND('',#941,.T.);
#473=FACE_BOUND('',#942,.T.);
#474=FACE_BOUND('',#943,.T.);
#475=FACE_BOUND('',#944,.T.);
#476=FACE_BOUND('',#945,.T.);
#477=FACE_BOUND('',#946,.T.);
#478=FACE_BOUND('',#947,.T.);
#479=FACE_BOUND('',#948,.T.);
#480=FACE_BOUND('',#949,.T.);
#481=FACE_BOUND('',#950,.T.);
#482=FACE_BOUND('',#951,.T.);
#483=FACE_BOUND('',#952,.T.);
#484=FACE_BOUND('',#953,.T.);
#485=FACE_BOUND('',#954,.T.);
#486=FACE_BOUND('',#955,.T.);
#487=FACE_BOUND('',#956,.T.);
#488=FACE_BOUND('',#957,.T.);
#489=FACE_BOUND('',#958,.T.);
#490=FACE_BOUND('',#959,.T.);
#491=FACE_BOUND('',#960,.T.);
#492=FACE_BOUND('',#961,.T.);
#493=FACE_BOUND('',#962,.T.);
#494=FACE_BOUND('',#963,.T.);
#495=FACE_BOUND('',#964,.T.);
#496=FACE_BOUND('',#975,.T.);
#497=FACE_BOUND('',#978,.T.);
#498=FACE_BOUND('',#981,.T.);
#499=FACE_BOUND('',#984,.T.);
#500=FACE_BOUND('',#987,.T.);
#501=FACE_BOUND('',#990,.T.);
#502=FACE_BOUND('',#993,.T.);
#503=FACE_BOUND('',#996,.T.);
#504=FACE_BOUND('',#999,.T.);
#505=FACE_BOUND('',#1002,.T.);
#506=FACE_BOUND('',#1074,.T.);
#507=FACE_BOUND('',#1121,.T.);
#508=FACE_BOUND('',#1142,.T.);
#509=FACE_BOUND('',#1182,.T.);
#510=FACE_BOUND('',#1203,.T.);
#511=PLANE('',#5387);
#512=PLANE('',#5406);
#513=PLANE('',#5415);
#514=PLANE('',#5416);
#515=PLANE('',#5417);
#516=PLANE('',#5437);
#517=PLANE('',#5438);
#518=PLANE('',#5441);
#519=PLANE('',#5443);
#520=PLANE('',#5448);
#521=PLANE('',#5452);
#522=PLANE('',#5456);
#523=PLANE('',#5460);
#524=PLANE('',#5464);
#525=PLANE('',#5468);
#526=PLANE('',#5472);
#527=PLANE('',#5476);
#528=PLANE('',#5480);
#529=PLANE('',#5484);
#530=PLANE('',#5496);
#531=PLANE('',#5497);
#532=PLANE('',#5498);
#533=PLANE('',#5499);
#534=PLANE('',#5500);
#535=PLANE('',#5501);
#536=PLANE('',#5502);
#537=PLANE('',#5503);
#538=PLANE('',#5504);
#539=PLANE('',#5505);
#540=PLANE('',#5506);
#541=PLANE('',#5507);
#542=PLANE('',#5508);
#543=PLANE('',#5509);
#544=PLANE('',#5510);
#545=PLANE('',#5511);
#546=PLANE('',#5512);
#547=PLANE('',#5513);
#548=PLANE('',#5514);
#549=PLANE('',#5515);
#550=PLANE('',#5516);
#551=PLANE('',#5517);
#552=PLANE('',#5518);
#553=PLANE('',#5519);
#554=PLANE('',#5520);
#555=PLANE('',#5521);
#556=PLANE('',#5522);
#557=PLANE('',#5523);
#558=PLANE('',#5524);
#559=PLANE('',#5525);
#560=PLANE('',#5526);
#561=PLANE('',#5527);
#562=PLANE('',#5528);
#563=PLANE('',#5529);
#564=PLANE('',#5530);
#565=PLANE('',#5531);
#566=PLANE('',#5532);
#567=PLANE('',#5533);
#568=PLANE('',#5534);
#569=PLANE('',#5535);
#570=PLANE('',#5536);
#571=PLANE('',#5537);
#572=PLANE('',#5538);
#573=PLANE('',#5539);
#574=PLANE('',#5540);
#575=PLANE('',#5541);
#576=PLANE('',#5542);
#577=PLANE('',#5543);
#578=PLANE('',#5544);
#579=PLANE('',#5545);
#580=PLANE('',#5546);
#581=PLANE('',#5547);
#582=PLANE('',#5548);
#583=PLANE('',#5549);
#584=PLANE('',#5550);
#585=PLANE('',#5551);
#586=PLANE('',#5552);
#587=PLANE('',#5553);
#588=PLANE('',#5554);
#589=PLANE('',#5555);
#590=PLANE('',#5556);
#591=PLANE('',#5557);
#592=PLANE('',#5558);
#593=PLANE('',#5559);
#594=PLANE('',#5560);
#595=PLANE('',#5561);
#596=PLANE('',#5562);
#597=PLANE('',#5563);
#598=PLANE('',#5564);
#599=PLANE('',#5565);
#600=PLANE('',#5566);
#601=PLANE('',#5567);
#602=PLANE('',#5568);
#603=PLANE('',#5569);
#604=PLANE('',#5570);
#605=PLANE('',#5571);
#606=PLANE('',#5572);
#607=PLANE('',#5573);
#608=PLANE('',#5574);
#609=PLANE('',#5575);
#610=PLANE('',#5576);
#611=PLANE('',#5577);
#612=PLANE('',#5578);
#613=PLANE('',#5579);
#614=PLANE('',#5582);
#615=PLANE('',#5585);
#616=PLANE('',#5586);
#617=PLANE('',#5589);
#618=PLANE('',#5592);
#619=PLANE('',#5593);
#620=PLANE('',#5596);
#621=PLANE('',#5599);
#622=PLANE('',#5600);
#623=FACE_OUTER_BOUND('',#918,.T.);
#624=FACE_OUTER_BOUND('',#919,.T.);
#625=FACE_OUTER_BOUND('',#931,.T.);
#626=FACE_OUTER_BOUND('',#932,.T.);
#627=FACE_OUTER_BOUND('',#933,.T.);
#628=FACE_OUTER_BOUND('',#934,.T.);
#629=FACE_OUTER_BOUND('',#935,.T.);
#630=FACE_OUTER_BOUND('',#936,.T.);
#631=FACE_OUTER_BOUND('',#937,.T.);
#632=FACE_OUTER_BOUND('',#938,.T.);
#633=FACE_OUTER_BOUND('',#965,.T.);
#634=FACE_OUTER_BOUND('',#966,.T.);
#635=FACE_OUTER_BOUND('',#967,.T.);
#636=FACE_OUTER_BOUND('',#968,.T.);
#637=FACE_OUTER_BOUND('',#969,.T.);
#638=FACE_OUTER_BOUND('',#970,.T.);
#639=FACE_OUTER_BOUND('',#971,.T.);
#640=FACE_OUTER_BOUND('',#972,.T.);
#641=FACE_OUTER_BOUND('',#973,.T.);
#642=FACE_OUTER_BOUND('',#974,.T.);
#643=FACE_OUTER_BOUND('',#976,.T.);
#644=FACE_OUTER_BOUND('',#977,.T.);
#645=FACE_OUTER_BOUND('',#979,.T.);
#646=FACE_OUTER_BOUND('',#980,.T.);
#647=FACE_OUTER_BOUND('',#982,.T.);
#648=FACE_OUTER_BOUND('',#983,.T.);
#649=FACE_OUTER_BOUND('',#985,.T.);
#650=FACE_OUTER_BOUND('',#986,.T.);
#651=FACE_OUTER_BOUND('',#988,.T.);
#652=FACE_OUTER_BOUND('',#989,.T.);
#653=FACE_OUTER_BOUND('',#991,.T.);
#654=FACE_OUTER_BOUND('',#992,.T.);
#655=FACE_OUTER_BOUND('',#994,.T.);
#656=FACE_OUTER_BOUND('',#995,.T.);
#657=FACE_OUTER_BOUND('',#997,.T.);
#658=FACE_OUTER_BOUND('',#998,.T.);
#659=FACE_OUTER_BOUND('',#1000,.T.);
#660=FACE_OUTER_BOUND('',#1001,.T.);
#661=FACE_OUTER_BOUND('',#1003,.T.);
#662=FACE_OUTER_BOUND('',#1004,.T.);
#663=FACE_OUTER_BOUND('',#1005,.T.);
#664=FACE_OUTER_BOUND('',#1006,.T.);
#665=FACE_OUTER_BOUND('',#1007,.T.);
#666=FACE_OUTER_BOUND('',#1008,.T.);
#667=FACE_OUTER_BOUND('',#1009,.T.);
#668=FACE_OUTER_BOUND('',#1010,.T.);
#669=FACE_OUTER_BOUND('',#1011,.T.);
#670=FACE_OUTER_BOUND('',#1012,.T.);
#671=FACE_OUTER_BOUND('',#1013,.T.);
#672=FACE_OUTER_BOUND('',#1014,.T.);
#673=FACE_OUTER_BOUND('',#1015,.T.);
#674=FACE_OUTER_BOUND('',#1016,.T.);
#675=FACE_OUTER_BOUND('',#1017,.T.);
#676=FACE_OUTER_BOUND('',#1018,.T.);
#677=FACE_OUTER_BOUND('',#1019,.T.);
#678=FACE_OUTER_BOUND('',#1020,.T.);
#679=FACE_OUTER_BOUND('',#1021,.T.);
#680=FACE_OUTER_BOUND('',#1022,.T.);
#681=FACE_OUTER_BOUND('',#1023,.T.);
#682=FACE_OUTER_BOUND('',#1024,.T.);
#683=FACE_OUTER_BOUND('',#1025,.T.);
#684=FACE_OUTER_BOUND('',#1026,.T.);
#685=FACE_OUTER_BOUND('',#1027,.T.);
#686=FACE_OUTER_BOUND('',#1028,.T.);
#687=FACE_OUTER_BOUND('',#1029,.T.);
#688=FACE_OUTER_BOUND('',#1030,.T.);
#689=FACE_OUTER_BOUND('',#1031,.T.);
#690=FACE_OUTER_BOUND('',#1032,.T.);
#691=FACE_OUTER_BOUND('',#1033,.T.);
#692=FACE_OUTER_BOUND('',#1034,.T.);
#693=FACE_OUTER_BOUND('',#1035,.T.);
#694=FACE_OUTER_BOUND('',#1036,.T.);
#695=FACE_OUTER_BOUND('',#1037,.T.);
#696=FACE_OUTER_BOUND('',#1038,.T.);
#697=FACE_OUTER_BOUND('',#1039,.T.);
#698=FACE_OUTER_BOUND('',#1040,.T.);
#699=FACE_OUTER_BOUND('',#1041,.T.);
#700=FACE_OUTER_BOUND('',#1042,.T.);
#701=FACE_OUTER_BOUND('',#1043,.T.);
#702=FACE_OUTER_BOUND('',#1044,.T.);
#703=FACE_OUTER_BOUND('',#1045,.T.);
#704=FACE_OUTER_BOUND('',#1046,.T.);
#705=FACE_OUTER_BOUND('',#1047,.T.);
#706=FACE_OUTER_BOUND('',#1048,.T.);
#707=FACE_OUTER_BOUND('',#1049,.T.);
#708=FACE_OUTER_BOUND('',#1050,.T.);
#709=FACE_OUTER_BOUND('',#1051,.T.);
#710=FACE_OUTER_BOUND('',#1052,.T.);
#711=FACE_OUTER_BOUND('',#1053,.T.);
#712=FACE_OUTER_BOUND('',#1054,.T.);
#713=FACE_OUTER_BOUND('',#1055,.T.);
#714=FACE_OUTER_BOUND('',#1056,.T.);
#715=FACE_OUTER_BOUND('',#1057,.T.);
#716=FACE_OUTER_BOUND('',#1058,.T.);
#717=FACE_OUTER_BOUND('',#1059,.T.);
#718=FACE_OUTER_BOUND('',#1060,.T.);
#719=FACE_OUTER_BOUND('',#1061,.T.);
#720=FACE_OUTER_BOUND('',#1062,.T.);
#721=FACE_OUTER_BOUND('',#1063,.T.);
#722=FACE_OUTER_BOUND('',#1064,.T.);
#723=FACE_OUTER_BOUND('',#1065,.T.);
#724=FACE_OUTER_BOUND('',#1066,.T.);
#725=FACE_OUTER_BOUND('',#1067,.T.);
#726=FACE_OUTER_BOUND('',#1068,.T.);
#727=FACE_OUTER_BOUND('',#1069,.T.);
#728=FACE_OUTER_BOUND('',#1070,.T.);
#729=FACE_OUTER_BOUND('',#1071,.T.);
#730=FACE_OUTER_BOUND('',#1072,.T.);
#731=FACE_OUTER_BOUND('',#1073,.T.);
#732=FACE_OUTER_BOUND('',#1075,.T.);
#733=FACE_OUTER_BOUND('',#1076,.T.);
#734=FACE_OUTER_BOUND('',#1077,.T.);
#735=FACE_OUTER_BOUND('',#1078,.T.);
#736=FACE_OUTER_BOUND('',#1079,.T.);
#737=FACE_OUTER_BOUND('',#1080,.T.);
#738=FACE_OUTER_BOUND('',#1081,.T.);
#739=FACE_OUTER_BOUND('',#1082,.T.);
#740=FACE_OUTER_BOUND('',#1083,.T.);
#741=FACE_OUTER_BOUND('',#1084,.T.);
#742=FACE_OUTER_BOUND('',#1085,.T.);
#743=FACE_OUTER_BOUND('',#1086,.T.);
#744=FACE_OUTER_BOUND('',#1087,.T.);
#745=FACE_OUTER_BOUND('',#1088,.T.);
#746=FACE_OUTER_BOUND('',#1089,.T.);
#747=FACE_OUTER_BOUND('',#1090,.T.);
#748=FACE_OUTER_BOUND('',#1091,.T.);
#749=FACE_OUTER_BOUND('',#1092,.T.);
#750=FACE_OUTER_BOUND('',#1093,.T.);
#751=FACE_OUTER_BOUND('',#1094,.T.);
#752=FACE_OUTER_BOUND('',#1095,.T.);
#753=FACE_OUTER_BOUND('',#1096,.T.);
#754=FACE_OUTER_BOUND('',#1097,.T.);
#755=FACE_OUTER_BOUND('',#1098,.T.);
#756=FACE_OUTER_BOUND('',#1099,.T.);
#757=FACE_OUTER_BOUND('',#1100,.T.);
#758=FACE_OUTER_BOUND('',#1101,.T.);
#759=FACE_OUTER_BOUND('',#1102,.T.);
#760=FACE_OUTER_BOUND('',#1103,.T.);
#761=FACE_OUTER_BOUND('',#1104,.T.);
#762=FACE_OUTER_BOUND('',#1105,.T.);
#763=FACE_OUTER_BOUND('',#1106,.T.);
#764=FACE_OUTER_BOUND('',#1107,.T.);
#765=FACE_OUTER_BOUND('',#1108,.T.);
#766=FACE_OUTER_BOUND('',#1109,.T.);
#767=FACE_OUTER_BOUND('',#1110,.T.);
#768=FACE_OUTER_BOUND('',#1111,.T.);
#769=FACE_OUTER_BOUND('',#1112,.T.);
#770=FACE_OUTER_BOUND('',#1113,.T.);
#771=FACE_OUTER_BOUND('',#1114,.T.);
#772=FACE_OUTER_BOUND('',#1115,.T.);
#773=FACE_OUTER_BOUND('',#1116,.T.);
#774=FACE_OUTER_BOUND('',#1117,.T.);
#775=FACE_OUTER_BOUND('',#1118,.T.);
#776=FACE_OUTER_BOUND('',#1119,.T.);
#777=FACE_OUTER_BOUND('',#1120,.T.);
#778=FACE_OUTER_BOUND('',#1122,.T.);
#779=FACE_OUTER_BOUND('',#1123,.T.);
#780=FACE_OUTER_BOUND('',#1124,.T.);
#781=FACE_OUTER_BOUND('',#1125,.T.);
#782=FACE_OUTER_BOUND('',#1126,.T.);
#783=FACE_OUTER_BOUND('',#1127,.T.);
#784=FACE_OUTER_BOUND('',#1128,.T.);
#785=FACE_OUTER_BOUND('',#1129,.T.);
#786=FACE_OUTER_BOUND('',#1130,.T.);
#787=FACE_OUTER_BOUND('',#1131,.T.);
#788=FACE_OUTER_BOUND('',#1132,.T.);
#789=FACE_OUTER_BOUND('',#1133,.T.);
#790=FACE_OUTER_BOUND('',#1134,.T.);
#791=FACE_OUTER_BOUND('',#1135,.T.);
#792=FACE_OUTER_BOUND('',#1136,.T.);
#793=FACE_OUTER_BOUND('',#1137,.T.);
#794=FACE_OUTER_BOUND('',#1138,.T.);
#795=FACE_OUTER_BOUND('',#1139,.T.);
#796=FACE_OUTER_BOUND('',#1140,.T.);
#797=FACE_OUTER_BOUND('',#1141,.T.);
#798=FACE_OUTER_BOUND('',#1143,.T.);
#799=FACE_OUTER_BOUND('',#1144,.T.);
#800=FACE_OUTER_BOUND('',#1145,.T.);
#801=FACE_OUTER_BOUND('',#1146,.T.);
#802=FACE_OUTER_BOUND('',#1147,.T.);
#803=FACE_OUTER_BOUND('',#1148,.T.);
#804=FACE_OUTER_BOUND('',#1149,.T.);
#805=FACE_OUTER_BOUND('',#1150,.T.);
#806=FACE_OUTER_BOUND('',#1151,.T.);
#807=FACE_OUTER_BOUND('',#1152,.T.);
#808=FACE_OUTER_BOUND('',#1153,.T.);
#809=FACE_OUTER_BOUND('',#1154,.T.);
#810=FACE_OUTER_BOUND('',#1155,.T.);
#811=FACE_OUTER_BOUND('',#1156,.T.);
#812=FACE_OUTER_BOUND('',#1157,.T.);
#813=FACE_OUTER_BOUND('',#1158,.T.);
#814=FACE_OUTER_BOUND('',#1159,.T.);
#815=FACE_OUTER_BOUND('',#1160,.T.);
#816=FACE_OUTER_BOUND('',#1161,.T.);
#817=FACE_OUTER_BOUND('',#1162,.T.);
#818=FACE_OUTER_BOUND('',#1163,.T.);
#819=FACE_OUTER_BOUND('',#1164,.T.);
#820=FACE_OUTER_BOUND('',#1165,.T.);
#821=FACE_OUTER_BOUND('',#1166,.T.);
#822=FACE_OUTER_BOUND('',#1167,.T.);
#823=FACE_OUTER_BOUND('',#1168,.T.);
#824=FACE_OUTER_BOUND('',#1169,.T.);
#825=FACE_OUTER_BOUND('',#1170,.T.);
#826=FACE_OUTER_BOUND('',#1171,.T.);
#827=FACE_OUTER_BOUND('',#1172,.T.);
#828=FACE_OUTER_BOUND('',#1173,.T.);
#829=FACE_OUTER_BOUND('',#1174,.T.);
#830=FACE_OUTER_BOUND('',#1175,.T.);
#831=FACE_OUTER_BOUND('',#1176,.T.);
#832=FACE_OUTER_BOUND('',#1177,.T.);
#833=FACE_OUTER_BOUND('',#1178,.T.);
#834=FACE_OUTER_BOUND('',#1179,.T.);
#835=FACE_OUTER_BOUND('',#1180,.T.);
#836=FACE_OUTER_BOUND('',#1181,.T.);
#837=FACE_OUTER_BOUND('',#1183,.T.);
#838=FACE_OUTER_BOUND('',#1184,.T.);
#839=FACE_OUTER_BOUND('',#1185,.T.);
#840=FACE_OUTER_BOUND('',#1186,.T.);
#841=FACE_OUTER_BOUND('',#1187,.T.);
#842=FACE_OUTER_BOUND('',#1188,.T.);
#843=FACE_OUTER_BOUND('',#1189,.T.);
#844=FACE_OUTER_BOUND('',#1190,.T.);
#845=FACE_OUTER_BOUND('',#1191,.T.);
#846=FACE_OUTER_BOUND('',#1192,.T.);
#847=FACE_OUTER_BOUND('',#1193,.T.);
#848=FACE_OUTER_BOUND('',#1194,.T.);
#849=FACE_OUTER_BOUND('',#1195,.T.);
#850=FACE_OUTER_BOUND('',#1196,.T.);
#851=FACE_OUTER_BOUND('',#1197,.T.);
#852=FACE_OUTER_BOUND('',#1198,.T.);
#853=FACE_OUTER_BOUND('',#1199,.T.);
#854=FACE_OUTER_BOUND('',#1200,.T.);
#855=FACE_OUTER_BOUND('',#1201,.T.);
#856=FACE_OUTER_BOUND('',#1202,.T.);
#857=FACE_OUTER_BOUND('',#1204,.T.);
#858=FACE_OUTER_BOUND('',#1205,.T.);
#859=FACE_OUTER_BOUND('',#1206,.T.);
#860=FACE_OUTER_BOUND('',#1207,.T.);
#861=FACE_OUTER_BOUND('',#1208,.T.);
#862=FACE_OUTER_BOUND('',#1209,.T.);
#863=FACE_OUTER_BOUND('',#1210,.T.);
#864=FACE_OUTER_BOUND('',#1211,.T.);
#865=FACE_OUTER_BOUND('',#1212,.T.);
#866=FACE_OUTER_BOUND('',#1213,.T.);
#867=FACE_OUTER_BOUND('',#1214,.T.);
#868=FACE_OUTER_BOUND('',#1215,.T.);
#869=FACE_OUTER_BOUND('',#1216,.T.);
#870=FACE_OUTER_BOUND('',#1217,.T.);
#871=FACE_OUTER_BOUND('',#1218,.T.);
#872=FACE_OUTER_BOUND('',#1219,.T.);
#873=FACE_OUTER_BOUND('',#1220,.T.);
#874=FACE_OUTER_BOUND('',#1221,.T.);
#875=FACE_OUTER_BOUND('',#1222,.T.);
#876=FACE_OUTER_BOUND('',#1223,.T.);
#877=FACE_OUTER_BOUND('',#1224,.T.);
#878=FACE_OUTER_BOUND('',#1225,.T.);
#879=FACE_OUTER_BOUND('',#1226,.T.);
#880=FACE_OUTER_BOUND('',#1227,.T.);
#881=FACE_OUTER_BOUND('',#1228,.T.);
#882=FACE_OUTER_BOUND('',#1229,.T.);
#883=FACE_OUTER_BOUND('',#1230,.T.);
#884=FACE_OUTER_BOUND('',#1231,.T.);
#885=FACE_OUTER_BOUND('',#1232,.T.);
#886=FACE_OUTER_BOUND('',#1233,.T.);
#887=FACE_OUTER_BOUND('',#1234,.T.);
#888=FACE_OUTER_BOUND('',#1235,.T.);
#889=FACE_OUTER_BOUND('',#1236,.T.);
#890=FACE_OUTER_BOUND('',#1237,.T.);
#891=FACE_OUTER_BOUND('',#1238,.T.);
#892=FACE_OUTER_BOUND('',#1239,.T.);
#893=FACE_OUTER_BOUND('',#1240,.T.);
#894=FACE_OUTER_BOUND('',#1241,.T.);
#895=FACE_OUTER_BOUND('',#1242,.T.);
#896=FACE_OUTER_BOUND('',#1243,.T.);
#897=FACE_OUTER_BOUND('',#1244,.T.);
#898=FACE_OUTER_BOUND('',#1245,.T.);
#899=FACE_OUTER_BOUND('',#1246,.T.);
#900=FACE_OUTER_BOUND('',#1247,.T.);
#901=FACE_OUTER_BOUND('',#1248,.T.);
#902=FACE_OUTER_BOUND('',#1249,.T.);
#903=FACE_OUTER_BOUND('',#1250,.T.);
#904=FACE_OUTER_BOUND('',#1251,.T.);
#905=FACE_OUTER_BOUND('',#1252,.T.);
#906=FACE_OUTER_BOUND('',#1253,.T.);
#907=FACE_OUTER_BOUND('',#1254,.T.);
#908=FACE_OUTER_BOUND('',#1255,.T.);
#909=FACE_OUTER_BOUND('',#1256,.T.);
#910=FACE_OUTER_BOUND('',#1257,.T.);
#911=FACE_OUTER_BOUND('',#1258,.T.);
#912=FACE_OUTER_BOUND('',#1259,.T.);
#913=FACE_OUTER_BOUND('',#1260,.T.);
#914=FACE_OUTER_BOUND('',#1261,.T.);
#915=FACE_OUTER_BOUND('',#1262,.T.);
#916=FACE_OUTER_BOUND('',#1263,.T.);
#917=FACE_OUTER_BOUND('',#1264,.T.);
#918=EDGE_LOOP('',(#3474,#3475,#3476,#3477));
#919=EDGE_LOOP('',(#3478,#3479,#3480,#3481,#3482,#3483,#3484,#3485,#3486,
#3487,#3488,#3489,#3490,#3491));
#920=EDGE_LOOP('',(#3492));
#921=EDGE_LOOP('',(#3493));
#922=EDGE_LOOP('',(#3494));
#923=EDGE_LOOP('',(#3495));
#924=EDGE_LOOP('',(#3496));
#925=EDGE_LOOP('',(#3497));
#926=EDGE_LOOP('',(#3498));
#927=EDGE_LOOP('',(#3499));
#928=EDGE_LOOP('',(#3500));
#929=EDGE_LOOP('',(#3501));
#930=EDGE_LOOP('',(#3502));
#931=EDGE_LOOP('',(#3503,#3504,#3505,#3506));
#932=EDGE_LOOP('',(#3507,#3508,#3509,#3510));
#933=EDGE_LOOP('',(#3511,#3512,#3513,#3514));
#934=EDGE_LOOP('',(#3515,#3516,#3517,#3518));
#935=EDGE_LOOP('',(#3519,#3520,#3521,#3522));
#936=EDGE_LOOP('',(#3523,#3524,#3525,#3526));
#937=EDGE_LOOP('',(#3527,#3528,#3529,#3530));
#938=EDGE_LOOP('',(#3531,#3532,#3533,#3534,#3535,#3536,#3537,#3538,#3539,
#3540,#3541,#3542,#3543,#3544));
#939=EDGE_LOOP('',(#3545,#3546,#3547,#3548,#3549,#3550,#3551,#3552,#3553,
#3554,#3555,#3556,#3557,#3558,#3559,#3560,#3561,#3562,#3563));
#940=EDGE_LOOP('',(#3564,#3565,#3566,#3567,#3568,#3569,#3570,#3571,#3572,
#3573,#3574,#3575,#3576,#3577,#3578,#3579,#3580,#3581,#3582));
#941=EDGE_LOOP('',(#3583,#3584,#3585,#3586,#3587,#3588,#3589,#3590,#3591,
#3592,#3593,#3594));
#942=EDGE_LOOP('',(#3595,#3596,#3597,#3598,#3599,#3600,#3601,#3602,#3603,
#3604));
#943=EDGE_LOOP('',(#3605,#3606,#3607,#3608,#3609,#3610,#3611,#3612,#3613,
#3614,#3615,#3616,#3617));
#944=EDGE_LOOP('',(#3618,#3619,#3620,#3621,#3622,#3623,#3624,#3625,#3626,
#3627,#3628,#3629));
#945=EDGE_LOOP('',(#3630,#3631,#3632,#3633,#3634,#3635,#3636,#3637,#3638,
#3639,#3640,#3641,#3642,#3643));
#946=EDGE_LOOP('',(#3644,#3645,#3646,#3647,#3648,#3649,#3650,#3651,#3652,
#3653,#3654,#3655,#3656,#3657,#3658,#3659,#3660,#3661,#3662));
#947=EDGE_LOOP('',(#3663,#3664,#3665,#3666,#3667,#3668,#3669,#3670,#3671,
#3672));
#948=EDGE_LOOP('',(#3673,#3674,#3675,#3676,#3677,#3678,#3679,#3680,#3681,
#3682,#3683,#3684,#3685,#3686));
#949=EDGE_LOOP('',(#3687,#3688,#3689,#3690));
#950=EDGE_LOOP('',(#3691,#3692,#3693,#3694));
#951=EDGE_LOOP('',(#3695,#3696,#3697,#3698,#3699,#3700,#3701,#3702,#3703,
#3704,#3705,#3706,#3707,#3708,#3709,#3710,#3711,#3712,#3713,#3714,#3715,
#3716,#3717,#3718,#3719,#3720,#3721,#3722,#3723,#3724));
#952=EDGE_LOOP('',(#3725,#3726,#3727,#3728));
#953=EDGE_LOOP('',(#3729,#3730,#3731,#3732));
#954=EDGE_LOOP('',(#3733,#3734,#3735,#3736));
#955=EDGE_LOOP('',(#3737));
#956=EDGE_LOOP('',(#3738));
#957=EDGE_LOOP('',(#3739));
#958=EDGE_LOOP('',(#3740));
#959=EDGE_LOOP('',(#3741));
#960=EDGE_LOOP('',(#3742));
#961=EDGE_LOOP('',(#3743));
#962=EDGE_LOOP('',(#3744));
#963=EDGE_LOOP('',(#3745));
#964=EDGE_LOOP('',(#3746));
#965=EDGE_LOOP('',(#3747,#3748,#3749,#3750));
#966=EDGE_LOOP('',(#3751,#3752,#3753,#3754));
#967=EDGE_LOOP('',(#3755,#3756,#3757,#3758));
#968=EDGE_LOOP('',(#3759,#3760,#3761,#3762));
#969=EDGE_LOOP('',(#3763,#3764,#3765,#3766));
#970=EDGE_LOOP('',(#3767,#3768,#3769,#3770));
#971=EDGE_LOOP('',(#3771));
#972=EDGE_LOOP('',(#3772,#3773,#3774,#3775));
#973=EDGE_LOOP('',(#3776,#3777,#3778,#3779));
#974=EDGE_LOOP('',(#3780));
#975=EDGE_LOOP('',(#3781));
#976=EDGE_LOOP('',(#3782,#3783,#3784,#3785));
#977=EDGE_LOOP('',(#3786));
#978=EDGE_LOOP('',(#3787));
#979=EDGE_LOOP('',(#3788,#3789,#3790,#3791));
#980=EDGE_LOOP('',(#3792));
#981=EDGE_LOOP('',(#3793));
#982=EDGE_LOOP('',(#3794,#3795,#3796,#3797));
#983=EDGE_LOOP('',(#3798));
#984=EDGE_LOOP('',(#3799));
#985=EDGE_LOOP('',(#3800,#3801,#3802,#3803));
#986=EDGE_LOOP('',(#3804));
#987=EDGE_LOOP('',(#3805));
#988=EDGE_LOOP('',(#3806,#3807,#3808,#3809));
#989=EDGE_LOOP('',(#3810));
#990=EDGE_LOOP('',(#3811));
#991=EDGE_LOOP('',(#3812,#3813,#3814,#3815));
#992=EDGE_LOOP('',(#3816));
#993=EDGE_LOOP('',(#3817));
#994=EDGE_LOOP('',(#3818,#3819,#3820,#3821));
#995=EDGE_LOOP('',(#3822));
#996=EDGE_LOOP('',(#3823));
#997=EDGE_LOOP('',(#3824,#3825,#3826,#3827));
#998=EDGE_LOOP('',(#3828));
#999=EDGE_LOOP('',(#3829));
#1000=EDGE_LOOP('',(#3830,#3831,#3832,#3833));
#1001=EDGE_LOOP('',(#3834));
#1002=EDGE_LOOP('',(#3835));
#1003=EDGE_LOOP('',(#3836,#3837,#3838,#3839));
#1004=EDGE_LOOP('',(#3840,#3841,#3842,#3843));
#1005=EDGE_LOOP('',(#3844,#3845,#3846,#3847));
#1006=EDGE_LOOP('',(#3848,#3849,#3850,#3851));
#1007=EDGE_LOOP('',(#3852,#3853,#3854,#3855));
#1008=EDGE_LOOP('',(#3856,#3857,#3858,#3859));
#1009=EDGE_LOOP('',(#3860,#3861,#3862,#3863));
#1010=EDGE_LOOP('',(#3864,#3865,#3866,#3867));
#1011=EDGE_LOOP('',(#3868,#3869,#3870,#3871));
#1012=EDGE_LOOP('',(#3872,#3873,#3874,#3875));
#1013=EDGE_LOOP('',(#3876,#3877,#3878,#3879));
#1014=EDGE_LOOP('',(#3880,#3881,#3882,#3883));
#1015=EDGE_LOOP('',(#3884,#3885,#3886,#3887));
#1016=EDGE_LOOP('',(#3888,#3889,#3890,#3891));
#1017=EDGE_LOOP('',(#3892,#3893,#3894,#3895));
#1018=EDGE_LOOP('',(#3896,#3897,#3898,#3899));
#1019=EDGE_LOOP('',(#3900,#3901,#3902,#3903));
#1020=EDGE_LOOP('',(#3904,#3905,#3906,#3907));
#1021=EDGE_LOOP('',(#3908,#3909,#3910,#3911));
#1022=EDGE_LOOP('',(#3912,#3913,#3914,#3915));
#1023=EDGE_LOOP('',(#3916,#3917,#3918,#3919));
#1024=EDGE_LOOP('',(#3920,#3921,#3922,#3923));
#1025=EDGE_LOOP('',(#3924,#3925,#3926,#3927));
#1026=EDGE_LOOP('',(#3928,#3929,#3930,#3931));
#1027=EDGE_LOOP('',(#3932,#3933,#3934,#3935));
#1028=EDGE_LOOP('',(#3936,#3937,#3938,#3939));
#1029=EDGE_LOOP('',(#3940,#3941,#3942,#3943));
#1030=EDGE_LOOP('',(#3944,#3945,#3946,#3947));
#1031=EDGE_LOOP('',(#3948,#3949,#3950,#3951));
#1032=EDGE_LOOP('',(#3952,#3953,#3954,#3955,#3956,#3957,#3958,#3959,#3960,
#3961,#3962,#3963,#3964,#3965,#3966,#3967,#3968,#3969,#3970));
#1033=EDGE_LOOP('',(#3971,#3972,#3973,#3974));
#1034=EDGE_LOOP('',(#3975,#3976,#3977,#3978));
#1035=EDGE_LOOP('',(#3979,#3980,#3981,#3982));
#1036=EDGE_LOOP('',(#3983,#3984,#3985,#3986));
#1037=EDGE_LOOP('',(#3987,#3988,#3989,#3990));
#1038=EDGE_LOOP('',(#3991,#3992,#3993,#3994));
#1039=EDGE_LOOP('',(#3995,#3996,#3997,#3998));
#1040=EDGE_LOOP('',(#3999,#4000,#4001,#4002));
#1041=EDGE_LOOP('',(#4003,#4004,#4005,#4006));
#1042=EDGE_LOOP('',(#4007,#4008,#4009,#4010));
#1043=EDGE_LOOP('',(#4011,#4012,#4013,#4014));
#1044=EDGE_LOOP('',(#4015,#4016,#4017,#4018));
#1045=EDGE_LOOP('',(#4019,#4020,#4021,#4022));
#1046=EDGE_LOOP('',(#4023,#4024,#4025,#4026));
#1047=EDGE_LOOP('',(#4027,#4028,#4029,#4030));
#1048=EDGE_LOOP('',(#4031,#4032,#4033,#4034));
#1049=EDGE_LOOP('',(#4035,#4036,#4037,#4038));
#1050=EDGE_LOOP('',(#4039,#4040,#4041,#4042));
#1051=EDGE_LOOP('',(#4043,#4044,#4045,#4046));
#1052=EDGE_LOOP('',(#4047,#4048,#4049,#4050,#4051,#4052,#4053,#4054,#4055,
#4056,#4057,#4058,#4059,#4060,#4061,#4062,#4063,#4064,#4065));
#1053=EDGE_LOOP('',(#4066,#4067,#4068,#4069));
#1054=EDGE_LOOP('',(#4070,#4071,#4072,#4073));
#1055=EDGE_LOOP('',(#4074,#4075,#4076,#4077));
#1056=EDGE_LOOP('',(#4078,#4079,#4080,#4081));
#1057=EDGE_LOOP('',(#4082,#4083,#4084,#4085));
#1058=EDGE_LOOP('',(#4086,#4087,#4088,#4089));
#1059=EDGE_LOOP('',(#4090,#4091,#4092,#4093));
#1060=EDGE_LOOP('',(#4094,#4095,#4096,#4097));
#1061=EDGE_LOOP('',(#4098,#4099,#4100,#4101));
#1062=EDGE_LOOP('',(#4102,#4103,#4104,#4105));
#1063=EDGE_LOOP('',(#4106,#4107,#4108,#4109));
#1064=EDGE_LOOP('',(#4110,#4111,#4112,#4113));
#1065=EDGE_LOOP('',(#4114,#4115,#4116,#4117));
#1066=EDGE_LOOP('',(#4118,#4119,#4120,#4121));
#1067=EDGE_LOOP('',(#4122,#4123,#4124,#4125));
#1068=EDGE_LOOP('',(#4126,#4127,#4128,#4129));
#1069=EDGE_LOOP('',(#4130,#4131,#4132,#4133));
#1070=EDGE_LOOP('',(#4134,#4135,#4136,#4137));
#1071=EDGE_LOOP('',(#4138,#4139,#4140,#4141));
#1072=EDGE_LOOP('',(#4142,#4143,#4144,#4145));
#1073=EDGE_LOOP('',(#4146,#4147,#4148,#4149,#4150,#4151,#4152,#4153,#4154,
#4155,#4156,#4157));
#1074=EDGE_LOOP('',(#4158,#4159,#4160,#4161,#4162,#4163,#4164,#4165));
#1075=EDGE_LOOP('',(#4166,#4167,#4168,#4169));
#1076=EDGE_LOOP('',(#4170,#4171,#4172,#4173));
#1077=EDGE_LOOP('',(#4174,#4175,#4176,#4177));
#1078=EDGE_LOOP('',(#4178,#4179,#4180,#4181));
#1079=EDGE_LOOP('',(#4182,#4183,#4184,#4185));
#1080=EDGE_LOOP('',(#4186,#4187,#4188,#4189));
#1081=EDGE_LOOP('',(#4190,#4191,#4192,#4193));
#1082=EDGE_LOOP('',(#4194,#4195,#4196,#4197));
#1083=EDGE_LOOP('',(#4198,#4199,#4200,#4201));
#1084=EDGE_LOOP('',(#4202,#4203,#4204,#4205));
#1085=EDGE_LOOP('',(#4206,#4207,#4208,#4209,#4210,#4211,#4212,#4213,#4214,
#4215));
#1086=EDGE_LOOP('',(#4216,#4217,#4218,#4219));
#1087=EDGE_LOOP('',(#4220,#4221,#4222,#4223));
#1088=EDGE_LOOP('',(#4224,#4225,#4226,#4227));
#1089=EDGE_LOOP('',(#4228,#4229,#4230,#4231));
#1090=EDGE_LOOP('',(#4232,#4233,#4234,#4235));
#1091=EDGE_LOOP('',(#4236,#4237,#4238,#4239));
#1092=EDGE_LOOP('',(#4240,#4241,#4242,#4243));
#1093=EDGE_LOOP('',(#4244,#4245,#4246,#4247));
#1094=EDGE_LOOP('',(#4248,#4249,#4250,#4251));
#1095=EDGE_LOOP('',(#4252,#4253,#4254,#4255));
#1096=EDGE_LOOP('',(#4256,#4257,#4258,#4259));
#1097=EDGE_LOOP('',(#4260,#4261,#4262,#4263));
#1098=EDGE_LOOP('',(#4264,#4265,#4266,#4267));
#1099=EDGE_LOOP('',(#4268,#4269,#4270,#4271,#4272,#4273,#4274,#4275,#4276,
#4277,#4278,#4279,#4280));
#1100=EDGE_LOOP('',(#4281,#4282,#4283,#4284));
#1101=EDGE_LOOP('',(#4285,#4286,#4287,#4288));
#1102=EDGE_LOOP('',(#4289,#4290,#4291,#4292));
#1103=EDGE_LOOP('',(#4293,#4294,#4295,#4296));
#1104=EDGE_LOOP('',(#4297,#4298,#4299,#4300));
#1105=EDGE_LOOP('',(#4301,#4302,#4303,#4304));
#1106=EDGE_LOOP('',(#4305,#4306,#4307,#4308));
#1107=EDGE_LOOP('',(#4309,#4310,#4311,#4312));
#1108=EDGE_LOOP('',(#4313,#4314,#4315,#4316));
#1109=EDGE_LOOP('',(#4317,#4318,#4319,#4320));
#1110=EDGE_LOOP('',(#4321,#4322,#4323,#4324));
#1111=EDGE_LOOP('',(#4325,#4326,#4327,#4328));
#1112=EDGE_LOOP('',(#4329,#4330,#4331,#4332));
#1113=EDGE_LOOP('',(#4333,#4334,#4335,#4336));
#1114=EDGE_LOOP('',(#4337,#4338,#4339,#4340));
#1115=EDGE_LOOP('',(#4341,#4342,#4343,#4344));
#1116=EDGE_LOOP('',(#4345,#4346,#4347,#4348));
#1117=EDGE_LOOP('',(#4349,#4350,#4351,#4352));
#1118=EDGE_LOOP('',(#4353,#4354,#4355,#4356));
#1119=EDGE_LOOP('',(#4357,#4358,#4359,#4360));
#1120=EDGE_LOOP('',(#4361,#4362,#4363,#4364,#4365,#4366,#4367,#4368,#4369,
#4370,#4371,#4372));
#1121=EDGE_LOOP('',(#4373,#4374,#4375,#4376,#4377,#4378,#4379,#4380));
#1122=EDGE_LOOP('',(#4381,#4382,#4383,#4384));
#1123=EDGE_LOOP('',(#4385,#4386,#4387,#4388));
#1124=EDGE_LOOP('',(#4389,#4390,#4391,#4392));
#1125=EDGE_LOOP('',(#4393,#4394,#4395,#4396));
#1126=EDGE_LOOP('',(#4397,#4398,#4399,#4400));
#1127=EDGE_LOOP('',(#4401,#4402,#4403,#4404));
#1128=EDGE_LOOP('',(#4405,#4406,#4407,#4408));
#1129=EDGE_LOOP('',(#4409,#4410,#4411,#4412));
#1130=EDGE_LOOP('',(#4413,#4414,#4415,#4416));
#1131=EDGE_LOOP('',(#4417,#4418,#4419,#4420));
#1132=EDGE_LOOP('',(#4421,#4422,#4423,#4424));
#1133=EDGE_LOOP('',(#4425,#4426,#4427,#4428));
#1134=EDGE_LOOP('',(#4429,#4430,#4431,#4432));
#1135=EDGE_LOOP('',(#4433,#4434,#4435,#4436));
#1136=EDGE_LOOP('',(#4437,#4438,#4439,#4440));
#1137=EDGE_LOOP('',(#4441,#4442,#4443,#4444));
#1138=EDGE_LOOP('',(#4445,#4446,#4447,#4448));
#1139=EDGE_LOOP('',(#4449,#4450,#4451,#4452));
#1140=EDGE_LOOP('',(#4453,#4454,#4455,#4456));
#1141=EDGE_LOOP('',(#4457,#4458,#4459,#4460,#4461,#4462,#4463,#4464,#4465,
#4466,#4467,#4468,#4469,#4470));
#1142=EDGE_LOOP('',(#4471,#4472,#4473,#4474,#4475));
#1143=EDGE_LOOP('',(#4476,#4477,#4478,#4479));
#1144=EDGE_LOOP('',(#4480,#4481,#4482,#4483));
#1145=EDGE_LOOP('',(#4484,#4485,#4486,#4487));
#1146=EDGE_LOOP('',(#4488,#4489,#4490,#4491));
#1147=EDGE_LOOP('',(#4492,#4493,#4494,#4495));
#1148=EDGE_LOOP('',(#4496,#4497,#4498,#4499));
#1149=EDGE_LOOP('',(#4500,#4501,#4502,#4503));
#1150=EDGE_LOOP('',(#4504,#4505,#4506,#4507));
#1151=EDGE_LOOP('',(#4508,#4509,#4510,#4511));
#1152=EDGE_LOOP('',(#4512,#4513,#4514,#4515));
#1153=EDGE_LOOP('',(#4516,#4517,#4518,#4519));
#1154=EDGE_LOOP('',(#4520,#4521,#4522,#4523));
#1155=EDGE_LOOP('',(#4524,#4525,#4526,#4527));
#1156=EDGE_LOOP('',(#4528,#4529,#4530,#4531));
#1157=EDGE_LOOP('',(#4532,#4533,#4534,#4535));
#1158=EDGE_LOOP('',(#4536,#4537,#4538,#4539));
#1159=EDGE_LOOP('',(#4540,#4541,#4542,#4543));
#1160=EDGE_LOOP('',(#4544,#4545,#4546,#4547));
#1161=EDGE_LOOP('',(#4548,#4549,#4550,#4551));
#1162=EDGE_LOOP('',(#4552,#4553,#4554,#4555,#4556,#4557,#4558,#4559,#4560,
#4561,#4562,#4563,#4564,#4565,#4566,#4567,#4568,#4569,#4570));
#1163=EDGE_LOOP('',(#4571,#4572,#4573,#4574));
#1164=EDGE_LOOP('',(#4575,#4576,#4577,#4578));
#1165=EDGE_LOOP('',(#4579,#4580,#4581,#4582));
#1166=EDGE_LOOP('',(#4583,#4584,#4585,#4586));
#1167=EDGE_LOOP('',(#4587,#4588,#4589,#4590));
#1168=EDGE_LOOP('',(#4591,#4592,#4593,#4594));
#1169=EDGE_LOOP('',(#4595,#4596,#4597,#4598));
#1170=EDGE_LOOP('',(#4599,#4600,#4601,#4602));
#1171=EDGE_LOOP('',(#4603,#4604,#4605,#4606));
#1172=EDGE_LOOP('',(#4607,#4608,#4609,#4610));
#1173=EDGE_LOOP('',(#4611,#4612,#4613,#4614));
#1174=EDGE_LOOP('',(#4615,#4616,#4617,#4618));
#1175=EDGE_LOOP('',(#4619,#4620,#4621,#4622));
#1176=EDGE_LOOP('',(#4623,#4624,#4625,#4626));
#1177=EDGE_LOOP('',(#4627,#4628,#4629,#4630));
#1178=EDGE_LOOP('',(#4631,#4632,#4633,#4634));
#1179=EDGE_LOOP('',(#4635,#4636,#4637,#4638));
#1180=EDGE_LOOP('',(#4639,#4640,#4641,#4642));
#1181=EDGE_LOOP('',(#4643,#4644,#4645,#4646,#4647,#4648,#4649,#4650,#4651,
#4652));
#1182=EDGE_LOOP('',(#4653,#4654,#4655,#4656,#4657,#4658,#4659,#4660));
#1183=EDGE_LOOP('',(#4661,#4662,#4663,#4664));
#1184=EDGE_LOOP('',(#4665,#4666,#4667,#4668));
#1185=EDGE_LOOP('',(#4669,#4670,#4671,#4672));
#1186=EDGE_LOOP('',(#4673,#4674,#4675,#4676));
#1187=EDGE_LOOP('',(#4677,#4678,#4679,#4680));
#1188=EDGE_LOOP('',(#4681,#4682,#4683,#4684));
#1189=EDGE_LOOP('',(#4685,#4686,#4687,#4688));
#1190=EDGE_LOOP('',(#4689,#4690,#4691,#4692));
#1191=EDGE_LOOP('',(#4693,#4694,#4695,#4696));
#1192=EDGE_LOOP('',(#4697,#4698,#4699,#4700));
#1193=EDGE_LOOP('',(#4701,#4702,#4703,#4704));
#1194=EDGE_LOOP('',(#4705,#4706,#4707,#4708));
#1195=EDGE_LOOP('',(#4709,#4710,#4711,#4712));
#1196=EDGE_LOOP('',(#4713,#4714,#4715,#4716));
#1197=EDGE_LOOP('',(#4717,#4718,#4719,#4720));
#1198=EDGE_LOOP('',(#4721,#4722,#4723,#4724));
#1199=EDGE_LOOP('',(#4725,#4726,#4727,#4728));
#1200=EDGE_LOOP('',(#4729,#4730,#4731,#4732));
#1201=EDGE_LOOP('',(#4733,#4734,#4735,#4736));
#1202=EDGE_LOOP('',(#4737,#4738,#4739,#4740,#4741,#4742,#4743,#4744,#4745,
#4746,#4747,#4748,#4749,#4750));
#1203=EDGE_LOOP('',(#4751,#4752,#4753,#4754,#4755));
#1204=EDGE_LOOP('',(#4756,#4757,#4758,#4759));
#1205=EDGE_LOOP('',(#4760,#4761,#4762,#4763));
#1206=EDGE_LOOP('',(#4764,#4765,#4766,#4767));
#1207=EDGE_LOOP('',(#4768,#4769,#4770,#4771));
#1208=EDGE_LOOP('',(#4772,#4773,#4774,#4775));
#1209=EDGE_LOOP('',(#4776,#4777,#4778,#4779));
#1210=EDGE_LOOP('',(#4780,#4781,#4782,#4783));
#1211=EDGE_LOOP('',(#4784,#4785,#4786,#4787));
#1212=EDGE_LOOP('',(#4788,#4789,#4790,#4791));
#1213=EDGE_LOOP('',(#4792,#4793,#4794,#4795));
#1214=EDGE_LOOP('',(#4796,#4797,#4798,#4799));
#1215=EDGE_LOOP('',(#4800,#4801,#4802,#4803));
#1216=EDGE_LOOP('',(#4804,#4805,#4806,#4807));
#1217=EDGE_LOOP('',(#4808,#4809,#4810,#4811));
#1218=EDGE_LOOP('',(#4812,#4813,#4814,#4815));
#1219=EDGE_LOOP('',(#4816,#4817,#4818,#4819));
#1220=EDGE_LOOP('',(#4820,#4821,#4822,#4823));
#1221=EDGE_LOOP('',(#4824,#4825,#4826,#4827));
#1222=EDGE_LOOP('',(#4828,#4829,#4830,#4831));
#1223=EDGE_LOOP('',(#4832,#4833,#4834,#4835));
#1224=EDGE_LOOP('',(#4836,#4837,#4838,#4839));
#1225=EDGE_LOOP('',(#4840,#4841,#4842,#4843));
#1226=EDGE_LOOP('',(#4844,#4845,#4846,#4847));
#1227=EDGE_LOOP('',(#4848,#4849,#4850,#4851));
#1228=EDGE_LOOP('',(#4852,#4853,#4854,#4855));
#1229=EDGE_LOOP('',(#4856,#4857,#4858,#4859));
#1230=EDGE_LOOP('',(#4860,#4861,#4862,#4863));
#1231=EDGE_LOOP('',(#4864,#4865,#4866,#4867));
#1232=EDGE_LOOP('',(#4868,#4869,#4870,#4871));
#1233=EDGE_LOOP('',(#4872,#4873,#4874,#4875));
#1234=EDGE_LOOP('',(#4876,#4877,#4878,#4879));
#1235=EDGE_LOOP('',(#4880,#4881,#4882,#4883));
#1236=EDGE_LOOP('',(#4884,#4885,#4886,#4887));
#1237=EDGE_LOOP('',(#4888,#4889,#4890,#4891));
#1238=EDGE_LOOP('',(#4892,#4893,#4894,#4895));
#1239=EDGE_LOOP('',(#4896,#4897,#4898,#4899));
#1240=EDGE_LOOP('',(#4900,#4901,#4902,#4903));
#1241=EDGE_LOOP('',(#4904,#4905,#4906,#4907));
#1242=EDGE_LOOP('',(#4908,#4909,#4910,#4911));
#1243=EDGE_LOOP('',(#4912,#4913,#4914,#4915));
#1244=EDGE_LOOP('',(#4916,#4917,#4918,#4919,#4920,#4921,#4922,#4923,#4924,
#4925,#4926,#4927,#4928,#4929,#4930,#4931,#4932,#4933,#4934,#4935,#4936,
#4937,#4938,#4939,#4940,#4941,#4942,#4943,#4944,#4945));
#1245=EDGE_LOOP('',(#4946,#4947,#4948,#4949,#4950));
#1246=EDGE_LOOP('',(#4951,#4952,#4953,#4954,#4955,#4956,#4957,#4958));
#1247=EDGE_LOOP('',(#4959,#4960,#4961,#4962,#4963));
#1248=EDGE_LOOP('',(#4964,#4965,#4966,#4967,#4968,#4969,#4970,#4971));
#1249=EDGE_LOOP('',(#4972,#4973,#4974,#4975));
#1250=EDGE_LOOP('',(#4976,#4977,#4978,#4979));
#1251=EDGE_LOOP('',(#4980,#4981,#4982,#4983));
#1252=EDGE_LOOP('',(#4984,#4985,#4986,#4987));
#1253=EDGE_LOOP('',(#4988,#4989,#4990,#4991));
#1254=EDGE_LOOP('',(#4992,#4993,#4994,#4995));
#1255=EDGE_LOOP('',(#4996,#4997,#4998,#4999));
#1256=EDGE_LOOP('',(#5000,#5001,#5002,#5003));
#1257=EDGE_LOOP('',(#5004,#5005,#5006,#5007));
#1258=EDGE_LOOP('',(#5008,#5009,#5010,#5011));
#1259=EDGE_LOOP('',(#5012,#5013,#5014,#5015));
#1260=EDGE_LOOP('',(#5016,#5017,#5018,#5019));
#1261=EDGE_LOOP('',(#5020,#5021,#5022,#5023));
#1262=EDGE_LOOP('',(#5024,#5025,#5026,#5027));
#1263=EDGE_LOOP('',(#5028,#5029,#5030,#5031));
#1264=EDGE_LOOP('',(#5032,#5033,#5034,#5035,#5036,#5037,#5038,#5039));
#1265=LINE('',#6460,#1682);
#1266=LINE('',#6463,#1683);
#1267=LINE('',#6466,#1684);
#1268=LINE('',#6472,#1685);
#1269=LINE('',#6478,#1686);
#1270=LINE('',#6482,#1687);
#1271=LINE('',#6486,#1688);
#1272=LINE('',#6489,#1689);
#1273=LINE('',#6514,#1690);
#1274=LINE('',#6515,#1691);
#1275=LINE('',#6519,#1692);
#1276=LINE('',#6522,#1693);
#1277=LINE('',#6525,#1694);
#1278=LINE('',#6528,#1695);
#1279=LINE('',#6534,#1696);
#1280=LINE('',#6535,#1697);
#1281=LINE('',#6538,#1698);
#1282=LINE('',#6539,#1699);
#1283=LINE('',#6541,#1700);
#1284=LINE('',#6544,#1701);
#1285=LINE('',#6548,#1702);
#1286=LINE('',#6551,#1703);
#1287=LINE('',#6555,#1704);
#1288=LINE('',#6557,#1705);
#1289=LINE('',#6559,#1706);
#1290=LINE('',#6591,#1707);
#1291=LINE('',#6593,#1708);
#1292=LINE('',#6595,#1709);
#1293=LINE('',#6633,#1710);
#1294=LINE('',#6634,#1711);
#1295=LINE('',#6643,#1712);
#1296=LINE('',#6645,#1713);
#1297=LINE('',#6647,#1714);
#1298=LINE('',#6685,#1715);
#1299=LINE('',#6687,#1716);
#1300=LINE('',#6689,#1717);
#1301=LINE('',#6691,#1718);
#1302=LINE('',#6693,#1719);
#1303=LINE('',#6719,#1720);
#1304=LINE('',#6721,#1721);
#1305=LINE('',#6723,#1722);
#1306=LINE('',#6725,#1723);
#1307=LINE('',#6768,#1724);
#1308=LINE('',#6771,#1725);
#1309=LINE('',#6773,#1726);
#1310=LINE('',#6775,#1727);
#1311=LINE('',#6777,#1728);
#1312=LINE('',#6779,#1729);
#1313=LINE('',#6781,#1730);
#1314=LINE('',#6783,#1731);
#1315=LINE('',#6785,#1732);
#1316=LINE('',#6787,#1733);
#1317=LINE('',#6788,#1734);
#1318=LINE('',#6797,#1735);
#1319=LINE('',#6799,#1736);
#1320=LINE('',#6801,#1737);
#1321=LINE('',#6803,#1738);
#1322=LINE('',#6805,#1739);
#1323=LINE('',#6825,#1740);
#1324=LINE('',#6845,#1741);
#1325=LINE('',#6847,#1742);
#1326=LINE('',#6849,#1743);
#1327=LINE('',#6851,#1744);
#1328=LINE('',#6894,#1745);
#1329=LINE('',#6909,#1746);
#1330=LINE('',#6959,#1747);
#1331=LINE('',#6979,#1748);
#1332=LINE('',#6981,#1749);
#1333=LINE('',#6983,#1750);
#1334=LINE('',#7021,#1751);
#1335=LINE('',#7023,#1752);
#1336=LINE('',#7025,#1753);
#1337=LINE('',#7027,#1754);
#1338=LINE('',#7029,#1755);
#1339=LINE('',#7127,#1756);
#1340=LINE('',#7177,#1757);
#1341=LINE('',#7191,#1758);
#1342=LINE('',#7193,#1759);
#1343=LINE('',#7195,#1760);
#1344=LINE('',#7196,#1761);
#1345=LINE('',#7199,#1762);
#1346=LINE('',#7201,#1763);
#1347=LINE('',#7203,#1764);
#1348=LINE('',#7204,#1765);
#1349=LINE('',#7219,#1766);
#1350=LINE('',#7305,#1767);
#1351=LINE('',#7379,#1768);
#1352=LINE('',#7383,#1769);
#1353=LINE('',#7387,#1770);
#1354=LINE('',#7391,#1771);
#1355=LINE('',#7395,#1772);
#1356=LINE('',#7399,#1773);
#1357=LINE('',#7422,#1774);
#1358=LINE('',#7424,#1775);
#1359=LINE('',#7427,#1776);
#1360=LINE('',#7429,#1777);
#1361=LINE('',#7435,#1778);
#1362=LINE('',#7438,#1779);
#1363=LINE('',#7445,#1780);
#1364=LINE('',#7452,#1781);
#1365=LINE('',#7459,#1782);
#1366=LINE('',#7466,#1783);
#1367=LINE('',#7473,#1784);
#1368=LINE('',#7480,#1785);
#1369=LINE('',#7487,#1786);
#1370=LINE('',#7494,#1787);
#1371=LINE('',#7501,#1788);
#1372=LINE('',#7507,#1789);
#1373=LINE('',#7509,#1790);
#1374=LINE('',#7511,#1791);
#1375=LINE('',#7513,#1792);
#1376=LINE('',#7515,#1793);
#1377=LINE('',#7517,#1794);
#1378=LINE('',#7519,#1795);
#1379=LINE('',#7521,#1796);
#1380=LINE('',#7523,#1797);
#1381=LINE('',#7525,#1798);
#1382=LINE('',#7528,#1799);
#1383=LINE('',#7530,#1800);
#1384=LINE('',#7531,#1801);
#1385=LINE('',#7534,#1802);
#1386=LINE('',#7535,#1803);
#1387=LINE('',#7538,#1804);
#1388=LINE('',#7539,#1805);
#1389=LINE('',#7551,#1806);
#1390=LINE('',#7568,#1807);
#1391=LINE('',#7585,#1808);
#1392=LINE('',#7602,#1809);
#1393=LINE('',#7619,#1810);
#1394=LINE('',#7636,#1811);
#1395=LINE('',#7644,#1812);
#1396=LINE('',#7645,#1813);
#1397=LINE('',#7648,#1814);
#1398=LINE('',#7649,#1815);
#1399=LINE('',#7652,#1816);
#1400=LINE('',#7653,#1817);
#1401=LINE('',#7665,#1818);
#1402=LINE('',#7682,#1819);
#1403=LINE('',#7699,#1820);
#1404=LINE('',#7716,#1821);
#1405=LINE('',#7733,#1822);
#1406=LINE('',#7741,#1823);
#1407=LINE('',#7742,#1824);
#1408=LINE('',#7744,#1825);
#1409=LINE('',#7757,#1826);
#1410=LINE('',#7764,#1827);
#1411=LINE('',#7776,#1828);
#1412=LINE('',#7793,#1829);
#1413=LINE('',#7810,#1830);
#1414=LINE('',#7827,#1831);
#1415=LINE('',#7835,#1832);
#1416=LINE('',#7836,#1833);
#1417=LINE('',#7839,#1834);
#1418=LINE('',#7840,#1835);
#1419=LINE('',#7843,#1836);
#1420=LINE('',#7844,#1837);
#1421=LINE('',#7847,#1838);
#1422=LINE('',#7848,#1839);
#1423=LINE('',#7851,#1840);
#1424=LINE('',#7852,#1841);
#1425=LINE('',#7864,#1842);
#1426=LINE('',#7881,#1843);
#1427=LINE('',#7898,#1844);
#1428=LINE('',#7915,#1845);
#1429=LINE('',#7932,#1846);
#1430=LINE('',#7949,#1847);
#1431=LINE('',#7957,#1848);
#1432=LINE('',#7958,#1849);
#1433=LINE('',#7961,#1850);
#1434=LINE('',#7962,#1851);
#1435=LINE('',#7964,#1852);
#1436=LINE('',#7984,#1853);
#1437=LINE('',#7991,#1854);
#1438=LINE('',#8009,#1855);
#1439=LINE('',#8032,#1856);
#1440=LINE('',#8055,#1857);
#1441=LINE('',#8078,#1858);
#1442=LINE('',#8101,#1859);
#1443=LINE('',#8124,#1860);
#1444=LINE('',#8152,#1861);
#1445=LINE('',#8154,#1862);
#1446=LINE('',#8155,#1863);
#1447=LINE('',#8158,#1864);
#1448=LINE('',#8159,#1865);
#1449=LINE('',#8171,#1866);
#1450=LINE('',#8188,#1867);
#1451=LINE('',#8205,#1868);
#1452=LINE('',#8222,#1869);
#1453=LINE('',#8239,#1870);
#1454=LINE('',#8256,#1871);
#1455=LINE('',#8273,#1872);
#1456=LINE('',#8281,#1873);
#1457=LINE('',#8282,#1874);
#1458=LINE('',#8285,#1875);
#1459=LINE('',#8286,#1876);
#1460=LINE('',#8288,#1877);
#1461=LINE('',#8292,#1878);
#1462=LINE('',#8294,#1879);
#1463=LINE('',#8295,#1880);
#1464=LINE('',#8298,#1881);
#1465=LINE('',#8299,#1882);
#1466=LINE('',#8302,#1883);
#1467=LINE('',#8303,#1884);
#1468=LINE('',#8306,#1885);
#1469=LINE('',#8307,#1886);
#1470=LINE('',#8310,#1887);
#1471=LINE('',#8311,#1888);
#1472=LINE('',#8314,#1889);
#1473=LINE('',#8315,#1890);
#1474=LINE('',#8318,#1891);
#1475=LINE('',#8319,#1892);
#1476=LINE('',#8322,#1893);
#1477=LINE('',#8323,#1894);
#1478=LINE('',#8326,#1895);
#1479=LINE('',#8327,#1896);
#1480=LINE('',#8329,#1897);
#1481=LINE('',#8342,#1898);
#1482=LINE('',#8349,#1899);
#1483=LINE('',#8361,#1900);
#1484=LINE('',#8378,#1901);
#1485=LINE('',#8395,#1902);
#1486=LINE('',#8403,#1903);
#1487=LINE('',#8404,#1904);
#1488=LINE('',#8416,#1905);
#1489=LINE('',#8433,#1906);
#1490=LINE('',#8450,#1907);
#1491=LINE('',#8458,#1908);
#1492=LINE('',#8459,#1909);
#1493=LINE('',#8462,#1910);
#1494=LINE('',#8463,#1911);
#1495=LINE('',#8466,#1912);
#1496=LINE('',#8467,#1913);
#1497=LINE('',#8470,#1914);
#1498=LINE('',#8471,#1915);
#1499=LINE('',#8473,#1916);
#1500=LINE('',#8493,#1917);
#1501=LINE('',#8500,#1918);
#1502=LINE('',#8518,#1919);
#1503=LINE('',#8541,#1920);
#1504=LINE('',#8564,#1921);
#1505=LINE('',#8587,#1922);
#1506=LINE('',#8610,#1923);
#1507=LINE('',#8633,#1924);
#1508=LINE('',#8661,#1925);
#1509=LINE('',#8663,#1926);
#1510=LINE('',#8664,#1927);
#1511=LINE('',#8667,#1928);
#1512=LINE('',#8668,#1929);
#1513=LINE('',#8680,#1930);
#1514=LINE('',#8697,#1931);
#1515=LINE('',#8714,#1932);
#1516=LINE('',#8731,#1933);
#1517=LINE('',#8748,#1934);
#1518=LINE('',#8765,#1935);
#1519=LINE('',#8782,#1936);
#1520=LINE('',#8790,#1937);
#1521=LINE('',#8791,#1938);
#1522=LINE('',#8794,#1939);
#1523=LINE('',#8795,#1940);
#1524=LINE('',#8797,#1941);
#1525=LINE('',#8817,#1942);
#1526=LINE('',#8824,#1943);
#1527=LINE('',#8842,#1944);
#1528=LINE('',#8865,#1945);
#1529=LINE('',#8888,#1946);
#1530=LINE('',#8895,#1947);
#1531=LINE('',#8896,#1948);
#1532=LINE('',#8908,#1949);
#1533=LINE('',#8915,#1950);
#1534=LINE('',#8927,#1951);
#1535=LINE('',#8944,#1952);
#1536=LINE('',#8952,#1953);
#1537=LINE('',#8953,#1954);
#1538=LINE('',#8965,#1955);
#1539=LINE('',#8982,#1956);
#1540=LINE('',#8999,#1957);
#1541=LINE('',#9016,#1958);
#1542=LINE('',#9033,#1959);
#1543=LINE('',#9050,#1960);
#1544=LINE('',#9067,#1961);
#1545=LINE('',#9084,#1962);
#1546=LINE('',#9092,#1963);
#1547=LINE('',#9093,#1964);
#1548=LINE('',#9121,#1965);
#1549=LINE('',#9128,#1966);
#1550=LINE('',#9140,#1967);
#1551=LINE('',#9157,#1968);
#1552=LINE('',#9174,#1969);
#1553=LINE('',#9191,#1970);
#1554=LINE('',#9199,#1971);
#1555=LINE('',#9200,#1972);
#1556=LINE('',#9203,#1973);
#1557=LINE('',#9204,#1974);
#1558=LINE('',#9207,#1975);
#1559=LINE('',#9208,#1976);
#1560=LINE('',#9211,#1977);
#1561=LINE('',#9212,#1978);
#1562=LINE('',#9215,#1979);
#1563=LINE('',#9216,#1980);
#1564=LINE('',#9228,#1981);
#1565=LINE('',#9245,#1982);
#1566=LINE('',#9262,#1983);
#1567=LINE('',#9279,#1984);
#1568=LINE('',#9296,#1985);
#1569=LINE('',#9313,#1986);
#1570=LINE('',#9321,#1987);
#1571=LINE('',#9322,#1988);
#1572=LINE('',#9325,#1989);
#1573=LINE('',#9326,#1990);
#1574=LINE('',#9328,#1991);
#1575=LINE('',#9348,#1992);
#1576=LINE('',#9355,#1993);
#1577=LINE('',#9373,#1994);
#1578=LINE('',#9396,#1995);
#1579=LINE('',#9419,#1996);
#1580=LINE('',#9442,#1997);
#1581=LINE('',#9465,#1998);
#1582=LINE('',#9488,#1999);
#1583=LINE('',#9525,#2000);
#1584=LINE('',#9532,#2001);
#1585=LINE('',#9544,#2002);
#1586=LINE('',#9561,#2003);
#1587=LINE('',#9578,#2004);
#1588=LINE('',#9595,#2005);
#1589=LINE('',#9612,#2006);
#1590=LINE('',#9629,#2007);
#1591=LINE('',#9646,#2008);
#1592=LINE('',#9663,#2009);
#1593=LINE('',#9703,#2010);
#1594=LINE('',#9710,#2011);
#1595=LINE('',#9728,#2012);
#1596=LINE('',#9751,#2013);
#1597=LINE('',#9774,#2014);
#1598=LINE('',#9781,#2015);
#1599=LINE('',#9782,#2016);
#1600=LINE('',#9794,#2017);
#1601=LINE('',#9801,#2018);
#1602=LINE('',#9813,#2019);
#1603=LINE('',#9830,#2020);
#1604=LINE('',#9838,#2021);
#1605=LINE('',#9839,#2022);
#1606=LINE('',#9851,#2023);
#1607=LINE('',#9868,#2024);
#1608=LINE('',#9885,#2025);
#1609=LINE('',#9902,#2026);
#1610=LINE('',#9919,#2027);
#1611=LINE('',#9936,#2028);
#1612=LINE('',#9953,#2029);
#1613=LINE('',#9970,#2030);
#1614=LINE('',#9978,#2031);
#1615=LINE('',#9979,#2032);
#1616=LINE('',#9998,#2033);
#1617=LINE('',#10000,#2034);
#1618=LINE('',#10001,#2035);
#1619=LINE('',#10004,#2036);
#1620=LINE('',#10005,#2037);
#1621=LINE('',#10008,#2038);
#1622=LINE('',#10009,#2039);
#1623=LINE('',#10011,#2040);
#1624=LINE('',#10015,#2041);
#1625=LINE('',#10017,#2042);
#1626=LINE('',#10018,#2043);
#1627=LINE('',#10021,#2044);
#1628=LINE('',#10022,#2045);
#1629=LINE('',#10025,#2046);
#1630=LINE('',#10026,#2047);
#1631=LINE('',#10028,#2048);
#1632=LINE('',#10041,#2049);
#1633=LINE('',#10048,#2050);
#1634=LINE('',#10060,#2051);
#1635=LINE('',#10077,#2052);
#1636=LINE('',#10094,#2053);
#1637=LINE('',#10111,#2054);
#1638=LINE('',#10128,#2055);
#1639=LINE('',#10145,#2056);
#1640=LINE('',#10162,#2057);
#1641=LINE('',#10179,#2058);
#1642=LINE('',#10196,#2059);
#1643=LINE('',#10213,#2060);
#1644=LINE('',#10230,#2061);
#1645=LINE('',#10247,#2062);
#1646=LINE('',#10255,#2063);
#1647=LINE('',#10256,#2064);
#1648=LINE('',#10268,#2065);
#1649=LINE('',#10285,#2066);
#1650=LINE('',#10302,#2067);
#1651=LINE('',#10319,#2068);
#1652=LINE('',#10336,#2069);
#1653=LINE('',#10353,#2070);
#1654=LINE('',#10370,#2071);
#1655=LINE('',#10387,#2072);
#1656=LINE('',#10404,#2073);
#1657=LINE('',#10421,#2074);
#1658=LINE('',#10438,#2075);
#1659=LINE('',#10455,#2076);
#1660=LINE('',#10472,#2077);
#1661=LINE('',#10489,#2078);
#1662=LINE('',#10497,#2079);
#1663=LINE('',#10498,#2080);
#1664=LINE('',#10521,#2081);
#1665=LINE('',#10523,#2082);
#1666=LINE('',#10524,#2083);
#1667=LINE('',#10527,#2084);
#1668=LINE('',#10531,#2085);
#1669=LINE('',#10532,#2086);
#1670=LINE('',#10538,#2087);
#1671=LINE('',#10540,#2088);
#1672=LINE('',#10541,#2089);
#1673=LINE('',#10544,#2090);
#1674=LINE('',#10548,#2091);
#1675=LINE('',#10549,#2092);
#1676=LINE('',#10555,#2093);
#1677=LINE('',#10557,#2094);
#1678=LINE('',#10558,#2095);
#1679=LINE('',#10561,#2096);
#1680=LINE('',#10565,#2097);
#1681=LINE('',#10566,#2098);
#1682=VECTOR('',#5607,10.);
#1683=VECTOR('',#5610,10.);
#1684=VECTOR('',#5613,10.);
#1685=VECTOR('',#5618,10.);
#1686=VECTOR('',#5623,10.);
#1687=VECTOR('',#5626,10.);
#1688=VECTOR('',#5629,10.);
#1689=VECTOR('',#5632,10.);
#1690=VECTOR('',#5657,10.);
#1691=VECTOR('',#5658,10.);
#1692=VECTOR('',#5663,10.);
#1693=VECTOR('',#5666,10.);
#1694=VECTOR('',#5669,10.);
#1695=VECTOR('',#5672,10.);
#1696=VECTOR('',#5679,10.);
#1697=VECTOR('',#5680,10.);
#1698=VECTOR('',#5683,10.);
#1699=VECTOR('',#5684,10.);
#1700=VECTOR('',#5687,10.);
#1701=VECTOR('',#5690,10.);
#1702=VECTOR('',#5693,10.);
#1703=VECTOR('',#5696,10.);
#1704=VECTOR('',#5699,10.);
#1705=VECTOR('',#5700,10.);
#1706=VECTOR('',#5701,10.);
#1707=VECTOR('',#5702,10.);
#1708=VECTOR('',#5703,10.);
#1709=VECTOR('',#5704,10.);
#1710=VECTOR('',#5705,10.);
#1711=VECTOR('',#5706,10.);
#1712=VECTOR('',#5707,10.);
#1713=VECTOR('',#5708,10.);
#1714=VECTOR('',#5709,10.);
#1715=VECTOR('',#5710,10.);
#1716=VECTOR('',#5711,10.);
#1717=VECTOR('',#5712,10.);
#1718=VECTOR('',#5713,10.);
#1719=VECTOR('',#5714,10.);
#1720=VECTOR('',#5715,10.);
#1721=VECTOR('',#5716,10.);
#1722=VECTOR('',#5717,10.);
#1723=VECTOR('',#5718,10.);
#1724=VECTOR('',#5719,10.);
#1725=VECTOR('',#5720,10.);
#1726=VECTOR('',#5721,10.);
#1727=VECTOR('',#5722,10.);
#1728=VECTOR('',#5723,10.);
#1729=VECTOR('',#5724,10.);
#1730=VECTOR('',#5725,10.);
#1731=VECTOR('',#5726,10.);
#1732=VECTOR('',#5727,10.);
#1733=VECTOR('',#5728,10.);
#1734=VECTOR('',#5729,10.);
#1735=VECTOR('',#5730,10.);
#1736=VECTOR('',#5731,10.);
#1737=VECTOR('',#5732,10.);
#1738=VECTOR('',#5733,10.);
#1739=VECTOR('',#5734,10.);
#1740=VECTOR('',#5735,10.);
#1741=VECTOR('',#5736,10.);
#1742=VECTOR('',#5737,10.);
#1743=VECTOR('',#5738,10.);
#1744=VECTOR('',#5739,10.);
#1745=VECTOR('',#5740,10.);
#1746=VECTOR('',#5741,10.);
#1747=VECTOR('',#5742,10.);
#1748=VECTOR('',#5743,10.);
#1749=VECTOR('',#5744,10.);
#1750=VECTOR('',#5745,10.);
#1751=VECTOR('',#5746,10.);
#1752=VECTOR('',#5747,10.);
#1753=VECTOR('',#5748,10.);
#1754=VECTOR('',#5749,10.);
#1755=VECTOR('',#5750,10.);
#1756=VECTOR('',#5751,10.);
#1757=VECTOR('',#5752,10.);
#1758=VECTOR('',#5753,10.);
#1759=VECTOR('',#5754,10.);
#1760=VECTOR('',#5755,10.);
#1761=VECTOR('',#5756,10.);
#1762=VECTOR('',#5757,10.);
#1763=VECTOR('',#5758,10.);
#1764=VECTOR('',#5759,10.);
#1765=VECTOR('',#5760,10.);
#1766=VECTOR('',#5761,10.);
#1767=VECTOR('',#5762,10.);
#1768=VECTOR('',#5763,10.);
#1769=VECTOR('',#5766,10.);
#1770=VECTOR('',#5769,10.);
#1771=VECTOR('',#5772,10.);
#1772=VECTOR('',#5775,10.);
#1773=VECTOR('',#5778,10.);
#1774=VECTOR('',#5803,10.);
#1775=VECTOR('',#5806,10.);
#1776=VECTOR('',#5811,10.);
#1777=VECTOR('',#5814,10.);
#1778=VECTOR('',#5823,7.);
#1779=VECTOR('',#5826,4.49999999999999);
#1780=VECTOR('',#5835,4.50000000000003);
#1781=VECTOR('',#5844,4.49999999999999);
#1782=VECTOR('',#5853,4.49999999999999);
#1783=VECTOR('',#5862,4.49999999999999);
#1784=VECTOR('',#5871,4.49999999999999);
#1785=VECTOR('',#5880,4.49999999999999);
#1786=VECTOR('',#5889,4.49999999999999);
#1787=VECTOR('',#5898,4.49999999999999);
#1788=VECTOR('',#5907,4.50000000000003);
#1789=VECTOR('',#5916,2.74999999999999);
#1790=VECTOR('',#5919,2.74999999999999);
#1791=VECTOR('',#5922,2.74999999999999);
#1792=VECTOR('',#5925,2.74999999999999);
#1793=VECTOR('',#5928,2.74999999999999);
#1794=VECTOR('',#5931,2.74999999999999);
#1795=VECTOR('',#5934,2.74999999999999);
#1796=VECTOR('',#5937,2.74999999999999);
#1797=VECTOR('',#5940,2.74999999999999);
#1798=VECTOR('',#5943,2.74999999999999);
#1799=VECTOR('',#5946,10.);
#1800=VECTOR('',#5947,10.);
#1801=VECTOR('',#5948,10.);
#1802=VECTOR('',#5951,10.);
#1803=VECTOR('',#5952,10.);
#1804=VECTOR('',#5955,10.);
#1805=VECTOR('',#5956,10.);
#1806=VECTOR('',#5957,10.);
#1807=VECTOR('',#5958,10.);
#1808=VECTOR('',#5959,10.);
#1809=VECTOR('',#5960,10.);
#1810=VECTOR('',#5961,10.);
#1811=VECTOR('',#5962,10.);
#1812=VECTOR('',#5965,10.);
#1813=VECTOR('',#5966,10.);
#1814=VECTOR('',#5969,10.);
#1815=VECTOR('',#5970,10.);
#1816=VECTOR('',#5973,10.);
#1817=VECTOR('',#5974,10.);
#1818=VECTOR('',#5975,10.);
#1819=VECTOR('',#5976,10.);
#1820=VECTOR('',#5977,10.);
#1821=VECTOR('',#5978,10.);
#1822=VECTOR('',#5979,10.);
#1823=VECTOR('',#5982,10.);
#1824=VECTOR('',#5983,10.);
#1825=VECTOR('',#5986,10.);
#1826=VECTOR('',#5989,10.);
#1827=VECTOR('',#5990,10.);
#1828=VECTOR('',#5991,10.);
#1829=VECTOR('',#5992,10.);
#1830=VECTOR('',#5993,10.);
#1831=VECTOR('',#5994,10.);
#1832=VECTOR('',#5997,10.);
#1833=VECTOR('',#5998,10.);
#1834=VECTOR('',#6001,10.);
#1835=VECTOR('',#6002,10.);
#1836=VECTOR('',#6005,10.);
#1837=VECTOR('',#6006,10.);
#1838=VECTOR('',#6009,10.);
#1839=VECTOR('',#6010,10.);
#1840=VECTOR('',#6013,10.);
#1841=VECTOR('',#6014,10.);
#1842=VECTOR('',#6015,10.);
#1843=VECTOR('',#6016,10.);
#1844=VECTOR('',#6017,10.);
#1845=VECTOR('',#6018,10.);
#1846=VECTOR('',#6019,10.);
#1847=VECTOR('',#6020,10.);
#1848=VECTOR('',#6023,10.);
#1849=VECTOR('',#6024,10.);
#1850=VECTOR('',#6027,10.);
#1851=VECTOR('',#6028,10.);
#1852=VECTOR('',#6031,10.);
#1853=VECTOR('',#6034,10.);
#1854=VECTOR('',#6035,10.);
#1855=VECTOR('',#6036,10.);
#1856=VECTOR('',#6037,10.);
#1857=VECTOR('',#6038,10.);
#1858=VECTOR('',#6039,10.);
#1859=VECTOR('',#6040,10.);
#1860=VECTOR('',#6041,10.);
#1861=VECTOR('',#6044,10.);
#1862=VECTOR('',#6045,10.);
#1863=VECTOR('',#6046,10.);
#1864=VECTOR('',#6049,10.);
#1865=VECTOR('',#6050,10.);
#1866=VECTOR('',#6051,10.);
#1867=VECTOR('',#6052,10.);
#1868=VECTOR('',#6053,10.);
#1869=VECTOR('',#6054,10.);
#1870=VECTOR('',#6055,10.);
#1871=VECTOR('',#6056,10.);
#1872=VECTOR('',#6057,10.);
#1873=VECTOR('',#6060,10.);
#1874=VECTOR('',#6061,10.);
#1875=VECTOR('',#6064,10.);
#1876=VECTOR('',#6065,10.);
#1877=VECTOR('',#6068,10.);
#1878=VECTOR('',#6073,10.);
#1879=VECTOR('',#6074,10.);
#1880=VECTOR('',#6075,10.);
#1881=VECTOR('',#6078,10.);
#1882=VECTOR('',#6079,10.);
#1883=VECTOR('',#6082,10.);
#1884=VECTOR('',#6083,10.);
#1885=VECTOR('',#6086,10.);
#1886=VECTOR('',#6087,10.);
#1887=VECTOR('',#6090,10.);
#1888=VECTOR('',#6091,10.);
#1889=VECTOR('',#6094,10.);
#1890=VECTOR('',#6095,10.);
#1891=VECTOR('',#6098,10.);
#1892=VECTOR('',#6099,10.);
#1893=VECTOR('',#6102,10.);
#1894=VECTOR('',#6103,10.);
#1895=VECTOR('',#6106,10.);
#1896=VECTOR('',#6107,10.);
#1897=VECTOR('',#6110,10.);
#1898=VECTOR('',#6113,10.);
#1899=VECTOR('',#6114,10.);
#1900=VECTOR('',#6115,10.);
#1901=VECTOR('',#6116,10.);
#1902=VECTOR('',#6117,10.);
#1903=VECTOR('',#6120,10.);
#1904=VECTOR('',#6121,10.);
#1905=VECTOR('',#6122,10.);
#1906=VECTOR('',#6123,10.);
#1907=VECTOR('',#6124,10.);
#1908=VECTOR('',#6127,10.);
#1909=VECTOR('',#6128,10.);
#1910=VECTOR('',#6131,10.);
#1911=VECTOR('',#6132,10.);
#1912=VECTOR('',#6135,10.);
#1913=VECTOR('',#6136,10.);
#1914=VECTOR('',#6139,10.);
#1915=VECTOR('',#6140,10.);
#1916=VECTOR('',#6143,10.);
#1917=VECTOR('',#6146,10.);
#1918=VECTOR('',#6147,10.);
#1919=VECTOR('',#6148,10.);
#1920=VECTOR('',#6149,10.);
#1921=VECTOR('',#6150,10.);
#1922=VECTOR('',#6151,10.);
#1923=VECTOR('',#6152,10.);
#1924=VECTOR('',#6153,10.);
#1925=VECTOR('',#6156,10.);
#1926=VECTOR('',#6157,10.);
#1927=VECTOR('',#6158,10.);
#1928=VECTOR('',#6161,10.);
#1929=VECTOR('',#6162,10.);
#1930=VECTOR('',#6163,10.);
#1931=VECTOR('',#6164,10.);
#1932=VECTOR('',#6165,10.);
#1933=VECTOR('',#6166,10.);
#1934=VECTOR('',#6167,10.);
#1935=VECTOR('',#6168,10.);
#1936=VECTOR('',#6169,10.);
#1937=VECTOR('',#6172,10.);
#1938=VECTOR('',#6173,10.);
#1939=VECTOR('',#6176,10.);
#1940=VECTOR('',#6177,10.);
#1941=VECTOR('',#6180,10.);
#1942=VECTOR('',#6183,10.);
#1943=VECTOR('',#6184,10.);
#1944=VECTOR('',#6185,10.);
#1945=VECTOR('',#6186,10.);
#1946=VECTOR('',#6187,10.);
#1947=VECTOR('',#6190,10.);
#1948=VECTOR('',#6191,10.);
#1949=VECTOR('',#6192,10.);
#1950=VECTOR('',#6193,10.);
#1951=VECTOR('',#6194,10.);
#1952=VECTOR('',#6195,10.);
#1953=VECTOR('',#6198,10.);
#1954=VECTOR('',#6199,10.);
#1955=VECTOR('',#6200,10.);
#1956=VECTOR('',#6201,10.);
#1957=VECTOR('',#6202,10.);
#1958=VECTOR('',#6203,10.);
#1959=VECTOR('',#6204,10.);
#1960=VECTOR('',#6205,10.);
#1961=VECTOR('',#6206,10.);
#1962=VECTOR('',#6207,10.);
#1963=VECTOR('',#6210,10.);
#1964=VECTOR('',#6211,10.);
#1965=VECTOR('',#6214,10.);
#1966=VECTOR('',#6215,10.);
#1967=VECTOR('',#6216,10.);
#1968=VECTOR('',#6217,10.);
#1969=VECTOR('',#6218,10.);
#1970=VECTOR('',#6219,10.);
#1971=VECTOR('',#6222,10.);
#1972=VECTOR('',#6223,10.);
#1973=VECTOR('',#6226,10.);
#1974=VECTOR('',#6227,10.);
#1975=VECTOR('',#6230,10.);
#1976=VECTOR('',#6231,10.);
#1977=VECTOR('',#6234,10.);
#1978=VECTOR('',#6235,10.);
#1979=VECTOR('',#6238,10.);
#1980=VECTOR('',#6239,10.);
#1981=VECTOR('',#6240,10.);
#1982=VECTOR('',#6241,10.);
#1983=VECTOR('',#6242,10.);
#1984=VECTOR('',#6243,10.);
#1985=VECTOR('',#6244,10.);
#1986=VECTOR('',#6245,10.);
#1987=VECTOR('',#6248,10.);
#1988=VECTOR('',#6249,10.);
#1989=VECTOR('',#6252,10.);
#1990=VECTOR('',#6253,10.);
#1991=VECTOR('',#6256,10.);
#1992=VECTOR('',#6259,10.);
#1993=VECTOR('',#6260,10.);
#1994=VECTOR('',#6261,10.);
#1995=VECTOR('',#6262,10.);
#1996=VECTOR('',#6263,10.);
#1997=VECTOR('',#6264,10.);
#1998=VECTOR('',#6265,10.);
#1999=VECTOR('',#6266,10.);
#2000=VECTOR('',#6267,10.);
#2001=VECTOR('',#6268,10.);
#2002=VECTOR('',#6269,10.);
#2003=VECTOR('',#6270,10.);
#2004=VECTOR('',#6271,10.);
#2005=VECTOR('',#6272,10.);
#2006=VECTOR('',#6273,10.);
#2007=VECTOR('',#6274,10.);
#2008=VECTOR('',#6275,10.);
#2009=VECTOR('',#6276,10.);
#2010=VECTOR('',#6279,10.);
#2011=VECTOR('',#6280,10.);
#2012=VECTOR('',#6281,10.);
#2013=VECTOR('',#6282,10.);
#2014=VECTOR('',#6283,10.);
#2015=VECTOR('',#6286,10.);
#2016=VECTOR('',#6287,10.);
#2017=VECTOR('',#6288,10.);
#2018=VECTOR('',#6289,10.);
#2019=VECTOR('',#6290,10.);
#2020=VECTOR('',#6291,10.);
#2021=VECTOR('',#6294,10.);
#2022=VECTOR('',#6295,10.);
#2023=VECTOR('',#6296,10.);
#2024=VECTOR('',#6297,10.);
#2025=VECTOR('',#6298,10.);
#2026=VECTOR('',#6299,10.);
#2027=VECTOR('',#6300,10.);
#2028=VECTOR('',#6301,10.);
#2029=VECTOR('',#6302,10.);
#2030=VECTOR('',#6303,10.);
#2031=VECTOR('',#6306,10.);
#2032=VECTOR('',#6307,10.);
#2033=VECTOR('',#6312,10.);
#2034=VECTOR('',#6313,10.);
#2035=VECTOR('',#6314,10.);
#2036=VECTOR('',#6317,10.);
#2037=VECTOR('',#6318,10.);
#2038=VECTOR('',#6321,10.);
#2039=VECTOR('',#6322,10.);
#2040=VECTOR('',#6325,10.);
#2041=VECTOR('',#6330,10.);
#2042=VECTOR('',#6331,10.);
#2043=VECTOR('',#6332,10.);
#2044=VECTOR('',#6335,10.);
#2045=VECTOR('',#6336,10.);
#2046=VECTOR('',#6339,10.);
#2047=VECTOR('',#6340,10.);
#2048=VECTOR('',#6343,10.);
#2049=VECTOR('',#6346,10.);
#2050=VECTOR('',#6347,10.);
#2051=VECTOR('',#6348,10.);
#2052=VECTOR('',#6349,10.);
#2053=VECTOR('',#6350,10.);
#2054=VECTOR('',#6351,10.);
#2055=VECTOR('',#6352,10.);
#2056=VECTOR('',#6353,10.);
#2057=VECTOR('',#6354,10.);
#2058=VECTOR('',#6355,10.);
#2059=VECTOR('',#6356,10.);
#2060=VECTOR('',#6357,10.);
#2061=VECTOR('',#6358,10.);
#2062=VECTOR('',#6359,10.);
#2063=VECTOR('',#6362,10.);
#2064=VECTOR('',#6363,10.);
#2065=VECTOR('',#6364,10.);
#2066=VECTOR('',#6365,10.);
#2067=VECTOR('',#6366,10.);
#2068=VECTOR('',#6367,10.);
#2069=VECTOR('',#6368,10.);
#2070=VECTOR('',#6369,10.);
#2071=VECTOR('',#6370,10.);
#2072=VECTOR('',#6371,10.);
#2073=VECTOR('',#6372,10.);
#2074=VECTOR('',#6373,10.);
#2075=VECTOR('',#6374,10.);
#2076=VECTOR('',#6375,10.);
#2077=VECTOR('',#6376,10.);
#2078=VECTOR('',#6377,10.);
#2079=VECTOR('',#6380,10.);
#2080=VECTOR('',#6381,10.);
#2081=VECTOR('',#6394,10.);
#2082=VECTOR('',#6395,10.);
#2083=VECTOR('',#6396,10.);
#2084=VECTOR('',#6399,10.);
#2085=VECTOR('',#6404,10.);
#2086=VECTOR('',#6405,10.);
#2087=VECTOR('',#6414,10.);
#2088=VECTOR('',#6415,10.);
#2089=VECTOR('',#6416,10.);
#2090=VECTOR('',#6419,10.);
#2091=VECTOR('',#6424,10.);
#2092=VECTOR('',#6425,10.);
#2093=VECTOR('',#6434,10.);
#2094=VECTOR('',#6435,10.);
#2095=VECTOR('',#6436,10.);
#2096=VECTOR('',#6439,10.);
#2097=VECTOR('',#6444,10.);
#2098=VECTOR('',#6445,10.);
#2099=CIRCLE('',#5385,10.);
#2100=CIRCLE('',#5386,10.);
#2101=CIRCLE('',#5388,10.);
#2102=CIRCLE('',#5389,10.);
#2103=CIRCLE('',#5390,10.);
#2104=CIRCLE('',#5391,10.);
#2105=CIRCLE('',#5392,10.);
#2106=CIRCLE('',#5393,10.);
#2107=CIRCLE('',#5394,10.);
#2108=CIRCLE('',#5395,2.74999999999999);
#2109=CIRCLE('',#5396,2.74999999999999);
#2110=CIRCLE('',#5397,2.74999999999999);
#2111=CIRCLE('',#5398,2.74999999999999);
#2112=CIRCLE('',#5399,2.74999999999999);
#2113=CIRCLE('',#5400,2.74999999999999);
#2114=CIRCLE('',#5401,2.74999999999999);
#2115=CIRCLE('',#5402,2.74999999999999);
#2116=CIRCLE('',#5403,2.74999999999999);
#2117=CIRCLE('',#5404,2.74999999999999);
#2118=CIRCLE('',#5405,7.);
#2119=CIRCLE('',#5408,10.);
#2120=CIRCLE('',#5410,10.);
#2121=CIRCLE('',#5412,10.);
#2122=CIRCLE('',#5414,10.);
#2123=CIRCLE('',#5418,10.);
#2124=CIRCLE('',#5419,10.);
#2125=CIRCLE('',#5420,10.);
#2126=CIRCLE('',#5421,30.);
#2127=CIRCLE('',#5422,30.);
#2128=CIRCLE('',#5423,30.);
#2129=CIRCLE('',#5424,30.);
#2130=CIRCLE('',#5425,30.);
#2131=CIRCLE('',#5426,30.);
#2132=CIRCLE('',#5427,4.50000000000003);
#2133=CIRCLE('',#5428,4.49999999999999);
#2134=CIRCLE('',#5429,4.49999999999999);
#2135=CIRCLE('',#5430,4.49999999999999);
#2136=CIRCLE('',#5431,4.49999999999999);
#2137=CIRCLE('',#5432,4.49999999999999);
#2138=CIRCLE('',#5433,4.49999999999999);
#2139=CIRCLE('',#5434,4.49999999999999);
#2140=CIRCLE('',#5435,4.50000000000003);
#2141=CIRCLE('',#5436,4.49999999999999);
#2142=CIRCLE('',#5444,7.);
#2143=CIRCLE('',#5447,4.49999999999999);
#2144=CIRCLE('',#5449,2.74999999999999);
#2145=CIRCLE('',#5451,4.50000000000003);
#2146=CIRCLE('',#5453,2.74999999999999);
#2147=CIRCLE('',#5455,4.49999999999999);
#2148=CIRCLE('',#5457,2.74999999999999);
#2149=CIRCLE('',#5459,4.49999999999999);
#2150=CIRCLE('',#5461,2.74999999999999);
#2151=CIRCLE('',#5463,4.49999999999999);
#2152=CIRCLE('',#5465,2.74999999999999);
#2153=CIRCLE('',#5467,4.49999999999999);
#2154=CIRCLE('',#5469,2.74999999999999);
#2155=CIRCLE('',#5471,4.49999999999999);
#2156=CIRCLE('',#5473,2.74999999999999);
#2157=CIRCLE('',#5475,4.49999999999999);
#2158=CIRCLE('',#5477,2.74999999999999);
#2159=CIRCLE('',#5479,4.49999999999999);
#2160=CIRCLE('',#5481,2.74999999999999);
#2161=CIRCLE('',#5483,4.50000000000003);
#2162=CIRCLE('',#5485,2.74999999999999);
#2163=CIRCLE('',#5581,30.);
#2164=CIRCLE('',#5584,30.);
#2165=CIRCLE('',#5588,30.);
#2166=CIRCLE('',#5591,30.);
#2167=CIRCLE('',#5595,30.);
#2168=CIRCLE('',#5598,30.);
#2169=VERTEX_POINT('',#6456);
#2170=VERTEX_POINT('',#6457);
#2171=VERTEX_POINT('',#6459);
#2172=VERTEX_POINT('',#6461);
#2173=VERTEX_POINT('',#6465);
#2174=VERTEX_POINT('',#6467);
#2175=VERTEX_POINT('',#6469);
#2176=VERTEX_POINT('',#6471);
#2177=VERTEX_POINT('',#6473);
#2178=VERTEX_POINT('',#6475);
#2179=VERTEX_POINT('',#6477);
#2180=VERTEX_POINT('',#6479);
#2181=VERTEX_POINT('',#6481);
#2182=VERTEX_POINT('',#6483);
#2183=VERTEX_POINT('',#6485);
#2184=VERTEX_POINT('',#6487);
#2185=VERTEX_POINT('',#6490);
#2186=VERTEX_POINT('',#6492);
#2187=VERTEX_POINT('',#6494);
#2188=VERTEX_POINT('',#6496);
#2189=VERTEX_POINT('',#6498);
#2190=VERTEX_POINT('',#6500);
#2191=VERTEX_POINT('',#6502);
#2192=VERTEX_POINT('',#6504);
#2193=VERTEX_POINT('',#6506);
#2194=VERTEX_POINT('',#6508);
#2195=VERTEX_POINT('',#6510);
#2196=VERTEX_POINT('',#6513);
#2197=VERTEX_POINT('',#6517);
#2198=VERTEX_POINT('',#6521);
#2199=VERTEX_POINT('',#6523);
#2200=VERTEX_POINT('',#6527);
#2201=VERTEX_POINT('',#6531);
#2202=VERTEX_POINT('',#6532);
#2203=VERTEX_POINT('',#6537);
#2204=VERTEX_POINT('',#6543);
#2205=VERTEX_POINT('',#6545);
#2206=VERTEX_POINT('',#6547);
#2207=VERTEX_POINT('',#6550);
#2208=VERTEX_POINT('',#6553);
#2209=VERTEX_POINT('',#6554);
#2210=VERTEX_POINT('',#6556);
#2211=VERTEX_POINT('',#6558);
#2212=VERTEX_POINT('',#6560);
#2213=VERTEX_POINT('',#6566);
#2214=VERTEX_POINT('',#6572);
#2215=VERTEX_POINT('',#6578);
#2216=VERTEX_POINT('',#6584);
#2217=VERTEX_POINT('',#6590);
#2218=VERTEX_POINT('',#6592);
#2219=VERTEX_POINT('',#6594);
#2220=VERTEX_POINT('',#6596);
#2221=VERTEX_POINT('',#6602);
#2222=VERTEX_POINT('',#6608);
#2223=VERTEX_POINT('',#6614);
#2224=VERTEX_POINT('',#6620);
#2225=VERTEX_POINT('',#6626);
#2226=VERTEX_POINT('',#6632);
#2227=VERTEX_POINT('',#6635);
#2228=VERTEX_POINT('',#6636);
#2229=VERTEX_POINT('',#6642);
#2230=VERTEX_POINT('',#6644);
#2231=VERTEX_POINT('',#6646);
#2232=VERTEX_POINT('',#6648);
#2233=VERTEX_POINT('',#6654);
#2234=VERTEX_POINT('',#6660);
#2235=VERTEX_POINT('',#6666);
#2236=VERTEX_POINT('',#6672);
#2237=VERTEX_POINT('',#6678);
#2238=VERTEX_POINT('',#6684);
#2239=VERTEX_POINT('',#6686);
#2240=VERTEX_POINT('',#6688);
#2241=VERTEX_POINT('',#6690);
#2242=VERTEX_POINT('',#6692);
#2243=VERTEX_POINT('',#6694);
#2244=VERTEX_POINT('',#6700);
#2245=VERTEX_POINT('',#6706);
#2246=VERTEX_POINT('',#6717);
#2247=VERTEX_POINT('',#6718);
#2248=VERTEX_POINT('',#6720);
#2249=VERTEX_POINT('',#6722);
#2250=VERTEX_POINT('',#6724);
#2251=VERTEX_POINT('',#6726);
#2252=VERTEX_POINT('',#6732);
#2253=VERTEX_POINT('',#6738);
#2254=VERTEX_POINT('',#6744);
#2255=VERTEX_POINT('',#6750);
#2256=VERTEX_POINT('',#6756);
#2257=VERTEX_POINT('',#6762);
#2258=VERTEX_POINT('',#6769);
#2259=VERTEX_POINT('',#6770);
#2260=VERTEX_POINT('',#6772);
#2261=VERTEX_POINT('',#6774);
#2262=VERTEX_POINT('',#6776);
#2263=VERTEX_POINT('',#6778);
#2264=VERTEX_POINT('',#6780);
#2265=VERTEX_POINT('',#6782);
#2266=VERTEX_POINT('',#6784);
#2267=VERTEX_POINT('',#6786);
#2268=VERTEX_POINT('',#6789);
#2269=VERTEX_POINT('',#6790);
#2270=VERTEX_POINT('',#6796);
#2271=VERTEX_POINT('',#6798);
#2272=VERTEX_POINT('',#6800);
#2273=VERTEX_POINT('',#6802);
#2274=VERTEX_POINT('',#6804);
#2275=VERTEX_POINT('',#6806);
#2276=VERTEX_POINT('',#6812);
#2277=VERTEX_POINT('',#6818);
#2278=VERTEX_POINT('',#6824);
#2279=VERTEX_POINT('',#6826);
#2280=VERTEX_POINT('',#6832);
#2281=VERTEX_POINT('',#6843);
#2282=VERTEX_POINT('',#6844);
#2283=VERTEX_POINT('',#6846);
#2284=VERTEX_POINT('',#6848);
#2285=VERTEX_POINT('',#6850);
#2286=VERTEX_POINT('',#6852);
#2287=VERTEX_POINT('',#6858);
#2288=VERTEX_POINT('',#6864);
#2289=VERTEX_POINT('',#6870);
#2290=VERTEX_POINT('',#6876);
#2291=VERTEX_POINT('',#6882);
#2292=VERTEX_POINT('',#6888);
#2293=VERTEX_POINT('',#6895);
#2294=VERTEX_POINT('',#6896);
#2295=VERTEX_POINT('',#6902);
#2296=VERTEX_POINT('',#6908);
#2297=VERTEX_POINT('',#6910);
#2298=VERTEX_POINT('',#6916);
#2299=VERTEX_POINT('',#6922);
#2300=VERTEX_POINT('',#6928);
#2301=VERTEX_POINT('',#6934);
#2302=VERTEX_POINT('',#6940);
#2303=VERTEX_POINT('',#6946);
#2304=VERTEX_POINT('',#6952);
#2305=VERTEX_POINT('',#6958);
#2306=VERTEX_POINT('',#6960);
#2307=VERTEX_POINT('',#6971);
#2308=VERTEX_POINT('',#6972);
#2309=VERTEX_POINT('',#6978);
#2310=VERTEX_POINT('',#6980);
#2311=VERTEX_POINT('',#6982);
#2312=VERTEX_POINT('',#6984);
#2313=VERTEX_POINT('',#6990);
#2314=VERTEX_POINT('',#6996);
#2315=VERTEX_POINT('',#7002);
#2316=VERTEX_POINT('',#7008);
#2317=VERTEX_POINT('',#7014);
#2318=VERTEX_POINT('',#7020);
#2319=VERTEX_POINT('',#7022);
#2320=VERTEX_POINT('',#7024);
#2321=VERTEX_POINT('',#7026);
#2322=VERTEX_POINT('',#7028);
#2323=VERTEX_POINT('',#7030);
#2324=VERTEX_POINT('',#7036);
#2325=VERTEX_POINT('',#7042);
#2326=VERTEX_POINT('',#7053);
#2327=VERTEX_POINT('',#7054);
#2328=VERTEX_POINT('',#7060);
#2329=VERTEX_POINT('',#7066);
#2330=VERTEX_POINT('',#7072);
#2331=VERTEX_POINT('',#7078);
#2332=VERTEX_POINT('',#7084);
#2333=VERTEX_POINT('',#7090);
#2334=VERTEX_POINT('',#7096);
#2335=VERTEX_POINT('',#7102);
#2336=VERTEX_POINT('',#7113);
#2337=VERTEX_POINT('',#7114);
#2338=VERTEX_POINT('',#7120);
#2339=VERTEX_POINT('',#7126);
#2340=VERTEX_POINT('',#7128);
#2341=VERTEX_POINT('',#7134);
#2342=VERTEX_POINT('',#7140);
#2343=VERTEX_POINT('',#7146);
#2344=VERTEX_POINT('',#7152);
#2345=VERTEX_POINT('',#7158);
#2346=VERTEX_POINT('',#7164);
#2347=VERTEX_POINT('',#7170);
#2348=VERTEX_POINT('',#7176);
#2349=VERTEX_POINT('',#7178);
#2350=VERTEX_POINT('',#7189);
#2351=VERTEX_POINT('',#7190);
#2352=VERTEX_POINT('',#7192);
#2353=VERTEX_POINT('',#7194);
#2354=VERTEX_POINT('',#7197);
#2355=VERTEX_POINT('',#7198);
#2356=VERTEX_POINT('',#7200);
#2357=VERTEX_POINT('',#7202);
#2358=VERTEX_POINT('',#7205);
#2359=VERTEX_POINT('',#7206);
#2360=VERTEX_POINT('',#7212);
#2361=VERTEX_POINT('',#7218);
#2362=VERTEX_POINT('',#7220);
#2363=VERTEX_POINT('',#7226);
#2364=VERTEX_POINT('',#7232);
#2365=VERTEX_POINT('',#7238);
#2366=VERTEX_POINT('',#7244);
#2367=VERTEX_POINT('',#7250);
#2368=VERTEX_POINT('',#7256);
#2369=VERTEX_POINT('',#7262);
#2370=VERTEX_POINT('',#7268);
#2371=VERTEX_POINT('',#7274);
#2372=VERTEX_POINT('',#7280);
#2373=VERTEX_POINT('',#7286);
#2374=VERTEX_POINT('',#7292);
#2375=VERTEX_POINT('',#7298);
#2376=VERTEX_POINT('',#7304);
#2377=VERTEX_POINT('',#7306);
#2378=VERTEX_POINT('',#7312);
#2379=VERTEX_POINT('',#7318);
#2380=VERTEX_POINT('',#7324);
#2381=VERTEX_POINT('',#7330);
#2382=VERTEX_POINT('',#7336);
#2383=VERTEX_POINT('',#7342);
#2384=VERTEX_POINT('',#7348);
#2385=VERTEX_POINT('',#7354);
#2386=VERTEX_POINT('',#7360);
#2387=VERTEX_POINT('',#7366);
#2388=VERTEX_POINT('',#7377);
#2389=VERTEX_POINT('',#7378);
#2390=VERTEX_POINT('',#7380);
#2391=VERTEX_POINT('',#7382);
#2392=VERTEX_POINT('',#7385);
#2393=VERTEX_POINT('',#7386);
#2394=VERTEX_POINT('',#7388);
#2395=VERTEX_POINT('',#7390);
#2396=VERTEX_POINT('',#7393);
#2397=VERTEX_POINT('',#7394);
#2398=VERTEX_POINT('',#7396);
#2399=VERTEX_POINT('',#7398);
#2400=VERTEX_POINT('',#7401);
#2401=VERTEX_POINT('',#7403);
#2402=VERTEX_POINT('',#7405);
#2403=VERTEX_POINT('',#7407);
#2404=VERTEX_POINT('',#7409);
#2405=VERTEX_POINT('',#7411);
#2406=VERTEX_POINT('',#7413);
#2407=VERTEX_POINT('',#7415);
#2408=VERTEX_POINT('',#7417);
#2409=VERTEX_POINT('',#7419);
#2410=VERTEX_POINT('',#7432);
#2411=VERTEX_POINT('',#7437);
#2412=VERTEX_POINT('',#7441);
#2413=VERTEX_POINT('',#7444);
#2414=VERTEX_POINT('',#7448);
#2415=VERTEX_POINT('',#7451);
#2416=VERTEX_POINT('',#7455);
#2417=VERTEX_POINT('',#7458);
#2418=VERTEX_POINT('',#7462);
#2419=VERTEX_POINT('',#7465);
#2420=VERTEX_POINT('',#7469);
#2421=VERTEX_POINT('',#7472);
#2422=VERTEX_POINT('',#7476);
#2423=VERTEX_POINT('',#7479);
#2424=VERTEX_POINT('',#7483);
#2425=VERTEX_POINT('',#7486);
#2426=VERTEX_POINT('',#7490);
#2427=VERTEX_POINT('',#7493);
#2428=VERTEX_POINT('',#7497);
#2429=VERTEX_POINT('',#7500);
#2430=VERTEX_POINT('',#7504);
#2431=VERTEX_POINT('',#7527);
#2432=VERTEX_POINT('',#7529);
#2433=VERTEX_POINT('',#7533);
#2434=VERTEX_POINT('',#7537);
#2435=VERTEX_POINT('',#7550);
#2436=VERTEX_POINT('',#7567);
#2437=VERTEX_POINT('',#7584);
#2438=VERTEX_POINT('',#7601);
#2439=VERTEX_POINT('',#7618);
#2440=VERTEX_POINT('',#7635);
#2441=VERTEX_POINT('',#7643);
#2442=VERTEX_POINT('',#7647);
#2443=VERTEX_POINT('',#7651);
#2444=VERTEX_POINT('',#7664);
#2445=VERTEX_POINT('',#7681);
#2446=VERTEX_POINT('',#7698);
#2447=VERTEX_POINT('',#7715);
#2448=VERTEX_POINT('',#7732);
#2449=VERTEX_POINT('',#7740);
#2450=VERTEX_POINT('',#7756);
#2451=VERTEX_POINT('',#7758);
#2452=VERTEX_POINT('',#7775);
#2453=VERTEX_POINT('',#7792);
#2454=VERTEX_POINT('',#7809);
#2455=VERTEX_POINT('',#7826);
#2456=VERTEX_POINT('',#7834);
#2457=VERTEX_POINT('',#7838);
#2458=VERTEX_POINT('',#7842);
#2459=VERTEX_POINT('',#7846);
#2460=VERTEX_POINT('',#7850);
#2461=VERTEX_POINT('',#7863);
#2462=VERTEX_POINT('',#7880);
#2463=VERTEX_POINT('',#7897);
#2464=VERTEX_POINT('',#7914);
#2465=VERTEX_POINT('',#7931);
#2466=VERTEX_POINT('',#7948);
#2467=VERTEX_POINT('',#7956);
#2468=VERTEX_POINT('',#7960);
#2469=VERTEX_POINT('',#7976);
#2470=VERTEX_POINT('',#7977);
#2471=VERTEX_POINT('',#7983);
#2472=VERTEX_POINT('',#7985);
#2473=VERTEX_POINT('',#8002);
#2474=VERTEX_POINT('',#8008);
#2475=VERTEX_POINT('',#8025);
#2476=VERTEX_POINT('',#8031);
#2477=VERTEX_POINT('',#8048);
#2478=VERTEX_POINT('',#8054);
#2479=VERTEX_POINT('',#8071);
#2480=VERTEX_POINT('',#8077);
#2481=VERTEX_POINT('',#8094);
#2482=VERTEX_POINT('',#8100);
#2483=VERTEX_POINT('',#8117);
#2484=VERTEX_POINT('',#8123);
#2485=VERTEX_POINT('',#8151);
#2486=VERTEX_POINT('',#8153);
#2487=VERTEX_POINT('',#8157);
#2488=VERTEX_POINT('',#8170);
#2489=VERTEX_POINT('',#8187);
#2490=VERTEX_POINT('',#8204);
#2491=VERTEX_POINT('',#8221);
#2492=VERTEX_POINT('',#8238);
#2493=VERTEX_POINT('',#8255);
#2494=VERTEX_POINT('',#8272);
#2495=VERTEX_POINT('',#8280);
#2496=VERTEX_POINT('',#8284);
#2497=VERTEX_POINT('',#8291);
#2498=VERTEX_POINT('',#8293);
#2499=VERTEX_POINT('',#8297);
#2500=VERTEX_POINT('',#8301);
#2501=VERTEX_POINT('',#8305);
#2502=VERTEX_POINT('',#8309);
#2503=VERTEX_POINT('',#8313);
#2504=VERTEX_POINT('',#8317);
#2505=VERTEX_POINT('',#8321);
#2506=VERTEX_POINT('',#8325);
#2507=VERTEX_POINT('',#8341);
#2508=VERTEX_POINT('',#8343);
#2509=VERTEX_POINT('',#8360);
#2510=VERTEX_POINT('',#8377);
#2511=VERTEX_POINT('',#8394);
#2512=VERTEX_POINT('',#8402);
#2513=VERTEX_POINT('',#8415);
#2514=VERTEX_POINT('',#8432);
#2515=VERTEX_POINT('',#8449);
#2516=VERTEX_POINT('',#8457);
#2517=VERTEX_POINT('',#8461);
#2518=VERTEX_POINT('',#8465);
#2519=VERTEX_POINT('',#8469);
#2520=VERTEX_POINT('',#8485);
#2521=VERTEX_POINT('',#8486);
#2522=VERTEX_POINT('',#8492);
#2523=VERTEX_POINT('',#8494);
#2524=VERTEX_POINT('',#8511);
#2525=VERTEX_POINT('',#8517);
#2526=VERTEX_POINT('',#8534);
#2527=VERTEX_POINT('',#8540);
#2528=VERTEX_POINT('',#8557);
#2529=VERTEX_POINT('',#8563);
#2530=VERTEX_POINT('',#8580);
#2531=VERTEX_POINT('',#8586);
#2532=VERTEX_POINT('',#8603);
#2533=VERTEX_POINT('',#8609);
#2534=VERTEX_POINT('',#8626);
#2535=VERTEX_POINT('',#8632);
#2536=VERTEX_POINT('',#8660);
#2537=VERTEX_POINT('',#8662);
#2538=VERTEX_POINT('',#8666);
#2539=VERTEX_POINT('',#8679);
#2540=VERTEX_POINT('',#8696);
#2541=VERTEX_POINT('',#8713);
#2542=VERTEX_POINT('',#8730);
#2543=VERTEX_POINT('',#8747);
#2544=VERTEX_POINT('',#8764);
#2545=VERTEX_POINT('',#8781);
#2546=VERTEX_POINT('',#8789);
#2547=VERTEX_POINT('',#8793);
#2548=VERTEX_POINT('',#8809);
#2549=VERTEX_POINT('',#8810);
#2550=VERTEX_POINT('',#8816);
#2551=VERTEX_POINT('',#8818);
#2552=VERTEX_POINT('',#8835);
#2553=VERTEX_POINT('',#8841);
#2554=VERTEX_POINT('',#8858);
#2555=VERTEX_POINT('',#8864);
#2556=VERTEX_POINT('',#8881);
#2557=VERTEX_POINT('',#8887);
#2558=VERTEX_POINT('',#8907);
#2559=VERTEX_POINT('',#8909);
#2560=VERTEX_POINT('',#8926);
#2561=VERTEX_POINT('',#8943);
#2562=VERTEX_POINT('',#8951);
#2563=VERTEX_POINT('',#8964);
#2564=VERTEX_POINT('',#8981);
#2565=VERTEX_POINT('',#8998);
#2566=VERTEX_POINT('',#9015);
#2567=VERTEX_POINT('',#9032);
#2568=VERTEX_POINT('',#9049);
#2569=VERTEX_POINT('',#9066);
#2570=VERTEX_POINT('',#9083);
#2571=VERTEX_POINT('',#9091);
#2572=VERTEX_POINT('',#9120);
#2573=VERTEX_POINT('',#9122);
#2574=VERTEX_POINT('',#9139);
#2575=VERTEX_POINT('',#9156);
#2576=VERTEX_POINT('',#9173);
#2577=VERTEX_POINT('',#9190);
#2578=VERTEX_POINT('',#9198);
#2579=VERTEX_POINT('',#9202);
#2580=VERTEX_POINT('',#9206);
#2581=VERTEX_POINT('',#9210);
#2582=VERTEX_POINT('',#9214);
#2583=VERTEX_POINT('',#9227);
#2584=VERTEX_POINT('',#9244);
#2585=VERTEX_POINT('',#9261);
#2586=VERTEX_POINT('',#9278);
#2587=VERTEX_POINT('',#9295);
#2588=VERTEX_POINT('',#9312);
#2589=VERTEX_POINT('',#9320);
#2590=VERTEX_POINT('',#9324);
#2591=VERTEX_POINT('',#9340);
#2592=VERTEX_POINT('',#9341);
#2593=VERTEX_POINT('',#9347);
#2594=VERTEX_POINT('',#9349);
#2595=VERTEX_POINT('',#9366);
#2596=VERTEX_POINT('',#9372);
#2597=VERTEX_POINT('',#9389);
#2598=VERTEX_POINT('',#9395);
#2599=VERTEX_POINT('',#9412);
#2600=VERTEX_POINT('',#9418);
#2601=VERTEX_POINT('',#9435);
#2602=VERTEX_POINT('',#9441);
#2603=VERTEX_POINT('',#9458);
#2604=VERTEX_POINT('',#9464);
#2605=VERTEX_POINT('',#9481);
#2606=VERTEX_POINT('',#9487);
#2607=VERTEX_POINT('',#9524);
#2608=VERTEX_POINT('',#9526);
#2609=VERTEX_POINT('',#9543);
#2610=VERTEX_POINT('',#9560);
#2611=VERTEX_POINT('',#9577);
#2612=VERTEX_POINT('',#9594);
#2613=VERTEX_POINT('',#9611);
#2614=VERTEX_POINT('',#9628);
#2615=VERTEX_POINT('',#9645);
#2616=VERTEX_POINT('',#9662);
#2617=VERTEX_POINT('',#9695);
#2618=VERTEX_POINT('',#9696);
#2619=VERTEX_POINT('',#9702);
#2620=VERTEX_POINT('',#9704);
#2621=VERTEX_POINT('',#9721);
#2622=VERTEX_POINT('',#9727);
#2623=VERTEX_POINT('',#9744);
#2624=VERTEX_POINT('',#9750);
#2625=VERTEX_POINT('',#9767);
#2626=VERTEX_POINT('',#9773);
#2627=VERTEX_POINT('',#9793);
#2628=VERTEX_POINT('',#9795);
#2629=VERTEX_POINT('',#9812);
#2630=VERTEX_POINT('',#9829);
#2631=VERTEX_POINT('',#9837);
#2632=VERTEX_POINT('',#9850);
#2633=VERTEX_POINT('',#9867);
#2634=VERTEX_POINT('',#9884);
#2635=VERTEX_POINT('',#9901);
#2636=VERTEX_POINT('',#9918);
#2637=VERTEX_POINT('',#9935);
#2638=VERTEX_POINT('',#9952);
#2639=VERTEX_POINT('',#9969);
#2640=VERTEX_POINT('',#9977);
#2641=VERTEX_POINT('',#9997);
#2642=VERTEX_POINT('',#9999);
#2643=VERTEX_POINT('',#10003);
#2644=VERTEX_POINT('',#10007);
#2645=VERTEX_POINT('',#10014);
#2646=VERTEX_POINT('',#10016);
#2647=VERTEX_POINT('',#10020);
#2648=VERTEX_POINT('',#10024);
#2649=VERTEX_POINT('',#10040);
#2650=VERTEX_POINT('',#10042);
#2651=VERTEX_POINT('',#10059);
#2652=VERTEX_POINT('',#10076);
#2653=VERTEX_POINT('',#10093);
#2654=VERTEX_POINT('',#10110);
#2655=VERTEX_POINT('',#10127);
#2656=VERTEX_POINT('',#10144);
#2657=VERTEX_POINT('',#10161);
#2658=VERTEX_POINT('',#10178);
#2659=VERTEX_POINT('',#10195);
#2660=VERTEX_POINT('',#10212);
#2661=VERTEX_POINT('',#10229);
#2662=VERTEX_POINT('',#10246);
#2663=VERTEX_POINT('',#10254);
#2664=VERTEX_POINT('',#10267);
#2665=VERTEX_POINT('',#10284);
#2666=VERTEX_POINT('',#10301);
#2667=VERTEX_POINT('',#10318);
#2668=VERTEX_POINT('',#10335);
#2669=VERTEX_POINT('',#10352);
#2670=VERTEX_POINT('',#10369);
#2671=VERTEX_POINT('',#10386);
#2672=VERTEX_POINT('',#10403);
#2673=VERTEX_POINT('',#10420);
#2674=VERTEX_POINT('',#10437);
#2675=VERTEX_POINT('',#10454);
#2676=VERTEX_POINT('',#10471);
#2677=VERTEX_POINT('',#10488);
#2678=VERTEX_POINT('',#10496);
#2679=VERTEX_POINT('',#10520);
#2680=VERTEX_POINT('',#10522);
#2681=VERTEX_POINT('',#10526);
#2682=VERTEX_POINT('',#10530);
#2683=VERTEX_POINT('',#10537);
#2684=VERTEX_POINT('',#10539);
#2685=VERTEX_POINT('',#10543);
#2686=VERTEX_POINT('',#10547);
#2687=VERTEX_POINT('',#10554);
#2688=VERTEX_POINT('',#10556);
#2689=VERTEX_POINT('',#10560);
#2690=VERTEX_POINT('',#10564);
#2691=EDGE_CURVE('',#2169,#2170,#2099,.T.);
#2692=EDGE_CURVE('',#2170,#2171,#1265,.T.);
#2693=EDGE_CURVE('',#2171,#2172,#2100,.T.);
#2694=EDGE_CURVE('',#2172,#2169,#1266,.T.);
#2695=EDGE_CURVE('',#2169,#2173,#1267,.T.);
#2696=EDGE_CURVE('',#2174,#2173,#2101,.T.);
#2697=EDGE_CURVE('',#2174,#2175,#2102,.F.);
#2698=EDGE_CURVE('',#2175,#2176,#1268,.T.);
#2699=EDGE_CURVE('',#2176,#2177,#2103,.F.);
#2700=EDGE_CURVE('',#2178,#2177,#2104,.T.);
#2701=EDGE_CURVE('',#2178,#2179,#1269,.T.);
#2702=EDGE_CURVE('',#2180,#2179,#2105,.T.);
#2703=EDGE_CURVE('',#2181,#2180,#1270,.T.);
#2704=EDGE_CURVE('',#2182,#2181,#2106,.T.);
#2705=EDGE_CURVE('',#2183,#2182,#1271,.T.);
#2706=EDGE_CURVE('',#2184,#2183,#2107,.T.);
#2707=EDGE_CURVE('',#2170,#2184,#1272,.T.);
#2708=EDGE_CURVE('',#2185,#2185,#2108,.T.);
#2709=EDGE_CURVE('',#2186,#2186,#2109,.T.);
#2710=EDGE_CURVE('',#2187,#2187,#2110,.T.);
#2711=EDGE_CURVE('',#2188,#2188,#2111,.T.);
#2712=EDGE_CURVE('',#2189,#2189,#2112,.T.);
#2713=EDGE_CURVE('',#2190,#2190,#2113,.T.);
#2714=EDGE_CURVE('',#2191,#2191,#2114,.T.);
#2715=EDGE_CURVE('',#2192,#2192,#2115,.T.);
#2716=EDGE_CURVE('',#2193,#2193,#2116,.T.);
#2717=EDGE_CURVE('',#2194,#2194,#2117,.T.);
#2718=EDGE_CURVE('',#2195,#2195,#2118,.T.);
#2719=EDGE_CURVE('',#2196,#2172,#1273,.T.);
#2720=EDGE_CURVE('',#2173,#2196,#1274,.T.);
#2721=EDGE_CURVE('',#2196,#2197,#2119,.T.);
#2722=EDGE_CURVE('',#2197,#2174,#1275,.T.);
#2723=EDGE_CURVE('',#2177,#2198,#1276,.T.);
#2724=EDGE_CURVE('',#2198,#2199,#2120,.T.);
#2725=EDGE_CURVE('',#2199,#2178,#1277,.T.);
#2726=EDGE_CURVE('',#2176,#2200,#1278,.T.);
#2727=EDGE_CURVE('',#2200,#2198,#2121,.T.);
#2728=EDGE_CURVE('',#2201,#2202,#2122,.T.);
#2729=EDGE_CURVE('',#2202,#2180,#1279,.T.);
#2730=EDGE_CURVE('',#2179,#2201,#1280,.T.);
#2731=EDGE_CURVE('',#2202,#2203,#1281,.T.);
#2732=EDGE_CURVE('',#2181,#2203,#1282,.T.);
#2733=EDGE_CURVE('',#2201,#2199,#1283,.T.);
#2734=EDGE_CURVE('',#2204,#2171,#1284,.T.);
#2735=EDGE_CURVE('',#2205,#2204,#2123,.T.);
#2736=EDGE_CURVE('',#2205,#2206,#1285,.T.);
#2737=EDGE_CURVE('',#2203,#2206,#2124,.T.);
#2738=EDGE_CURVE('',#2200,#2207,#1286,.T.);
#2739=EDGE_CURVE('',#2197,#2207,#2125,.T.);
#2740=EDGE_CURVE('',#2208,#2209,#1287,.T.);
#2741=EDGE_CURVE('',#2209,#2210,#1288,.T.);
#2742=EDGE_CURVE('',#2210,#2211,#1289,.T.);
#2743=EDGE_CURVE('',#2211,#2212,#163,.T.);
#2744=EDGE_CURVE('',#2212,#2213,#164,.T.);
#2745=EDGE_CURVE('',#2213,#2214,#165,.T.);
#2746=EDGE_CURVE('',#2214,#2215,#166,.T.);
#2747=EDGE_CURVE('',#2215,#2216,#167,.T.);
#2748=EDGE_CURVE('',#2216,#2217,#1290,.T.);
#2749=EDGE_CURVE('',#2217,#2218,#1291,.T.);
#2750=EDGE_CURVE('',#2218,#2219,#1292,.T.);
#2751=EDGE_CURVE('',#2219,#2220,#168,.T.);
#2752=EDGE_CURVE('',#2220,#2221,#169,.T.);
#2753=EDGE_CURVE('',#2221,#2222,#170,.T.);
#2754=EDGE_CURVE('',#2222,#2223,#171,.T.);
#2755=EDGE_CURVE('',#2223,#2224,#172,.T.);
#2756=EDGE_CURVE('',#2224,#2225,#173,.T.);
#2757=EDGE_CURVE('',#2225,#2226,#1293,.T.);
#2758=EDGE_CURVE('',#2226,#2208,#1294,.T.);
#2759=EDGE_CURVE('',#2227,#2228,#174,.T.);
#2760=EDGE_CURVE('',#2228,#2229,#1295,.T.);
#2761=EDGE_CURVE('',#2229,#2230,#1296,.T.);
#2762=EDGE_CURVE('',#2230,#2231,#1297,.T.);
#2763=EDGE_CURVE('',#2231,#2232,#175,.T.);
#2764=EDGE_CURVE('',#2232,#2233,#176,.T.);
#2765=EDGE_CURVE('',#2233,#2234,#177,.T.);
#2766=EDGE_CURVE('',#2234,#2235,#178,.T.);
#2767=EDGE_CURVE('',#2235,#2236,#179,.T.);
#2768=EDGE_CURVE('',#2236,#2237,#180,.T.);
#2769=EDGE_CURVE('',#2237,#2238,#1298,.T.);
#2770=EDGE_CURVE('',#2238,#2239,#1299,.T.);
#2771=EDGE_CURVE('',#2239,#2240,#1300,.T.);
#2772=EDGE_CURVE('',#2240,#2241,#1301,.T.);
#2773=EDGE_CURVE('',#2241,#2242,#1302,.T.);
#2774=EDGE_CURVE('',#2242,#2243,#181,.T.);
#2775=EDGE_CURVE('',#2243,#2244,#182,.T.);
#2776=EDGE_CURVE('',#2244,#2245,#183,.T.);
#2777=EDGE_CURVE('',#2245,#2227,#184,.T.);
#2778=EDGE_CURVE('',#2246,#2247,#1303,.T.);
#2779=EDGE_CURVE('',#2247,#2248,#1304,.T.);
#2780=EDGE_CURVE('',#2248,#2249,#1305,.T.);
#2781=EDGE_CURVE('',#2249,#2250,#1306,.T.);
#2782=EDGE_CURVE('',#2250,#2251,#185,.T.);
#2783=EDGE_CURVE('',#2251,#2252,#186,.T.);
#2784=EDGE_CURVE('',#2252,#2253,#187,.T.);
#2785=EDGE_CURVE('',#2253,#2254,#188,.T.);
#2786=EDGE_CURVE('',#2254,#2255,#189,.T.);
#2787=EDGE_CURVE('',#2255,#2256,#190,.T.);
#2788=EDGE_CURVE('',#2256,#2257,#191,.T.);
#2789=EDGE_CURVE('',#2257,#2246,#1307,.T.);
#2790=EDGE_CURVE('',#2258,#2259,#1308,.T.);
#2791=EDGE_CURVE('',#2259,#2260,#1309,.T.);
#2792=EDGE_CURVE('',#2260,#2261,#1310,.T.);
#2793=EDGE_CURVE('',#2261,#2262,#1311,.T.);
#2794=EDGE_CURVE('',#2262,#2263,#1312,.T.);
#2795=EDGE_CURVE('',#2263,#2264,#1313,.T.);
#2796=EDGE_CURVE('',#2264,#2265,#1314,.T.);
#2797=EDGE_CURVE('',#2265,#2266,#1315,.T.);
#2798=EDGE_CURVE('',#2266,#2267,#1316,.T.);
#2799=EDGE_CURVE('',#2267,#2258,#1317,.T.);
#2800=EDGE_CURVE('',#2268,#2269,#192,.T.);
#2801=EDGE_CURVE('',#2269,#2270,#1318,.T.);
#2802=EDGE_CURVE('',#2270,#2271,#1319,.T.);
#2803=EDGE_CURVE('',#2271,#2272,#1320,.T.);
#2804=EDGE_CURVE('',#2272,#2273,#1321,.T.);
#2805=EDGE_CURVE('',#2273,#2274,#1322,.T.);
#2806=EDGE_CURVE('',#2274,#2275,#193,.T.);
#2807=EDGE_CURVE('',#2275,#2276,#194,.T.);
#2808=EDGE_CURVE('',#2276,#2277,#195,.T.);
#2809=EDGE_CURVE('',#2277,#2278,#1323,.T.);
#2810=EDGE_CURVE('',#2278,#2279,#196,.T.);
#2811=EDGE_CURVE('',#2279,#2280,#197,.T.);
#2812=EDGE_CURVE('',#2280,#2268,#198,.T.);
#2813=EDGE_CURVE('',#2281,#2282,#1324,.T.);
#2814=EDGE_CURVE('',#2282,#2283,#1325,.T.);
#2815=EDGE_CURVE('',#2283,#2284,#1326,.T.);
#2816=EDGE_CURVE('',#2284,#2285,#1327,.T.);
#2817=EDGE_CURVE('',#2285,#2286,#199,.T.);
#2818=EDGE_CURVE('',#2286,#2287,#200,.T.);
#2819=EDGE_CURVE('',#2287,#2288,#201,.T.);
#2820=EDGE_CURVE('',#2288,#2289,#202,.T.);
#2821=EDGE_CURVE('',#2289,#2290,#203,.T.);
#2822=EDGE_CURVE('',#2290,#2291,#204,.T.);
#2823=EDGE_CURVE('',#2291,#2292,#205,.T.);
#2824=EDGE_CURVE('',#2292,#2281,#1328,.T.);
#2825=EDGE_CURVE('',#2293,#2294,#206,.T.);
#2826=EDGE_CURVE('',#2294,#2295,#207,.T.);
#2827=EDGE_CURVE('',#2295,#2296,#1329,.T.);
#2828=EDGE_CURVE('',#2296,#2297,#208,.T.);
#2829=EDGE_CURVE('',#2297,#2298,#209,.T.);
#2830=EDGE_CURVE('',#2298,#2299,#210,.T.);
#2831=EDGE_CURVE('',#2299,#2300,#211,.T.);
#2832=EDGE_CURVE('',#2300,#2301,#212,.T.);
#2833=EDGE_CURVE('',#2301,#2302,#213,.T.);
#2834=EDGE_CURVE('',#2302,#2303,#214,.T.);
#2835=EDGE_CURVE('',#2303,#2304,#215,.T.);
#2836=EDGE_CURVE('',#2304,#2305,#1330,.T.);
#2837=EDGE_CURVE('',#2305,#2306,#216,.T.);
#2838=EDGE_CURVE('',#2306,#2293,#217,.T.);
#2839=EDGE_CURVE('',#2307,#2308,#218,.T.);
#2840=EDGE_CURVE('',#2308,#2309,#1331,.T.);
#2841=EDGE_CURVE('',#2309,#2310,#1332,.T.);
#2842=EDGE_CURVE('',#2310,#2311,#1333,.T.);
#2843=EDGE_CURVE('',#2311,#2312,#219,.T.);
#2844=EDGE_CURVE('',#2312,#2313,#220,.T.);
#2845=EDGE_CURVE('',#2313,#2314,#221,.T.);
#2846=EDGE_CURVE('',#2314,#2315,#222,.T.);
#2847=EDGE_CURVE('',#2315,#2316,#223,.T.);
#2848=EDGE_CURVE('',#2316,#2317,#224,.T.);
#2849=EDGE_CURVE('',#2317,#2318,#1334,.T.);
#2850=EDGE_CURVE('',#2318,#2319,#1335,.T.);
#2851=EDGE_CURVE('',#2319,#2320,#1336,.T.);
#2852=EDGE_CURVE('',#2320,#2321,#1337,.T.);
#2853=EDGE_CURVE('',#2321,#2322,#1338,.T.);
#2854=EDGE_CURVE('',#2322,#2323,#225,.T.);
#2855=EDGE_CURVE('',#2323,#2324,#226,.T.);
#2856=EDGE_CURVE('',#2324,#2325,#227,.T.);
#2857=EDGE_CURVE('',#2325,#2307,#228,.T.);
#2858=EDGE_CURVE('',#2326,#2327,#229,.T.);
#2859=EDGE_CURVE('',#2327,#2328,#230,.T.);
#2860=EDGE_CURVE('',#2328,#2329,#231,.T.);
#2861=EDGE_CURVE('',#2329,#2330,#232,.T.);
#2862=EDGE_CURVE('',#2330,#2331,#233,.T.);
#2863=EDGE_CURVE('',#2331,#2332,#234,.T.);
#2864=EDGE_CURVE('',#2332,#2333,#235,.T.);
#2865=EDGE_CURVE('',#2333,#2334,#236,.T.);
#2866=EDGE_CURVE('',#2334,#2335,#237,.T.);
#2867=EDGE_CURVE('',#2335,#2326,#238,.T.);
#2868=EDGE_CURVE('',#2336,#2337,#239,.T.);
#2869=EDGE_CURVE('',#2337,#2338,#240,.T.);
#2870=EDGE_CURVE('',#2338,#2339,#1339,.T.);
#2871=EDGE_CURVE('',#2339,#2340,#241,.T.);
#2872=EDGE_CURVE('',#2340,#2341,#242,.T.);
#2873=EDGE_CURVE('',#2341,#2342,#243,.T.);
#2874=EDGE_CURVE('',#2342,#2343,#244,.T.);
#2875=EDGE_CURVE('',#2343,#2344,#245,.T.);
#2876=EDGE_CURVE('',#2344,#2345,#246,.T.);
#2877=EDGE_CURVE('',#2345,#2346,#247,.T.);
#2878=EDGE_CURVE('',#2346,#2347,#248,.T.);
#2879=EDGE_CURVE('',#2347,#2348,#1340,.T.);
#2880=EDGE_CURVE('',#2348,#2349,#249,.T.);
#2881=EDGE_CURVE('',#2349,#2336,#250,.T.);
#2882=EDGE_CURVE('',#2350,#2351,#1341,.T.);
#2883=EDGE_CURVE('',#2351,#2352,#1342,.T.);
#2884=EDGE_CURVE('',#2352,#2353,#1343,.T.);
#2885=EDGE_CURVE('',#2353,#2350,#1344,.T.);
#2886=EDGE_CURVE('',#2354,#2355,#1345,.T.);
#2887=EDGE_CURVE('',#2355,#2356,#1346,.T.);
#2888=EDGE_CURVE('',#2356,#2357,#1347,.T.);
#2889=EDGE_CURVE('',#2357,#2354,#1348,.T.);
#2890=EDGE_CURVE('',#2358,#2359,#251,.T.);
#2891=EDGE_CURVE('',#2359,#2360,#252,.T.);
#2892=EDGE_CURVE('',#2360,#2361,#1349,.T.);
#2893=EDGE_CURVE('',#2361,#2362,#253,.T.);
#2894=EDGE_CURVE('',#2362,#2363,#254,.T.);
#2895=EDGE_CURVE('',#2363,#2364,#255,.T.);
#2896=EDGE_CURVE('',#2364,#2365,#256,.T.);
#2897=EDGE_CURVE('',#2365,#2366,#257,.T.);
#2898=EDGE_CURVE('',#2366,#2367,#258,.T.);
#2899=EDGE_CURVE('',#2367,#2368,#259,.T.);
#2900=EDGE_CURVE('',#2368,#2369,#260,.T.);
#2901=EDGE_CURVE('',#2369,#2370,#261,.T.);
#2902=EDGE_CURVE('',#2370,#2371,#262,.T.);
#2903=EDGE_CURVE('',#2371,#2372,#263,.T.);
#2904=EDGE_CURVE('',#2372,#2373,#264,.T.);
#2905=EDGE_CURVE('',#2373,#2374,#265,.T.);
#2906=EDGE_CURVE('',#2374,#2375,#266,.T.);
#2907=EDGE_CURVE('',#2375,#2376,#1350,.T.);
#2908=EDGE_CURVE('',#2376,#2377,#267,.T.);
#2909=EDGE_CURVE('',#2377,#2378,#268,.T.);
#2910=EDGE_CURVE('',#2378,#2379,#269,.T.);
#2911=EDGE_CURVE('',#2379,#2380,#270,.T.);
#2912=EDGE_CURVE('',#2380,#2381,#271,.T.);
#2913=EDGE_CURVE('',#2381,#2382,#272,.T.);
#2914=EDGE_CURVE('',#2382,#2383,#273,.T.);
#2915=EDGE_CURVE('',#2383,#2384,#274,.T.);
#2916=EDGE_CURVE('',#2384,#2385,#275,.T.);
#2917=EDGE_CURVE('',#2385,#2386,#276,.T.);
#2918=EDGE_CURVE('',#2386,#2387,#277,.T.);
#2919=EDGE_CURVE('',#2387,#2358,#278,.T.);
#2920=EDGE_CURVE('',#2388,#2389,#1351,.T.);
#2921=EDGE_CURVE('',#2389,#2390,#2126,.T.);
#2922=EDGE_CURVE('',#2390,#2391,#1352,.T.);
#2923=EDGE_CURVE('',#2391,#2388,#2127,.T.);
#2924=EDGE_CURVE('',#2392,#2393,#1353,.T.);
#2925=EDGE_CURVE('',#2393,#2394,#2128,.T.);
#2926=EDGE_CURVE('',#2394,#2395,#1354,.T.);
#2927=EDGE_CURVE('',#2395,#2392,#2129,.T.);
#2928=EDGE_CURVE('',#2396,#2397,#1355,.T.);
#2929=EDGE_CURVE('',#2397,#2398,#2130,.T.);
#2930=EDGE_CURVE('',#2398,#2399,#1356,.T.);
#2931=EDGE_CURVE('',#2399,#2396,#2131,.T.);
#2932=EDGE_CURVE('',#2400,#2400,#2132,.T.);
#2933=EDGE_CURVE('',#2401,#2401,#2133,.T.);
#2934=EDGE_CURVE('',#2402,#2402,#2134,.T.);
#2935=EDGE_CURVE('',#2403,#2403,#2135,.T.);
#2936=EDGE_CURVE('',#2404,#2404,#2136,.T.);
#2937=EDGE_CURVE('',#2405,#2405,#2137,.T.);
#2938=EDGE_CURVE('',#2406,#2406,#2138,.T.);
#2939=EDGE_CURVE('',#2407,#2407,#2139,.T.);
#2940=EDGE_CURVE('',#2408,#2408,#2140,.T.);
#2941=EDGE_CURVE('',#2409,#2409,#2141,.T.);
#2942=EDGE_CURVE('',#2204,#2184,#1357,.T.);
#2943=EDGE_CURVE('',#2207,#2175,#1358,.T.);
#2944=EDGE_CURVE('',#2206,#2182,#1359,.T.);
#2945=EDGE_CURVE('',#2183,#2205,#1360,.T.);
#2946=EDGE_CURVE('',#2410,#2410,#2142,.F.);
#2947=EDGE_CURVE('',#2410,#2195,#1361,.T.);
#2948=EDGE_CURVE('',#2409,#2411,#1362,.T.);
#2949=EDGE_CURVE('',#2411,#2411,#2143,.T.);
#2950=EDGE_CURVE('',#2412,#2412,#2144,.T.);
#2951=EDGE_CURVE('',#2408,#2413,#1363,.T.);
#2952=EDGE_CURVE('',#2413,#2413,#2145,.T.);
#2953=EDGE_CURVE('',#2414,#2414,#2146,.T.);
#2954=EDGE_CURVE('',#2407,#2415,#1364,.T.);
#2955=EDGE_CURVE('',#2415,#2415,#2147,.T.);
#2956=EDGE_CURVE('',#2416,#2416,#2148,.T.);
#2957=EDGE_CURVE('',#2406,#2417,#1365,.T.);
#2958=EDGE_CURVE('',#2417,#2417,#2149,.T.);
#2959=EDGE_CURVE('',#2418,#2418,#2150,.T.);
#2960=EDGE_CURVE('',#2405,#2419,#1366,.T.);
#2961=EDGE_CURVE('',#2419,#2419,#2151,.T.);
#2962=EDGE_CURVE('',#2420,#2420,#2152,.T.);
#2963=EDGE_CURVE('',#2404,#2421,#1367,.T.);
#2964=EDGE_CURVE('',#2421,#2421,#2153,.T.);
#2965=EDGE_CURVE('',#2422,#2422,#2154,.T.);
#2966=EDGE_CURVE('',#2403,#2423,#1368,.T.);
#2967=EDGE_CURVE('',#2423,#2423,#2155,.T.);
#2968=EDGE_CURVE('',#2424,#2424,#2156,.T.);
#2969=EDGE_CURVE('',#2402,#2425,#1369,.T.);
#2970=EDGE_CURVE('',#2425,#2425,#2157,.T.);
#2971=EDGE_CURVE('',#2426,#2426,#2158,.T.);
#2972=EDGE_CURVE('',#2401,#2427,#1370,.T.);
#2973=EDGE_CURVE('',#2427,#2427,#2159,.T.);
#2974=EDGE_CURVE('',#2428,#2428,#2160,.T.);
#2975=EDGE_CURVE('',#2400,#2429,#1371,.T.);
#2976=EDGE_CURVE('',#2429,#2429,#2161,.T.);
#2977=EDGE_CURVE('',#2430,#2430,#2162,.T.);
#2978=EDGE_CURVE('',#2412,#2185,#1372,.T.);
#2979=EDGE_CURVE('',#2424,#2186,#1373,.T.);
#2980=EDGE_CURVE('',#2418,#2187,#1374,.T.);
#2981=EDGE_CURVE('',#2414,#2188,#1375,.T.);
#2982=EDGE_CURVE('',#2420,#2189,#1376,.T.);
#2983=EDGE_CURVE('',#2422,#2190,#1377,.T.);
#2984=EDGE_CURVE('',#2426,#2191,#1378,.T.);
#2985=EDGE_CURVE('',#2416,#2192,#1379,.T.);
#2986=EDGE_CURVE('',#2428,#2193,#1380,.T.);
#2987=EDGE_CURVE('',#2430,#2194,#1381,.T.);
#2988=EDGE_CURVE('',#2208,#2431,#1382,.T.);
#2989=EDGE_CURVE('',#2431,#2432,#1383,.T.);
#2990=EDGE_CURVE('',#2209,#2432,#1384,.T.);
#2991=EDGE_CURVE('',#2226,#2433,#1385,.T.);
#2992=EDGE_CURVE('',#2433,#2431,#1386,.T.);
#2993=EDGE_CURVE('',#2225,#2434,#1387,.T.);
#2994=EDGE_CURVE('',#2434,#2433,#1388,.T.);
#2995=EDGE_CURVE('',#2224,#2435,#1389,.T.);
#2996=EDGE_CURVE('',#2435,#2434,#279,.T.);
#2997=EDGE_CURVE('',#2223,#2436,#1390,.T.);
#2998=EDGE_CURVE('',#2436,#2435,#280,.T.);
#2999=EDGE_CURVE('',#2222,#2437,#1391,.T.);
#3000=EDGE_CURVE('',#2437,#2436,#281,.T.);
#3001=EDGE_CURVE('',#2221,#2438,#1392,.T.);
#3002=EDGE_CURVE('',#2438,#2437,#282,.T.);
#3003=EDGE_CURVE('',#2220,#2439,#1393,.T.);
#3004=EDGE_CURVE('',#2439,#2438,#283,.T.);
#3005=EDGE_CURVE('',#2219,#2440,#1394,.T.);
#3006=EDGE_CURVE('',#2440,#2439,#284,.T.);
#3007=EDGE_CURVE('',#2218,#2441,#1395,.T.);
#3008=EDGE_CURVE('',#2441,#2440,#1396,.T.);
#3009=EDGE_CURVE('',#2217,#2442,#1397,.T.);
#3010=EDGE_CURVE('',#2442,#2441,#1398,.T.);
#3011=EDGE_CURVE('',#2216,#2443,#1399,.T.);
#3012=EDGE_CURVE('',#2443,#2442,#1400,.T.);
#3013=EDGE_CURVE('',#2215,#2444,#1401,.T.);
#3014=EDGE_CURVE('',#2444,#2443,#285,.T.);
#3015=EDGE_CURVE('',#2214,#2445,#1402,.T.);
#3016=EDGE_CURVE('',#2445,#2444,#286,.T.);
#3017=EDGE_CURVE('',#2213,#2446,#1403,.T.);
#3018=EDGE_CURVE('',#2446,#2445,#287,.T.);
#3019=EDGE_CURVE('',#2212,#2447,#1404,.T.);
#3020=EDGE_CURVE('',#2447,#2446,#288,.T.);
#3021=EDGE_CURVE('',#2211,#2448,#1405,.T.);
#3022=EDGE_CURVE('',#2448,#2447,#289,.T.);
#3023=EDGE_CURVE('',#2210,#2449,#1406,.T.);
#3024=EDGE_CURVE('',#2449,#2448,#1407,.T.);
#3025=EDGE_CURVE('',#2432,#2449,#1408,.T.);
#3026=EDGE_CURVE('',#2227,#2450,#1409,.T.);
#3027=EDGE_CURVE('',#2450,#2451,#290,.T.);
#3028=EDGE_CURVE('',#2228,#2451,#1410,.T.);
#3029=EDGE_CURVE('',#2245,#2452,#1411,.T.);
#3030=EDGE_CURVE('',#2452,#2450,#291,.T.);
#3031=EDGE_CURVE('',#2244,#2453,#1412,.T.);
#3032=EDGE_CURVE('',#2453,#2452,#292,.T.);
#3033=EDGE_CURVE('',#2243,#2454,#1413,.T.);
#3034=EDGE_CURVE('',#2454,#2453,#293,.T.);
#3035=EDGE_CURVE('',#2242,#2455,#1414,.T.);
#3036=EDGE_CURVE('',#2455,#2454,#294,.T.);
#3037=EDGE_CURVE('',#2241,#2456,#1415,.T.);
#3038=EDGE_CURVE('',#2456,#2455,#1416,.T.);
#3039=EDGE_CURVE('',#2240,#2457,#1417,.T.);
#3040=EDGE_CURVE('',#2457,#2456,#1418,.T.);
#3041=EDGE_CURVE('',#2239,#2458,#1419,.T.);
#3042=EDGE_CURVE('',#2458,#2457,#1420,.T.);
#3043=EDGE_CURVE('',#2238,#2459,#1421,.T.);
#3044=EDGE_CURVE('',#2459,#2458,#1422,.T.);
#3045=EDGE_CURVE('',#2237,#2460,#1423,.T.);
#3046=EDGE_CURVE('',#2460,#2459,#1424,.T.);
#3047=EDGE_CURVE('',#2236,#2461,#1425,.T.);
#3048=EDGE_CURVE('',#2461,#2460,#295,.T.);
#3049=EDGE_CURVE('',#2235,#2462,#1426,.T.);
#3050=EDGE_CURVE('',#2462,#2461,#296,.T.);
#3051=EDGE_CURVE('',#2234,#2463,#1427,.T.);
#3052=EDGE_CURVE('',#2463,#2462,#297,.T.);
#3053=EDGE_CURVE('',#2233,#2464,#1428,.T.);
#3054=EDGE_CURVE('',#2464,#2463,#298,.T.);
#3055=EDGE_CURVE('',#2232,#2465,#1429,.T.);
#3056=EDGE_CURVE('',#2465,#2464,#299,.T.);
#3057=EDGE_CURVE('',#2231,#2466,#1430,.T.);
#3058=EDGE_CURVE('',#2466,#2465,#300,.T.);
#3059=EDGE_CURVE('',#2230,#2467,#1431,.T.);
#3060=EDGE_CURVE('',#2467,#2466,#1432,.T.);
#3061=EDGE_CURVE('',#2229,#2468,#1433,.T.);
#3062=EDGE_CURVE('',#2468,#2467,#1434,.T.);
#3063=EDGE_CURVE('',#2451,#2468,#1435,.T.);
#3064=EDGE_CURVE('',#2469,#2470,#301,.T.);
#3065=EDGE_CURVE('',#2469,#2471,#1436,.T.);
#3066=EDGE_CURVE('',#2471,#2472,#302,.T.);
#3067=EDGE_CURVE('',#2470,#2472,#1437,.T.);
#3068=EDGE_CURVE('',#2473,#2469,#303,.T.);
#3069=EDGE_CURVE('',#2473,#2474,#1438,.T.);
#3070=EDGE_CURVE('',#2474,#2471,#304,.T.);
#3071=EDGE_CURVE('',#2475,#2473,#305,.T.);
#3072=EDGE_CURVE('',#2475,#2476,#1439,.T.);
#3073=EDGE_CURVE('',#2476,#2474,#306,.T.);
#3074=EDGE_CURVE('',#2477,#2475,#307,.T.);
#3075=EDGE_CURVE('',#2477,#2478,#1440,.T.);
#3076=EDGE_CURVE('',#2478,#2476,#308,.T.);
#3077=EDGE_CURVE('',#2479,#2477,#309,.T.);
#3078=EDGE_CURVE('',#2479,#2480,#1441,.T.);
#3079=EDGE_CURVE('',#2480,#2478,#310,.T.);
#3080=EDGE_CURVE('',#2481,#2479,#311,.T.);
#3081=EDGE_CURVE('',#2481,#2482,#1442,.T.);
#3082=EDGE_CURVE('',#2482,#2480,#312,.T.);
#3083=EDGE_CURVE('',#2483,#2481,#313,.T.);
#3084=EDGE_CURVE('',#2483,#2484,#1443,.T.);
#3085=EDGE_CURVE('',#2484,#2482,#314,.T.);
#3086=EDGE_CURVE('',#2470,#2483,#315,.T.);
#3087=EDGE_CURVE('',#2472,#2484,#316,.T.);
#3088=EDGE_CURVE('',#2246,#2485,#1444,.T.);
#3089=EDGE_CURVE('',#2485,#2486,#1445,.T.);
#3090=EDGE_CURVE('',#2247,#2486,#1446,.T.);
#3091=EDGE_CURVE('',#2257,#2487,#1447,.T.);
#3092=EDGE_CURVE('',#2487,#2485,#1448,.T.);
#3093=EDGE_CURVE('',#2256,#2488,#1449,.T.);
#3094=EDGE_CURVE('',#2488,#2487,#317,.T.);
#3095=EDGE_CURVE('',#2255,#2489,#1450,.T.);
#3096=EDGE_CURVE('',#2489,#2488,#318,.T.);
#3097=EDGE_CURVE('',#2254,#2490,#1451,.T.);
#3098=EDGE_CURVE('',#2490,#2489,#319,.T.);
#3099=EDGE_CURVE('',#2253,#2491,#1452,.T.);
#3100=EDGE_CURVE('',#2491,#2490,#320,.T.);
#3101=EDGE_CURVE('',#2252,#2492,#1453,.T.);
#3102=EDGE_CURVE('',#2492,#2491,#321,.T.);
#3103=EDGE_CURVE('',#2251,#2493,#1454,.T.);
#3104=EDGE_CURVE('',#2493,#2492,#322,.T.);
#3105=EDGE_CURVE('',#2250,#2494,#1455,.T.);
#3106=EDGE_CURVE('',#2494,#2493,#323,.T.);
#3107=EDGE_CURVE('',#2249,#2495,#1456,.T.);
#3108=EDGE_CURVE('',#2495,#2494,#1457,.T.);
#3109=EDGE_CURVE('',#2248,#2496,#1458,.T.);
#3110=EDGE_CURVE('',#2496,#2495,#1459,.T.);
#3111=EDGE_CURVE('',#2486,#2496,#1460,.T.);
#3112=EDGE_CURVE('',#2258,#2497,#1461,.T.);
#3113=EDGE_CURVE('',#2497,#2498,#1462,.T.);
#3114=EDGE_CURVE('',#2259,#2498,#1463,.T.);
#3115=EDGE_CURVE('',#2267,#2499,#1464,.T.);
#3116=EDGE_CURVE('',#2499,#2497,#1465,.T.);
#3117=EDGE_CURVE('',#2266,#2500,#1466,.T.);
#3118=EDGE_CURVE('',#2500,#2499,#1467,.T.);
#3119=EDGE_CURVE('',#2265,#2501,#1468,.T.);
#3120=EDGE_CURVE('',#2501,#2500,#1469,.T.);
#3121=EDGE_CURVE('',#2264,#2502,#1470,.T.);
#3122=EDGE_CURVE('',#2502,#2501,#1471,.T.);
#3123=EDGE_CURVE('',#2263,#2503,#1472,.T.);
#3124=EDGE_CURVE('',#2503,#2502,#1473,.T.);
#3125=EDGE_CURVE('',#2262,#2504,#1474,.T.);
#3126=EDGE_CURVE('',#2504,#2503,#1475,.T.);
#3127=EDGE_CURVE('',#2261,#2505,#1476,.T.);
#3128=EDGE_CURVE('',#2505,#2504,#1477,.T.);
#3129=EDGE_CURVE('',#2260,#2506,#1478,.T.);
#3130=EDGE_CURVE('',#2506,#2505,#1479,.T.);
#3131=EDGE_CURVE('',#2498,#2506,#1480,.T.);
#3132=EDGE_CURVE('',#2268,#2507,#1481,.T.);
#3133=EDGE_CURVE('',#2507,#2508,#324,.T.);
#3134=EDGE_CURVE('',#2269,#2508,#1482,.T.);
#3135=EDGE_CURVE('',#2280,#2509,#1483,.T.);
#3136=EDGE_CURVE('',#2509,#2507,#325,.T.);
#3137=EDGE_CURVE('',#2279,#2510,#1484,.T.);
#3138=EDGE_CURVE('',#2510,#2509,#326,.T.);
#3139=EDGE_CURVE('',#2278,#2511,#1485,.T.);
#3140=EDGE_CURVE('',#2511,#2510,#327,.T.);
#3141=EDGE_CURVE('',#2277,#2512,#1486,.T.);
#3142=EDGE_CURVE('',#2512,#2511,#1487,.T.);
#3143=EDGE_CURVE('',#2276,#2513,#1488,.T.);
#3144=EDGE_CURVE('',#2513,#2512,#328,.T.);
#3145=EDGE_CURVE('',#2275,#2514,#1489,.T.);
#3146=EDGE_CURVE('',#2514,#2513,#329,.T.);
#3147=EDGE_CURVE('',#2274,#2515,#1490,.T.);
#3148=EDGE_CURVE('',#2515,#2514,#330,.T.);
#3149=EDGE_CURVE('',#2273,#2516,#1491,.T.);
#3150=EDGE_CURVE('',#2516,#2515,#1492,.T.);
#3151=EDGE_CURVE('',#2272,#2517,#1493,.T.);
#3152=EDGE_CURVE('',#2517,#2516,#1494,.T.);
#3153=EDGE_CURVE('',#2271,#2518,#1495,.T.);
#3154=EDGE_CURVE('',#2518,#2517,#1496,.T.);
#3155=EDGE_CURVE('',#2270,#2519,#1497,.T.);
#3156=EDGE_CURVE('',#2519,#2518,#1498,.T.);
#3157=EDGE_CURVE('',#2508,#2519,#1499,.T.);
#3158=EDGE_CURVE('',#2520,#2521,#331,.T.);
#3159=EDGE_CURVE('',#2520,#2522,#1500,.T.);
#3160=EDGE_CURVE('',#2522,#2523,#332,.T.);
#3161=EDGE_CURVE('',#2521,#2523,#1501,.T.);
#3162=EDGE_CURVE('',#2524,#2520,#333,.T.);
#3163=EDGE_CURVE('',#2524,#2525,#1502,.T.);
#3164=EDGE_CURVE('',#2525,#2522,#334,.T.);
#3165=EDGE_CURVE('',#2526,#2524,#335,.T.);
#3166=EDGE_CURVE('',#2526,#2527,#1503,.T.);
#3167=EDGE_CURVE('',#2527,#2525,#336,.T.);
#3168=EDGE_CURVE('',#2528,#2526,#337,.T.);
#3169=EDGE_CURVE('',#2528,#2529,#1504,.T.);
#3170=EDGE_CURVE('',#2529,#2527,#338,.T.);
#3171=EDGE_CURVE('',#2530,#2528,#339,.T.);
#3172=EDGE_CURVE('',#2530,#2531,#1505,.T.);
#3173=EDGE_CURVE('',#2531,#2529,#340,.T.);
#3174=EDGE_CURVE('',#2532,#2530,#341,.T.);
#3175=EDGE_CURVE('',#2532,#2533,#1506,.T.);
#3176=EDGE_CURVE('',#2533,#2531,#342,.T.);
#3177=EDGE_CURVE('',#2534,#2532,#343,.T.);
#3178=EDGE_CURVE('',#2534,#2535,#1507,.T.);
#3179=EDGE_CURVE('',#2535,#2533,#344,.T.);
#3180=EDGE_CURVE('',#2521,#2534,#345,.T.);
#3181=EDGE_CURVE('',#2523,#2535,#346,.T.);
#3182=EDGE_CURVE('',#2281,#2536,#1508,.T.);
#3183=EDGE_CURVE('',#2536,#2537,#1509,.T.);
#3184=EDGE_CURVE('',#2282,#2537,#1510,.T.);
#3185=EDGE_CURVE('',#2292,#2538,#1511,.T.);
#3186=EDGE_CURVE('',#2538,#2536,#1512,.T.);
#3187=EDGE_CURVE('',#2291,#2539,#1513,.T.);
#3188=EDGE_CURVE('',#2539,#2538,#347,.T.);
#3189=EDGE_CURVE('',#2290,#2540,#1514,.T.);
#3190=EDGE_CURVE('',#2540,#2539,#348,.T.);
#3191=EDGE_CURVE('',#2289,#2541,#1515,.T.);
#3192=EDGE_CURVE('',#2541,#2540,#349,.T.);
#3193=EDGE_CURVE('',#2288,#2542,#1516,.T.);
#3194=EDGE_CURVE('',#2542,#2541,#350,.T.);
#3195=EDGE_CURVE('',#2287,#2543,#1517,.T.);
#3196=EDGE_CURVE('',#2543,#2542,#351,.T.);
#3197=EDGE_CURVE('',#2286,#2544,#1518,.T.);
#3198=EDGE_CURVE('',#2544,#2543,#352,.T.);
#3199=EDGE_CURVE('',#2285,#2545,#1519,.T.);
#3200=EDGE_CURVE('',#2545,#2544,#353,.T.);
#3201=EDGE_CURVE('',#2284,#2546,#1520,.T.);
#3202=EDGE_CURVE('',#2546,#2545,#1521,.T.);
#3203=EDGE_CURVE('',#2283,#2547,#1522,.T.);
#3204=EDGE_CURVE('',#2547,#2546,#1523,.T.);
#3205=EDGE_CURVE('',#2537,#2547,#1524,.T.);
#3206=EDGE_CURVE('',#2548,#2549,#354,.T.);
#3207=EDGE_CURVE('',#2548,#2550,#1525,.T.);
#3208=EDGE_CURVE('',#2550,#2551,#355,.T.);
#3209=EDGE_CURVE('',#2549,#2551,#1526,.T.);
#3210=EDGE_CURVE('',#2552,#2548,#356,.T.);
#3211=EDGE_CURVE('',#2552,#2553,#1527,.T.);
#3212=EDGE_CURVE('',#2553,#2550,#357,.T.);
#3213=EDGE_CURVE('',#2554,#2552,#358,.T.);
#3214=EDGE_CURVE('',#2554,#2555,#1528,.T.);
#3215=EDGE_CURVE('',#2555,#2553,#359,.T.);
#3216=EDGE_CURVE('',#2556,#2554,#360,.T.);
#3217=EDGE_CURVE('',#2556,#2557,#1529,.T.);
#3218=EDGE_CURVE('',#2557,#2555,#361,.T.);
#3219=EDGE_CURVE('',#2549,#2556,#1530,.T.);
#3220=EDGE_CURVE('',#2551,#2557,#1531,.T.);
#3221=EDGE_CURVE('',#2293,#2558,#1532,.T.);
#3222=EDGE_CURVE('',#2558,#2559,#362,.T.);
#3223=EDGE_CURVE('',#2294,#2559,#1533,.T.);
#3224=EDGE_CURVE('',#2306,#2560,#1534,.T.);
#3225=EDGE_CURVE('',#2560,#2558,#363,.T.);
#3226=EDGE_CURVE('',#2305,#2561,#1535,.T.);
#3227=EDGE_CURVE('',#2561,#2560,#364,.T.);
#3228=EDGE_CURVE('',#2304,#2562,#1536,.T.);
#3229=EDGE_CURVE('',#2562,#2561,#1537,.T.);
#3230=EDGE_CURVE('',#2303,#2563,#1538,.T.);
#3231=EDGE_CURVE('',#2563,#2562,#365,.T.);
#3232=EDGE_CURVE('',#2302,#2564,#1539,.T.);
#3233=EDGE_CURVE('',#2564,#2563,#366,.T.);
#3234=EDGE_CURVE('',#2301,#2565,#1540,.T.);
#3235=EDGE_CURVE('',#2565,#2564,#367,.T.);
#3236=EDGE_CURVE('',#2300,#2566,#1541,.T.);
#3237=EDGE_CURVE('',#2566,#2565,#368,.T.);
#3238=EDGE_CURVE('',#2299,#2567,#1542,.T.);
#3239=EDGE_CURVE('',#2567,#2566,#369,.T.);
#3240=EDGE_CURVE('',#2298,#2568,#1543,.T.);
#3241=EDGE_CURVE('',#2568,#2567,#370,.T.);
#3242=EDGE_CURVE('',#2297,#2569,#1544,.T.);
#3243=EDGE_CURVE('',#2569,#2568,#371,.T.);
#3244=EDGE_CURVE('',#2296,#2570,#1545,.T.);
#3245=EDGE_CURVE('',#2570,#2569,#372,.T.);
#3246=EDGE_CURVE('',#2295,#2571,#1546,.T.);
#3247=EDGE_CURVE('',#2571,#2570,#1547,.T.);
#3248=EDGE_CURVE('',#2559,#2571,#373,.T.);
#3249=EDGE_CURVE('',#2307,#2572,#1548,.T.);
#3250=EDGE_CURVE('',#2572,#2573,#374,.T.);
#3251=EDGE_CURVE('',#2308,#2573,#1549,.T.);
#3252=EDGE_CURVE('',#2325,#2574,#1550,.T.);
#3253=EDGE_CURVE('',#2574,#2572,#375,.T.);
#3254=EDGE_CURVE('',#2324,#2575,#1551,.T.);
#3255=EDGE_CURVE('',#2575,#2574,#376,.T.);
#3256=EDGE_CURVE('',#2323,#2576,#1552,.T.);
#3257=EDGE_CURVE('',#2576,#2575,#377,.T.);
#3258=EDGE_CURVE('',#2322,#2577,#1553,.T.);
#3259=EDGE_CURVE('',#2577,#2576,#378,.T.);
#3260=EDGE_CURVE('',#2321,#2578,#1554,.T.);
#3261=EDGE_CURVE('',#2578,#2577,#1555,.T.);
#3262=EDGE_CURVE('',#2320,#2579,#1556,.T.);
#3263=EDGE_CURVE('',#2579,#2578,#1557,.T.);
#3264=EDGE_CURVE('',#2319,#2580,#1558,.T.);
#3265=EDGE_CURVE('',#2580,#2579,#1559,.T.);
#3266=EDGE_CURVE('',#2318,#2581,#1560,.T.);
#3267=EDGE_CURVE('',#2581,#2580,#1561,.T.);
#3268=EDGE_CURVE('',#2317,#2582,#1562,.T.);
#3269=EDGE_CURVE('',#2582,#2581,#1563,.T.);
#3270=EDGE_CURVE('',#2316,#2583,#1564,.T.);
#3271=EDGE_CURVE('',#2583,#2582,#379,.T.);
#3272=EDGE_CURVE('',#2315,#2584,#1565,.T.);
#3273=EDGE_CURVE('',#2584,#2583,#380,.T.);
#3274=EDGE_CURVE('',#2314,#2585,#1566,.T.);
#3275=EDGE_CURVE('',#2585,#2584,#381,.T.);
#3276=EDGE_CURVE('',#2313,#2586,#1567,.T.);
#3277=EDGE_CURVE('',#2586,#2585,#382,.T.);
#3278=EDGE_CURVE('',#2312,#2587,#1568,.T.);
#3279=EDGE_CURVE('',#2587,#2586,#383,.T.);
#3280=EDGE_CURVE('',#2311,#2588,#1569,.T.);
#3281=EDGE_CURVE('',#2588,#2587,#384,.T.);
#3282=EDGE_CURVE('',#2310,#2589,#1570,.T.);
#3283=EDGE_CURVE('',#2589,#2588,#1571,.T.);
#3284=EDGE_CURVE('',#2309,#2590,#1572,.T.);
#3285=EDGE_CURVE('',#2590,#2589,#1573,.T.);
#3286=EDGE_CURVE('',#2573,#2590,#1574,.T.);
#3287=EDGE_CURVE('',#2591,#2592,#385,.T.);
#3288=EDGE_CURVE('',#2591,#2593,#1575,.T.);
#3289=EDGE_CURVE('',#2593,#2594,#386,.T.);
#3290=EDGE_CURVE('',#2592,#2594,#1576,.T.);
#3291=EDGE_CURVE('',#2595,#2591,#387,.T.);
#3292=EDGE_CURVE('',#2595,#2596,#1577,.T.);
#3293=EDGE_CURVE('',#2596,#2593,#388,.T.);
#3294=EDGE_CURVE('',#2597,#2595,#389,.T.);
#3295=EDGE_CURVE('',#2597,#2598,#1578,.T.);
#3296=EDGE_CURVE('',#2598,#2596,#390,.T.);
#3297=EDGE_CURVE('',#2599,#2597,#391,.T.);
#3298=EDGE_CURVE('',#2599,#2600,#1579,.T.);
#3299=EDGE_CURVE('',#2600,#2598,#392,.T.);
#3300=EDGE_CURVE('',#2601,#2599,#393,.T.);
#3301=EDGE_CURVE('',#2601,#2602,#1580,.T.);
#3302=EDGE_CURVE('',#2602,#2600,#394,.T.);
#3303=EDGE_CURVE('',#2603,#2601,#395,.T.);
#3304=EDGE_CURVE('',#2603,#2604,#1581,.T.);
#3305=EDGE_CURVE('',#2604,#2602,#396,.T.);
#3306=EDGE_CURVE('',#2605,#2603,#397,.T.);
#3307=EDGE_CURVE('',#2605,#2606,#1582,.T.);
#3308=EDGE_CURVE('',#2606,#2604,#398,.T.);
#3309=EDGE_CURVE('',#2592,#2605,#399,.T.);
#3310=EDGE_CURVE('',#2594,#2606,#400,.T.);
#3311=EDGE_CURVE('',#2326,#2607,#1583,.T.);
#3312=EDGE_CURVE('',#2607,#2608,#401,.T.);
#3313=EDGE_CURVE('',#2327,#2608,#1584,.T.);
#3314=EDGE_CURVE('',#2335,#2609,#1585,.T.);
#3315=EDGE_CURVE('',#2609,#2607,#402,.T.);
#3316=EDGE_CURVE('',#2334,#2610,#1586,.T.);
#3317=EDGE_CURVE('',#2610,#2609,#403,.T.);
#3318=EDGE_CURVE('',#2333,#2611,#1587,.T.);
#3319=EDGE_CURVE('',#2611,#2610,#404,.T.);
#3320=EDGE_CURVE('',#2332,#2612,#1588,.T.);
#3321=EDGE_CURVE('',#2612,#2611,#405,.T.);
#3322=EDGE_CURVE('',#2331,#2613,#1589,.T.);
#3323=EDGE_CURVE('',#2613,#2612,#406,.T.);
#3324=EDGE_CURVE('',#2330,#2614,#1590,.T.);
#3325=EDGE_CURVE('',#2614,#2613,#407,.T.);
#3326=EDGE_CURVE('',#2329,#2615,#1591,.T.);
#3327=EDGE_CURVE('',#2615,#2614,#408,.T.);
#3328=EDGE_CURVE('',#2328,#2616,#1592,.T.);
#3329=EDGE_CURVE('',#2616,#2615,#409,.T.);
#3330=EDGE_CURVE('',#2608,#2616,#410,.T.);
#3331=EDGE_CURVE('',#2617,#2618,#411,.T.);
#3332=EDGE_CURVE('',#2617,#2619,#1593,.T.);
#3333=EDGE_CURVE('',#2619,#2620,#412,.T.);
#3334=EDGE_CURVE('',#2618,#2620,#1594,.T.);
#3335=EDGE_CURVE('',#2621,#2617,#413,.T.);
#3336=EDGE_CURVE('',#2621,#2622,#1595,.T.);
#3337=EDGE_CURVE('',#2622,#2619,#414,.T.);
#3338=EDGE_CURVE('',#2623,#2621,#415,.T.);
#3339=EDGE_CURVE('',#2623,#2624,#1596,.T.);
#3340=EDGE_CURVE('',#2624,#2622,#416,.T.);
#3341=EDGE_CURVE('',#2625,#2623,#417,.T.);
#3342=EDGE_CURVE('',#2625,#2626,#1597,.T.);
#3343=EDGE_CURVE('',#2626,#2624,#418,.T.);
#3344=EDGE_CURVE('',#2618,#2625,#1598,.T.);
#3345=EDGE_CURVE('',#2620,#2626,#1599,.T.);
#3346=EDGE_CURVE('',#2336,#2627,#1600,.T.);
#3347=EDGE_CURVE('',#2627,#2628,#419,.T.);
#3348=EDGE_CURVE('',#2337,#2628,#1601,.T.);
#3349=EDGE_CURVE('',#2349,#2629,#1602,.T.);
#3350=EDGE_CURVE('',#2629,#2627,#420,.T.);
#3351=EDGE_CURVE('',#2348,#2630,#1603,.T.);
#3352=EDGE_CURVE('',#2630,#2629,#421,.T.);
#3353=EDGE_CURVE('',#2347,#2631,#1604,.T.);
#3354=EDGE_CURVE('',#2631,#2630,#1605,.T.);
#3355=EDGE_CURVE('',#2346,#2632,#1606,.T.);
#3356=EDGE_CURVE('',#2632,#2631,#422,.T.);
#3357=EDGE_CURVE('',#2345,#2633,#1607,.T.);
#3358=EDGE_CURVE('',#2633,#2632,#423,.T.);
#3359=EDGE_CURVE('',#2344,#2634,#1608,.T.);
#3360=EDGE_CURVE('',#2634,#2633,#424,.T.);
#3361=EDGE_CURVE('',#2343,#2635,#1609,.T.);
#3362=EDGE_CURVE('',#2635,#2634,#425,.T.);
#3363=EDGE_CURVE('',#2342,#2636,#1610,.T.);
#3364=EDGE_CURVE('',#2636,#2635,#426,.T.);
#3365=EDGE_CURVE('',#2341,#2637,#1611,.T.);
#3366=EDGE_CURVE('',#2637,#2636,#427,.T.);
#3367=EDGE_CURVE('',#2340,#2638,#1612,.T.);
#3368=EDGE_CURVE('',#2638,#2637,#428,.T.);
#3369=EDGE_CURVE('',#2339,#2639,#1613,.T.);
#3370=EDGE_CURVE('',#2639,#2638,#429,.T.);
#3371=EDGE_CURVE('',#2338,#2640,#1614,.T.);
#3372=EDGE_CURVE('',#2640,#2639,#1615,.T.);
#3373=EDGE_CURVE('',#2628,#2640,#430,.T.);
#3374=EDGE_CURVE('',#2350,#2641,#1616,.T.);
#3375=EDGE_CURVE('',#2641,#2642,#1617,.T.);
#3376=EDGE_CURVE('',#2351,#2642,#1618,.T.);
#3377=EDGE_CURVE('',#2353,#2643,#1619,.T.);
#3378=EDGE_CURVE('',#2643,#2641,#1620,.T.);
#3379=EDGE_CURVE('',#2352,#2644,#1621,.T.);
#3380=EDGE_CURVE('',#2644,#2643,#1622,.T.);
#3381=EDGE_CURVE('',#2642,#2644,#1623,.T.);
#3382=EDGE_CURVE('',#2354,#2645,#1624,.T.);
#3383=EDGE_CURVE('',#2645,#2646,#1625,.T.);
#3384=EDGE_CURVE('',#2355,#2646,#1626,.T.);
#3385=EDGE_CURVE('',#2357,#2647,#1627,.T.);
#3386=EDGE_CURVE('',#2647,#2645,#1628,.T.);
#3387=EDGE_CURVE('',#2356,#2648,#1629,.T.);
#3388=EDGE_CURVE('',#2648,#2647,#1630,.T.);
#3389=EDGE_CURVE('',#2646,#2648,#1631,.T.);
#3390=EDGE_CURVE('',#2358,#2649,#1632,.T.);
#3391=EDGE_CURVE('',#2649,#2650,#431,.T.);
#3392=EDGE_CURVE('',#2359,#2650,#1633,.T.);
#3393=EDGE_CURVE('',#2387,#2651,#1634,.T.);
#3394=EDGE_CURVE('',#2651,#2649,#432,.T.);
#3395=EDGE_CURVE('',#2386,#2652,#1635,.T.);
#3396=EDGE_CURVE('',#2652,#2651,#433,.T.);
#3397=EDGE_CURVE('',#2385,#2653,#1636,.T.);
#3398=EDGE_CURVE('',#2653,#2652,#434,.T.);
#3399=EDGE_CURVE('',#2384,#2654,#1637,.T.);
#3400=EDGE_CURVE('',#2654,#2653,#435,.T.);
#3401=EDGE_CURVE('',#2383,#2655,#1638,.T.);
#3402=EDGE_CURVE('',#2655,#2654,#436,.T.);
#3403=EDGE_CURVE('',#2382,#2656,#1639,.T.);
#3404=EDGE_CURVE('',#2656,#2655,#437,.T.);
#3405=EDGE_CURVE('',#2381,#2657,#1640,.T.);
#3406=EDGE_CURVE('',#2657,#2656,#438,.T.);
#3407=EDGE_CURVE('',#2380,#2658,#1641,.T.);
#3408=EDGE_CURVE('',#2658,#2657,#439,.T.);
#3409=EDGE_CURVE('',#2379,#2659,#1642,.T.);
#3410=EDGE_CURVE('',#2659,#2658,#440,.T.);
#3411=EDGE_CURVE('',#2378,#2660,#1643,.T.);
#3412=EDGE_CURVE('',#2660,#2659,#441,.T.);
#3413=EDGE_CURVE('',#2377,#2661,#1644,.T.);
#3414=EDGE_CURVE('',#2661,#2660,#442,.T.);
#3415=EDGE_CURVE('',#2376,#2662,#1645,.T.);
#3416=EDGE_CURVE('',#2662,#2661,#443,.T.);
#3417=EDGE_CURVE('',#2375,#2663,#1646,.T.);
#3418=EDGE_CURVE('',#2663,#2662,#1647,.T.);
#3419=EDGE_CURVE('',#2374,#2664,#1648,.T.);
#3420=EDGE_CURVE('',#2664,#2663,#444,.T.);
#3421=EDGE_CURVE('',#2373,#2665,#1649,.T.);
#3422=EDGE_CURVE('',#2665,#2664,#445,.T.);
#3423=EDGE_CURVE('',#2372,#2666,#1650,.T.);
#3424=EDGE_CURVE('',#2666,#2665,#446,.T.);
#3425=EDGE_CURVE('',#2371,#2667,#1651,.T.);
#3426=EDGE_CURVE('',#2667,#2666,#447,.T.);
#3427=EDGE_CURVE('',#2370,#2668,#1652,.T.);
#3428=EDGE_CURVE('',#2668,#2667,#448,.T.);
#3429=EDGE_CURVE('',#2369,#2669,#1653,.T.);
#3430=EDGE_CURVE('',#2669,#2668,#449,.T.);
#3431=EDGE_CURVE('',#2368,#2670,#1654,.T.);
#3432=EDGE_CURVE('',#2670,#2669,#450,.T.);
#3433=EDGE_CURVE('',#2367,#2671,#1655,.T.);
#3434=EDGE_CURVE('',#2671,#2670,#451,.T.);
#3435=EDGE_CURVE('',#2366,#2672,#1656,.T.);
#3436=EDGE_CURVE('',#2672,#2671,#452,.T.);
#3437=EDGE_CURVE('',#2365,#2673,#1657,.T.);
#3438=EDGE_CURVE('',#2673,#2672,#453,.T.);
#3439=EDGE_CURVE('',#2364,#2674,#1658,.T.);
#3440=EDGE_CURVE('',#2674,#2673,#454,.T.);
#3441=EDGE_CURVE('',#2363,#2675,#1659,.T.);
#3442=EDGE_CURVE('',#2675,#2674,#455,.T.);
#3443=EDGE_CURVE('',#2362,#2676,#1660,.T.);
#3444=EDGE_CURVE('',#2676,#2675,#456,.T.);
#3445=EDGE_CURVE('',#2361,#2677,#1661,.T.);
#3446=EDGE_CURVE('',#2677,#2676,#457,.T.);
#3447=EDGE_CURVE('',#2360,#2678,#1662,.T.);
#3448=EDGE_CURVE('',#2678,#2677,#1663,.T.);
#3449=EDGE_CURVE('',#2650,#2678,#458,.T.);
#3450=EDGE_CURVE('',#2388,#2679,#1664,.T.);
#3451=EDGE_CURVE('',#2679,#2680,#1665,.T.);
#3452=EDGE_CURVE('',#2389,#2680,#1666,.T.);
#3453=EDGE_CURVE('',#2391,#2681,#1667,.T.);
#3454=EDGE_CURVE('',#2681,#2679,#2163,.T.);
#3455=EDGE_CURVE('',#2390,#2682,#1668,.T.);
#3456=EDGE_CURVE('',#2682,#2681,#1669,.T.);
#3457=EDGE_CURVE('',#2680,#2682,#2164,.T.);
#3458=EDGE_CURVE('',#2392,#2683,#1670,.T.);
#3459=EDGE_CURVE('',#2683,#2684,#1671,.T.);
#3460=EDGE_CURVE('',#2393,#2684,#1672,.T.);
#3461=EDGE_CURVE('',#2395,#2685,#1673,.T.);
#3462=EDGE_CURVE('',#2685,#2683,#2165,.T.);
#3463=EDGE_CURVE('',#2394,#2686,#1674,.T.);
#3464=EDGE_CURVE('',#2686,#2685,#1675,.T.);
#3465=EDGE_CURVE('',#2684,#2686,#2166,.T.);
#3466=EDGE_CURVE('',#2396,#2687,#1676,.T.);
#3467=EDGE_CURVE('',#2687,#2688,#1677,.T.);
#3468=EDGE_CURVE('',#2397,#2688,#1678,.T.);
#3469=EDGE_CURVE('',#2399,#2689,#1679,.T.);
#3470=EDGE_CURVE('',#2689,#2687,#2167,.T.);
#3471=EDGE_CURVE('',#2398,#2690,#1680,.T.);
#3472=EDGE_CURVE('',#2690,#2689,#1681,.T.);
#3473=EDGE_CURVE('',#2688,#2690,#2168,.T.);
#3474=ORIENTED_EDGE('',*,*,#2691,.T.);
#3475=ORIENTED_EDGE('',*,*,#2692,.T.);
#3476=ORIENTED_EDGE('',*,*,#2693,.T.);
#3477=ORIENTED_EDGE('',*,*,#2694,.T.);
#3478=ORIENTED_EDGE('',*,*,#2691,.F.);
#3479=ORIENTED_EDGE('',*,*,#2695,.T.);
#3480=ORIENTED_EDGE('',*,*,#2696,.F.);
#3481=ORIENTED_EDGE('',*,*,#2697,.T.);
#3482=ORIENTED_EDGE('',*,*,#2698,.T.);
#3483=ORIENTED_EDGE('',*,*,#2699,.T.);
#3484=ORIENTED_EDGE('',*,*,#2700,.F.);
#3485=ORIENTED_EDGE('',*,*,#2701,.T.);
#3486=ORIENTED_EDGE('',*,*,#2702,.F.);
#3487=ORIENTED_EDGE('',*,*,#2703,.F.);
#3488=ORIENTED_EDGE('',*,*,#2704,.F.);
#3489=ORIENTED_EDGE('',*,*,#2705,.F.);
#3490=ORIENTED_EDGE('',*,*,#2706,.F.);
#3491=ORIENTED_EDGE('',*,*,#2707,.F.);
#3492=ORIENTED_EDGE('',*,*,#2708,.T.);
#3493=ORIENTED_EDGE('',*,*,#2709,.T.);
#3494=ORIENTED_EDGE('',*,*,#2710,.T.);
#3495=ORIENTED_EDGE('',*,*,#2711,.T.);
#3496=ORIENTED_EDGE('',*,*,#2712,.T.);
#3497=ORIENTED_EDGE('',*,*,#2713,.T.);
#3498=ORIENTED_EDGE('',*,*,#2714,.T.);
#3499=ORIENTED_EDGE('',*,*,#2715,.T.);
#3500=ORIENTED_EDGE('',*,*,#2716,.T.);
#3501=ORIENTED_EDGE('',*,*,#2717,.T.);
#3502=ORIENTED_EDGE('',*,*,#2718,.T.);
#3503=ORIENTED_EDGE('',*,*,#2694,.F.);
#3504=ORIENTED_EDGE('',*,*,#2719,.F.);
#3505=ORIENTED_EDGE('',*,*,#2720,.F.);
#3506=ORIENTED_EDGE('',*,*,#2695,.F.);
#3507=ORIENTED_EDGE('',*,*,#2721,.T.);
#3508=ORIENTED_EDGE('',*,*,#2722,.T.);
#3509=ORIENTED_EDGE('',*,*,#2696,.T.);
#3510=ORIENTED_EDGE('',*,*,#2720,.T.);
#3511=ORIENTED_EDGE('',*,*,#2700,.T.);
#3512=ORIENTED_EDGE('',*,*,#2723,.T.);
#3513=ORIENTED_EDGE('',*,*,#2724,.T.);
#3514=ORIENTED_EDGE('',*,*,#2725,.T.);
#3515=ORIENTED_EDGE('',*,*,#2723,.F.);
#3516=ORIENTED_EDGE('',*,*,#2699,.F.);
#3517=ORIENTED_EDGE('',*,*,#2726,.T.);
#3518=ORIENTED_EDGE('',*,*,#2727,.T.);
#3519=ORIENTED_EDGE('',*,*,#2728,.T.);
#3520=ORIENTED_EDGE('',*,*,#2729,.T.);
#3521=ORIENTED_EDGE('',*,*,#2702,.T.);
#3522=ORIENTED_EDGE('',*,*,#2730,.T.);
#3523=ORIENTED_EDGE('',*,*,#2729,.F.);
#3524=ORIENTED_EDGE('',*,*,#2731,.T.);
#3525=ORIENTED_EDGE('',*,*,#2732,.F.);
#3526=ORIENTED_EDGE('',*,*,#2703,.T.);
#3527=ORIENTED_EDGE('',*,*,#2725,.F.);
#3528=ORIENTED_EDGE('',*,*,#2733,.F.);
#3529=ORIENTED_EDGE('',*,*,#2730,.F.);
#3530=ORIENTED_EDGE('',*,*,#2701,.F.);
#3531=ORIENTED_EDGE('',*,*,#2693,.F.);
#3532=ORIENTED_EDGE('',*,*,#2734,.F.);
#3533=ORIENTED_EDGE('',*,*,#2735,.F.);
#3534=ORIENTED_EDGE('',*,*,#2736,.T.);
#3535=ORIENTED_EDGE('',*,*,#2737,.F.);
#3536=ORIENTED_EDGE('',*,*,#2731,.F.);
#3537=ORIENTED_EDGE('',*,*,#2728,.F.);
#3538=ORIENTED_EDGE('',*,*,#2733,.T.);
#3539=ORIENTED_EDGE('',*,*,#2724,.F.);
#3540=ORIENTED_EDGE('',*,*,#2727,.F.);
#3541=ORIENTED_EDGE('',*,*,#2738,.T.);
#3542=ORIENTED_EDGE('',*,*,#2739,.F.);
#3543=ORIENTED_EDGE('',*,*,#2721,.F.);
#3544=ORIENTED_EDGE('',*,*,#2719,.T.);
#3545=ORIENTED_EDGE('',*,*,#2740,.T.);
#3546=ORIENTED_EDGE('',*,*,#2741,.T.);
#3547=ORIENTED_EDGE('',*,*,#2742,.T.);
#3548=ORIENTED_EDGE('',*,*,#2743,.T.);
#3549=ORIENTED_EDGE('',*,*,#2744,.T.);
#3550=ORIENTED_EDGE('',*,*,#2745,.T.);
#3551=ORIENTED_EDGE('',*,*,#2746,.T.);
#3552=ORIENTED_EDGE('',*,*,#2747,.T.);
#3553=ORIENTED_EDGE('',*,*,#2748,.T.);
#3554=ORIENTED_EDGE('',*,*,#2749,.T.);
#3555=ORIENTED_EDGE('',*,*,#2750,.T.);
#3556=ORIENTED_EDGE('',*,*,#2751,.T.);
#3557=ORIENTED_EDGE('',*,*,#2752,.T.);
#3558=ORIENTED_EDGE('',*,*,#2753,.T.);
#3559=ORIENTED_EDGE('',*,*,#2754,.T.);
#3560=ORIENTED_EDGE('',*,*,#2755,.T.);
#3561=ORIENTED_EDGE('',*,*,#2756,.T.);
#3562=ORIENTED_EDGE('',*,*,#2757,.T.);
#3563=ORIENTED_EDGE('',*,*,#2758,.T.);
#3564=ORIENTED_EDGE('',*,*,#2759,.T.);
#3565=ORIENTED_EDGE('',*,*,#2760,.T.);
#3566=ORIENTED_EDGE('',*,*,#2761,.T.);
#3567=ORIENTED_EDGE('',*,*,#2762,.T.);
#3568=ORIENTED_EDGE('',*,*,#2763,.T.);
#3569=ORIENTED_EDGE('',*,*,#2764,.T.);
#3570=ORIENTED_EDGE('',*,*,#2765,.T.);
#3571=ORIENTED_EDGE('',*,*,#2766,.T.);
#3572=ORIENTED_EDGE('',*,*,#2767,.T.);
#3573=ORIENTED_EDGE('',*,*,#2768,.T.);
#3574=ORIENTED_EDGE('',*,*,#2769,.T.);
#3575=ORIENTED_EDGE('',*,*,#2770,.T.);
#3576=ORIENTED_EDGE('',*,*,#2771,.T.);
#3577=ORIENTED_EDGE('',*,*,#2772,.T.);
#3578=ORIENTED_EDGE('',*,*,#2773,.T.);
#3579=ORIENTED_EDGE('',*,*,#2774,.T.);
#3580=ORIENTED_EDGE('',*,*,#2775,.T.);
#3581=ORIENTED_EDGE('',*,*,#2776,.T.);
#3582=ORIENTED_EDGE('',*,*,#2777,.T.);
#3583=ORIENTED_EDGE('',*,*,#2778,.T.);
#3584=ORIENTED_EDGE('',*,*,#2779,.T.);
#3585=ORIENTED_EDGE('',*,*,#2780,.T.);
#3586=ORIENTED_EDGE('',*,*,#2781,.T.);
#3587=ORIENTED_EDGE('',*,*,#2782,.T.);
#3588=ORIENTED_EDGE('',*,*,#2783,.T.);
#3589=ORIENTED_EDGE('',*,*,#2784,.T.);
#3590=ORIENTED_EDGE('',*,*,#2785,.T.);
#3591=ORIENTED_EDGE('',*,*,#2786,.T.);
#3592=ORIENTED_EDGE('',*,*,#2787,.T.);
#3593=ORIENTED_EDGE('',*,*,#2788,.T.);
#3594=ORIENTED_EDGE('',*,*,#2789,.T.);
#3595=ORIENTED_EDGE('',*,*,#2790,.T.);
#3596=ORIENTED_EDGE('',*,*,#2791,.T.);
#3597=ORIENTED_EDGE('',*,*,#2792,.T.);
#3598=ORIENTED_EDGE('',*,*,#2793,.T.);
#3599=ORIENTED_EDGE('',*,*,#2794,.T.);
#3600=ORIENTED_EDGE('',*,*,#2795,.T.);
#3601=ORIENTED_EDGE('',*,*,#2796,.T.);
#3602=ORIENTED_EDGE('',*,*,#2797,.T.);
#3603=ORIENTED_EDGE('',*,*,#2798,.T.);
#3604=ORIENTED_EDGE('',*,*,#2799,.T.);
#3605=ORIENTED_EDGE('',*,*,#2800,.T.);
#3606=ORIENTED_EDGE('',*,*,#2801,.T.);
#3607=ORIENTED_EDGE('',*,*,#2802,.T.);
#3608=ORIENTED_EDGE('',*,*,#2803,.T.);
#3609=ORIENTED_EDGE('',*,*,#2804,.T.);
#3610=ORIENTED_EDGE('',*,*,#2805,.T.);
#3611=ORIENTED_EDGE('',*,*,#2806,.T.);
#3612=ORIENTED_EDGE('',*,*,#2807,.T.);
#3613=ORIENTED_EDGE('',*,*,#2808,.T.);
#3614=ORIENTED_EDGE('',*,*,#2809,.T.);
#3615=ORIENTED_EDGE('',*,*,#2810,.T.);
#3616=ORIENTED_EDGE('',*,*,#2811,.T.);
#3617=ORIENTED_EDGE('',*,*,#2812,.T.);
#3618=ORIENTED_EDGE('',*,*,#2813,.T.);
#3619=ORIENTED_EDGE('',*,*,#2814,.T.);
#3620=ORIENTED_EDGE('',*,*,#2815,.T.);
#3621=ORIENTED_EDGE('',*,*,#2816,.T.);
#3622=ORIENTED_EDGE('',*,*,#2817,.T.);
#3623=ORIENTED_EDGE('',*,*,#2818,.T.);
#3624=ORIENTED_EDGE('',*,*,#2819,.T.);
#3625=ORIENTED_EDGE('',*,*,#2820,.T.);
#3626=ORIENTED_EDGE('',*,*,#2821,.T.);
#3627=ORIENTED_EDGE('',*,*,#2822,.T.);
#3628=ORIENTED_EDGE('',*,*,#2823,.T.);
#3629=ORIENTED_EDGE('',*,*,#2824,.T.);
#3630=ORIENTED_EDGE('',*,*,#2825,.T.);
#3631=ORIENTED_EDGE('',*,*,#2826,.T.);
#3632=ORIENTED_EDGE('',*,*,#2827,.T.);
#3633=ORIENTED_EDGE('',*,*,#2828,.T.);
#3634=ORIENTED_EDGE('',*,*,#2829,.T.);
#3635=ORIENTED_EDGE('',*,*,#2830,.T.);
#3636=ORIENTED_EDGE('',*,*,#2831,.T.);
#3637=ORIENTED_EDGE('',*,*,#2832,.T.);
#3638=ORIENTED_EDGE('',*,*,#2833,.T.);
#3639=ORIENTED_EDGE('',*,*,#2834,.T.);
#3640=ORIENTED_EDGE('',*,*,#2835,.T.);
#3641=ORIENTED_EDGE('',*,*,#2836,.T.);
#3642=ORIENTED_EDGE('',*,*,#2837,.T.);
#3643=ORIENTED_EDGE('',*,*,#2838,.T.);
#3644=ORIENTED_EDGE('',*,*,#2839,.T.);
#3645=ORIENTED_EDGE('',*,*,#2840,.T.);
#3646=ORIENTED_EDGE('',*,*,#2841,.T.);
#3647=ORIENTED_EDGE('',*,*,#2842,.T.);
#3648=ORIENTED_EDGE('',*,*,#2843,.T.);
#3649=ORIENTED_EDGE('',*,*,#2844,.T.);
#3650=ORIENTED_EDGE('',*,*,#2845,.T.);
#3651=ORIENTED_EDGE('',*,*,#2846,.T.);
#3652=ORIENTED_EDGE('',*,*,#2847,.T.);
#3653=ORIENTED_EDGE('',*,*,#2848,.T.);
#3654=ORIENTED_EDGE('',*,*,#2849,.T.);
#3655=ORIENTED_EDGE('',*,*,#2850,.T.);
#3656=ORIENTED_EDGE('',*,*,#2851,.T.);
#3657=ORIENTED_EDGE('',*,*,#2852,.T.);
#3658=ORIENTED_EDGE('',*,*,#2853,.T.);
#3659=ORIENTED_EDGE('',*,*,#2854,.T.);
#3660=ORIENTED_EDGE('',*,*,#2855,.T.);
#3661=ORIENTED_EDGE('',*,*,#2856,.T.);
#3662=ORIENTED_EDGE('',*,*,#2857,.T.);
#3663=ORIENTED_EDGE('',*,*,#2858,.T.);
#3664=ORIENTED_EDGE('',*,*,#2859,.T.);
#3665=ORIENTED_EDGE('',*,*,#2860,.T.);
#3666=ORIENTED_EDGE('',*,*,#2861,.T.);
#3667=ORIENTED_EDGE('',*,*,#2862,.T.);
#3668=ORIENTED_EDGE('',*,*,#2863,.T.);
#3669=ORIENTED_EDGE('',*,*,#2864,.T.);
#3670=ORIENTED_EDGE('',*,*,#2865,.T.);
#3671=ORIENTED_EDGE('',*,*,#2866,.T.);
#3672=ORIENTED_EDGE('',*,*,#2867,.T.);
#3673=ORIENTED_EDGE('',*,*,#2868,.T.);
#3674=ORIENTED_EDGE('',*,*,#2869,.T.);
#3675=ORIENTED_EDGE('',*,*,#2870,.T.);
#3676=ORIENTED_EDGE('',*,*,#2871,.T.);
#3677=ORIENTED_EDGE('',*,*,#2872,.T.);
#3678=ORIENTED_EDGE('',*,*,#2873,.T.);
#3679=ORIENTED_EDGE('',*,*,#2874,.T.);
#3680=ORIENTED_EDGE('',*,*,#2875,.T.);
#3681=ORIENTED_EDGE('',*,*,#2876,.T.);
#3682=ORIENTED_EDGE('',*,*,#2877,.T.);
#3683=ORIENTED_EDGE('',*,*,#2878,.T.);
#3684=ORIENTED_EDGE('',*,*,#2879,.T.);
#3685=ORIENTED_EDGE('',*,*,#2880,.T.);
#3686=ORIENTED_EDGE('',*,*,#2881,.T.);
#3687=ORIENTED_EDGE('',*,*,#2882,.T.);
#3688=ORIENTED_EDGE('',*,*,#2883,.T.);
#3689=ORIENTED_EDGE('',*,*,#2884,.T.);
#3690=ORIENTED_EDGE('',*,*,#2885,.T.);
#3691=ORIENTED_EDGE('',*,*,#2886,.T.);
#3692=ORIENTED_EDGE('',*,*,#2887,.T.);
#3693=ORIENTED_EDGE('',*,*,#2888,.T.);
#3694=ORIENTED_EDGE('',*,*,#2889,.T.);
#3695=ORIENTED_EDGE('',*,*,#2890,.T.);
#3696=ORIENTED_EDGE('',*,*,#2891,.T.);
#3697=ORIENTED_EDGE('',*,*,#2892,.T.);
#3698=ORIENTED_EDGE('',*,*,#2893,.T.);
#3699=ORIENTED_EDGE('',*,*,#2894,.T.);
#3700=ORIENTED_EDGE('',*,*,#2895,.T.);
#3701=ORIENTED_EDGE('',*,*,#2896,.T.);
#3702=ORIENTED_EDGE('',*,*,#2897,.T.);
#3703=ORIENTED_EDGE('',*,*,#2898,.T.);
#3704=ORIENTED_EDGE('',*,*,#2899,.T.);
#3705=ORIENTED_EDGE('',*,*,#2900,.T.);
#3706=ORIENTED_EDGE('',*,*,#2901,.T.);
#3707=ORIENTED_EDGE('',*,*,#2902,.T.);
#3708=ORIENTED_EDGE('',*,*,#2903,.T.);
#3709=ORIENTED_EDGE('',*,*,#2904,.T.);
#3710=ORIENTED_EDGE('',*,*,#2905,.T.);
#3711=ORIENTED_EDGE('',*,*,#2906,.T.);
#3712=ORIENTED_EDGE('',*,*,#2907,.T.);
#3713=ORIENTED_EDGE('',*,*,#2908,.T.);
#3714=ORIENTED_EDGE('',*,*,#2909,.T.);
#3715=ORIENTED_EDGE('',*,*,#2910,.T.);
#3716=ORIENTED_EDGE('',*,*,#2911,.T.);
#3717=ORIENTED_EDGE('',*,*,#2912,.T.);
#3718=ORIENTED_EDGE('',*,*,#2913,.T.);
#3719=ORIENTED_EDGE('',*,*,#2914,.T.);
#3720=ORIENTED_EDGE('',*,*,#2915,.T.);
#3721=ORIENTED_EDGE('',*,*,#2916,.T.);
#3722=ORIENTED_EDGE('',*,*,#2917,.T.);
#3723=ORIENTED_EDGE('',*,*,#2918,.T.);
#3724=ORIENTED_EDGE('',*,*,#2919,.T.);
#3725=ORIENTED_EDGE('',*,*,#2920,.T.);
#3726=ORIENTED_EDGE('',*,*,#2921,.T.);
#3727=ORIENTED_EDGE('',*,*,#2922,.T.);
#3728=ORIENTED_EDGE('',*,*,#2923,.T.);
#3729=ORIENTED_EDGE('',*,*,#2924,.T.);
#3730=ORIENTED_EDGE('',*,*,#2925,.T.);
#3731=ORIENTED_EDGE('',*,*,#2926,.T.);
#3732=ORIENTED_EDGE('',*,*,#2927,.T.);
#3733=ORIENTED_EDGE('',*,*,#2928,.T.);
#3734=ORIENTED_EDGE('',*,*,#2929,.T.);
#3735=ORIENTED_EDGE('',*,*,#2930,.T.);
#3736=ORIENTED_EDGE('',*,*,#2931,.T.);
#3737=ORIENTED_EDGE('',*,*,#2932,.T.);
#3738=ORIENTED_EDGE('',*,*,#2933,.T.);
#3739=ORIENTED_EDGE('',*,*,#2934,.T.);
#3740=ORIENTED_EDGE('',*,*,#2935,.T.);
#3741=ORIENTED_EDGE('',*,*,#2936,.T.);
#3742=ORIENTED_EDGE('',*,*,#2937,.T.);
#3743=ORIENTED_EDGE('',*,*,#2938,.T.);
#3744=ORIENTED_EDGE('',*,*,#2939,.T.);
#3745=ORIENTED_EDGE('',*,*,#2940,.T.);
#3746=ORIENTED_EDGE('',*,*,#2941,.T.);
#3747=ORIENTED_EDGE('',*,*,#2692,.F.);
#3748=ORIENTED_EDGE('',*,*,#2707,.T.);
#3749=ORIENTED_EDGE('',*,*,#2942,.F.);
#3750=ORIENTED_EDGE('',*,*,#2734,.T.);
#3751=ORIENTED_EDGE('',*,*,#2726,.F.);
#3752=ORIENTED_EDGE('',*,*,#2698,.F.);
#3753=ORIENTED_EDGE('',*,*,#2943,.F.);
#3754=ORIENTED_EDGE('',*,*,#2738,.F.);
#3755=ORIENTED_EDGE('',*,*,#2722,.F.);
#3756=ORIENTED_EDGE('',*,*,#2739,.T.);
#3757=ORIENTED_EDGE('',*,*,#2943,.T.);
#3758=ORIENTED_EDGE('',*,*,#2697,.F.);
#3759=ORIENTED_EDGE('',*,*,#2737,.T.);
#3760=ORIENTED_EDGE('',*,*,#2944,.T.);
#3761=ORIENTED_EDGE('',*,*,#2704,.T.);
#3762=ORIENTED_EDGE('',*,*,#2732,.T.);
#3763=ORIENTED_EDGE('',*,*,#2944,.F.);
#3764=ORIENTED_EDGE('',*,*,#2736,.F.);
#3765=ORIENTED_EDGE('',*,*,#2945,.F.);
#3766=ORIENTED_EDGE('',*,*,#2705,.T.);
#3767=ORIENTED_EDGE('',*,*,#2735,.T.);
#3768=ORIENTED_EDGE('',*,*,#2942,.T.);
#3769=ORIENTED_EDGE('',*,*,#2706,.T.);
#3770=ORIENTED_EDGE('',*,*,#2945,.T.);
#3771=ORIENTED_EDGE('',*,*,#2946,.F.);
#3772=ORIENTED_EDGE('',*,*,#2946,.T.);
#3773=ORIENTED_EDGE('',*,*,#2947,.T.);
#3774=ORIENTED_EDGE('',*,*,#2718,.F.);
#3775=ORIENTED_EDGE('',*,*,#2947,.F.);
#3776=ORIENTED_EDGE('',*,*,#2941,.F.);
#3777=ORIENTED_EDGE('',*,*,#2948,.T.);
#3778=ORIENTED_EDGE('',*,*,#2949,.T.);
#3779=ORIENTED_EDGE('',*,*,#2948,.F.);
#3780=ORIENTED_EDGE('',*,*,#2949,.F.);
#3781=ORIENTED_EDGE('',*,*,#2950,.F.);
#3782=ORIENTED_EDGE('',*,*,#2940,.F.);
#3783=ORIENTED_EDGE('',*,*,#2951,.T.);
#3784=ORIENTED_EDGE('',*,*,#2952,.T.);
#3785=ORIENTED_EDGE('',*,*,#2951,.F.);
#3786=ORIENTED_EDGE('',*,*,#2952,.F.);
#3787=ORIENTED_EDGE('',*,*,#2953,.F.);
#3788=ORIENTED_EDGE('',*,*,#2939,.F.);
#3789=ORIENTED_EDGE('',*,*,#2954,.T.);
#3790=ORIENTED_EDGE('',*,*,#2955,.T.);
#3791=ORIENTED_EDGE('',*,*,#2954,.F.);
#3792=ORIENTED_EDGE('',*,*,#2955,.F.);
#3793=ORIENTED_EDGE('',*,*,#2956,.F.);
#3794=ORIENTED_EDGE('',*,*,#2938,.F.);
#3795=ORIENTED_EDGE('',*,*,#2957,.T.);
#3796=ORIENTED_EDGE('',*,*,#2958,.T.);
#3797=ORIENTED_EDGE('',*,*,#2957,.F.);
#3798=ORIENTED_EDGE('',*,*,#2958,.F.);
#3799=ORIENTED_EDGE('',*,*,#2959,.F.);
#3800=ORIENTED_EDGE('',*,*,#2937,.F.);
#3801=ORIENTED_EDGE('',*,*,#2960,.T.);
#3802=ORIENTED_EDGE('',*,*,#2961,.T.);
#3803=ORIENTED_EDGE('',*,*,#2960,.F.);
#3804=ORIENTED_EDGE('',*,*,#2961,.F.);
#3805=ORIENTED_EDGE('',*,*,#2962,.F.);
#3806=ORIENTED_EDGE('',*,*,#2936,.F.);
#3807=ORIENTED_EDGE('',*,*,#2963,.T.);
#3808=ORIENTED_EDGE('',*,*,#2964,.T.);
#3809=ORIENTED_EDGE('',*,*,#2963,.F.);
#3810=ORIENTED_EDGE('',*,*,#2964,.F.);
#3811=ORIENTED_EDGE('',*,*,#2965,.F.);
#3812=ORIENTED_EDGE('',*,*,#2935,.F.);
#3813=ORIENTED_EDGE('',*,*,#2966,.T.);
#3814=ORIENTED_EDGE('',*,*,#2967,.T.);
#3815=ORIENTED_EDGE('',*,*,#2966,.F.);
#3816=ORIENTED_EDGE('',*,*,#2967,.F.);
#3817=ORIENTED_EDGE('',*,*,#2968,.F.);
#3818=ORIENTED_EDGE('',*,*,#2934,.F.);
#3819=ORIENTED_EDGE('',*,*,#2969,.T.);
#3820=ORIENTED_EDGE('',*,*,#2970,.T.);
#3821=ORIENTED_EDGE('',*,*,#2969,.F.);
#3822=ORIENTED_EDGE('',*,*,#2970,.F.);
#3823=ORIENTED_EDGE('',*,*,#2971,.F.);
#3824=ORIENTED_EDGE('',*,*,#2933,.F.);
#3825=ORIENTED_EDGE('',*,*,#2972,.T.);
#3826=ORIENTED_EDGE('',*,*,#2973,.T.);
#3827=ORIENTED_EDGE('',*,*,#2972,.F.);
#3828=ORIENTED_EDGE('',*,*,#2973,.F.);
#3829=ORIENTED_EDGE('',*,*,#2974,.F.);
#3830=ORIENTED_EDGE('',*,*,#2932,.F.);
#3831=ORIENTED_EDGE('',*,*,#2975,.T.);
#3832=ORIENTED_EDGE('',*,*,#2976,.T.);
#3833=ORIENTED_EDGE('',*,*,#2975,.F.);
#3834=ORIENTED_EDGE('',*,*,#2976,.F.);
#3835=ORIENTED_EDGE('',*,*,#2977,.F.);
#3836=ORIENTED_EDGE('',*,*,#2950,.T.);
#3837=ORIENTED_EDGE('',*,*,#2978,.T.);
#3838=ORIENTED_EDGE('',*,*,#2708,.F.);
#3839=ORIENTED_EDGE('',*,*,#2978,.F.);
#3840=ORIENTED_EDGE('',*,*,#2968,.T.);
#3841=ORIENTED_EDGE('',*,*,#2979,.T.);
#3842=ORIENTED_EDGE('',*,*,#2709,.F.);
#3843=ORIENTED_EDGE('',*,*,#2979,.F.);
#3844=ORIENTED_EDGE('',*,*,#2959,.T.);
#3845=ORIENTED_EDGE('',*,*,#2980,.T.);
#3846=ORIENTED_EDGE('',*,*,#2710,.F.);
#3847=ORIENTED_EDGE('',*,*,#2980,.F.);
#3848=ORIENTED_EDGE('',*,*,#2953,.T.);
#3849=ORIENTED_EDGE('',*,*,#2981,.T.);
#3850=ORIENTED_EDGE('',*,*,#2711,.F.);
#3851=ORIENTED_EDGE('',*,*,#2981,.F.);
#3852=ORIENTED_EDGE('',*,*,#2962,.T.);
#3853=ORIENTED_EDGE('',*,*,#2982,.T.);
#3854=ORIENTED_EDGE('',*,*,#2712,.F.);
#3855=ORIENTED_EDGE('',*,*,#2982,.F.);
#3856=ORIENTED_EDGE('',*,*,#2965,.T.);
#3857=ORIENTED_EDGE('',*,*,#2983,.T.);
#3858=ORIENTED_EDGE('',*,*,#2713,.F.);
#3859=ORIENTED_EDGE('',*,*,#2983,.F.);
#3860=ORIENTED_EDGE('',*,*,#2971,.T.);
#3861=ORIENTED_EDGE('',*,*,#2984,.T.);
#3862=ORIENTED_EDGE('',*,*,#2714,.F.);
#3863=ORIENTED_EDGE('',*,*,#2984,.F.);
#3864=ORIENTED_EDGE('',*,*,#2956,.T.);
#3865=ORIENTED_EDGE('',*,*,#2985,.T.);
#3866=ORIENTED_EDGE('',*,*,#2715,.F.);
#3867=ORIENTED_EDGE('',*,*,#2985,.F.);
#3868=ORIENTED_EDGE('',*,*,#2974,.T.);
#3869=ORIENTED_EDGE('',*,*,#2986,.T.);
#3870=ORIENTED_EDGE('',*,*,#2716,.F.);
#3871=ORIENTED_EDGE('',*,*,#2986,.F.);
#3872=ORIENTED_EDGE('',*,*,#2977,.T.);
#3873=ORIENTED_EDGE('',*,*,#2987,.T.);
#3874=ORIENTED_EDGE('',*,*,#2717,.F.);
#3875=ORIENTED_EDGE('',*,*,#2987,.F.);
#3876=ORIENTED_EDGE('',*,*,#2740,.F.);
#3877=ORIENTED_EDGE('',*,*,#2988,.T.);
#3878=ORIENTED_EDGE('',*,*,#2989,.T.);
#3879=ORIENTED_EDGE('',*,*,#2990,.F.);
#3880=ORIENTED_EDGE('',*,*,#2758,.F.);
#3881=ORIENTED_EDGE('',*,*,#2991,.T.);
#3882=ORIENTED_EDGE('',*,*,#2992,.T.);
#3883=ORIENTED_EDGE('',*,*,#2988,.F.);
#3884=ORIENTED_EDGE('',*,*,#2757,.F.);
#3885=ORIENTED_EDGE('',*,*,#2993,.T.);
#3886=ORIENTED_EDGE('',*,*,#2994,.T.);
#3887=ORIENTED_EDGE('',*,*,#2991,.F.);
#3888=ORIENTED_EDGE('',*,*,#2756,.F.);
#3889=ORIENTED_EDGE('',*,*,#2995,.T.);
#3890=ORIENTED_EDGE('',*,*,#2996,.T.);
#3891=ORIENTED_EDGE('',*,*,#2993,.F.);
#3892=ORIENTED_EDGE('',*,*,#2755,.F.);
#3893=ORIENTED_EDGE('',*,*,#2997,.T.);
#3894=ORIENTED_EDGE('',*,*,#2998,.T.);
#3895=ORIENTED_EDGE('',*,*,#2995,.F.);
#3896=ORIENTED_EDGE('',*,*,#2754,.F.);
#3897=ORIENTED_EDGE('',*,*,#2999,.T.);
#3898=ORIENTED_EDGE('',*,*,#3000,.T.);
#3899=ORIENTED_EDGE('',*,*,#2997,.F.);
#3900=ORIENTED_EDGE('',*,*,#2753,.F.);
#3901=ORIENTED_EDGE('',*,*,#3001,.T.);
#3902=ORIENTED_EDGE('',*,*,#3002,.T.);
#3903=ORIENTED_EDGE('',*,*,#2999,.F.);
#3904=ORIENTED_EDGE('',*,*,#2752,.F.);
#3905=ORIENTED_EDGE('',*,*,#3003,.T.);
#3906=ORIENTED_EDGE('',*,*,#3004,.T.);
#3907=ORIENTED_EDGE('',*,*,#3001,.F.);
#3908=ORIENTED_EDGE('',*,*,#2751,.F.);
#3909=ORIENTED_EDGE('',*,*,#3005,.T.);
#3910=ORIENTED_EDGE('',*,*,#3006,.T.);
#3911=ORIENTED_EDGE('',*,*,#3003,.F.);
#3912=ORIENTED_EDGE('',*,*,#2750,.F.);
#3913=ORIENTED_EDGE('',*,*,#3007,.T.);
#3914=ORIENTED_EDGE('',*,*,#3008,.T.);
#3915=ORIENTED_EDGE('',*,*,#3005,.F.);
#3916=ORIENTED_EDGE('',*,*,#2749,.F.);
#3917=ORIENTED_EDGE('',*,*,#3009,.T.);
#3918=ORIENTED_EDGE('',*,*,#3010,.T.);
#3919=ORIENTED_EDGE('',*,*,#3007,.F.);
#3920=ORIENTED_EDGE('',*,*,#2748,.F.);
#3921=ORIENTED_EDGE('',*,*,#3011,.T.);
#3922=ORIENTED_EDGE('',*,*,#3012,.T.);
#3923=ORIENTED_EDGE('',*,*,#3009,.F.);
#3924=ORIENTED_EDGE('',*,*,#2747,.F.);
#3925=ORIENTED_EDGE('',*,*,#3013,.T.);
#3926=ORIENTED_EDGE('',*,*,#3014,.T.);
#3927=ORIENTED_EDGE('',*,*,#3011,.F.);
#3928=ORIENTED_EDGE('',*,*,#2746,.F.);
#3929=ORIENTED_EDGE('',*,*,#3015,.T.);
#3930=ORIENTED_EDGE('',*,*,#3016,.T.);
#3931=ORIENTED_EDGE('',*,*,#3013,.F.);
#3932=ORIENTED_EDGE('',*,*,#2745,.F.);
#3933=ORIENTED_EDGE('',*,*,#3017,.T.);
#3934=ORIENTED_EDGE('',*,*,#3018,.T.);
#3935=ORIENTED_EDGE('',*,*,#3015,.F.);
#3936=ORIENTED_EDGE('',*,*,#2744,.F.);
#3937=ORIENTED_EDGE('',*,*,#3019,.T.);
#3938=ORIENTED_EDGE('',*,*,#3020,.T.);
#3939=ORIENTED_EDGE('',*,*,#3017,.F.);
#3940=ORIENTED_EDGE('',*,*,#2743,.F.);
#3941=ORIENTED_EDGE('',*,*,#3021,.T.);
#3942=ORIENTED_EDGE('',*,*,#3022,.T.);
#3943=ORIENTED_EDGE('',*,*,#3019,.F.);
#3944=ORIENTED_EDGE('',*,*,#2742,.F.);
#3945=ORIENTED_EDGE('',*,*,#3023,.T.);
#3946=ORIENTED_EDGE('',*,*,#3024,.T.);
#3947=ORIENTED_EDGE('',*,*,#3021,.F.);
#3948=ORIENTED_EDGE('',*,*,#2741,.F.);
#3949=ORIENTED_EDGE('',*,*,#2990,.T.);
#3950=ORIENTED_EDGE('',*,*,#3025,.T.);
#3951=ORIENTED_EDGE('',*,*,#3023,.F.);
#3952=ORIENTED_EDGE('',*,*,#3025,.F.);
#3953=ORIENTED_EDGE('',*,*,#2989,.F.);
#3954=ORIENTED_EDGE('',*,*,#2992,.F.);
#3955=ORIENTED_EDGE('',*,*,#2994,.F.);
#3956=ORIENTED_EDGE('',*,*,#2996,.F.);
#3957=ORIENTED_EDGE('',*,*,#2998,.F.);
#3958=ORIENTED_EDGE('',*,*,#3000,.F.);
#3959=ORIENTED_EDGE('',*,*,#3002,.F.);
#3960=ORIENTED_EDGE('',*,*,#3004,.F.);
#3961=ORIENTED_EDGE('',*,*,#3006,.F.);
#3962=ORIENTED_EDGE('',*,*,#3008,.F.);
#3963=ORIENTED_EDGE('',*,*,#3010,.F.);
#3964=ORIENTED_EDGE('',*,*,#3012,.F.);
#3965=ORIENTED_EDGE('',*,*,#3014,.F.);
#3966=ORIENTED_EDGE('',*,*,#3016,.F.);
#3967=ORIENTED_EDGE('',*,*,#3018,.F.);
#3968=ORIENTED_EDGE('',*,*,#3020,.F.);
#3969=ORIENTED_EDGE('',*,*,#3022,.F.);
#3970=ORIENTED_EDGE('',*,*,#3024,.F.);
#3971=ORIENTED_EDGE('',*,*,#2759,.F.);
#3972=ORIENTED_EDGE('',*,*,#3026,.T.);
#3973=ORIENTED_EDGE('',*,*,#3027,.T.);
#3974=ORIENTED_EDGE('',*,*,#3028,.F.);
#3975=ORIENTED_EDGE('',*,*,#2777,.F.);
#3976=ORIENTED_EDGE('',*,*,#3029,.T.);
#3977=ORIENTED_EDGE('',*,*,#3030,.T.);
#3978=ORIENTED_EDGE('',*,*,#3026,.F.);
#3979=ORIENTED_EDGE('',*,*,#2776,.F.);
#3980=ORIENTED_EDGE('',*,*,#3031,.T.);
#3981=ORIENTED_EDGE('',*,*,#3032,.T.);
#3982=ORIENTED_EDGE('',*,*,#3029,.F.);
#3983=ORIENTED_EDGE('',*,*,#2775,.F.);
#3984=ORIENTED_EDGE('',*,*,#3033,.T.);
#3985=ORIENTED_EDGE('',*,*,#3034,.T.);
#3986=ORIENTED_EDGE('',*,*,#3031,.F.);
#3987=ORIENTED_EDGE('',*,*,#2774,.F.);
#3988=ORIENTED_EDGE('',*,*,#3035,.T.);
#3989=ORIENTED_EDGE('',*,*,#3036,.T.);
#3990=ORIENTED_EDGE('',*,*,#3033,.F.);
#3991=ORIENTED_EDGE('',*,*,#2773,.F.);
#3992=ORIENTED_EDGE('',*,*,#3037,.T.);
#3993=ORIENTED_EDGE('',*,*,#3038,.T.);
#3994=ORIENTED_EDGE('',*,*,#3035,.F.);
#3995=ORIENTED_EDGE('',*,*,#2772,.F.);
#3996=ORIENTED_EDGE('',*,*,#3039,.T.);
#3997=ORIENTED_EDGE('',*,*,#3040,.T.);
#3998=ORIENTED_EDGE('',*,*,#3037,.F.);
#3999=ORIENTED_EDGE('',*,*,#2771,.F.);
#4000=ORIENTED_EDGE('',*,*,#3041,.T.);
#4001=ORIENTED_EDGE('',*,*,#3042,.T.);
#4002=ORIENTED_EDGE('',*,*,#3039,.F.);
#4003=ORIENTED_EDGE('',*,*,#2770,.F.);
#4004=ORIENTED_EDGE('',*,*,#3043,.T.);
#4005=ORIENTED_EDGE('',*,*,#3044,.T.);
#4006=ORIENTED_EDGE('',*,*,#3041,.F.);
#4007=ORIENTED_EDGE('',*,*,#2769,.F.);
#4008=ORIENTED_EDGE('',*,*,#3045,.T.);
#4009=ORIENTED_EDGE('',*,*,#3046,.T.);
#4010=ORIENTED_EDGE('',*,*,#3043,.F.);
#4011=ORIENTED_EDGE('',*,*,#2768,.F.);
#4012=ORIENTED_EDGE('',*,*,#3047,.T.);
#4013=ORIENTED_EDGE('',*,*,#3048,.T.);
#4014=ORIENTED_EDGE('',*,*,#3045,.F.);
#4015=ORIENTED_EDGE('',*,*,#2767,.F.);
#4016=ORIENTED_EDGE('',*,*,#3049,.T.);
#4017=ORIENTED_EDGE('',*,*,#3050,.T.);
#4018=ORIENTED_EDGE('',*,*,#3047,.F.);
#4019=ORIENTED_EDGE('',*,*,#2766,.F.);
#4020=ORIENTED_EDGE('',*,*,#3051,.T.);
#4021=ORIENTED_EDGE('',*,*,#3052,.T.);
#4022=ORIENTED_EDGE('',*,*,#3049,.F.);
#4023=ORIENTED_EDGE('',*,*,#2765,.F.);
#4024=ORIENTED_EDGE('',*,*,#3053,.T.);
#4025=ORIENTED_EDGE('',*,*,#3054,.T.);
#4026=ORIENTED_EDGE('',*,*,#3051,.F.);
#4027=ORIENTED_EDGE('',*,*,#2764,.F.);
#4028=ORIENTED_EDGE('',*,*,#3055,.T.);
#4029=ORIENTED_EDGE('',*,*,#3056,.T.);
#4030=ORIENTED_EDGE('',*,*,#3053,.F.);
#4031=ORIENTED_EDGE('',*,*,#2763,.F.);
#4032=ORIENTED_EDGE('',*,*,#3057,.T.);
#4033=ORIENTED_EDGE('',*,*,#3058,.T.);
#4034=ORIENTED_EDGE('',*,*,#3055,.F.);
#4035=ORIENTED_EDGE('',*,*,#2762,.F.);
#4036=ORIENTED_EDGE('',*,*,#3059,.T.);
#4037=ORIENTED_EDGE('',*,*,#3060,.T.);
#4038=ORIENTED_EDGE('',*,*,#3057,.F.);
#4039=ORIENTED_EDGE('',*,*,#2761,.F.);
#4040=ORIENTED_EDGE('',*,*,#3061,.T.);
#4041=ORIENTED_EDGE('',*,*,#3062,.T.);
#4042=ORIENTED_EDGE('',*,*,#3059,.F.);
#4043=ORIENTED_EDGE('',*,*,#2760,.F.);
#4044=ORIENTED_EDGE('',*,*,#3028,.T.);
#4045=ORIENTED_EDGE('',*,*,#3063,.T.);
#4046=ORIENTED_EDGE('',*,*,#3061,.F.);
#4047=ORIENTED_EDGE('',*,*,#3063,.F.);
#4048=ORIENTED_EDGE('',*,*,#3027,.F.);
#4049=ORIENTED_EDGE('',*,*,#3030,.F.);
#4050=ORIENTED_EDGE('',*,*,#3032,.F.);
#4051=ORIENTED_EDGE('',*,*,#3034,.F.);
#4052=ORIENTED_EDGE('',*,*,#3036,.F.);
#4053=ORIENTED_EDGE('',*,*,#3038,.F.);
#4054=ORIENTED_EDGE('',*,*,#3040,.F.);
#4055=ORIENTED_EDGE('',*,*,#3042,.F.);
#4056=ORIENTED_EDGE('',*,*,#3044,.F.);
#4057=ORIENTED_EDGE('',*,*,#3046,.F.);
#4058=ORIENTED_EDGE('',*,*,#3048,.F.);
#4059=ORIENTED_EDGE('',*,*,#3050,.F.);
#4060=ORIENTED_EDGE('',*,*,#3052,.F.);
#4061=ORIENTED_EDGE('',*,*,#3054,.F.);
#4062=ORIENTED_EDGE('',*,*,#3056,.F.);
#4063=ORIENTED_EDGE('',*,*,#3058,.F.);
#4064=ORIENTED_EDGE('',*,*,#3060,.F.);
#4065=ORIENTED_EDGE('',*,*,#3062,.F.);
#4066=ORIENTED_EDGE('',*,*,#3064,.F.);
#4067=ORIENTED_EDGE('',*,*,#3065,.T.);
#4068=ORIENTED_EDGE('',*,*,#3066,.T.);
#4069=ORIENTED_EDGE('',*,*,#3067,.F.);
#4070=ORIENTED_EDGE('',*,*,#3068,.F.);
#4071=ORIENTED_EDGE('',*,*,#3069,.T.);
#4072=ORIENTED_EDGE('',*,*,#3070,.T.);
#4073=ORIENTED_EDGE('',*,*,#3065,.F.);
#4074=ORIENTED_EDGE('',*,*,#3071,.F.);
#4075=ORIENTED_EDGE('',*,*,#3072,.T.);
#4076=ORIENTED_EDGE('',*,*,#3073,.T.);
#4077=ORIENTED_EDGE('',*,*,#3069,.F.);
#4078=ORIENTED_EDGE('',*,*,#3074,.F.);
#4079=ORIENTED_EDGE('',*,*,#3075,.T.);
#4080=ORIENTED_EDGE('',*,*,#3076,.T.);
#4081=ORIENTED_EDGE('',*,*,#3072,.F.);
#4082=ORIENTED_EDGE('',*,*,#3077,.F.);
#4083=ORIENTED_EDGE('',*,*,#3078,.T.);
#4084=ORIENTED_EDGE('',*,*,#3079,.T.);
#4085=ORIENTED_EDGE('',*,*,#3075,.F.);
#4086=ORIENTED_EDGE('',*,*,#3080,.F.);
#4087=ORIENTED_EDGE('',*,*,#3081,.T.);
#4088=ORIENTED_EDGE('',*,*,#3082,.T.);
#4089=ORIENTED_EDGE('',*,*,#3078,.F.);
#4090=ORIENTED_EDGE('',*,*,#3083,.F.);
#4091=ORIENTED_EDGE('',*,*,#3084,.T.);
#4092=ORIENTED_EDGE('',*,*,#3085,.T.);
#4093=ORIENTED_EDGE('',*,*,#3081,.F.);
#4094=ORIENTED_EDGE('',*,*,#3086,.F.);
#4095=ORIENTED_EDGE('',*,*,#3067,.T.);
#4096=ORIENTED_EDGE('',*,*,#3087,.T.);
#4097=ORIENTED_EDGE('',*,*,#3084,.F.);
#4098=ORIENTED_EDGE('',*,*,#2778,.F.);
#4099=ORIENTED_EDGE('',*,*,#3088,.T.);
#4100=ORIENTED_EDGE('',*,*,#3089,.T.);
#4101=ORIENTED_EDGE('',*,*,#3090,.F.);
#4102=ORIENTED_EDGE('',*,*,#2789,.F.);
#4103=ORIENTED_EDGE('',*,*,#3091,.T.);
#4104=ORIENTED_EDGE('',*,*,#3092,.T.);
#4105=ORIENTED_EDGE('',*,*,#3088,.F.);
#4106=ORIENTED_EDGE('',*,*,#2788,.F.);
#4107=ORIENTED_EDGE('',*,*,#3093,.T.);
#4108=ORIENTED_EDGE('',*,*,#3094,.T.);
#4109=ORIENTED_EDGE('',*,*,#3091,.F.);
#4110=ORIENTED_EDGE('',*,*,#2787,.F.);
#4111=ORIENTED_EDGE('',*,*,#3095,.T.);
#4112=ORIENTED_EDGE('',*,*,#3096,.T.);
#4113=ORIENTED_EDGE('',*,*,#3093,.F.);
#4114=ORIENTED_EDGE('',*,*,#2786,.F.);
#4115=ORIENTED_EDGE('',*,*,#3097,.T.);
#4116=ORIENTED_EDGE('',*,*,#3098,.T.);
#4117=ORIENTED_EDGE('',*,*,#3095,.F.);
#4118=ORIENTED_EDGE('',*,*,#2785,.F.);
#4119=ORIENTED_EDGE('',*,*,#3099,.T.);
#4120=ORIENTED_EDGE('',*,*,#3100,.T.);
#4121=ORIENTED_EDGE('',*,*,#3097,.F.);
#4122=ORIENTED_EDGE('',*,*,#2784,.F.);
#4123=ORIENTED_EDGE('',*,*,#3101,.T.);
#4124=ORIENTED_EDGE('',*,*,#3102,.T.);
#4125=ORIENTED_EDGE('',*,*,#3099,.F.);
#4126=ORIENTED_EDGE('',*,*,#2783,.F.);
#4127=ORIENTED_EDGE('',*,*,#3103,.T.);
#4128=ORIENTED_EDGE('',*,*,#3104,.T.);
#4129=ORIENTED_EDGE('',*,*,#3101,.F.);
#4130=ORIENTED_EDGE('',*,*,#2782,.F.);
#4131=ORIENTED_EDGE('',*,*,#3105,.T.);
#4132=ORIENTED_EDGE('',*,*,#3106,.T.);
#4133=ORIENTED_EDGE('',*,*,#3103,.F.);
#4134=ORIENTED_EDGE('',*,*,#2781,.F.);
#4135=ORIENTED_EDGE('',*,*,#3107,.T.);
#4136=ORIENTED_EDGE('',*,*,#3108,.T.);
#4137=ORIENTED_EDGE('',*,*,#3105,.F.);
#4138=ORIENTED_EDGE('',*,*,#2780,.F.);
#4139=ORIENTED_EDGE('',*,*,#3109,.T.);
#4140=ORIENTED_EDGE('',*,*,#3110,.T.);
#4141=ORIENTED_EDGE('',*,*,#3107,.F.);
#4142=ORIENTED_EDGE('',*,*,#2779,.F.);
#4143=ORIENTED_EDGE('',*,*,#3090,.T.);
#4144=ORIENTED_EDGE('',*,*,#3111,.T.);
#4145=ORIENTED_EDGE('',*,*,#3109,.F.);
#4146=ORIENTED_EDGE('',*,*,#3111,.F.);
#4147=ORIENTED_EDGE('',*,*,#3089,.F.);
#4148=ORIENTED_EDGE('',*,*,#3092,.F.);
#4149=ORIENTED_EDGE('',*,*,#3094,.F.);
#4150=ORIENTED_EDGE('',*,*,#3096,.F.);
#4151=ORIENTED_EDGE('',*,*,#3098,.F.);
#4152=ORIENTED_EDGE('',*,*,#3100,.F.);
#4153=ORIENTED_EDGE('',*,*,#3102,.F.);
#4154=ORIENTED_EDGE('',*,*,#3104,.F.);
#4155=ORIENTED_EDGE('',*,*,#3106,.F.);
#4156=ORIENTED_EDGE('',*,*,#3108,.F.);
#4157=ORIENTED_EDGE('',*,*,#3110,.F.);
#4158=ORIENTED_EDGE('',*,*,#3087,.F.);
#4159=ORIENTED_EDGE('',*,*,#3066,.F.);
#4160=ORIENTED_EDGE('',*,*,#3070,.F.);
#4161=ORIENTED_EDGE('',*,*,#3073,.F.);
#4162=ORIENTED_EDGE('',*,*,#3076,.F.);
#4163=ORIENTED_EDGE('',*,*,#3079,.F.);
#4164=ORIENTED_EDGE('',*,*,#3082,.F.);
#4165=ORIENTED_EDGE('',*,*,#3085,.F.);
#4166=ORIENTED_EDGE('',*,*,#2790,.F.);
#4167=ORIENTED_EDGE('',*,*,#3112,.T.);
#4168=ORIENTED_EDGE('',*,*,#3113,.T.);
#4169=ORIENTED_EDGE('',*,*,#3114,.F.);
#4170=ORIENTED_EDGE('',*,*,#2799,.F.);
#4171=ORIENTED_EDGE('',*,*,#3115,.T.);
#4172=ORIENTED_EDGE('',*,*,#3116,.T.);
#4173=ORIENTED_EDGE('',*,*,#3112,.F.);
#4174=ORIENTED_EDGE('',*,*,#2798,.F.);
#4175=ORIENTED_EDGE('',*,*,#3117,.T.);
#4176=ORIENTED_EDGE('',*,*,#3118,.T.);
#4177=ORIENTED_EDGE('',*,*,#3115,.F.);
#4178=ORIENTED_EDGE('',*,*,#2797,.F.);
#4179=ORIENTED_EDGE('',*,*,#3119,.T.);
#4180=ORIENTED_EDGE('',*,*,#3120,.T.);
#4181=ORIENTED_EDGE('',*,*,#3117,.F.);
#4182=ORIENTED_EDGE('',*,*,#2796,.F.);
#4183=ORIENTED_EDGE('',*,*,#3121,.T.);
#4184=ORIENTED_EDGE('',*,*,#3122,.T.);
#4185=ORIENTED_EDGE('',*,*,#3119,.F.);
#4186=ORIENTED_EDGE('',*,*,#2795,.F.);
#4187=ORIENTED_EDGE('',*,*,#3123,.T.);
#4188=ORIENTED_EDGE('',*,*,#3124,.T.);
#4189=ORIENTED_EDGE('',*,*,#3121,.F.);
#4190=ORIENTED_EDGE('',*,*,#2794,.F.);
#4191=ORIENTED_EDGE('',*,*,#3125,.T.);
#4192=ORIENTED_EDGE('',*,*,#3126,.T.);
#4193=ORIENTED_EDGE('',*,*,#3123,.F.);
#4194=ORIENTED_EDGE('',*,*,#2793,.F.);
#4195=ORIENTED_EDGE('',*,*,#3127,.T.);
#4196=ORIENTED_EDGE('',*,*,#3128,.T.);
#4197=ORIENTED_EDGE('',*,*,#3125,.F.);
#4198=ORIENTED_EDGE('',*,*,#2792,.F.);
#4199=ORIENTED_EDGE('',*,*,#3129,.T.);
#4200=ORIENTED_EDGE('',*,*,#3130,.T.);
#4201=ORIENTED_EDGE('',*,*,#3127,.F.);
#4202=ORIENTED_EDGE('',*,*,#2791,.F.);
#4203=ORIENTED_EDGE('',*,*,#3114,.T.);
#4204=ORIENTED_EDGE('',*,*,#3131,.T.);
#4205=ORIENTED_EDGE('',*,*,#3129,.F.);
#4206=ORIENTED_EDGE('',*,*,#3131,.F.);
#4207=ORIENTED_EDGE('',*,*,#3113,.F.);
#4208=ORIENTED_EDGE('',*,*,#3116,.F.);
#4209=ORIENTED_EDGE('',*,*,#3118,.F.);
#4210=ORIENTED_EDGE('',*,*,#3120,.F.);
#4211=ORIENTED_EDGE('',*,*,#3122,.F.);
#4212=ORIENTED_EDGE('',*,*,#3124,.F.);
#4213=ORIENTED_EDGE('',*,*,#3126,.F.);
#4214=ORIENTED_EDGE('',*,*,#3128,.F.);
#4215=ORIENTED_EDGE('',*,*,#3130,.F.);
#4216=ORIENTED_EDGE('',*,*,#2800,.F.);
#4217=ORIENTED_EDGE('',*,*,#3132,.T.);
#4218=ORIENTED_EDGE('',*,*,#3133,.T.);
#4219=ORIENTED_EDGE('',*,*,#3134,.F.);
#4220=ORIENTED_EDGE('',*,*,#2812,.F.);
#4221=ORIENTED_EDGE('',*,*,#3135,.T.);
#4222=ORIENTED_EDGE('',*,*,#3136,.T.);
#4223=ORIENTED_EDGE('',*,*,#3132,.F.);
#4224=ORIENTED_EDGE('',*,*,#2811,.F.);
#4225=ORIENTED_EDGE('',*,*,#3137,.T.);
#4226=ORIENTED_EDGE('',*,*,#3138,.T.);
#4227=ORIENTED_EDGE('',*,*,#3135,.F.);
#4228=ORIENTED_EDGE('',*,*,#2810,.F.);
#4229=ORIENTED_EDGE('',*,*,#3139,.T.);
#4230=ORIENTED_EDGE('',*,*,#3140,.T.);
#4231=ORIENTED_EDGE('',*,*,#3137,.F.);
#4232=ORIENTED_EDGE('',*,*,#2809,.F.);
#4233=ORIENTED_EDGE('',*,*,#3141,.T.);
#4234=ORIENTED_EDGE('',*,*,#3142,.T.);
#4235=ORIENTED_EDGE('',*,*,#3139,.F.);
#4236=ORIENTED_EDGE('',*,*,#2808,.F.);
#4237=ORIENTED_EDGE('',*,*,#3143,.T.);
#4238=ORIENTED_EDGE('',*,*,#3144,.T.);
#4239=ORIENTED_EDGE('',*,*,#3141,.F.);
#4240=ORIENTED_EDGE('',*,*,#2807,.F.);
#4241=ORIENTED_EDGE('',*,*,#3145,.T.);
#4242=ORIENTED_EDGE('',*,*,#3146,.T.);
#4243=ORIENTED_EDGE('',*,*,#3143,.F.);
#4244=ORIENTED_EDGE('',*,*,#2806,.F.);
#4245=ORIENTED_EDGE('',*,*,#3147,.T.);
#4246=ORIENTED_EDGE('',*,*,#3148,.T.);
#4247=ORIENTED_EDGE('',*,*,#3145,.F.);
#4248=ORIENTED_EDGE('',*,*,#2805,.F.);
#4249=ORIENTED_EDGE('',*,*,#3149,.T.);
#4250=ORIENTED_EDGE('',*,*,#3150,.T.);
#4251=ORIENTED_EDGE('',*,*,#3147,.F.);
#4252=ORIENTED_EDGE('',*,*,#2804,.F.);
#4253=ORIENTED_EDGE('',*,*,#3151,.T.);
#4254=ORIENTED_EDGE('',*,*,#3152,.T.);
#4255=ORIENTED_EDGE('',*,*,#3149,.F.);
#4256=ORIENTED_EDGE('',*,*,#2803,.F.);
#4257=ORIENTED_EDGE('',*,*,#3153,.T.);
#4258=ORIENTED_EDGE('',*,*,#3154,.T.);
#4259=ORIENTED_EDGE('',*,*,#3151,.F.);
#4260=ORIENTED_EDGE('',*,*,#2802,.F.);
#4261=ORIENTED_EDGE('',*,*,#3155,.T.);
#4262=ORIENTED_EDGE('',*,*,#3156,.T.);
#4263=ORIENTED_EDGE('',*,*,#3153,.F.);
#4264=ORIENTED_EDGE('',*,*,#2801,.F.);
#4265=ORIENTED_EDGE('',*,*,#3134,.T.);
#4266=ORIENTED_EDGE('',*,*,#3157,.T.);
#4267=ORIENTED_EDGE('',*,*,#3155,.F.);
#4268=ORIENTED_EDGE('',*,*,#3157,.F.);
#4269=ORIENTED_EDGE('',*,*,#3133,.F.);
#4270=ORIENTED_EDGE('',*,*,#3136,.F.);
#4271=ORIENTED_EDGE('',*,*,#3138,.F.);
#4272=ORIENTED_EDGE('',*,*,#3140,.F.);
#4273=ORIENTED_EDGE('',*,*,#3142,.F.);
#4274=ORIENTED_EDGE('',*,*,#3144,.F.);
#4275=ORIENTED_EDGE('',*,*,#3146,.F.);
#4276=ORIENTED_EDGE('',*,*,#3148,.F.);
#4277=ORIENTED_EDGE('',*,*,#3150,.F.);
#4278=ORIENTED_EDGE('',*,*,#3152,.F.);
#4279=ORIENTED_EDGE('',*,*,#3154,.F.);
#4280=ORIENTED_EDGE('',*,*,#3156,.F.);
#4281=ORIENTED_EDGE('',*,*,#3158,.F.);
#4282=ORIENTED_EDGE('',*,*,#3159,.T.);
#4283=ORIENTED_EDGE('',*,*,#3160,.T.);
#4284=ORIENTED_EDGE('',*,*,#3161,.F.);
#4285=ORIENTED_EDGE('',*,*,#3162,.F.);
#4286=ORIENTED_EDGE('',*,*,#3163,.T.);
#4287=ORIENTED_EDGE('',*,*,#3164,.T.);
#4288=ORIENTED_EDGE('',*,*,#3159,.F.);
#4289=ORIENTED_EDGE('',*,*,#3165,.F.);
#4290=ORIENTED_EDGE('',*,*,#3166,.T.);
#4291=ORIENTED_EDGE('',*,*,#3167,.T.);
#4292=ORIENTED_EDGE('',*,*,#3163,.F.);
#4293=ORIENTED_EDGE('',*,*,#3168,.F.);
#4294=ORIENTED_EDGE('',*,*,#3169,.T.);
#4295=ORIENTED_EDGE('',*,*,#3170,.T.);
#4296=ORIENTED_EDGE('',*,*,#3166,.F.);
#4297=ORIENTED_EDGE('',*,*,#3171,.F.);
#4298=ORIENTED_EDGE('',*,*,#3172,.T.);
#4299=ORIENTED_EDGE('',*,*,#3173,.T.);
#4300=ORIENTED_EDGE('',*,*,#3169,.F.);
#4301=ORIENTED_EDGE('',*,*,#3174,.F.);
#4302=ORIENTED_EDGE('',*,*,#3175,.T.);
#4303=ORIENTED_EDGE('',*,*,#3176,.T.);
#4304=ORIENTED_EDGE('',*,*,#3172,.F.);
#4305=ORIENTED_EDGE('',*,*,#3177,.F.);
#4306=ORIENTED_EDGE('',*,*,#3178,.T.);
#4307=ORIENTED_EDGE('',*,*,#3179,.T.);
#4308=ORIENTED_EDGE('',*,*,#3175,.F.);
#4309=ORIENTED_EDGE('',*,*,#3180,.F.);
#4310=ORIENTED_EDGE('',*,*,#3161,.T.);
#4311=ORIENTED_EDGE('',*,*,#3181,.T.);
#4312=ORIENTED_EDGE('',*,*,#3178,.F.);
#4313=ORIENTED_EDGE('',*,*,#2813,.F.);
#4314=ORIENTED_EDGE('',*,*,#3182,.T.);
#4315=ORIENTED_EDGE('',*,*,#3183,.T.);
#4316=ORIENTED_EDGE('',*,*,#3184,.F.);
#4317=ORIENTED_EDGE('',*,*,#2824,.F.);
#4318=ORIENTED_EDGE('',*,*,#3185,.T.);
#4319=ORIENTED_EDGE('',*,*,#3186,.T.);
#4320=ORIENTED_EDGE('',*,*,#3182,.F.);
#4321=ORIENTED_EDGE('',*,*,#2823,.F.);
#4322=ORIENTED_EDGE('',*,*,#3187,.T.);
#4323=ORIENTED_EDGE('',*,*,#3188,.T.);
#4324=ORIENTED_EDGE('',*,*,#3185,.F.);
#4325=ORIENTED_EDGE('',*,*,#2822,.F.);
#4326=ORIENTED_EDGE('',*,*,#3189,.T.);
#4327=ORIENTED_EDGE('',*,*,#3190,.T.);
#4328=ORIENTED_EDGE('',*,*,#3187,.F.);
#4329=ORIENTED_EDGE('',*,*,#2821,.F.);
#4330=ORIENTED_EDGE('',*,*,#3191,.T.);
#4331=ORIENTED_EDGE('',*,*,#3192,.T.);
#4332=ORIENTED_EDGE('',*,*,#3189,.F.);
#4333=ORIENTED_EDGE('',*,*,#2820,.F.);
#4334=ORIENTED_EDGE('',*,*,#3193,.T.);
#4335=ORIENTED_EDGE('',*,*,#3194,.T.);
#4336=ORIENTED_EDGE('',*,*,#3191,.F.);
#4337=ORIENTED_EDGE('',*,*,#2819,.F.);
#4338=ORIENTED_EDGE('',*,*,#3195,.T.);
#4339=ORIENTED_EDGE('',*,*,#3196,.T.);
#4340=ORIENTED_EDGE('',*,*,#3193,.F.);
#4341=ORIENTED_EDGE('',*,*,#2818,.F.);
#4342=ORIENTED_EDGE('',*,*,#3197,.T.);
#4343=ORIENTED_EDGE('',*,*,#3198,.T.);
#4344=ORIENTED_EDGE('',*,*,#3195,.F.);
#4345=ORIENTED_EDGE('',*,*,#2817,.F.);
#4346=ORIENTED_EDGE('',*,*,#3199,.T.);
#4347=ORIENTED_EDGE('',*,*,#3200,.T.);
#4348=ORIENTED_EDGE('',*,*,#3197,.F.);
#4349=ORIENTED_EDGE('',*,*,#2816,.F.);
#4350=ORIENTED_EDGE('',*,*,#3201,.T.);
#4351=ORIENTED_EDGE('',*,*,#3202,.T.);
#4352=ORIENTED_EDGE('',*,*,#3199,.F.);
#4353=ORIENTED_EDGE('',*,*,#2815,.F.);
#4354=ORIENTED_EDGE('',*,*,#3203,.T.);
#4355=ORIENTED_EDGE('',*,*,#3204,.T.);
#4356=ORIENTED_EDGE('',*,*,#3201,.F.);
#4357=ORIENTED_EDGE('',*,*,#2814,.F.);
#4358=ORIENTED_EDGE('',*,*,#3184,.T.);
#4359=ORIENTED_EDGE('',*,*,#3205,.T.);
#4360=ORIENTED_EDGE('',*,*,#3203,.F.);
#4361=ORIENTED_EDGE('',*,*,#3205,.F.);
#4362=ORIENTED_EDGE('',*,*,#3183,.F.);
#4363=ORIENTED_EDGE('',*,*,#3186,.F.);
#4364=ORIENTED_EDGE('',*,*,#3188,.F.);
#4365=ORIENTED_EDGE('',*,*,#3190,.F.);
#4366=ORIENTED_EDGE('',*,*,#3192,.F.);
#4367=ORIENTED_EDGE('',*,*,#3194,.F.);
#4368=ORIENTED_EDGE('',*,*,#3196,.F.);
#4369=ORIENTED_EDGE('',*,*,#3198,.F.);
#4370=ORIENTED_EDGE('',*,*,#3200,.F.);
#4371=ORIENTED_EDGE('',*,*,#3202,.F.);
#4372=ORIENTED_EDGE('',*,*,#3204,.F.);
#4373=ORIENTED_EDGE('',*,*,#3181,.F.);
#4374=ORIENTED_EDGE('',*,*,#3160,.F.);
#4375=ORIENTED_EDGE('',*,*,#3164,.F.);
#4376=ORIENTED_EDGE('',*,*,#3167,.F.);
#4377=ORIENTED_EDGE('',*,*,#3170,.F.);
#4378=ORIENTED_EDGE('',*,*,#3173,.F.);
#4379=ORIENTED_EDGE('',*,*,#3176,.F.);
#4380=ORIENTED_EDGE('',*,*,#3179,.F.);
#4381=ORIENTED_EDGE('',*,*,#3206,.F.);
#4382=ORIENTED_EDGE('',*,*,#3207,.T.);
#4383=ORIENTED_EDGE('',*,*,#3208,.T.);
#4384=ORIENTED_EDGE('',*,*,#3209,.F.);
#4385=ORIENTED_EDGE('',*,*,#3210,.F.);
#4386=ORIENTED_EDGE('',*,*,#3211,.T.);
#4387=ORIENTED_EDGE('',*,*,#3212,.T.);
#4388=ORIENTED_EDGE('',*,*,#3207,.F.);
#4389=ORIENTED_EDGE('',*,*,#3213,.F.);
#4390=ORIENTED_EDGE('',*,*,#3214,.T.);
#4391=ORIENTED_EDGE('',*,*,#3215,.T.);
#4392=ORIENTED_EDGE('',*,*,#3211,.F.);
#4393=ORIENTED_EDGE('',*,*,#3216,.F.);
#4394=ORIENTED_EDGE('',*,*,#3217,.T.);
#4395=ORIENTED_EDGE('',*,*,#3218,.T.);
#4396=ORIENTED_EDGE('',*,*,#3214,.F.);
#4397=ORIENTED_EDGE('',*,*,#3219,.F.);
#4398=ORIENTED_EDGE('',*,*,#3209,.T.);
#4399=ORIENTED_EDGE('',*,*,#3220,.T.);
#4400=ORIENTED_EDGE('',*,*,#3217,.F.);
#4401=ORIENTED_EDGE('',*,*,#2825,.F.);
#4402=ORIENTED_EDGE('',*,*,#3221,.T.);
#4403=ORIENTED_EDGE('',*,*,#3222,.T.);
#4404=ORIENTED_EDGE('',*,*,#3223,.F.);
#4405=ORIENTED_EDGE('',*,*,#2838,.F.);
#4406=ORIENTED_EDGE('',*,*,#3224,.T.);
#4407=ORIENTED_EDGE('',*,*,#3225,.T.);
#4408=ORIENTED_EDGE('',*,*,#3221,.F.);
#4409=ORIENTED_EDGE('',*,*,#2837,.F.);
#4410=ORIENTED_EDGE('',*,*,#3226,.T.);
#4411=ORIENTED_EDGE('',*,*,#3227,.T.);
#4412=ORIENTED_EDGE('',*,*,#3224,.F.);
#4413=ORIENTED_EDGE('',*,*,#2836,.F.);
#4414=ORIENTED_EDGE('',*,*,#3228,.T.);
#4415=ORIENTED_EDGE('',*,*,#3229,.T.);
#4416=ORIENTED_EDGE('',*,*,#3226,.F.);
#4417=ORIENTED_EDGE('',*,*,#2835,.F.);
#4418=ORIENTED_EDGE('',*,*,#3230,.T.);
#4419=ORIENTED_EDGE('',*,*,#3231,.T.);
#4420=ORIENTED_EDGE('',*,*,#3228,.F.);
#4421=ORIENTED_EDGE('',*,*,#2834,.F.);
#4422=ORIENTED_EDGE('',*,*,#3232,.T.);
#4423=ORIENTED_EDGE('',*,*,#3233,.T.);
#4424=ORIENTED_EDGE('',*,*,#3230,.F.);
#4425=ORIENTED_EDGE('',*,*,#2833,.F.);
#4426=ORIENTED_EDGE('',*,*,#3234,.T.);
#4427=ORIENTED_EDGE('',*,*,#3235,.T.);
#4428=ORIENTED_EDGE('',*,*,#3232,.F.);
#4429=ORIENTED_EDGE('',*,*,#2832,.F.);
#4430=ORIENTED_EDGE('',*,*,#3236,.T.);
#4431=ORIENTED_EDGE('',*,*,#3237,.T.);
#4432=ORIENTED_EDGE('',*,*,#3234,.F.);
#4433=ORIENTED_EDGE('',*,*,#2831,.F.);
#4434=ORIENTED_EDGE('',*,*,#3238,.T.);
#4435=ORIENTED_EDGE('',*,*,#3239,.T.);
#4436=ORIENTED_EDGE('',*,*,#3236,.F.);
#4437=ORIENTED_EDGE('',*,*,#2830,.F.);
#4438=ORIENTED_EDGE('',*,*,#3240,.T.);
#4439=ORIENTED_EDGE('',*,*,#3241,.T.);
#4440=ORIENTED_EDGE('',*,*,#3238,.F.);
#4441=ORIENTED_EDGE('',*,*,#2829,.F.);
#4442=ORIENTED_EDGE('',*,*,#3242,.T.);
#4443=ORIENTED_EDGE('',*,*,#3243,.T.);
#4444=ORIENTED_EDGE('',*,*,#3240,.F.);
#4445=ORIENTED_EDGE('',*,*,#2828,.F.);
#4446=ORIENTED_EDGE('',*,*,#3244,.T.);
#4447=ORIENTED_EDGE('',*,*,#3245,.T.);
#4448=ORIENTED_EDGE('',*,*,#3242,.F.);
#4449=ORIENTED_EDGE('',*,*,#2827,.F.);
#4450=ORIENTED_EDGE('',*,*,#3246,.T.);
#4451=ORIENTED_EDGE('',*,*,#3247,.T.);
#4452=ORIENTED_EDGE('',*,*,#3244,.F.);
#4453=ORIENTED_EDGE('',*,*,#2826,.F.);
#4454=ORIENTED_EDGE('',*,*,#3223,.T.);
#4455=ORIENTED_EDGE('',*,*,#3248,.T.);
#4456=ORIENTED_EDGE('',*,*,#3246,.F.);
#4457=ORIENTED_EDGE('',*,*,#3248,.F.);
#4458=ORIENTED_EDGE('',*,*,#3222,.F.);
#4459=ORIENTED_EDGE('',*,*,#3225,.F.);
#4460=ORIENTED_EDGE('',*,*,#3227,.F.);
#4461=ORIENTED_EDGE('',*,*,#3229,.F.);
#4462=ORIENTED_EDGE('',*,*,#3231,.F.);
#4463=ORIENTED_EDGE('',*,*,#3233,.F.);
#4464=ORIENTED_EDGE('',*,*,#3235,.F.);
#4465=ORIENTED_EDGE('',*,*,#3237,.F.);
#4466=ORIENTED_EDGE('',*,*,#3239,.F.);
#4467=ORIENTED_EDGE('',*,*,#3241,.F.);
#4468=ORIENTED_EDGE('',*,*,#3243,.F.);
#4469=ORIENTED_EDGE('',*,*,#3245,.F.);
#4470=ORIENTED_EDGE('',*,*,#3247,.F.);
#4471=ORIENTED_EDGE('',*,*,#3220,.F.);
#4472=ORIENTED_EDGE('',*,*,#3208,.F.);
#4473=ORIENTED_EDGE('',*,*,#3212,.F.);
#4474=ORIENTED_EDGE('',*,*,#3215,.F.);
#4475=ORIENTED_EDGE('',*,*,#3218,.F.);
#4476=ORIENTED_EDGE('',*,*,#2839,.F.);
#4477=ORIENTED_EDGE('',*,*,#3249,.T.);
#4478=ORIENTED_EDGE('',*,*,#3250,.T.);
#4479=ORIENTED_EDGE('',*,*,#3251,.F.);
#4480=ORIENTED_EDGE('',*,*,#2857,.F.);
#4481=ORIENTED_EDGE('',*,*,#3252,.T.);
#4482=ORIENTED_EDGE('',*,*,#3253,.T.);
#4483=ORIENTED_EDGE('',*,*,#3249,.F.);
#4484=ORIENTED_EDGE('',*,*,#2856,.F.);
#4485=ORIENTED_EDGE('',*,*,#3254,.T.);
#4486=ORIENTED_EDGE('',*,*,#3255,.T.);
#4487=ORIENTED_EDGE('',*,*,#3252,.F.);
#4488=ORIENTED_EDGE('',*,*,#2855,.F.);
#4489=ORIENTED_EDGE('',*,*,#3256,.T.);
#4490=ORIENTED_EDGE('',*,*,#3257,.T.);
#4491=ORIENTED_EDGE('',*,*,#3254,.F.);
#4492=ORIENTED_EDGE('',*,*,#2854,.F.);
#4493=ORIENTED_EDGE('',*,*,#3258,.T.);
#4494=ORIENTED_EDGE('',*,*,#3259,.T.);
#4495=ORIENTED_EDGE('',*,*,#3256,.F.);
#4496=ORIENTED_EDGE('',*,*,#2853,.F.);
#4497=ORIENTED_EDGE('',*,*,#3260,.T.);
#4498=ORIENTED_EDGE('',*,*,#3261,.T.);
#4499=ORIENTED_EDGE('',*,*,#3258,.F.);
#4500=ORIENTED_EDGE('',*,*,#2852,.F.);
#4501=ORIENTED_EDGE('',*,*,#3262,.T.);
#4502=ORIENTED_EDGE('',*,*,#3263,.T.);
#4503=ORIENTED_EDGE('',*,*,#3260,.F.);
#4504=ORIENTED_EDGE('',*,*,#2851,.F.);
#4505=ORIENTED_EDGE('',*,*,#3264,.T.);
#4506=ORIENTED_EDGE('',*,*,#3265,.T.);
#4507=ORIENTED_EDGE('',*,*,#3262,.F.);
#4508=ORIENTED_EDGE('',*,*,#2850,.F.);
#4509=ORIENTED_EDGE('',*,*,#3266,.T.);
#4510=ORIENTED_EDGE('',*,*,#3267,.T.);
#4511=ORIENTED_EDGE('',*,*,#3264,.F.);
#4512=ORIENTED_EDGE('',*,*,#2849,.F.);
#4513=ORIENTED_EDGE('',*,*,#3268,.T.);
#4514=ORIENTED_EDGE('',*,*,#3269,.T.);
#4515=ORIENTED_EDGE('',*,*,#3266,.F.);
#4516=ORIENTED_EDGE('',*,*,#2848,.F.);
#4517=ORIENTED_EDGE('',*,*,#3270,.T.);
#4518=ORIENTED_EDGE('',*,*,#3271,.T.);
#4519=ORIENTED_EDGE('',*,*,#3268,.F.);
#4520=ORIENTED_EDGE('',*,*,#2847,.F.);
#4521=ORIENTED_EDGE('',*,*,#3272,.T.);
#4522=ORIENTED_EDGE('',*,*,#3273,.T.);
#4523=ORIENTED_EDGE('',*,*,#3270,.F.);
#4524=ORIENTED_EDGE('',*,*,#2846,.F.);
#4525=ORIENTED_EDGE('',*,*,#3274,.T.);
#4526=ORIENTED_EDGE('',*,*,#3275,.T.);
#4527=ORIENTED_EDGE('',*,*,#3272,.F.);
#4528=ORIENTED_EDGE('',*,*,#2845,.F.);
#4529=ORIENTED_EDGE('',*,*,#3276,.T.);
#4530=ORIENTED_EDGE('',*,*,#3277,.T.);
#4531=ORIENTED_EDGE('',*,*,#3274,.F.);
#4532=ORIENTED_EDGE('',*,*,#2844,.F.);
#4533=ORIENTED_EDGE('',*,*,#3278,.T.);
#4534=ORIENTED_EDGE('',*,*,#3279,.T.);
#4535=ORIENTED_EDGE('',*,*,#3276,.F.);
#4536=ORIENTED_EDGE('',*,*,#2843,.F.);
#4537=ORIENTED_EDGE('',*,*,#3280,.T.);
#4538=ORIENTED_EDGE('',*,*,#3281,.T.);
#4539=ORIENTED_EDGE('',*,*,#3278,.F.);
#4540=ORIENTED_EDGE('',*,*,#2842,.F.);
#4541=ORIENTED_EDGE('',*,*,#3282,.T.);
#4542=ORIENTED_EDGE('',*,*,#3283,.T.);
#4543=ORIENTED_EDGE('',*,*,#3280,.F.);
#4544=ORIENTED_EDGE('',*,*,#2841,.F.);
#4545=ORIENTED_EDGE('',*,*,#3284,.T.);
#4546=ORIENTED_EDGE('',*,*,#3285,.T.);
#4547=ORIENTED_EDGE('',*,*,#3282,.F.);
#4548=ORIENTED_EDGE('',*,*,#2840,.F.);
#4549=ORIENTED_EDGE('',*,*,#3251,.T.);
#4550=ORIENTED_EDGE('',*,*,#3286,.T.);
#4551=ORIENTED_EDGE('',*,*,#3284,.F.);
#4552=ORIENTED_EDGE('',*,*,#3286,.F.);
#4553=ORIENTED_EDGE('',*,*,#3250,.F.);
#4554=ORIENTED_EDGE('',*,*,#3253,.F.);
#4555=ORIENTED_EDGE('',*,*,#3255,.F.);
#4556=ORIENTED_EDGE('',*,*,#3257,.F.);
#4557=ORIENTED_EDGE('',*,*,#3259,.F.);
#4558=ORIENTED_EDGE('',*,*,#3261,.F.);
#4559=ORIENTED_EDGE('',*,*,#3263,.F.);
#4560=ORIENTED_EDGE('',*,*,#3265,.F.);
#4561=ORIENTED_EDGE('',*,*,#3267,.F.);
#4562=ORIENTED_EDGE('',*,*,#3269,.F.);
#4563=ORIENTED_EDGE('',*,*,#3271,.F.);
#4564=ORIENTED_EDGE('',*,*,#3273,.F.);
#4565=ORIENTED_EDGE('',*,*,#3275,.F.);
#4566=ORIENTED_EDGE('',*,*,#3277,.F.);
#4567=ORIENTED_EDGE('',*,*,#3279,.F.);
#4568=ORIENTED_EDGE('',*,*,#3281,.F.);
#4569=ORIENTED_EDGE('',*,*,#3283,.F.);
#4570=ORIENTED_EDGE('',*,*,#3285,.F.);
#4571=ORIENTED_EDGE('',*,*,#3287,.F.);
#4572=ORIENTED_EDGE('',*,*,#3288,.T.);
#4573=ORIENTED_EDGE('',*,*,#3289,.T.);
#4574=ORIENTED_EDGE('',*,*,#3290,.F.);
#4575=ORIENTED_EDGE('',*,*,#3291,.F.);
#4576=ORIENTED_EDGE('',*,*,#3292,.T.);
#4577=ORIENTED_EDGE('',*,*,#3293,.T.);
#4578=ORIENTED_EDGE('',*,*,#3288,.F.);
#4579=ORIENTED_EDGE('',*,*,#3294,.F.);
#4580=ORIENTED_EDGE('',*,*,#3295,.T.);
#4581=ORIENTED_EDGE('',*,*,#3296,.T.);
#4582=ORIENTED_EDGE('',*,*,#3292,.F.);
#4583=ORIENTED_EDGE('',*,*,#3297,.F.);
#4584=ORIENTED_EDGE('',*,*,#3298,.T.);
#4585=ORIENTED_EDGE('',*,*,#3299,.T.);
#4586=ORIENTED_EDGE('',*,*,#3295,.F.);
#4587=ORIENTED_EDGE('',*,*,#3300,.F.);
#4588=ORIENTED_EDGE('',*,*,#3301,.T.);
#4589=ORIENTED_EDGE('',*,*,#3302,.T.);
#4590=ORIENTED_EDGE('',*,*,#3298,.F.);
#4591=ORIENTED_EDGE('',*,*,#3303,.F.);
#4592=ORIENTED_EDGE('',*,*,#3304,.T.);
#4593=ORIENTED_EDGE('',*,*,#3305,.T.);
#4594=ORIENTED_EDGE('',*,*,#3301,.F.);
#4595=ORIENTED_EDGE('',*,*,#3306,.F.);
#4596=ORIENTED_EDGE('',*,*,#3307,.T.);
#4597=ORIENTED_EDGE('',*,*,#3308,.T.);
#4598=ORIENTED_EDGE('',*,*,#3304,.F.);
#4599=ORIENTED_EDGE('',*,*,#3309,.F.);
#4600=ORIENTED_EDGE('',*,*,#3290,.T.);
#4601=ORIENTED_EDGE('',*,*,#3310,.T.);
#4602=ORIENTED_EDGE('',*,*,#3307,.F.);
#4603=ORIENTED_EDGE('',*,*,#2858,.F.);
#4604=ORIENTED_EDGE('',*,*,#3311,.T.);
#4605=ORIENTED_EDGE('',*,*,#3312,.T.);
#4606=ORIENTED_EDGE('',*,*,#3313,.F.);
#4607=ORIENTED_EDGE('',*,*,#2867,.F.);
#4608=ORIENTED_EDGE('',*,*,#3314,.T.);
#4609=ORIENTED_EDGE('',*,*,#3315,.T.);
#4610=ORIENTED_EDGE('',*,*,#3311,.F.);
#4611=ORIENTED_EDGE('',*,*,#2866,.F.);
#4612=ORIENTED_EDGE('',*,*,#3316,.T.);
#4613=ORIENTED_EDGE('',*,*,#3317,.T.);
#4614=ORIENTED_EDGE('',*,*,#3314,.F.);
#4615=ORIENTED_EDGE('',*,*,#2865,.F.);
#4616=ORIENTED_EDGE('',*,*,#3318,.T.);
#4617=ORIENTED_EDGE('',*,*,#3319,.T.);
#4618=ORIENTED_EDGE('',*,*,#3316,.F.);
#4619=ORIENTED_EDGE('',*,*,#2864,.F.);
#4620=ORIENTED_EDGE('',*,*,#3320,.T.);
#4621=ORIENTED_EDGE('',*,*,#3321,.T.);
#4622=ORIENTED_EDGE('',*,*,#3318,.F.);
#4623=ORIENTED_EDGE('',*,*,#2863,.F.);
#4624=ORIENTED_EDGE('',*,*,#3322,.T.);
#4625=ORIENTED_EDGE('',*,*,#3323,.T.);
#4626=ORIENTED_EDGE('',*,*,#3320,.F.);
#4627=ORIENTED_EDGE('',*,*,#2862,.F.);
#4628=ORIENTED_EDGE('',*,*,#3324,.T.);
#4629=ORIENTED_EDGE('',*,*,#3325,.T.);
#4630=ORIENTED_EDGE('',*,*,#3322,.F.);
#4631=ORIENTED_EDGE('',*,*,#2861,.F.);
#4632=ORIENTED_EDGE('',*,*,#3326,.T.);
#4633=ORIENTED_EDGE('',*,*,#3327,.T.);
#4634=ORIENTED_EDGE('',*,*,#3324,.F.);
#4635=ORIENTED_EDGE('',*,*,#2860,.F.);
#4636=ORIENTED_EDGE('',*,*,#3328,.T.);
#4637=ORIENTED_EDGE('',*,*,#3329,.T.);
#4638=ORIENTED_EDGE('',*,*,#3326,.F.);
#4639=ORIENTED_EDGE('',*,*,#2859,.F.);
#4640=ORIENTED_EDGE('',*,*,#3313,.T.);
#4641=ORIENTED_EDGE('',*,*,#3330,.T.);
#4642=ORIENTED_EDGE('',*,*,#3328,.F.);
#4643=ORIENTED_EDGE('',*,*,#3330,.F.);
#4644=ORIENTED_EDGE('',*,*,#3312,.F.);
#4645=ORIENTED_EDGE('',*,*,#3315,.F.);
#4646=ORIENTED_EDGE('',*,*,#3317,.F.);
#4647=ORIENTED_EDGE('',*,*,#3319,.F.);
#4648=ORIENTED_EDGE('',*,*,#3321,.F.);
#4649=ORIENTED_EDGE('',*,*,#3323,.F.);
#4650=ORIENTED_EDGE('',*,*,#3325,.F.);
#4651=ORIENTED_EDGE('',*,*,#3327,.F.);
#4652=ORIENTED_EDGE('',*,*,#3329,.F.);
#4653=ORIENTED_EDGE('',*,*,#3310,.F.);
#4654=ORIENTED_EDGE('',*,*,#3289,.F.);
#4655=ORIENTED_EDGE('',*,*,#3293,.F.);
#4656=ORIENTED_EDGE('',*,*,#3296,.F.);
#4657=ORIENTED_EDGE('',*,*,#3299,.F.);
#4658=ORIENTED_EDGE('',*,*,#3302,.F.);
#4659=ORIENTED_EDGE('',*,*,#3305,.F.);
#4660=ORIENTED_EDGE('',*,*,#3308,.F.);
#4661=ORIENTED_EDGE('',*,*,#3331,.F.);
#4662=ORIENTED_EDGE('',*,*,#3332,.T.);
#4663=ORIENTED_EDGE('',*,*,#3333,.T.);
#4664=ORIENTED_EDGE('',*,*,#3334,.F.);
#4665=ORIENTED_EDGE('',*,*,#3335,.F.);
#4666=ORIENTED_EDGE('',*,*,#3336,.T.);
#4667=ORIENTED_EDGE('',*,*,#3337,.T.);
#4668=ORIENTED_EDGE('',*,*,#3332,.F.);
#4669=ORIENTED_EDGE('',*,*,#3338,.F.);
#4670=ORIENTED_EDGE('',*,*,#3339,.T.);
#4671=ORIENTED_EDGE('',*,*,#3340,.T.);
#4672=ORIENTED_EDGE('',*,*,#3336,.F.);
#4673=ORIENTED_EDGE('',*,*,#3341,.F.);
#4674=ORIENTED_EDGE('',*,*,#3342,.T.);
#4675=ORIENTED_EDGE('',*,*,#3343,.T.);
#4676=ORIENTED_EDGE('',*,*,#3339,.F.);
#4677=ORIENTED_EDGE('',*,*,#3344,.F.);
#4678=ORIENTED_EDGE('',*,*,#3334,.T.);
#4679=ORIENTED_EDGE('',*,*,#3345,.T.);
#4680=ORIENTED_EDGE('',*,*,#3342,.F.);
#4681=ORIENTED_EDGE('',*,*,#2868,.F.);
#4682=ORIENTED_EDGE('',*,*,#3346,.T.);
#4683=ORIENTED_EDGE('',*,*,#3347,.T.);
#4684=ORIENTED_EDGE('',*,*,#3348,.F.);
#4685=ORIENTED_EDGE('',*,*,#2881,.F.);
#4686=ORIENTED_EDGE('',*,*,#3349,.T.);
#4687=ORIENTED_EDGE('',*,*,#3350,.T.);
#4688=ORIENTED_EDGE('',*,*,#3346,.F.);
#4689=ORIENTED_EDGE('',*,*,#2880,.F.);
#4690=ORIENTED_EDGE('',*,*,#3351,.T.);
#4691=ORIENTED_EDGE('',*,*,#3352,.T.);
#4692=ORIENTED_EDGE('',*,*,#3349,.F.);
#4693=ORIENTED_EDGE('',*,*,#2879,.F.);
#4694=ORIENTED_EDGE('',*,*,#3353,.T.);
#4695=ORIENTED_EDGE('',*,*,#3354,.T.);
#4696=ORIENTED_EDGE('',*,*,#3351,.F.);
#4697=ORIENTED_EDGE('',*,*,#2878,.F.);
#4698=ORIENTED_EDGE('',*,*,#3355,.T.);
#4699=ORIENTED_EDGE('',*,*,#3356,.T.);
#4700=ORIENTED_EDGE('',*,*,#3353,.F.);
#4701=ORIENTED_EDGE('',*,*,#2877,.F.);
#4702=ORIENTED_EDGE('',*,*,#3357,.T.);
#4703=ORIENTED_EDGE('',*,*,#3358,.T.);
#4704=ORIENTED_EDGE('',*,*,#3355,.F.);
#4705=ORIENTED_EDGE('',*,*,#2876,.F.);
#4706=ORIENTED_EDGE('',*,*,#3359,.T.);
#4707=ORIENTED_EDGE('',*,*,#3360,.T.);
#4708=ORIENTED_EDGE('',*,*,#3357,.F.);
#4709=ORIENTED_EDGE('',*,*,#2875,.F.);
#4710=ORIENTED_EDGE('',*,*,#3361,.T.);
#4711=ORIENTED_EDGE('',*,*,#3362,.T.);
#4712=ORIENTED_EDGE('',*,*,#3359,.F.);
#4713=ORIENTED_EDGE('',*,*,#2874,.F.);
#4714=ORIENTED_EDGE('',*,*,#3363,.T.);
#4715=ORIENTED_EDGE('',*,*,#3364,.T.);
#4716=ORIENTED_EDGE('',*,*,#3361,.F.);
#4717=ORIENTED_EDGE('',*,*,#2873,.F.);
#4718=ORIENTED_EDGE('',*,*,#3365,.T.);
#4719=ORIENTED_EDGE('',*,*,#3366,.T.);
#4720=ORIENTED_EDGE('',*,*,#3363,.F.);
#4721=ORIENTED_EDGE('',*,*,#2872,.F.);
#4722=ORIENTED_EDGE('',*,*,#3367,.T.);
#4723=ORIENTED_EDGE('',*,*,#3368,.T.);
#4724=ORIENTED_EDGE('',*,*,#3365,.F.);
#4725=ORIENTED_EDGE('',*,*,#2871,.F.);
#4726=ORIENTED_EDGE('',*,*,#3369,.T.);
#4727=ORIENTED_EDGE('',*,*,#3370,.T.);
#4728=ORIENTED_EDGE('',*,*,#3367,.F.);
#4729=ORIENTED_EDGE('',*,*,#2870,.F.);
#4730=ORIENTED_EDGE('',*,*,#3371,.T.);
#4731=ORIENTED_EDGE('',*,*,#3372,.T.);
#4732=ORIENTED_EDGE('',*,*,#3369,.F.);
#4733=ORIENTED_EDGE('',*,*,#2869,.F.);
#4734=ORIENTED_EDGE('',*,*,#3348,.T.);
#4735=ORIENTED_EDGE('',*,*,#3373,.T.);
#4736=ORIENTED_EDGE('',*,*,#3371,.F.);
#4737=ORIENTED_EDGE('',*,*,#3373,.F.);
#4738=ORIENTED_EDGE('',*,*,#3347,.F.);
#4739=ORIENTED_EDGE('',*,*,#3350,.F.);
#4740=ORIENTED_EDGE('',*,*,#3352,.F.);
#4741=ORIENTED_EDGE('',*,*,#3354,.F.);
#4742=ORIENTED_EDGE('',*,*,#3356,.F.);
#4743=ORIENTED_EDGE('',*,*,#3358,.F.);
#4744=ORIENTED_EDGE('',*,*,#3360,.F.);
#4745=ORIENTED_EDGE('',*,*,#3362,.F.);
#4746=ORIENTED_EDGE('',*,*,#3364,.F.);
#4747=ORIENTED_EDGE('',*,*,#3366,.F.);
#4748=ORIENTED_EDGE('',*,*,#3368,.F.);
#4749=ORIENTED_EDGE('',*,*,#3370,.F.);
#4750=ORIENTED_EDGE('',*,*,#3372,.F.);
#4751=ORIENTED_EDGE('',*,*,#3345,.F.);
#4752=ORIENTED_EDGE('',*,*,#3333,.F.);
#4753=ORIENTED_EDGE('',*,*,#3337,.F.);
#4754=ORIENTED_EDGE('',*,*,#3340,.F.);
#4755=ORIENTED_EDGE('',*,*,#3343,.F.);
#4756=ORIENTED_EDGE('',*,*,#2882,.F.);
#4757=ORIENTED_EDGE('',*,*,#3374,.T.);
#4758=ORIENTED_EDGE('',*,*,#3375,.T.);
#4759=ORIENTED_EDGE('',*,*,#3376,.F.);
#4760=ORIENTED_EDGE('',*,*,#2885,.F.);
#4761=ORIENTED_EDGE('',*,*,#3377,.T.);
#4762=ORIENTED_EDGE('',*,*,#3378,.T.);
#4763=ORIENTED_EDGE('',*,*,#3374,.F.);
#4764=ORIENTED_EDGE('',*,*,#2884,.F.);
#4765=ORIENTED_EDGE('',*,*,#3379,.T.);
#4766=ORIENTED_EDGE('',*,*,#3380,.T.);
#4767=ORIENTED_EDGE('',*,*,#3377,.F.);
#4768=ORIENTED_EDGE('',*,*,#2883,.F.);
#4769=ORIENTED_EDGE('',*,*,#3376,.T.);
#4770=ORIENTED_EDGE('',*,*,#3381,.T.);
#4771=ORIENTED_EDGE('',*,*,#3379,.F.);
#4772=ORIENTED_EDGE('',*,*,#3381,.F.);
#4773=ORIENTED_EDGE('',*,*,#3375,.F.);
#4774=ORIENTED_EDGE('',*,*,#3378,.F.);
#4775=ORIENTED_EDGE('',*,*,#3380,.F.);
#4776=ORIENTED_EDGE('',*,*,#2886,.F.);
#4777=ORIENTED_EDGE('',*,*,#3382,.T.);
#4778=ORIENTED_EDGE('',*,*,#3383,.T.);
#4779=ORIENTED_EDGE('',*,*,#3384,.F.);
#4780=ORIENTED_EDGE('',*,*,#2889,.F.);
#4781=ORIENTED_EDGE('',*,*,#3385,.T.);
#4782=ORIENTED_EDGE('',*,*,#3386,.T.);
#4783=ORIENTED_EDGE('',*,*,#3382,.F.);
#4784=ORIENTED_EDGE('',*,*,#2888,.F.);
#4785=ORIENTED_EDGE('',*,*,#3387,.T.);
#4786=ORIENTED_EDGE('',*,*,#3388,.T.);
#4787=ORIENTED_EDGE('',*,*,#3385,.F.);
#4788=ORIENTED_EDGE('',*,*,#2887,.F.);
#4789=ORIENTED_EDGE('',*,*,#3384,.T.);
#4790=ORIENTED_EDGE('',*,*,#3389,.T.);
#4791=ORIENTED_EDGE('',*,*,#3387,.F.);
#4792=ORIENTED_EDGE('',*,*,#3389,.F.);
#4793=ORIENTED_EDGE('',*,*,#3383,.F.);
#4794=ORIENTED_EDGE('',*,*,#3386,.F.);
#4795=ORIENTED_EDGE('',*,*,#3388,.F.);
#4796=ORIENTED_EDGE('',*,*,#2890,.F.);
#4797=ORIENTED_EDGE('',*,*,#3390,.T.);
#4798=ORIENTED_EDGE('',*,*,#3391,.T.);
#4799=ORIENTED_EDGE('',*,*,#3392,.F.);
#4800=ORIENTED_EDGE('',*,*,#2919,.F.);
#4801=ORIENTED_EDGE('',*,*,#3393,.T.);
#4802=ORIENTED_EDGE('',*,*,#3394,.T.);
#4803=ORIENTED_EDGE('',*,*,#3390,.F.);
#4804=ORIENTED_EDGE('',*,*,#2918,.F.);
#4805=ORIENTED_EDGE('',*,*,#3395,.T.);
#4806=ORIENTED_EDGE('',*,*,#3396,.T.);
#4807=ORIENTED_EDGE('',*,*,#3393,.F.);
#4808=ORIENTED_EDGE('',*,*,#2917,.F.);
#4809=ORIENTED_EDGE('',*,*,#3397,.T.);
#4810=ORIENTED_EDGE('',*,*,#3398,.T.);
#4811=ORIENTED_EDGE('',*,*,#3395,.F.);
#4812=ORIENTED_EDGE('',*,*,#2916,.F.);
#4813=ORIENTED_EDGE('',*,*,#3399,.T.);
#4814=ORIENTED_EDGE('',*,*,#3400,.T.);
#4815=ORIENTED_EDGE('',*,*,#3397,.F.);
#4816=ORIENTED_EDGE('',*,*,#2915,.F.);
#4817=ORIENTED_EDGE('',*,*,#3401,.T.);
#4818=ORIENTED_EDGE('',*,*,#3402,.T.);
#4819=ORIENTED_EDGE('',*,*,#3399,.F.);
#4820=ORIENTED_EDGE('',*,*,#2914,.F.);
#4821=ORIENTED_EDGE('',*,*,#3403,.T.);
#4822=ORIENTED_EDGE('',*,*,#3404,.T.);
#4823=ORIENTED_EDGE('',*,*,#3401,.F.);
#4824=ORIENTED_EDGE('',*,*,#2913,.F.);
#4825=ORIENTED_EDGE('',*,*,#3405,.T.);
#4826=ORIENTED_EDGE('',*,*,#3406,.T.);
#4827=ORIENTED_EDGE('',*,*,#3403,.F.);
#4828=ORIENTED_EDGE('',*,*,#2912,.F.);
#4829=ORIENTED_EDGE('',*,*,#3407,.T.);
#4830=ORIENTED_EDGE('',*,*,#3408,.T.);
#4831=ORIENTED_EDGE('',*,*,#3405,.F.);
#4832=ORIENTED_EDGE('',*,*,#2911,.F.);
#4833=ORIENTED_EDGE('',*,*,#3409,.T.);
#4834=ORIENTED_EDGE('',*,*,#3410,.T.);
#4835=ORIENTED_EDGE('',*,*,#3407,.F.);
#4836=ORIENTED_EDGE('',*,*,#2910,.F.);
#4837=ORIENTED_EDGE('',*,*,#3411,.T.);
#4838=ORIENTED_EDGE('',*,*,#3412,.T.);
#4839=ORIENTED_EDGE('',*,*,#3409,.F.);
#4840=ORIENTED_EDGE('',*,*,#2909,.F.);
#4841=ORIENTED_EDGE('',*,*,#3413,.T.);
#4842=ORIENTED_EDGE('',*,*,#3414,.T.);
#4843=ORIENTED_EDGE('',*,*,#3411,.F.);
#4844=ORIENTED_EDGE('',*,*,#2908,.F.);
#4845=ORIENTED_EDGE('',*,*,#3415,.T.);
#4846=ORIENTED_EDGE('',*,*,#3416,.T.);
#4847=ORIENTED_EDGE('',*,*,#3413,.F.);
#4848=ORIENTED_EDGE('',*,*,#2907,.F.);
#4849=ORIENTED_EDGE('',*,*,#3417,.T.);
#4850=ORIENTED_EDGE('',*,*,#3418,.T.);
#4851=ORIENTED_EDGE('',*,*,#3415,.F.);
#4852=ORIENTED_EDGE('',*,*,#2906,.F.);
#4853=ORIENTED_EDGE('',*,*,#3419,.T.);
#4854=ORIENTED_EDGE('',*,*,#3420,.T.);
#4855=ORIENTED_EDGE('',*,*,#3417,.F.);
#4856=ORIENTED_EDGE('',*,*,#2905,.F.);
#4857=ORIENTED_EDGE('',*,*,#3421,.T.);
#4858=ORIENTED_EDGE('',*,*,#3422,.T.);
#4859=ORIENTED_EDGE('',*,*,#3419,.F.);
#4860=ORIENTED_EDGE('',*,*,#2904,.F.);
#4861=ORIENTED_EDGE('',*,*,#3423,.T.);
#4862=ORIENTED_EDGE('',*,*,#3424,.T.);
#4863=ORIENTED_EDGE('',*,*,#3421,.F.);
#4864=ORIENTED_EDGE('',*,*,#2903,.F.);
#4865=ORIENTED_EDGE('',*,*,#3425,.T.);
#4866=ORIENTED_EDGE('',*,*,#3426,.T.);
#4867=ORIENTED_EDGE('',*,*,#3423,.F.);
#4868=ORIENTED_EDGE('',*,*,#2902,.F.);
#4869=ORIENTED_EDGE('',*,*,#3427,.T.);
#4870=ORIENTED_EDGE('',*,*,#3428,.T.);
#4871=ORIENTED_EDGE('',*,*,#3425,.F.);
#4872=ORIENTED_EDGE('',*,*,#2901,.F.);
#4873=ORIENTED_EDGE('',*,*,#3429,.T.);
#4874=ORIENTED_EDGE('',*,*,#3430,.T.);
#4875=ORIENTED_EDGE('',*,*,#3427,.F.);
#4876=ORIENTED_EDGE('',*,*,#2900,.F.);
#4877=ORIENTED_EDGE('',*,*,#3431,.T.);
#4878=ORIENTED_EDGE('',*,*,#3432,.T.);
#4879=ORIENTED_EDGE('',*,*,#3429,.F.);
#4880=ORIENTED_EDGE('',*,*,#2899,.F.);
#4881=ORIENTED_EDGE('',*,*,#3433,.T.);
#4882=ORIENTED_EDGE('',*,*,#3434,.T.);
#4883=ORIENTED_EDGE('',*,*,#3431,.F.);
#4884=ORIENTED_EDGE('',*,*,#2898,.F.);
#4885=ORIENTED_EDGE('',*,*,#3435,.T.);
#4886=ORIENTED_EDGE('',*,*,#3436,.T.);
#4887=ORIENTED_EDGE('',*,*,#3433,.F.);
#4888=ORIENTED_EDGE('',*,*,#2897,.F.);
#4889=ORIENTED_EDGE('',*,*,#3437,.T.);
#4890=ORIENTED_EDGE('',*,*,#3438,.T.);
#4891=ORIENTED_EDGE('',*,*,#3435,.F.);
#4892=ORIENTED_EDGE('',*,*,#2896,.F.);
#4893=ORIENTED_EDGE('',*,*,#3439,.T.);
#4894=ORIENTED_EDGE('',*,*,#3440,.T.);
#4895=ORIENTED_EDGE('',*,*,#3437,.F.);
#4896=ORIENTED_EDGE('',*,*,#2895,.F.);
#4897=ORIENTED_EDGE('',*,*,#3441,.T.);
#4898=ORIENTED_EDGE('',*,*,#3442,.T.);
#4899=ORIENTED_EDGE('',*,*,#3439,.F.);
#4900=ORIENTED_EDGE('',*,*,#2894,.F.);
#4901=ORIENTED_EDGE('',*,*,#3443,.T.);
#4902=ORIENTED_EDGE('',*,*,#3444,.T.);
#4903=ORIENTED_EDGE('',*,*,#3441,.F.);
#4904=ORIENTED_EDGE('',*,*,#2893,.F.);
#4905=ORIENTED_EDGE('',*,*,#3445,.T.);
#4906=ORIENTED_EDGE('',*,*,#3446,.T.);
#4907=ORIENTED_EDGE('',*,*,#3443,.F.);
#4908=ORIENTED_EDGE('',*,*,#2892,.F.);
#4909=ORIENTED_EDGE('',*,*,#3447,.T.);
#4910=ORIENTED_EDGE('',*,*,#3448,.T.);
#4911=ORIENTED_EDGE('',*,*,#3445,.F.);
#4912=ORIENTED_EDGE('',*,*,#2891,.F.);
#4913=ORIENTED_EDGE('',*,*,#3392,.T.);
#4914=ORIENTED_EDGE('',*,*,#3449,.T.);
#4915=ORIENTED_EDGE('',*,*,#3447,.F.);
#4916=ORIENTED_EDGE('',*,*,#3449,.F.);
#4917=ORIENTED_EDGE('',*,*,#3391,.F.);
#4918=ORIENTED_EDGE('',*,*,#3394,.F.);
#4919=ORIENTED_EDGE('',*,*,#3396,.F.);
#4920=ORIENTED_EDGE('',*,*,#3398,.F.);
#4921=ORIENTED_EDGE('',*,*,#3400,.F.);
#4922=ORIENTED_EDGE('',*,*,#3402,.F.);
#4923=ORIENTED_EDGE('',*,*,#3404,.F.);
#4924=ORIENTED_EDGE('',*,*,#3406,.F.);
#4925=ORIENTED_EDGE('',*,*,#3408,.F.);
#4926=ORIENTED_EDGE('',*,*,#3410,.F.);
#4927=ORIENTED_EDGE('',*,*,#3412,.F.);
#4928=ORIENTED_EDGE('',*,*,#3414,.F.);
#4929=ORIENTED_EDGE('',*,*,#3416,.F.);
#4930=ORIENTED_EDGE('',*,*,#3418,.F.);
#4931=ORIENTED_EDGE('',*,*,#3420,.F.);
#4932=ORIENTED_EDGE('',*,*,#3422,.F.);
#4933=ORIENTED_EDGE('',*,*,#3424,.F.);
#4934=ORIENTED_EDGE('',*,*,#3426,.F.);
#4935=ORIENTED_EDGE('',*,*,#3428,.F.);
#4936=ORIENTED_EDGE('',*,*,#3430,.F.);
#4937=ORIENTED_EDGE('',*,*,#3432,.F.);
#4938=ORIENTED_EDGE('',*,*,#3434,.F.);
#4939=ORIENTED_EDGE('',*,*,#3436,.F.);
#4940=ORIENTED_EDGE('',*,*,#3438,.F.);
#4941=ORIENTED_EDGE('',*,*,#3440,.F.);
#4942=ORIENTED_EDGE('',*,*,#3442,.F.);
#4943=ORIENTED_EDGE('',*,*,#3444,.F.);
#4944=ORIENTED_EDGE('',*,*,#3446,.F.);
#4945=ORIENTED_EDGE('',*,*,#3448,.F.);
#4946=ORIENTED_EDGE('',*,*,#3331,.T.);
#4947=ORIENTED_EDGE('',*,*,#3344,.T.);
#4948=ORIENTED_EDGE('',*,*,#3341,.T.);
#4949=ORIENTED_EDGE('',*,*,#3338,.T.);
#4950=ORIENTED_EDGE('',*,*,#3335,.T.);
#4951=ORIENTED_EDGE('',*,*,#3287,.T.);
#4952=ORIENTED_EDGE('',*,*,#3309,.T.);
#4953=ORIENTED_EDGE('',*,*,#3306,.T.);
#4954=ORIENTED_EDGE('',*,*,#3303,.T.);
#4955=ORIENTED_EDGE('',*,*,#3300,.T.);
#4956=ORIENTED_EDGE('',*,*,#3297,.T.);
#4957=ORIENTED_EDGE('',*,*,#3294,.T.);
#4958=ORIENTED_EDGE('',*,*,#3291,.T.);
#4959=ORIENTED_EDGE('',*,*,#3206,.T.);
#4960=ORIENTED_EDGE('',*,*,#3219,.T.);
#4961=ORIENTED_EDGE('',*,*,#3216,.T.);
#4962=ORIENTED_EDGE('',*,*,#3213,.T.);
#4963=ORIENTED_EDGE('',*,*,#3210,.T.);
#4964=ORIENTED_EDGE('',*,*,#3158,.T.);
#4965=ORIENTED_EDGE('',*,*,#3180,.T.);
#4966=ORIENTED_EDGE('',*,*,#3177,.T.);
#4967=ORIENTED_EDGE('',*,*,#3174,.T.);
#4968=ORIENTED_EDGE('',*,*,#3171,.T.);
#4969=ORIENTED_EDGE('',*,*,#3168,.T.);
#4970=ORIENTED_EDGE('',*,*,#3165,.T.);
#4971=ORIENTED_EDGE('',*,*,#3162,.T.);
#4972=ORIENTED_EDGE('',*,*,#2920,.F.);
#4973=ORIENTED_EDGE('',*,*,#3450,.T.);
#4974=ORIENTED_EDGE('',*,*,#3451,.T.);
#4975=ORIENTED_EDGE('',*,*,#3452,.F.);
#4976=ORIENTED_EDGE('',*,*,#2923,.F.);
#4977=ORIENTED_EDGE('',*,*,#3453,.T.);
#4978=ORIENTED_EDGE('',*,*,#3454,.T.);
#4979=ORIENTED_EDGE('',*,*,#3450,.F.);
#4980=ORIENTED_EDGE('',*,*,#2922,.F.);
#4981=ORIENTED_EDGE('',*,*,#3455,.T.);
#4982=ORIENTED_EDGE('',*,*,#3456,.T.);
#4983=ORIENTED_EDGE('',*,*,#3453,.F.);
#4984=ORIENTED_EDGE('',*,*,#2921,.F.);
#4985=ORIENTED_EDGE('',*,*,#3452,.T.);
#4986=ORIENTED_EDGE('',*,*,#3457,.T.);
#4987=ORIENTED_EDGE('',*,*,#3455,.F.);
#4988=ORIENTED_EDGE('',*,*,#3457,.F.);
#4989=ORIENTED_EDGE('',*,*,#3451,.F.);
#4990=ORIENTED_EDGE('',*,*,#3454,.F.);
#4991=ORIENTED_EDGE('',*,*,#3456,.F.);
#4992=ORIENTED_EDGE('',*,*,#2924,.F.);
#4993=ORIENTED_EDGE('',*,*,#3458,.T.);
#4994=ORIENTED_EDGE('',*,*,#3459,.T.);
#4995=ORIENTED_EDGE('',*,*,#3460,.F.);
#4996=ORIENTED_EDGE('',*,*,#2927,.F.);
#4997=ORIENTED_EDGE('',*,*,#3461,.T.);
#4998=ORIENTED_EDGE('',*,*,#3462,.T.);
#4999=ORIENTED_EDGE('',*,*,#3458,.F.);
#5000=ORIENTED_EDGE('',*,*,#2926,.F.);
#5001=ORIENTED_EDGE('',*,*,#3463,.T.);
#5002=ORIENTED_EDGE('',*,*,#3464,.T.);
#5003=ORIENTED_EDGE('',*,*,#3461,.F.);
#5004=ORIENTED_EDGE('',*,*,#2925,.F.);
#5005=ORIENTED_EDGE('',*,*,#3460,.T.);
#5006=ORIENTED_EDGE('',*,*,#3465,.T.);
#5007=ORIENTED_EDGE('',*,*,#3463,.F.);
#5008=ORIENTED_EDGE('',*,*,#3465,.F.);
#5009=ORIENTED_EDGE('',*,*,#3459,.F.);
#5010=ORIENTED_EDGE('',*,*,#3462,.F.);
#5011=ORIENTED_EDGE('',*,*,#3464,.F.);
#5012=ORIENTED_EDGE('',*,*,#2928,.F.);
#5013=ORIENTED_EDGE('',*,*,#3466,.T.);
#5014=ORIENTED_EDGE('',*,*,#3467,.T.);
#5015=ORIENTED_EDGE('',*,*,#3468,.F.);
#5016=ORIENTED_EDGE('',*,*,#2931,.F.);
#5017=ORIENTED_EDGE('',*,*,#3469,.T.);
#5018=ORIENTED_EDGE('',*,*,#3470,.T.);
#5019=ORIENTED_EDGE('',*,*,#3466,.F.);
#5020=ORIENTED_EDGE('',*,*,#2930,.F.);
#5021=ORIENTED_EDGE('',*,*,#3471,.T.);
#5022=ORIENTED_EDGE('',*,*,#3472,.T.);
#5023=ORIENTED_EDGE('',*,*,#3469,.F.);
#5024=ORIENTED_EDGE('',*,*,#2929,.F.);
#5025=ORIENTED_EDGE('',*,*,#3468,.T.);
#5026=ORIENTED_EDGE('',*,*,#3473,.T.);
#5027=ORIENTED_EDGE('',*,*,#3471,.F.);
#5028=ORIENTED_EDGE('',*,*,#3473,.F.);
#5029=ORIENTED_EDGE('',*,*,#3467,.F.);
#5030=ORIENTED_EDGE('',*,*,#3470,.F.);
#5031=ORIENTED_EDGE('',*,*,#3472,.F.);
#5032=ORIENTED_EDGE('',*,*,#3064,.T.);
#5033=ORIENTED_EDGE('',*,*,#3086,.T.);
#5034=ORIENTED_EDGE('',*,*,#3083,.T.);
#5035=ORIENTED_EDGE('',*,*,#3080,.T.);
#5036=ORIENTED_EDGE('',*,*,#3077,.T.);
#5037=ORIENTED_EDGE('',*,*,#3074,.T.);
#5038=ORIENTED_EDGE('',*,*,#3071,.T.);
#5039=ORIENTED_EDGE('',*,*,#3068,.T.);
#5040=CYLINDRICAL_SURFACE('',#5384,10.);
#5041=CYLINDRICAL_SURFACE('',#5407,10.);
#5042=CYLINDRICAL_SURFACE('',#5409,10.);
#5043=CYLINDRICAL_SURFACE('',#5411,10.);
#5044=CYLINDRICAL_SURFACE('',#5413,10.);
#5045=CYLINDRICAL_SURFACE('',#5439,10.);
#5046=CYLINDRICAL_SURFACE('',#5440,10.);
#5047=CYLINDRICAL_SURFACE('',#5442,10.);
#5048=CYLINDRICAL_SURFACE('',#5445,7.);
#5049=CYLINDRICAL_SURFACE('',#5446,4.49999999999999);
#5050=CYLINDRICAL_SURFACE('',#5450,4.50000000000003);
#5051=CYLINDRICAL_SURFACE('',#5454,4.49999999999999);
#5052=CYLINDRICAL_SURFACE('',#5458,4.49999999999999);
#5053=CYLINDRICAL_SURFACE('',#5462,4.49999999999999);
#5054=CYLINDRICAL_SURFACE('',#5466,4.49999999999999);
#5055=CYLINDRICAL_SURFACE('',#5470,4.49999999999999);
#5056=CYLINDRICAL_SURFACE('',#5474,4.49999999999999);
#5057=CYLINDRICAL_SURFACE('',#5478,4.49999999999999);
#5058=CYLINDRICAL_SURFACE('',#5482,4.50000000000003);
#5059=CYLINDRICAL_SURFACE('',#5486,2.74999999999999);
#5060=CYLINDRICAL_SURFACE('',#5487,2.74999999999999);
#5061=CYLINDRICAL_SURFACE('',#5488,2.74999999999999);
#5062=CYLINDRICAL_SURFACE('',#5489,2.74999999999999);
#5063=CYLINDRICAL_SURFACE('',#5490,2.74999999999999);
#5064=CYLINDRICAL_SURFACE('',#5491,2.74999999999999);
#5065=CYLINDRICAL_SURFACE('',#5492,2.74999999999999);
#5066=CYLINDRICAL_SURFACE('',#5493,2.74999999999999);
#5067=CYLINDRICAL_SURFACE('',#5494,2.74999999999999);
#5068=CYLINDRICAL_SURFACE('',#5495,2.74999999999999);
#5069=CYLINDRICAL_SURFACE('',#5580,30.);
#5070=CYLINDRICAL_SURFACE('',#5583,30.);
#5071=CYLINDRICAL_SURFACE('',#5587,30.);
#5072=CYLINDRICAL_SURFACE('',#5590,30.);
#5073=CYLINDRICAL_SURFACE('',#5594,30.);
#5074=CYLINDRICAL_SURFACE('',#5597,30.);
#5075=ADVANCED_FACE('',(#623),#5040,.T.);
#5076=ADVANCED_FACE('',(#624,#459,#460,#461,#462,#463,#464,#465,#466,#467,
#468,#469),#511,.F.);
#5077=ADVANCED_FACE('',(#625),#512,.F.);
#5078=ADVANCED_FACE('',(#626),#5041,.T.);
#5079=ADVANCED_FACE('',(#627),#5042,.T.);
#5080=ADVANCED_FACE('',(#628),#5043,.F.);
#5081=ADVANCED_FACE('',(#629),#5044,.T.);
#5082=ADVANCED_FACE('',(#630),#513,.T.);
#5083=ADVANCED_FACE('',(#631),#514,.F.);
#5084=ADVANCED_FACE('',(#632,#470,#471,#472,#473,#474,#475,#476,#477,#478,
#479,#480,#481,#482,#483,#484,#485,#486,#487,#488,#489,#490,#491,#492,#493,
#494,#495),#515,.T.);
#5085=ADVANCED_FACE('',(#633),#516,.T.);
#5086=ADVANCED_FACE('',(#634),#517,.T.);
#5087=ADVANCED_FACE('',(#635),#5045,.F.);
#5088=ADVANCED_FACE('',(#636),#5046,.T.);
#5089=ADVANCED_FACE('',(#637),#518,.T.);
#5090=ADVANCED_FACE('',(#638),#5047,.T.);
#5091=ADVANCED_FACE('',(#639),#519,.T.);
#5092=ADVANCED_FACE('',(#640),#5048,.F.);
#5093=ADVANCED_FACE('',(#641),#5049,.F.);
#5094=ADVANCED_FACE('',(#642,#496),#520,.T.);
#5095=ADVANCED_FACE('',(#643),#5050,.F.);
#5096=ADVANCED_FACE('',(#644,#497),#521,.T.);
#5097=ADVANCED_FACE('',(#645),#5051,.F.);
#5098=ADVANCED_FACE('',(#646,#498),#522,.T.);
#5099=ADVANCED_FACE('',(#647),#5052,.F.);
#5100=ADVANCED_FACE('',(#648,#499),#523,.T.);
#5101=ADVANCED_FACE('',(#649),#5053,.F.);
#5102=ADVANCED_FACE('',(#650,#500),#524,.T.);
#5103=ADVANCED_FACE('',(#651),#5054,.F.);
#5104=ADVANCED_FACE('',(#652,#501),#525,.T.);
#5105=ADVANCED_FACE('',(#653),#5055,.F.);
#5106=ADVANCED_FACE('',(#654,#502),#526,.T.);
#5107=ADVANCED_FACE('',(#655),#5056,.F.);
#5108=ADVANCED_FACE('',(#656,#503),#527,.T.);
#5109=ADVANCED_FACE('',(#657),#5057,.F.);
#5110=ADVANCED_FACE('',(#658,#504),#528,.T.);
#5111=ADVANCED_FACE('',(#659),#5058,.F.);
#5112=ADVANCED_FACE('',(#660,#505),#529,.T.);
#5113=ADVANCED_FACE('',(#661),#5059,.F.);
#5114=ADVANCED_FACE('',(#662),#5060,.F.);
#5115=ADVANCED_FACE('',(#663),#5061,.F.);
#5116=ADVANCED_FACE('',(#664),#5062,.F.);
#5117=ADVANCED_FACE('',(#665),#5063,.F.);
#5118=ADVANCED_FACE('',(#666),#5064,.F.);
#5119=ADVANCED_FACE('',(#667),#5065,.F.);
#5120=ADVANCED_FACE('',(#668),#5066,.F.);
#5121=ADVANCED_FACE('',(#669),#5067,.F.);
#5122=ADVANCED_FACE('',(#670),#5068,.F.);
#5123=ADVANCED_FACE('',(#671),#530,.F.);
#5124=ADVANCED_FACE('',(#672),#531,.F.);
#5125=ADVANCED_FACE('',(#673),#532,.F.);
#5126=ADVANCED_FACE('',(#674),#15,.F.);
#5127=ADVANCED_FACE('',(#675),#16,.F.);
#5128=ADVANCED_FACE('',(#676),#17,.F.);
#5129=ADVANCED_FACE('',(#677),#18,.F.);
#5130=ADVANCED_FACE('',(#678),#19,.F.);
#5131=ADVANCED_FACE('',(#679),#20,.F.);
#5132=ADVANCED_FACE('',(#680),#533,.F.);
#5133=ADVANCED_FACE('',(#681),#534,.F.);
#5134=ADVANCED_FACE('',(#682),#535,.F.);
#5135=ADVANCED_FACE('',(#683),#21,.F.);
#5136=ADVANCED_FACE('',(#684),#22,.F.);
#5137=ADVANCED_FACE('',(#685),#23,.F.);
#5138=ADVANCED_FACE('',(#686),#24,.F.);
#5139=ADVANCED_FACE('',(#687),#25,.F.);
#5140=ADVANCED_FACE('',(#688),#536,.F.);
#5141=ADVANCED_FACE('',(#689),#537,.F.);
#5142=ADVANCED_FACE('',(#690),#538,.T.);
#5143=ADVANCED_FACE('',(#691),#26,.F.);
#5144=ADVANCED_FACE('',(#692),#27,.F.);
#5145=ADVANCED_FACE('',(#693),#28,.F.);
#5146=ADVANCED_FACE('',(#694),#29,.F.);
#5147=ADVANCED_FACE('',(#695),#30,.F.);
#5148=ADVANCED_FACE('',(#696),#539,.F.);
#5149=ADVANCED_FACE('',(#697),#540,.F.);
#5150=ADVANCED_FACE('',(#698),#541,.F.);
#5151=ADVANCED_FACE('',(#699),#542,.F.);
#5152=ADVANCED_FACE('',(#700),#543,.F.);
#5153=ADVANCED_FACE('',(#701),#31,.F.);
#5154=ADVANCED_FACE('',(#702),#32,.F.);
#5155=ADVANCED_FACE('',(#703),#33,.F.);
#5156=ADVANCED_FACE('',(#704),#34,.F.);
#5157=ADVANCED_FACE('',(#705),#35,.F.);
#5158=ADVANCED_FACE('',(#706),#36,.F.);
#5159=ADVANCED_FACE('',(#707),#544,.F.);
#5160=ADVANCED_FACE('',(#708),#545,.F.);
#5161=ADVANCED_FACE('',(#709),#546,.F.);
#5162=ADVANCED_FACE('',(#710),#547,.T.);
#5163=ADVANCED_FACE('',(#711),#37,.F.);
#5164=ADVANCED_FACE('',(#712),#38,.F.);
#5165=ADVANCED_FACE('',(#713),#39,.F.);
#5166=ADVANCED_FACE('',(#714),#40,.F.);
#5167=ADVANCED_FACE('',(#715),#41,.F.);
#5168=ADVANCED_FACE('',(#716),#42,.F.);
#5169=ADVANCED_FACE('',(#717),#43,.F.);
#5170=ADVANCED_FACE('',(#718),#44,.F.);
#5171=ADVANCED_FACE('',(#719),#548,.F.);
#5172=ADVANCED_FACE('',(#720),#549,.F.);
#5173=ADVANCED_FACE('',(#721),#45,.F.);
#5174=ADVANCED_FACE('',(#722),#46,.F.);
#5175=ADVANCED_FACE('',(#723),#47,.F.);
#5176=ADVANCED_FACE('',(#724),#48,.F.);
#5177=ADVANCED_FACE('',(#725),#49,.F.);
#5178=ADVANCED_FACE('',(#726),#50,.F.);
#5179=ADVANCED_FACE('',(#727),#51,.F.);
#5180=ADVANCED_FACE('',(#728),#550,.F.);
#5181=ADVANCED_FACE('',(#729),#551,.F.);
#5182=ADVANCED_FACE('',(#730),#552,.F.);
#5183=ADVANCED_FACE('',(#731,#506),#553,.T.);
#5184=ADVANCED_FACE('',(#732),#554,.F.);
#5185=ADVANCED_FACE('',(#733),#555,.F.);
#5186=ADVANCED_FACE('',(#734),#556,.F.);
#5187=ADVANCED_FACE('',(#735),#557,.F.);
#5188=ADVANCED_FACE('',(#736),#558,.F.);
#5189=ADVANCED_FACE('',(#737),#559,.F.);
#5190=ADVANCED_FACE('',(#738),#560,.F.);
#5191=ADVANCED_FACE('',(#739),#561,.F.);
#5192=ADVANCED_FACE('',(#740),#562,.F.);
#5193=ADVANCED_FACE('',(#741),#563,.F.);
#5194=ADVANCED_FACE('',(#742),#564,.F.);
#5195=ADVANCED_FACE('',(#743),#52,.F.);
#5196=ADVANCED_FACE('',(#744),#53,.F.);
#5197=ADVANCED_FACE('',(#745),#54,.F.);
#5198=ADVANCED_FACE('',(#746),#55,.F.);
#5199=ADVANCED_FACE('',(#747),#565,.F.);
#5200=ADVANCED_FACE('',(#748),#56,.F.);
#5201=ADVANCED_FACE('',(#749),#57,.F.);
#5202=ADVANCED_FACE('',(#750),#58,.F.);
#5203=ADVANCED_FACE('',(#751),#566,.F.);
#5204=ADVANCED_FACE('',(#752),#567,.F.);
#5205=ADVANCED_FACE('',(#753),#568,.F.);
#5206=ADVANCED_FACE('',(#754),#569,.F.);
#5207=ADVANCED_FACE('',(#755),#570,.F.);
#5208=ADVANCED_FACE('',(#756),#571,.T.);
#5209=ADVANCED_FACE('',(#757),#59,.F.);
#5210=ADVANCED_FACE('',(#758),#60,.F.);
#5211=ADVANCED_FACE('',(#759),#61,.F.);
#5212=ADVANCED_FACE('',(#760),#62,.F.);
#5213=ADVANCED_FACE('',(#761),#63,.F.);
#5214=ADVANCED_FACE('',(#762),#64,.F.);
#5215=ADVANCED_FACE('',(#763),#65,.F.);
#5216=ADVANCED_FACE('',(#764),#66,.F.);
#5217=ADVANCED_FACE('',(#765),#572,.F.);
#5218=ADVANCED_FACE('',(#766),#573,.F.);
#5219=ADVANCED_FACE('',(#767),#67,.F.);
#5220=ADVANCED_FACE('',(#768),#68,.F.);
#5221=ADVANCED_FACE('',(#769),#69,.F.);
#5222=ADVANCED_FACE('',(#770),#70,.F.);
#5223=ADVANCED_FACE('',(#771),#71,.F.);
#5224=ADVANCED_FACE('',(#772),#72,.F.);
#5225=ADVANCED_FACE('',(#773),#73,.F.);
#5226=ADVANCED_FACE('',(#774),#574,.F.);
#5227=ADVANCED_FACE('',(#775),#575,.F.);
#5228=ADVANCED_FACE('',(#776),#576,.F.);
#5229=ADVANCED_FACE('',(#777,#507),#577,.T.);
#5230=ADVANCED_FACE('',(#778),#74,.F.);
#5231=ADVANCED_FACE('',(#779),#75,.F.);
#5232=ADVANCED_FACE('',(#780),#76,.F.);
#5233=ADVANCED_FACE('',(#781),#77,.F.);
#5234=ADVANCED_FACE('',(#782),#578,.F.);
#5235=ADVANCED_FACE('',(#783),#78,.F.);
#5236=ADVANCED_FACE('',(#784),#79,.F.);
#5237=ADVANCED_FACE('',(#785),#80,.F.);
#5238=ADVANCED_FACE('',(#786),#579,.F.);
#5239=ADVANCED_FACE('',(#787),#81,.F.);
#5240=ADVANCED_FACE('',(#788),#82,.F.);
#5241=ADVANCED_FACE('',(#789),#83,.F.);
#5242=ADVANCED_FACE('',(#790),#84,.F.);
#5243=ADVANCED_FACE('',(#791),#85,.F.);
#5244=ADVANCED_FACE('',(#792),#86,.F.);
#5245=ADVANCED_FACE('',(#793),#87,.F.);
#5246=ADVANCED_FACE('',(#794),#88,.F.);
#5247=ADVANCED_FACE('',(#795),#580,.F.);
#5248=ADVANCED_FACE('',(#796),#89,.F.);
#5249=ADVANCED_FACE('',(#797,#508),#581,.T.);
#5250=ADVANCED_FACE('',(#798),#90,.F.);
#5251=ADVANCED_FACE('',(#799),#91,.F.);
#5252=ADVANCED_FACE('',(#800),#92,.F.);
#5253=ADVANCED_FACE('',(#801),#93,.F.);
#5254=ADVANCED_FACE('',(#802),#94,.F.);
#5255=ADVANCED_FACE('',(#803),#582,.F.);
#5256=ADVANCED_FACE('',(#804),#583,.F.);
#5257=ADVANCED_FACE('',(#805),#584,.F.);
#5258=ADVANCED_FACE('',(#806),#585,.F.);
#5259=ADVANCED_FACE('',(#807),#586,.F.);
#5260=ADVANCED_FACE('',(#808),#95,.F.);
#5261=ADVANCED_FACE('',(#809),#96,.F.);
#5262=ADVANCED_FACE('',(#810),#97,.F.);
#5263=ADVANCED_FACE('',(#811),#98,.F.);
#5264=ADVANCED_FACE('',(#812),#99,.F.);
#5265=ADVANCED_FACE('',(#813),#100,.F.);
#5266=ADVANCED_FACE('',(#814),#587,.F.);
#5267=ADVANCED_FACE('',(#815),#588,.F.);
#5268=ADVANCED_FACE('',(#816),#589,.F.);
#5269=ADVANCED_FACE('',(#817),#590,.T.);
#5270=ADVANCED_FACE('',(#818),#101,.F.);
#5271=ADVANCED_FACE('',(#819),#102,.F.);
#5272=ADVANCED_FACE('',(#820),#103,.F.);
#5273=ADVANCED_FACE('',(#821),#104,.F.);
#5274=ADVANCED_FACE('',(#822),#105,.F.);
#5275=ADVANCED_FACE('',(#823),#106,.F.);
#5276=ADVANCED_FACE('',(#824),#107,.F.);
#5277=ADVANCED_FACE('',(#825),#108,.F.);
#5278=ADVANCED_FACE('',(#826),#109,.F.);
#5279=ADVANCED_FACE('',(#827),#110,.F.);
#5280=ADVANCED_FACE('',(#828),#111,.F.);
#5281=ADVANCED_FACE('',(#829),#112,.F.);
#5282=ADVANCED_FACE('',(#830),#113,.F.);
#5283=ADVANCED_FACE('',(#831),#114,.F.);
#5284=ADVANCED_FACE('',(#832),#115,.F.);
#5285=ADVANCED_FACE('',(#833),#116,.F.);
#5286=ADVANCED_FACE('',(#834),#117,.F.);
#5287=ADVANCED_FACE('',(#835),#118,.F.);
#5288=ADVANCED_FACE('',(#836,#509),#591,.T.);
#5289=ADVANCED_FACE('',(#837),#119,.F.);
#5290=ADVANCED_FACE('',(#838),#120,.F.);
#5291=ADVANCED_FACE('',(#839),#121,.F.);
#5292=ADVANCED_FACE('',(#840),#122,.F.);
#5293=ADVANCED_FACE('',(#841),#592,.F.);
#5294=ADVANCED_FACE('',(#842),#123,.F.);
#5295=ADVANCED_FACE('',(#843),#124,.F.);
#5296=ADVANCED_FACE('',(#844),#125,.F.);
#5297=ADVANCED_FACE('',(#845),#593,.F.);
#5298=ADVANCED_FACE('',(#846),#126,.F.);
#5299=ADVANCED_FACE('',(#847),#127,.F.);
#5300=ADVANCED_FACE('',(#848),#128,.F.);
#5301=ADVANCED_FACE('',(#849),#129,.F.);
#5302=ADVANCED_FACE('',(#850),#130,.F.);
#5303=ADVANCED_FACE('',(#851),#131,.F.);
#5304=ADVANCED_FACE('',(#852),#132,.F.);
#5305=ADVANCED_FACE('',(#853),#133,.F.);
#5306=ADVANCED_FACE('',(#854),#594,.F.);
#5307=ADVANCED_FACE('',(#855),#134,.F.);
#5308=ADVANCED_FACE('',(#856,#510),#595,.T.);
#5309=ADVANCED_FACE('',(#857),#596,.F.);
#5310=ADVANCED_FACE('',(#858),#597,.F.);
#5311=ADVANCED_FACE('',(#859),#598,.F.);
#5312=ADVANCED_FACE('',(#860),#599,.F.);
#5313=ADVANCED_FACE('',(#861),#600,.F.);
#5314=ADVANCED_FACE('',(#862),#601,.F.);
#5315=ADVANCED_FACE('',(#863),#602,.F.);
#5316=ADVANCED_FACE('',(#864),#603,.F.);
#5317=ADVANCED_FACE('',(#865),#604,.F.);
#5318=ADVANCED_FACE('',(#866),#605,.F.);
#5319=ADVANCED_FACE('',(#867),#135,.F.);
#5320=ADVANCED_FACE('',(#868),#136,.F.);
#5321=ADVANCED_FACE('',(#869),#137,.F.);
#5322=ADVANCED_FACE('',(#870),#138,.F.);
#5323=ADVANCED_FACE('',(#871),#139,.F.);
#5324=ADVANCED_FACE('',(#872),#140,.F.);
#5325=ADVANCED_FACE('',(#873),#141,.F.);
#5326=ADVANCED_FACE('',(#874),#142,.F.);
#5327=ADVANCED_FACE('',(#875),#143,.F.);
#5328=ADVANCED_FACE('',(#876),#144,.F.);
#5329=ADVANCED_FACE('',(#877),#145,.F.);
#5330=ADVANCED_FACE('',(#878),#146,.F.);
#5331=ADVANCED_FACE('',(#879),#147,.F.);
#5332=ADVANCED_FACE('',(#880),#606,.F.);
#5333=ADVANCED_FACE('',(#881),#148,.F.);
#5334=ADVANCED_FACE('',(#882),#149,.F.);
#5335=ADVANCED_FACE('',(#883),#150,.F.);
#5336=ADVANCED_FACE('',(#884),#151,.F.);
#5337=ADVANCED_FACE('',(#885),#152,.F.);
#5338=ADVANCED_FACE('',(#886),#153,.F.);
#5339=ADVANCED_FACE('',(#887),#154,.F.);
#5340=ADVANCED_FACE('',(#888),#155,.F.);
#5341=ADVANCED_FACE('',(#889),#156,.F.);
#5342=ADVANCED_FACE('',(#890),#157,.F.);
#5343=ADVANCED_FACE('',(#891),#158,.F.);
#5344=ADVANCED_FACE('',(#892),#159,.F.);
#5345=ADVANCED_FACE('',(#893),#160,.F.);
#5346=ADVANCED_FACE('',(#894),#161,.F.);
#5347=ADVANCED_FACE('',(#895),#607,.F.);
#5348=ADVANCED_FACE('',(#896),#162,.F.);
#5349=ADVANCED_FACE('',(#897),#608,.T.);
#5350=ADVANCED_FACE('',(#898),#609,.T.);
#5351=ADVANCED_FACE('',(#899),#610,.T.);
#5352=ADVANCED_FACE('',(#900),#611,.T.);
#5353=ADVANCED_FACE('',(#901),#612,.T.);
#5354=ADVANCED_FACE('',(#902),#613,.F.);
#5355=ADVANCED_FACE('',(#903),#5069,.F.);
#5356=ADVANCED_FACE('',(#904),#614,.F.);
#5357=ADVANCED_FACE('',(#905),#5070,.F.);
#5358=ADVANCED_FACE('',(#906),#615,.T.);
#5359=ADVANCED_FACE('',(#907),#616,.F.);
#5360=ADVANCED_FACE('',(#908),#5071,.F.);
#5361=ADVANCED_FACE('',(#909),#617,.F.);
#5362=ADVANCED_FACE('',(#910),#5072,.F.);
#5363=ADVANCED_FACE('',(#911),#618,.T.);
#5364=ADVANCED_FACE('',(#912),#619,.F.);
#5365=ADVANCED_FACE('',(#913),#5073,.F.);
#5366=ADVANCED_FACE('',(#914),#620,.F.);
#5367=ADVANCED_FACE('',(#915),#5074,.F.);
#5368=ADVANCED_FACE('',(#916),#621,.T.);
#5369=ADVANCED_FACE('',(#917),#622,.T.);
#5370=CLOSED_SHELL('',(#5075,#5076,#5077,#5078,#5079,#5080,#5081,#5082,
#5083,#5084,#5085,#5086,#5087,#5088,#5089,#5090,#5091,#5092,#5093,#5094,
#5095,#5096,#5097,#5098,#5099,#5100,#5101,#5102,#5103,#5104,#5105,#5106,
#5107,#5108,#5109,#5110,#5111,#5112,#5113,#5114,#5115,#5116,#5117,#5118,
#5119,#5120,#5121,#5122,#5123,#5124,#5125,#5126,#5127,#5128,#5129,#5130,
#5131,#5132,#5133,#5134,#5135,#5136,#5137,#5138,#5139,#5140,#5141,#5142,
#5143,#5144,#5145,#5146,#5147,#5148,#5149,#5150,#5151,#5152,#5153,#5154,
#5155,#5156,#5157,#5158,#5159,#5160,#5161,#5162,#5163,#5164,#5165,#5166,
#5167,#5168,#5169,#5170,#5171,#5172,#5173,#5174,#5175,#5176,#5177,#5178,
#5179,#5180,#5181,#5182,#5183,#5184,#5185,#5186,#5187,#5188,#5189,#5190,
#5191,#5192,#5193,#5194,#5195,#5196,#5197,#5198,#5199,#5200,#5201,#5202,
#5203,#5204,#5205,#5206,#5207,#5208,#5209,#5210,#5211,#5212,#5213,#5214,
#5215,#5216,#5217,#5218,#5219,#5220,#5221,#5222,#5223,#5224,#5225,#5226,
#5227,#5228,#5229,#5230,#5231,#5232,#5233,#5234,#5235,#5236,#5237,#5238,
#5239,#5240,#5241,#5242,#5243,#5244,#5245,#5246,#5247,#5248,#5249,#5250,
#5251,#5252,#5253,#5254,#5255,#5256,#5257,#5258,#5259,#5260,#5261,#5262,
#5263,#5264,#5265,#5266,#5267,#5268,#5269,#5270,#5271,#5272,#5273,#5274,
#5275,#5276,#5277,#5278,#5279,#5280,#5281,#5282,#5283,#5284,#5285,#5286,
#5287,#5288,#5289,#5290,#5291,#5292,#5293,#5294,#5295,#5296,#5297,#5298,
#5299,#5300,#5301,#5302,#5303,#5304,#5305,#5306,#5307,#5308,#5309,#5310,
#5311,#5312,#5313,#5314,#5315,#5316,#5317,#5318,#5319,#5320,#5321,#5322,
#5323,#5324,#5325,#5326,#5327,#5328,#5329,#5330,#5331,#5332,#5333,#5334,
#5335,#5336,#5337,#5338,#5339,#5340,#5341,#5342,#5343,#5344,#5345,#5346,
#5347,#5348,#5349,#5350,#5351,#5352,#5353,#5354,#5355,#5356,#5357,#5358,
#5359,#5360,#5361,#5362,#5363,#5364,#5365,#5366,#5367,#5368,#5369));
#5371=DERIVED_UNIT_ELEMENT(#5373,1.);
#5372=DERIVED_UNIT_ELEMENT(#10576,-3.);
#5373=(
MASS_UNIT()
NAMED_UNIT(*)
SI_UNIT(.KILO.,.GRAM.)
);
#5374=DERIVED_UNIT((#5371,#5372));
#5375=MEASURE_REPRESENTATION_ITEM('density measure',
POSITIVE_RATIO_MEASURE(7850.),#5374);
#5376=PROPERTY_DEFINITION_REPRESENTATION(#5381,#5378);
#5377=PROPERTY_DEFINITION_REPRESENTATION(#5382,#5379);
#5378=REPRESENTATION('material name',(#5380),#10573);
#5379=REPRESENTATION('density',(#5375),#10573);
#5380=DESCRIPTIVE_REPRESENTATION_ITEM('Steel','Steel');
#5381=PROPERTY_DEFINITION('material property','material name',#10583);
#5382=PROPERTY_DEFINITION('material property','density of part',#10583);
#5383=AXIS2_PLACEMENT_3D('',#6454,#5601,#5602);
#5384=AXIS2_PLACEMENT_3D('',#6455,#5603,#5604);
#5385=AXIS2_PLACEMENT_3D('',#6458,#5605,#5606);
#5386=AXIS2_PLACEMENT_3D('',#6462,#5608,#5609);
#5387=AXIS2_PLACEMENT_3D('',#6464,#5611,#5612);
#5388=AXIS2_PLACEMENT_3D('',#6468,#5614,#5615);
#5389=AXIS2_PLACEMENT_3D('',#6470,#5616,#5617);
#5390=AXIS2_PLACEMENT_3D('',#6474,#5619,#5620);
#5391=AXIS2_PLACEMENT_3D('',#6476,#5621,#5622);
#5392=AXIS2_PLACEMENT_3D('',#6480,#5624,#5625);
#5393=AXIS2_PLACEMENT_3D('',#6484,#5627,#5628);
#5394=AXIS2_PLACEMENT_3D('',#6488,#5630,#5631);
#5395=AXIS2_PLACEMENT_3D('',#6491,#5633,#5634);
#5396=AXIS2_PLACEMENT_3D('',#6493,#5635,#5636);
#5397=AXIS2_PLACEMENT_3D('',#6495,#5637,#5638);
#5398=AXIS2_PLACEMENT_3D('',#6497,#5639,#5640);
#5399=AXIS2_PLACEMENT_3D('',#6499,#5641,#5642);
#5400=AXIS2_PLACEMENT_3D('',#6501,#5643,#5644);
#5401=AXIS2_PLACEMENT_3D('',#6503,#5645,#5646);
#5402=AXIS2_PLACEMENT_3D('',#6505,#5647,#5648);
#5403=AXIS2_PLACEMENT_3D('',#6507,#5649,#5650);
#5404=AXIS2_PLACEMENT_3D('',#6509,#5651,#5652);
#5405=AXIS2_PLACEMENT_3D('',#6511,#5653,#5654);
#5406=AXIS2_PLACEMENT_3D('',#6512,#5655,#5656);
#5407=AXIS2_PLACEMENT_3D('',#6516,#5659,#5660);
#5408=AXIS2_PLACEMENT_3D('',#6518,#5661,#5662);
#5409=AXIS2_PLACEMENT_3D('',#6520,#5664,#5665);
#5410=AXIS2_PLACEMENT_3D('',#6524,#5667,#5668);
#5411=AXIS2_PLACEMENT_3D('',#6526,#5670,#5671);
#5412=AXIS2_PLACEMENT_3D('',#6529,#5673,#5674);
#5413=AXIS2_PLACEMENT_3D('',#6530,#5675,#5676);
#5414=AXIS2_PLACEMENT_3D('',#6533,#5677,#5678);
#5415=AXIS2_PLACEMENT_3D('',#6536,#5681,#5682);
#5416=AXIS2_PLACEMENT_3D('',#6540,#5685,#5686);
#5417=AXIS2_PLACEMENT_3D('',#6542,#5688,#5689);
#5418=AXIS2_PLACEMENT_3D('',#6546,#5691,#5692);
#5419=AXIS2_PLACEMENT_3D('',#6549,#5694,#5695);
#5420=AXIS2_PLACEMENT_3D('',#6552,#5697,#5698);
#5421=AXIS2_PLACEMENT_3D('',#7381,#5764,#5765);
#5422=AXIS2_PLACEMENT_3D('',#7384,#5767,#5768);
#5423=AXIS2_PLACEMENT_3D('',#7389,#5770,#5771);
#5424=AXIS2_PLACEMENT_3D('',#7392,#5773,#5774);
#5425=AXIS2_PLACEMENT_3D('',#7397,#5776,#5777);
#5426=AXIS2_PLACEMENT_3D('',#7400,#5779,#5780);
#5427=AXIS2_PLACEMENT_3D('',#7402,#5781,#5782);
#5428=AXIS2_PLACEMENT_3D('',#7404,#5783,#5784);
#5429=AXIS2_PLACEMENT_3D('',#7406,#5785,#5786);
#5430=AXIS2_PLACEMENT_3D('',#7408,#5787,#5788);
#5431=AXIS2_PLACEMENT_3D('',#7410,#5789,#5790);
#5432=AXIS2_PLACEMENT_3D('',#7412,#5791,#5792);
#5433=AXIS2_PLACEMENT_3D('',#7414,#5793,#5794);
#5434=AXIS2_PLACEMENT_3D('',#7416,#5795,#5796);
#5435=AXIS2_PLACEMENT_3D('',#7418,#5797,#5798);
#5436=AXIS2_PLACEMENT_3D('',#7420,#5799,#5800);
#5437=AXIS2_PLACEMENT_3D('',#7421,#5801,#5802);
#5438=AXIS2_PLACEMENT_3D('',#7423,#5804,#5805);
#5439=AXIS2_PLACEMENT_3D('',#7425,#5807,#5808);
#5440=AXIS2_PLACEMENT_3D('',#7426,#5809,#5810);
#5441=AXIS2_PLACEMENT_3D('',#7428,#5812,#5813);
#5442=AXIS2_PLACEMENT_3D('',#7430,#5815,#5816);
#5443=AXIS2_PLACEMENT_3D('',#7431,#5817,#5818);
#5444=AXIS2_PLACEMENT_3D('',#7433,#5819,#5820);
#5445=AXIS2_PLACEMENT_3D('',#7434,#5821,#5822);
#5446=AXIS2_PLACEMENT_3D('',#7436,#5824,#5825);
#5447=AXIS2_PLACEMENT_3D('',#7439,#5827,#5828);
#5448=AXIS2_PLACEMENT_3D('',#7440,#5829,#5830);
#5449=AXIS2_PLACEMENT_3D('',#7442,#5831,#5832);
#5450=AXIS2_PLACEMENT_3D('',#7443,#5833,#5834);
#5451=AXIS2_PLACEMENT_3D('',#7446,#5836,#5837);
#5452=AXIS2_PLACEMENT_3D('',#7447,#5838,#5839);
#5453=AXIS2_PLACEMENT_3D('',#7449,#5840,#5841);
#5454=AXIS2_PLACEMENT_3D('',#7450,#5842,#5843);
#5455=AXIS2_PLACEMENT_3D('',#7453,#5845,#5846);
#5456=AXIS2_PLACEMENT_3D('',#7454,#5847,#5848);
#5457=AXIS2_PLACEMENT_3D('',#7456,#5849,#5850);
#5458=AXIS2_PLACEMENT_3D('',#7457,#5851,#5852);
#5459=AXIS2_PLACEMENT_3D('',#7460,#5854,#5855);
#5460=AXIS2_PLACEMENT_3D('',#7461,#5856,#5857);
#5461=AXIS2_PLACEMENT_3D('',#7463,#5858,#5859);
#5462=AXIS2_PLACEMENT_3D('',#7464,#5860,#5861);
#5463=AXIS2_PLACEMENT_3D('',#7467,#5863,#5864);
#5464=AXIS2_PLACEMENT_3D('',#7468,#5865,#5866);
#5465=AXIS2_PLACEMENT_3D('',#7470,#5867,#5868);
#5466=AXIS2_PLACEMENT_3D('',#7471,#5869,#5870);
#5467=AXIS2_PLACEMENT_3D('',#7474,#5872,#5873);
#5468=AXIS2_PLACEMENT_3D('',#7475,#5874,#5875);
#5469=AXIS2_PLACEMENT_3D('',#7477,#5876,#5877);
#5470=AXIS2_PLACEMENT_3D('',#7478,#5878,#5879);
#5471=AXIS2_PLACEMENT_3D('',#7481,#5881,#5882);
#5472=AXIS2_PLACEMENT_3D('',#7482,#5883,#5884);
#5473=AXIS2_PLACEMENT_3D('',#7484,#5885,#5886);
#5474=AXIS2_PLACEMENT_3D('',#7485,#5887,#5888);
#5475=AXIS2_PLACEMENT_3D('',#7488,#5890,#5891);
#5476=AXIS2_PLACEMENT_3D('',#7489,#5892,#5893);
#5477=AXIS2_PLACEMENT_3D('',#7491,#5894,#5895);
#5478=AXIS2_PLACEMENT_3D('',#7492,#5896,#5897);
#5479=AXIS2_PLACEMENT_3D('',#7495,#5899,#5900);
#5480=AXIS2_PLACEMENT_3D('',#7496,#5901,#5902);
#5481=AXIS2_PLACEMENT_3D('',#7498,#5903,#5904);
#5482=AXIS2_PLACEMENT_3D('',#7499,#5905,#5906);
#5483=AXIS2_PLACEMENT_3D('',#7502,#5908,#5909);
#5484=AXIS2_PLACEMENT_3D('',#7503,#5910,#5911);
#5485=AXIS2_PLACEMENT_3D('',#7505,#5912,#5913);
#5486=AXIS2_PLACEMENT_3D('',#7506,#5914,#5915);
#5487=AXIS2_PLACEMENT_3D('',#7508,#5917,#5918);
#5488=AXIS2_PLACEMENT_3D('',#7510,#5920,#5921);
#5489=AXIS2_PLACEMENT_3D('',#7512,#5923,#5924);
#5490=AXIS2_PLACEMENT_3D('',#7514,#5926,#5927);
#5491=AXIS2_PLACEMENT_3D('',#7516,#5929,#5930);
#5492=AXIS2_PLACEMENT_3D('',#7518,#5932,#5933);
#5493=AXIS2_PLACEMENT_3D('',#7520,#5935,#5936);
#5494=AXIS2_PLACEMENT_3D('',#7522,#5938,#5939);
#5495=AXIS2_PLACEMENT_3D('',#7524,#5941,#5942);
#5496=AXIS2_PLACEMENT_3D('',#7526,#5944,#5945);
#5497=AXIS2_PLACEMENT_3D('',#7532,#5949,#5950);
#5498=AXIS2_PLACEMENT_3D('',#7536,#5953,#5954);
#5499=AXIS2_PLACEMENT_3D('',#7642,#5963,#5964);
#5500=AXIS2_PLACEMENT_3D('',#7646,#5967,#5968);
#5501=AXIS2_PLACEMENT_3D('',#7650,#5971,#5972);
#5502=AXIS2_PLACEMENT_3D('',#7739,#5980,#5981);
#5503=AXIS2_PLACEMENT_3D('',#7743,#5984,#5985);
#5504=AXIS2_PLACEMENT_3D('',#7745,#5987,#5988);
#5505=AXIS2_PLACEMENT_3D('',#7833,#5995,#5996);
#5506=AXIS2_PLACEMENT_3D('',#7837,#5999,#6000);
#5507=AXIS2_PLACEMENT_3D('',#7841,#6003,#6004);
#5508=AXIS2_PLACEMENT_3D('',#7845,#6007,#6008);
#5509=AXIS2_PLACEMENT_3D('',#7849,#6011,#6012);
#5510=AXIS2_PLACEMENT_3D('',#7955,#6021,#6022);
#5511=AXIS2_PLACEMENT_3D('',#7959,#6025,#6026);
#5512=AXIS2_PLACEMENT_3D('',#7963,#6029,#6030);
#5513=AXIS2_PLACEMENT_3D('',#7965,#6032,#6033);
#5514=AXIS2_PLACEMENT_3D('',#8150,#6042,#6043);
#5515=AXIS2_PLACEMENT_3D('',#8156,#6047,#6048);
#5516=AXIS2_PLACEMENT_3D('',#8279,#6058,#6059);
#5517=AXIS2_PLACEMENT_3D('',#8283,#6062,#6063);
#5518=AXIS2_PLACEMENT_3D('',#8287,#6066,#6067);
#5519=AXIS2_PLACEMENT_3D('',#8289,#6069,#6070);
#5520=AXIS2_PLACEMENT_3D('',#8290,#6071,#6072);
#5521=AXIS2_PLACEMENT_3D('',#8296,#6076,#6077);
#5522=AXIS2_PLACEMENT_3D('',#8300,#6080,#6081);
#5523=AXIS2_PLACEMENT_3D('',#8304,#6084,#6085);
#5524=AXIS2_PLACEMENT_3D('',#8308,#6088,#6089);
#5525=AXIS2_PLACEMENT_3D('',#8312,#6092,#6093);
#5526=AXIS2_PLACEMENT_3D('',#8316,#6096,#6097);
#5527=AXIS2_PLACEMENT_3D('',#8320,#6100,#6101);
#5528=AXIS2_PLACEMENT_3D('',#8324,#6104,#6105);
#5529=AXIS2_PLACEMENT_3D('',#8328,#6108,#6109);
#5530=AXIS2_PLACEMENT_3D('',#8330,#6111,#6112);
#5531=AXIS2_PLACEMENT_3D('',#8401,#6118,#6119);
#5532=AXIS2_PLACEMENT_3D('',#8456,#6125,#6126);
#5533=AXIS2_PLACEMENT_3D('',#8460,#6129,#6130);
#5534=AXIS2_PLACEMENT_3D('',#8464,#6133,#6134);
#5535=AXIS2_PLACEMENT_3D('',#8468,#6137,#6138);
#5536=AXIS2_PLACEMENT_3D('',#8472,#6141,#6142);
#5537=AXIS2_PLACEMENT_3D('',#8474,#6144,#6145);
#5538=AXIS2_PLACEMENT_3D('',#8659,#6154,#6155);
#5539=AXIS2_PLACEMENT_3D('',#8665,#6159,#6160);
#5540=AXIS2_PLACEMENT_3D('',#8788,#6170,#6171);
#5541=AXIS2_PLACEMENT_3D('',#8792,#6174,#6175);
#5542=AXIS2_PLACEMENT_3D('',#8796,#6178,#6179);
#5543=AXIS2_PLACEMENT_3D('',#8798,#6181,#6182);
#5544=AXIS2_PLACEMENT_3D('',#8894,#6188,#6189);
#5545=AXIS2_PLACEMENT_3D('',#8950,#6196,#6197);
#5546=AXIS2_PLACEMENT_3D('',#9090,#6208,#6209);
#5547=AXIS2_PLACEMENT_3D('',#9109,#6212,#6213);
#5548=AXIS2_PLACEMENT_3D('',#9197,#6220,#6221);
#5549=AXIS2_PLACEMENT_3D('',#9201,#6224,#6225);
#5550=AXIS2_PLACEMENT_3D('',#9205,#6228,#6229);
#5551=AXIS2_PLACEMENT_3D('',#9209,#6232,#6233);
#5552=AXIS2_PLACEMENT_3D('',#9213,#6236,#6237);
#5553=AXIS2_PLACEMENT_3D('',#9319,#6246,#6247);
#5554=AXIS2_PLACEMENT_3D('',#9323,#6250,#6251);
#5555=AXIS2_PLACEMENT_3D('',#9327,#6254,#6255);
#5556=AXIS2_PLACEMENT_3D('',#9329,#6257,#6258);
#5557=AXIS2_PLACEMENT_3D('',#9684,#6277,#6278);
#5558=AXIS2_PLACEMENT_3D('',#9780,#6284,#6285);
#5559=AXIS2_PLACEMENT_3D('',#9836,#6292,#6293);
#5560=AXIS2_PLACEMENT_3D('',#9976,#6304,#6305);
#5561=AXIS2_PLACEMENT_3D('',#9995,#6308,#6309);
#5562=AXIS2_PLACEMENT_3D('',#9996,#6310,#6311);
#5563=AXIS2_PLACEMENT_3D('',#10002,#6315,#6316);
#5564=AXIS2_PLACEMENT_3D('',#10006,#6319,#6320);
#5565=AXIS2_PLACEMENT_3D('',#10010,#6323,#6324);
#5566=AXIS2_PLACEMENT_3D('',#10012,#6326,#6327);
#5567=AXIS2_PLACEMENT_3D('',#10013,#6328,#6329);
#5568=AXIS2_PLACEMENT_3D('',#10019,#6333,#6334);
#5569=AXIS2_PLACEMENT_3D('',#10023,#6337,#6338);
#5570=AXIS2_PLACEMENT_3D('',#10027,#6341,#6342);
#5571=AXIS2_PLACEMENT_3D('',#10029,#6344,#6345);
#5572=AXIS2_PLACEMENT_3D('',#10253,#6360,#6361);
#5573=AXIS2_PLACEMENT_3D('',#10495,#6378,#6379);
#5574=AXIS2_PLACEMENT_3D('',#10514,#6382,#6383);
#5575=AXIS2_PLACEMENT_3D('',#10515,#6384,#6385);
#5576=AXIS2_PLACEMENT_3D('',#10516,#6386,#6387);
#5577=AXIS2_PLACEMENT_3D('',#10517,#6388,#6389);
#5578=AXIS2_PLACEMENT_3D('',#10518,#6390,#6391);
#5579=AXIS2_PLACEMENT_3D('',#10519,#6392,#6393);
#5580=AXIS2_PLACEMENT_3D('',#10525,#6397,#6398);
#5581=AXIS2_PLACEMENT_3D('',#10528,#6400,#6401);
#5582=AXIS2_PLACEMENT_3D('',#10529,#6402,#6403);
#5583=AXIS2_PLACEMENT_3D('',#10533,#6406,#6407);
#5584=AXIS2_PLACEMENT_3D('',#10534,#6408,#6409);
#5585=AXIS2_PLACEMENT_3D('',#10535,#6410,#6411);
#5586=AXIS2_PLACEMENT_3D('',#10536,#6412,#6413);
#5587=AXIS2_PLACEMENT_3D('',#10542,#6417,#6418);
#5588=AXIS2_PLACEMENT_3D('',#10545,#6420,#6421);
#5589=AXIS2_PLACEMENT_3D('',#10546,#6422,#6423);
#5590=AXIS2_PLACEMENT_3D('',#10550,#6426,#6427);
#5591=AXIS2_PLACEMENT_3D('',#10551,#6428,#6429);
#5592=AXIS2_PLACEMENT_3D('',#10552,#6430,#6431);
#5593=AXIS2_PLACEMENT_3D('',#10553,#6432,#6433);
#5594=AXIS2_PLACEMENT_3D('',#10559,#6437,#6438);
#5595=AXIS2_PLACEMENT_3D('',#10562,#6440,#6441);
#5596=AXIS2_PLACEMENT_3D('',#10563,#6442,#6443);
#5597=AXIS2_PLACEMENT_3D('',#10567,#6446,#6447);
#5598=AXIS2_PLACEMENT_3D('',#10568,#6448,#6449);
#5599=AXIS2_PLACEMENT_3D('',#10569,#6450,#6451);
#5600=AXIS2_PLACEMENT_3D('',#10570,#6452,#6453);
#5601=DIRECTION('axis',(0.,0.,1.));
#5602=DIRECTION('refdir',(1.,0.,0.));
#5603=DIRECTION('center_axis',(0.,0.,-1.));
#5604=DIRECTION('ref_axis',(0.965925826289069,-0.258819045102518,0.));
#5605=DIRECTION('center_axis',(0.,0.,1.));
#5606=DIRECTION('ref_axis',(0.965925826289069,-0.258819045102518,0.));
#5607=DIRECTION('',(0.,0.,1.));
#5608=DIRECTION('center_axis',(0.,0.,-1.));
#5609=DIRECTION('ref_axis',(0.965925826289069,-0.258819045102518,0.));
#5610=DIRECTION('',(0.,0.,-1.));
#5611=DIRECTION('center_axis',(0.,0.,1.));
#5612=DIRECTION('ref_axis',(-1.,0.,0.));
#5613=DIRECTION('',(-0.866025403784439,-0.5,0.));
#5614=DIRECTION('center_axis',(0.,0.,1.));
#5615=DIRECTION('ref_axis',(0.167847278761798,-0.985813010165853,0.));
#5616=DIRECTION('center_axis',(0.,0.,-1.));
#5617=DIRECTION('ref_axis',(0.,-1.,0.));
#5618=DIRECTION('',(-1.,0.,0.));
#5619=DIRECTION('center_axis',(0.,0.,-1.));
#5620=DIRECTION('ref_axis',(0.,-1.,0.));
#5621=DIRECTION('center_axis',(0.,0.,1.));
#5622=DIRECTION('ref_axis',(-0.167847278761794,-0.985813010165853,0.));
#5623=DIRECTION('',(-0.866025403784439,0.5,0.));
#5624=DIRECTION('center_axis',(0.,0.,1.));
#5625=DIRECTION('ref_axis',(-0.96592582628907,-0.258819045102516,0.));
#5626=DIRECTION('',(-0.5,-0.866025403784439,0.));
#5627=DIRECTION('center_axis',(0.,0.,1.));
#5628=DIRECTION('ref_axis',(-0.5,0.866025403784439,0.));
#5629=DIRECTION('',(-1.,0.,0.));
#5630=DIRECTION('center_axis',(0.,0.,1.));
#5631=DIRECTION('ref_axis',(0.5,0.866025403784439,0.));
#5632=DIRECTION('',(-0.5,0.866025403784439,0.));
#5633=DIRECTION('center_axis',(0.,0.,1.));
#5634=DIRECTION('ref_axis',(-1.,0.,0.));
#5635=DIRECTION('center_axis',(0.,0.,1.));
#5636=DIRECTION('ref_axis',(-1.,0.,0.));
#5637=DIRECTION('center_axis',(0.,0.,1.));
#5638=DIRECTION('ref_axis',(-1.,0.,0.));
#5639=DIRECTION('center_axis',(0.,0.,1.));
#5640=DIRECTION('ref_axis',(-1.,0.,0.));
#5641=DIRECTION('center_axis',(0.,0.,1.));
#5642=DIRECTION('ref_axis',(-1.,0.,0.));
#5643=DIRECTION('center_axis',(0.,0.,1.));
#5644=DIRECTION('ref_axis',(-1.,0.,0.));
#5645=DIRECTION('center_axis',(0.,0.,1.));
#5646=DIRECTION('ref_axis',(-1.,0.,0.));
#5647=DIRECTION('center_axis',(0.,0.,1.));
#5648=DIRECTION('ref_axis',(-1.,0.,0.));
#5649=DIRECTION('center_axis',(0.,0.,1.));
#5650=DIRECTION('ref_axis',(-1.,0.,0.));
#5651=DIRECTION('center_axis',(0.,0.,1.));
#5652=DIRECTION('ref_axis',(-1.,0.,0.));
#5653=DIRECTION('center_axis',(0.,0.,1.));
#5654=DIRECTION('ref_axis',(1.,0.,0.));
#5655=DIRECTION('center_axis',(-0.5,0.866025403784439,0.));
#5656=DIRECTION('ref_axis',(0.866025403784439,0.5,0.));
#5657=DIRECTION('',(0.866025403784439,0.5,0.));
#5658=DIRECTION('',(0.,0.,1.));
#5659=DIRECTION('center_axis',(0.,0.,1.));
#5660=DIRECTION('ref_axis',(0.167847278761798,-0.985813010165853,0.));
#5661=DIRECTION('center_axis',(0.,0.,-1.));
#5662=DIRECTION('ref_axis',(0.167847278761798,-0.985813010165853,0.));
#5663=DIRECTION('',(0.,0.,-1.));
#5664=DIRECTION('center_axis',(0.,0.,-1.));
#5665=DIRECTION('ref_axis',(-0.167847278761794,-0.985813010165853,0.));
#5666=DIRECTION('',(0.,0.,1.));
#5667=DIRECTION('center_axis',(0.,0.,-1.));
#5668=DIRECTION('ref_axis',(-0.167847278761794,-0.985813010165853,0.));
#5669=DIRECTION('',(0.,0.,-1.));
#5670=DIRECTION('center_axis',(0.,0.,1.));
#5671=DIRECTION('ref_axis',(0.,-1.,0.));
#5672=DIRECTION('',(0.,0.,1.));
#5673=DIRECTION('center_axis',(0.,0.,1.));
#5674=DIRECTION('ref_axis',(0.,-1.,0.));
#5675=DIRECTION('center_axis',(0.,0.,1.));
#5676=DIRECTION('ref_axis',(-0.96592582628907,-0.258819045102516,0.));
#5677=DIRECTION('center_axis',(0.,0.,-1.));
#5678=DIRECTION('ref_axis',(-0.96592582628907,-0.258819045102516,0.));
#5679=DIRECTION('',(0.,0.,-1.));
#5680=DIRECTION('',(0.,0.,1.));
#5681=DIRECTION('center_axis',(-0.866025403784439,0.5,0.));
#5682=DIRECTION('ref_axis',(-0.5,-0.866025403784439,0.));
#5683=DIRECTION('',(0.5,0.866025403784439,0.));
#5684=DIRECTION('',(0.,0.,1.));
#5685=DIRECTION('center_axis',(0.5,0.866025403784439,0.));
#5686=DIRECTION('ref_axis',(0.866025403784439,-0.5,0.));
#5687=DIRECTION('',(0.866025403784439,-0.5,0.));
#5688=DIRECTION('center_axis',(0.,0.,1.));
#5689=DIRECTION('ref_axis',(1.,0.,0.));
#5690=DIRECTION('',(0.5,-0.866025403784439,0.));
#5691=DIRECTION('center_axis',(0.,0.,-1.));
#5692=DIRECTION('ref_axis',(0.5,0.866025403784439,0.));
#5693=DIRECTION('',(-1.,0.,0.));
#5694=DIRECTION('center_axis',(0.,0.,-1.));
#5695=DIRECTION('ref_axis',(-0.5,0.866025403784439,0.));
#5696=DIRECTION('',(1.,0.,0.));
#5697=DIRECTION('center_axis',(0.,0.,1.));
#5698=DIRECTION('ref_axis',(0.,-1.,0.));
#5699=DIRECTION('',(0.,1.,0.));
#5700=DIRECTION('',(1.,0.,0.));
#5701=DIRECTION('',(0.,-1.,0.));
#5702=DIRECTION('',(0.,-1.,0.));
#5703=DIRECTION('',(-1.,0.,0.));
#5704=DIRECTION('',(0.,1.,0.));
#5705=DIRECTION('',(0.,-1.,0.));
#5706=DIRECTION('',(-1.,0.,0.));
#5707=DIRECTION('',(0.,1.,0.));
#5708=DIRECTION('',(1.,0.,0.));
#5709=DIRECTION('',(0.,-1.,0.));
#5710=DIRECTION('',(0.,1.,0.));
#5711=DIRECTION('',(1.,0.,0.));
#5712=DIRECTION('',(0.,-1.,0.));
#5713=DIRECTION('',(-1.,0.,0.));
#5714=DIRECTION('',(0.,1.,0.));
#5715=DIRECTION('',(-1.,0.,0.));
#5716=DIRECTION('',(0.,1.,0.));
#5717=DIRECTION('',(1.,0.,0.));
#5718=DIRECTION('',(0.,-1.,0.));
#5719=DIRECTION('',(0.,-1.,0.));
#5720=DIRECTION('',(0.,1.,0.));
#5721=DIRECTION('',(1.,0.,0.));
#5722=DIRECTION('',(0.,-1.,0.));
#5723=DIRECTION('',(-1.,0.,0.));
#5724=DIRECTION('',(-0.522541636974771,0.852613768143423,0.));
#5725=DIRECTION('',(0.,-1.,0.));
#5726=DIRECTION('',(-1.,0.,0.));
#5727=DIRECTION('',(0.,1.,0.));
#5728=DIRECTION('',(1.,0.,0.));
#5729=DIRECTION('',(0.525833795382002,-0.850587338040109,0.));
#5730=DIRECTION('',(0.,1.,0.));
#5731=DIRECTION('',(1.,0.,0.));
#5732=DIRECTION('',(0.,-1.,0.));
#5733=DIRECTION('',(-1.,0.,0.));
#5734=DIRECTION('',(0.,1.,0.));
#5735=DIRECTION('',(0.334629499607126,0.942349774761306,0.));
#5736=DIRECTION('',(-1.,0.,0.));
#5737=DIRECTION('',(0.,1.,0.));
#5738=DIRECTION('',(1.,0.,0.));
#5739=DIRECTION('',(0.,-1.,0.));
#5740=DIRECTION('',(0.,-1.,0.));
#5741=DIRECTION('',(-0.986202879318204,0.165541175616474,0.));
#5742=DIRECTION('',(1.,0.,0.));
#5743=DIRECTION('',(0.,1.,0.));
#5744=DIRECTION('',(1.,0.,0.));
#5745=DIRECTION('',(0.,-1.,0.));
#5746=DIRECTION('',(0.,1.,0.));
#5747=DIRECTION('',(1.,0.,0.));
#5748=DIRECTION('',(0.,-1.,0.));
#5749=DIRECTION('',(-1.,0.,0.));
#5750=DIRECTION('',(0.,1.,0.));
#5751=DIRECTION('',(-0.986202879318204,0.165541175616474,0.));
#5752=DIRECTION('',(1.,0.,0.));
#5753=DIRECTION('',(0.,1.,0.));
#5754=DIRECTION('',(1.,0.,0.));
#5755=DIRECTION('',(0.,-1.,0.));
#5756=DIRECTION('',(-1.,0.,0.));
#5757=DIRECTION('',(0.,1.,0.));
#5758=DIRECTION('',(1.,0.,0.));
#5759=DIRECTION('',(0.,-1.,0.));
#5760=DIRECTION('',(-1.,0.,0.));
#5761=DIRECTION('',(-0.995307159746962,-0.0967659948351489,0.));
#5762=DIRECTION('',(0.999036953664714,0.043876704665781,0.));
#5763=DIRECTION('',(-0.722872031855457,-0.690981928534433,0.));
#5764=DIRECTION('center_axis',(0.,0.,-1.));
#5765=DIRECTION('ref_axis',(-0.690981928534433,0.722872031855457,0.));
#5766=DIRECTION('',(0.722872031855457,0.690981928534433,0.));
#5767=DIRECTION('center_axis',(0.,0.,-1.));
#5768=DIRECTION('ref_axis',(0.690981928534433,-0.722872031855457,0.));
#5769=DIRECTION('',(2.53765262771464E-16,1.,0.));
#5770=DIRECTION('center_axis',(0.,0.,-1.));
#5771=DIRECTION('ref_axis',(1.,0.,0.));
#5772=DIRECTION('',(-2.53765262771464E-16,-1.,0.));
#5773=DIRECTION('center_axis',(0.,0.,-1.));
#5774=DIRECTION('ref_axis',(-1.,0.,0.));
#5775=DIRECTION('',(0.722872031855456,-0.690981928534433,0.));
#5776=DIRECTION('center_axis',(0.,0.,-1.));
#5777=DIRECTION('ref_axis',(-0.690981928534433,-0.722872031855456,0.));
#5778=DIRECTION('',(-0.722872031855456,0.690981928534433,0.));
#5779=DIRECTION('center_axis',(0.,0.,-1.));
#5780=DIRECTION('ref_axis',(0.690981928534433,0.722872031855456,0.));
#5781=DIRECTION('center_axis',(0.,0.,-1.));
#5782=DIRECTION('ref_axis',(-1.,0.,0.));
#5783=DIRECTION('center_axis',(0.,0.,-1.));
#5784=DIRECTION('ref_axis',(-1.,0.,0.));
#5785=DIRECTION('center_axis',(0.,0.,-1.));
#5786=DIRECTION('ref_axis',(-1.,0.,0.));
#5787=DIRECTION('center_axis',(0.,0.,-1.));
#5788=DIRECTION('ref_axis',(-1.,0.,0.));
#5789=DIRECTION('center_axis',(0.,0.,-1.));
#5790=DIRECTION('ref_axis',(-1.,0.,0.));
#5791=DIRECTION('center_axis',(0.,0.,-1.));
#5792=DIRECTION('ref_axis',(-1.,0.,0.));
#5793=DIRECTION('center_axis',(0.,0.,-1.));
#5794=DIRECTION('ref_axis',(-1.,0.,0.));
#5795=DIRECTION('center_axis',(0.,0.,-1.));
#5796=DIRECTION('ref_axis',(-1.,0.,0.));
#5797=DIRECTION('center_axis',(0.,0.,-1.));
#5798=DIRECTION('ref_axis',(-1.,0.,0.));
#5799=DIRECTION('center_axis',(0.,0.,-1.));
#5800=DIRECTION('ref_axis',(-1.,0.,0.));
#5801=DIRECTION('center_axis',(0.866025403784439,0.5,0.));
#5802=DIRECTION('ref_axis',(-0.5,0.866025403784439,0.));
#5803=DIRECTION('',(0.,0.,-1.));
#5804=DIRECTION('center_axis',(0.,-1.,0.));
#5805=DIRECTION('ref_axis',(1.,0.,0.));
#5806=DIRECTION('',(0.,0.,-1.));
#5807=DIRECTION('center_axis',(0.,0.,-1.));
#5808=DIRECTION('ref_axis',(0.,-1.,0.));
#5809=DIRECTION('center_axis',(0.,0.,1.));
#5810=DIRECTION('ref_axis',(-0.5,0.866025403784439,0.));
#5811=DIRECTION('',(0.,0.,-1.));
#5812=DIRECTION('center_axis',(0.,1.,0.));
#5813=DIRECTION('ref_axis',(-1.,0.,0.));
#5814=DIRECTION('',(0.,0.,1.));
#5815=DIRECTION('center_axis',(0.,0.,1.));
#5816=DIRECTION('ref_axis',(0.5,0.866025403784439,0.));
#5817=DIRECTION('center_axis',(0.,0.,-1.));
#5818=DIRECTION('ref_axis',(1.,0.,0.));
#5819=DIRECTION('center_axis',(0.,0.,-1.));
#5820=DIRECTION('ref_axis',(1.,0.,0.));
#5821=DIRECTION('center_axis',(0.,0.,-1.));
#5822=DIRECTION('ref_axis',(1.,0.,0.));
#5823=DIRECTION('',(0.,0.,-1.));
#5824=DIRECTION('center_axis',(0.,0.,-1.));
#5825=DIRECTION('ref_axis',(-1.,0.,0.));
#5826=DIRECTION('',(0.,0.,-1.));
#5827=DIRECTION('center_axis',(0.,0.,-1.));
#5828=DIRECTION('ref_axis',(-1.,0.,0.));
#5829=DIRECTION('center_axis',(0.,0.,1.));
#5830=DIRECTION('ref_axis',(-1.,0.,0.));
#5831=DIRECTION('center_axis',(0.,0.,1.));
#5832=DIRECTION('ref_axis',(-1.,0.,0.));
#5833=DIRECTION('center_axis',(0.,0.,-1.));
#5834=DIRECTION('ref_axis',(-1.,0.,0.));
#5835=DIRECTION('',(0.,0.,-1.));
#5836=DIRECTION('center_axis',(0.,0.,-1.));
#5837=DIRECTION('ref_axis',(-1.,0.,0.));
#5838=DIRECTION('center_axis',(0.,0.,1.));
#5839=DIRECTION('ref_axis',(-1.,0.,0.));
#5840=DIRECTION('center_axis',(0.,0.,1.));
#5841=DIRECTION('ref_axis',(-1.,0.,0.));
#5842=DIRECTION('center_axis',(0.,0.,-1.));
#5843=DIRECTION('ref_axis',(-1.,0.,0.));
#5844=DIRECTION('',(0.,0.,-1.));
#5845=DIRECTION('center_axis',(0.,0.,-1.));
#5846=DIRECTION('ref_axis',(-1.,0.,0.));
#5847=DIRECTION('center_axis',(0.,0.,1.));
#5848=DIRECTION('ref_axis',(-1.,0.,0.));
#5849=DIRECTION('center_axis',(0.,0.,1.));
#5850=DIRECTION('ref_axis',(-1.,0.,0.));
#5851=DIRECTION('center_axis',(0.,0.,-1.));
#5852=DIRECTION('ref_axis',(-1.,0.,0.));
#5853=DIRECTION('',(0.,0.,-1.));
#5854=DIRECTION('center_axis',(0.,0.,-1.));
#5855=DIRECTION('ref_axis',(-1.,0.,0.));
#5856=DIRECTION('center_axis',(0.,0.,1.));
#5857=DIRECTION('ref_axis',(-1.,0.,0.));
#5858=DIRECTION('center_axis',(0.,0.,1.));
#5859=DIRECTION('ref_axis',(-1.,0.,0.));
#5860=DIRECTION('center_axis',(0.,0.,-1.));
#5861=DIRECTION('ref_axis',(-1.,0.,0.));
#5862=DIRECTION('',(0.,0.,-1.));
#5863=DIRECTION('center_axis',(0.,0.,-1.));
#5864=DIRECTION('ref_axis',(-1.,0.,0.));
#5865=DIRECTION('center_axis',(0.,0.,1.));
#5866=DIRECTION('ref_axis',(-1.,0.,0.));
#5867=DIRECTION('center_axis',(0.,0.,1.));
#5868=DIRECTION('ref_axis',(-1.,0.,0.));
#5869=DIRECTION('center_axis',(0.,0.,-1.));
#5870=DIRECTION('ref_axis',(-1.,0.,0.));
#5871=DIRECTION('',(0.,0.,-1.));
#5872=DIRECTION('center_axis',(0.,0.,-1.));
#5873=DIRECTION('ref_axis',(-1.,0.,0.));
#5874=DIRECTION('center_axis',(0.,0.,1.));
#5875=DIRECTION('ref_axis',(-1.,0.,0.));
#5876=DIRECTION('center_axis',(0.,0.,1.));
#5877=DIRECTION('ref_axis',(-1.,0.,0.));
#5878=DIRECTION('center_axis',(0.,0.,-1.));
#5879=DIRECTION('ref_axis',(-1.,0.,0.));
#5880=DIRECTION('',(0.,0.,-1.));
#5881=DIRECTION('center_axis',(0.,0.,-1.));
#5882=DIRECTION('ref_axis',(-1.,0.,0.));
#5883=DIRECTION('center_axis',(0.,0.,1.));
#5884=DIRECTION('ref_axis',(-1.,0.,0.));
#5885=DIRECTION('center_axis',(0.,0.,1.));
#5886=DIRECTION('ref_axis',(-1.,0.,0.));
#5887=DIRECTION('center_axis',(0.,0.,-1.));
#5888=DIRECTION('ref_axis',(-1.,0.,0.));
#5889=DIRECTION('',(0.,0.,-1.));
#5890=DIRECTION('center_axis',(0.,0.,-1.));
#5891=DIRECTION('ref_axis',(-1.,0.,0.));
#5892=DIRECTION('center_axis',(0.,0.,1.));
#5893=DIRECTION('ref_axis',(-1.,0.,0.));
#5894=DIRECTION('center_axis',(0.,0.,1.));
#5895=DIRECTION('ref_axis',(-1.,0.,0.));
#5896=DIRECTION('center_axis',(0.,0.,-1.));
#5897=DIRECTION('ref_axis',(-1.,0.,0.));
#5898=DIRECTION('',(0.,0.,-1.));
#5899=DIRECTION('center_axis',(0.,0.,-1.));
#5900=DIRECTION('ref_axis',(-1.,0.,0.));
#5901=DIRECTION('center_axis',(0.,0.,1.));
#5902=DIRECTION('ref_axis',(-1.,0.,0.));
#5903=DIRECTION('center_axis',(0.,0.,1.));
#5904=DIRECTION('ref_axis',(-1.,0.,0.));
#5905=DIRECTION('center_axis',(0.,0.,-1.));
#5906=DIRECTION('ref_axis',(-1.,0.,0.));
#5907=DIRECTION('',(0.,0.,-1.));
#5908=DIRECTION('center_axis',(0.,0.,-1.));
#5909=DIRECTION('ref_axis',(-1.,0.,0.));
#5910=DIRECTION('center_axis',(0.,0.,1.));
#5911=DIRECTION('ref_axis',(-1.,0.,0.));
#5912=DIRECTION('center_axis',(0.,0.,1.));
#5913=DIRECTION('ref_axis',(-1.,0.,0.));
#5914=DIRECTION('center_axis',(0.,0.,-1.));
#5915=DIRECTION('ref_axis',(-1.,0.,0.));
#5916=DIRECTION('',(0.,0.,-1.));
#5917=DIRECTION('center_axis',(0.,0.,-1.));
#5918=DIRECTION('ref_axis',(-1.,0.,0.));
#5919=DIRECTION('',(0.,0.,-1.));
#5920=DIRECTION('center_axis',(0.,0.,-1.));
#5921=DIRECTION('ref_axis',(-1.,0.,0.));
#5922=DIRECTION('',(0.,0.,-1.));
#5923=DIRECTION('center_axis',(0.,0.,-1.));
#5924=DIRECTION('ref_axis',(-1.,0.,0.));
#5925=DIRECTION('',(0.,0.,-1.));
#5926=DIRECTION('center_axis',(0.,0.,-1.));
#5927=DIRECTION('ref_axis',(-1.,0.,0.));
#5928=DIRECTION('',(0.,0.,-1.));
#5929=DIRECTION('center_axis',(0.,0.,-1.));
#5930=DIRECTION('ref_axis',(-1.,0.,0.));
#5931=DIRECTION('',(0.,0.,-1.));
#5932=DIRECTION('center_axis',(0.,0.,-1.));
#5933=DIRECTION('ref_axis',(-1.,0.,0.));
#5934=DIRECTION('',(0.,0.,-1.));
#5935=DIRECTION('center_axis',(0.,0.,-1.));
#5936=DIRECTION('ref_axis',(-1.,0.,0.));
#5937=DIRECTION('',(0.,0.,-1.));
#5938=DIRECTION('center_axis',(0.,0.,-1.));
#5939=DIRECTION('ref_axis',(-1.,0.,0.));
#5940=DIRECTION('',(0.,0.,-1.));
#5941=DIRECTION('center_axis',(0.,0.,-1.));
#5942=DIRECTION('ref_axis',(-1.,0.,0.));
#5943=DIRECTION('',(0.,0.,-1.));
#5944=DIRECTION('center_axis',(-1.,0.,0.));
#5945=DIRECTION('ref_axis',(0.,1.,0.));
#5946=DIRECTION('',(0.,0.,-1.));
#5947=DIRECTION('',(0.,1.,0.));
#5948=DIRECTION('',(0.,0.,-1.));
#5949=DIRECTION('center_axis',(0.,-1.,0.));
#5950=DIRECTION('ref_axis',(-1.,0.,0.));
#5951=DIRECTION('',(0.,0.,-1.));
#5952=DIRECTION('',(-1.,0.,0.));
#5953=DIRECTION('center_axis',(1.,0.,0.));
#5954=DIRECTION('ref_axis',(0.,-1.,0.));
#5955=DIRECTION('',(0.,0.,-1.));
#5956=DIRECTION('',(0.,-1.,0.));
#5957=DIRECTION('',(0.,0.,-1.));
#5958=DIRECTION('',(0.,0.,-1.));
#5959=DIRECTION('',(0.,0.,-1.));
#5960=DIRECTION('',(0.,0.,-1.));
#5961=DIRECTION('',(0.,0.,-1.));
#5962=DIRECTION('',(0.,0.,-1.));
#5963=DIRECTION('center_axis',(-1.,0.,0.));
#5964=DIRECTION('ref_axis',(0.,1.,0.));
#5965=DIRECTION('',(0.,0.,-1.));
#5966=DIRECTION('',(0.,1.,0.));
#5967=DIRECTION('center_axis',(0.,-1.,0.));
#5968=DIRECTION('ref_axis',(-1.,0.,0.));
#5969=DIRECTION('',(0.,0.,-1.));
#5970=DIRECTION('',(-1.,0.,0.));
#5971=DIRECTION('center_axis',(1.,0.,0.));
#5972=DIRECTION('ref_axis',(0.,-1.,0.));
#5973=DIRECTION('',(0.,0.,-1.));
#5974=DIRECTION('',(0.,-1.,0.));
#5975=DIRECTION('',(0.,0.,-1.));
#5976=DIRECTION('',(0.,0.,-1.));
#5977=DIRECTION('',(0.,0.,-1.));
#5978=DIRECTION('',(0.,0.,-1.));
#5979=DIRECTION('',(0.,0.,-1.));
#5980=DIRECTION('center_axis',(1.,0.,0.));
#5981=DIRECTION('ref_axis',(0.,-1.,0.));
#5982=DIRECTION('',(0.,0.,-1.));
#5983=DIRECTION('',(0.,-1.,0.));
#5984=DIRECTION('center_axis',(0.,1.,0.));
#5985=DIRECTION('ref_axis',(1.,0.,0.));
#5986=DIRECTION('',(1.,0.,0.));
#5987=DIRECTION('center_axis',(0.,0.,1.));
#5988=DIRECTION('ref_axis',(-1.,0.,0.));
#5989=DIRECTION('',(0.,0.,-1.));
#5990=DIRECTION('',(0.,0.,-1.));
#5991=DIRECTION('',(0.,0.,-1.));
#5992=DIRECTION('',(0.,0.,-1.));
#5993=DIRECTION('',(0.,0.,-1.));
#5994=DIRECTION('',(0.,0.,-1.));
#5995=DIRECTION('center_axis',(-1.,0.,0.));
#5996=DIRECTION('ref_axis',(0.,1.,0.));
#5997=DIRECTION('',(0.,0.,-1.));
#5998=DIRECTION('',(0.,1.,0.));
#5999=DIRECTION('center_axis',(0.,-1.,0.));
#6000=DIRECTION('ref_axis',(-1.,0.,0.));
#6001=DIRECTION('',(0.,0.,-1.));
#6002=DIRECTION('',(-1.,0.,0.));
#6003=DIRECTION('center_axis',(1.,0.,0.));
#6004=DIRECTION('ref_axis',(0.,-1.,0.));
#6005=DIRECTION('',(0.,0.,-1.));
#6006=DIRECTION('',(0.,-1.,0.));
#6007=DIRECTION('center_axis',(0.,1.,0.));
#6008=DIRECTION('ref_axis',(1.,0.,0.));
#6009=DIRECTION('',(0.,0.,-1.));
#6010=DIRECTION('',(1.,0.,0.));
#6011=DIRECTION('center_axis',(-1.,0.,0.));
#6012=DIRECTION('ref_axis',(0.,1.,0.));
#6013=DIRECTION('',(0.,0.,-1.));
#6014=DIRECTION('',(0.,1.,0.));
#6015=DIRECTION('',(0.,0.,-1.));
#6016=DIRECTION('',(0.,0.,-1.));
#6017=DIRECTION('',(0.,0.,-1.));
#6018=DIRECTION('',(0.,0.,-1.));
#6019=DIRECTION('',(0.,0.,-1.));
#6020=DIRECTION('',(0.,0.,-1.));
#6021=DIRECTION('center_axis',(1.,0.,0.));
#6022=DIRECTION('ref_axis',(0.,-1.,0.));
#6023=DIRECTION('',(0.,0.,-1.));
#6024=DIRECTION('',(0.,-1.,0.));
#6025=DIRECTION('center_axis',(0.,1.,0.));
#6026=DIRECTION('ref_axis',(1.,0.,0.));
#6027=DIRECTION('',(0.,0.,-1.));
#6028=DIRECTION('',(1.,0.,0.));
#6029=DIRECTION('center_axis',(-1.,0.,0.));
#6030=DIRECTION('ref_axis',(0.,1.,0.));
#6031=DIRECTION('',(0.,1.,0.));
#6032=DIRECTION('center_axis',(0.,0.,1.));
#6033=DIRECTION('ref_axis',(-1.,0.,0.));
#6034=DIRECTION('',(0.,0.,-1.));
#6035=DIRECTION('',(0.,0.,-1.));
#6036=DIRECTION('',(0.,0.,-1.));
#6037=DIRECTION('',(0.,0.,-1.));
#6038=DIRECTION('',(0.,0.,-1.));
#6039=DIRECTION('',(0.,0.,-1.));
#6040=DIRECTION('',(0.,0.,-1.));
#6041=DIRECTION('',(0.,0.,-1.));
#6042=DIRECTION('center_axis',(0.,-1.,0.));
#6043=DIRECTION('ref_axis',(-1.,0.,0.));
#6044=DIRECTION('',(0.,0.,-1.));
#6045=DIRECTION('',(-1.,0.,0.));
#6046=DIRECTION('',(0.,0.,-1.));
#6047=DIRECTION('center_axis',(1.,0.,0.));
#6048=DIRECTION('ref_axis',(0.,-1.,0.));
#6049=DIRECTION('',(0.,0.,-1.));
#6050=DIRECTION('',(0.,-1.,0.));
#6051=DIRECTION('',(0.,0.,-1.));
#6052=DIRECTION('',(0.,0.,-1.));
#6053=DIRECTION('',(0.,0.,-1.));
#6054=DIRECTION('',(0.,0.,-1.));
#6055=DIRECTION('',(0.,0.,-1.));
#6056=DIRECTION('',(0.,0.,-1.));
#6057=DIRECTION('',(0.,0.,-1.));
#6058=DIRECTION('center_axis',(1.,0.,0.));
#6059=DIRECTION('ref_axis',(0.,-1.,0.));
#6060=DIRECTION('',(0.,0.,-1.));
#6061=DIRECTION('',(0.,-1.,0.));
#6062=DIRECTION('center_axis',(0.,1.,0.));
#6063=DIRECTION('ref_axis',(1.,0.,0.));
#6064=DIRECTION('',(0.,0.,-1.));
#6065=DIRECTION('',(1.,0.,0.));
#6066=DIRECTION('center_axis',(-1.,0.,0.));
#6067=DIRECTION('ref_axis',(0.,1.,0.));
#6068=DIRECTION('',(0.,1.,0.));
#6069=DIRECTION('center_axis',(0.,0.,1.));
#6070=DIRECTION('ref_axis',(-1.,0.,0.));
#6071=DIRECTION('center_axis',(-1.,0.,0.));
#6072=DIRECTION('ref_axis',(0.,1.,0.));
#6073=DIRECTION('',(0.,0.,-1.));
#6074=DIRECTION('',(0.,1.,0.));
#6075=DIRECTION('',(0.,0.,-1.));
#6076=DIRECTION('center_axis',(0.850587338040109,0.525833795382002,0.));
#6077=DIRECTION('ref_axis',(0.525833795382002,-0.850587338040109,0.));
#6078=DIRECTION('',(0.,0.,-1.));
#6079=DIRECTION('',(0.525833795382002,-0.850587338040109,0.));
#6080=DIRECTION('center_axis',(0.,1.,0.));
#6081=DIRECTION('ref_axis',(1.,0.,0.));
#6082=DIRECTION('',(0.,0.,-1.));
#6083=DIRECTION('',(1.,0.,0.));
#6084=DIRECTION('center_axis',(-1.,0.,0.));
#6085=DIRECTION('ref_axis',(0.,1.,0.));
#6086=DIRECTION('',(0.,0.,-1.));
#6087=DIRECTION('',(0.,1.,0.));
#6088=DIRECTION('center_axis',(0.,-1.,0.));
#6089=DIRECTION('ref_axis',(-1.,0.,0.));
#6090=DIRECTION('',(0.,0.,-1.));
#6091=DIRECTION('',(-1.,0.,0.));
#6092=DIRECTION('center_axis',(1.,0.,0.));
#6093=DIRECTION('ref_axis',(0.,-1.,0.));
#6094=DIRECTION('',(0.,0.,-1.));
#6095=DIRECTION('',(0.,-1.,0.));
#6096=DIRECTION('center_axis',(-0.852613768143423,-0.522541636974771,0.));
#6097=DIRECTION('ref_axis',(-0.522541636974771,0.852613768143423,0.));
#6098=DIRECTION('',(0.,0.,-1.));
#6099=DIRECTION('',(-0.522541636974771,0.852613768143423,0.));
#6100=DIRECTION('center_axis',(0.,-1.,0.));
#6101=DIRECTION('ref_axis',(-1.,0.,0.));
#6102=DIRECTION('',(0.,0.,-1.));
#6103=DIRECTION('',(-1.,0.,0.));
#6104=DIRECTION('center_axis',(1.,0.,0.));
#6105=DIRECTION('ref_axis',(0.,-1.,0.));
#6106=DIRECTION('',(0.,0.,-1.));
#6107=DIRECTION('',(0.,-1.,0.));
#6108=DIRECTION('center_axis',(0.,1.,0.));
#6109=DIRECTION('ref_axis',(1.,0.,0.));
#6110=DIRECTION('',(1.,0.,0.));
#6111=DIRECTION('center_axis',(0.,0.,-1.));
#6112=DIRECTION('ref_axis',(-1.,0.,0.));
#6113=DIRECTION('',(0.,0.,-1.));
#6114=DIRECTION('',(0.,0.,-1.));
#6115=DIRECTION('',(0.,0.,-1.));
#6116=DIRECTION('',(0.,0.,-1.));
#6117=DIRECTION('',(0.,0.,-1.));
#6118=DIRECTION('center_axis',(-0.942349774761306,0.334629499607126,0.));
#6119=DIRECTION('ref_axis',(0.334629499607126,0.942349774761306,0.));
#6120=DIRECTION('',(0.,0.,-1.));
#6121=DIRECTION('',(0.334629499607126,0.942349774761306,0.));
#6122=DIRECTION('',(0.,0.,-1.));
#6123=DIRECTION('',(0.,0.,-1.));
#6124=DIRECTION('',(0.,0.,-1.));
#6125=DIRECTION('center_axis',(-1.,0.,0.));
#6126=DIRECTION('ref_axis',(0.,1.,0.));
#6127=DIRECTION('',(0.,0.,-1.));
#6128=DIRECTION('',(0.,1.,0.));
#6129=DIRECTION('center_axis',(0.,-1.,0.));
#6130=DIRECTION('ref_axis',(-1.,0.,0.));
#6131=DIRECTION('',(0.,0.,-1.));
#6132=DIRECTION('',(-1.,0.,0.));
#6133=DIRECTION('center_axis',(1.,0.,0.));
#6134=DIRECTION('ref_axis',(0.,-1.,0.));
#6135=DIRECTION('',(0.,0.,-1.));
#6136=DIRECTION('',(0.,-1.,0.));
#6137=DIRECTION('center_axis',(0.,1.,0.));
#6138=DIRECTION('ref_axis',(1.,0.,0.));
#6139=DIRECTION('',(0.,0.,-1.));
#6140=DIRECTION('',(1.,0.,0.));
#6141=DIRECTION('center_axis',(-1.,0.,0.));
#6142=DIRECTION('ref_axis',(0.,1.,0.));
#6143=DIRECTION('',(0.,1.,0.));
#6144=DIRECTION('center_axis',(0.,0.,1.));
#6145=DIRECTION('ref_axis',(-1.,0.,0.));
#6146=DIRECTION('',(0.,0.,-1.));
#6147=DIRECTION('',(0.,0.,-1.));
#6148=DIRECTION('',(0.,0.,-1.));
#6149=DIRECTION('',(0.,0.,-1.));
#6150=DIRECTION('',(0.,0.,-1.));
#6151=DIRECTION('',(0.,0.,-1.));
#6152=DIRECTION('',(0.,0.,-1.));
#6153=DIRECTION('',(0.,0.,-1.));
#6154=DIRECTION('center_axis',(0.,-1.,0.));
#6155=DIRECTION('ref_axis',(-1.,0.,0.));
#6156=DIRECTION('',(0.,0.,-1.));
#6157=DIRECTION('',(-1.,0.,0.));
#6158=DIRECTION('',(0.,0.,-1.));
#6159=DIRECTION('center_axis',(1.,0.,0.));
#6160=DIRECTION('ref_axis',(0.,-1.,0.));
#6161=DIRECTION('',(0.,0.,-1.));
#6162=DIRECTION('',(0.,-1.,0.));
#6163=DIRECTION('',(0.,0.,-1.));
#6164=DIRECTION('',(0.,0.,-1.));
#6165=DIRECTION('',(0.,0.,-1.));
#6166=DIRECTION('',(0.,0.,-1.));
#6167=DIRECTION('',(0.,0.,-1.));
#6168=DIRECTION('',(0.,0.,-1.));
#6169=DIRECTION('',(0.,0.,-1.));
#6170=DIRECTION('center_axis',(1.,0.,0.));
#6171=DIRECTION('ref_axis',(0.,-1.,0.));
#6172=DIRECTION('',(0.,0.,-1.));
#6173=DIRECTION('',(0.,-1.,0.));
#6174=DIRECTION('center_axis',(0.,1.,0.));
#6175=DIRECTION('ref_axis',(1.,0.,0.));
#6176=DIRECTION('',(0.,0.,-1.));
#6177=DIRECTION('',(1.,0.,0.));
#6178=DIRECTION('center_axis',(-1.,0.,0.));
#6179=DIRECTION('ref_axis',(0.,1.,0.));
#6180=DIRECTION('',(0.,1.,0.));
#6181=DIRECTION('center_axis',(0.,0.,1.));
#6182=DIRECTION('ref_axis',(-1.,0.,0.));
#6183=DIRECTION('',(0.,0.,-1.));
#6184=DIRECTION('',(0.,0.,-1.));
#6185=DIRECTION('',(0.,0.,-1.));
#6186=DIRECTION('',(0.,0.,-1.));
#6187=DIRECTION('',(0.,0.,-1.));
#6188=DIRECTION('center_axis',(0.,-1.,0.));
#6189=DIRECTION('ref_axis',(-1.,0.,0.));
#6190=DIRECTION('',(-1.,0.,0.));
#6191=DIRECTION('',(-1.,0.,0.));
#6192=DIRECTION('',(0.,0.,-1.));
#6193=DIRECTION('',(0.,0.,-1.));
#6194=DIRECTION('',(0.,0.,-1.));
#6195=DIRECTION('',(0.,0.,-1.));
#6196=DIRECTION('center_axis',(0.,1.,0.));
#6197=DIRECTION('ref_axis',(1.,0.,0.));
#6198=DIRECTION('',(0.,0.,-1.));
#6199=DIRECTION('',(1.,0.,0.));
#6200=DIRECTION('',(0.,0.,-1.));
#6201=DIRECTION('',(0.,0.,-1.));
#6202=DIRECTION('',(0.,0.,-1.));
#6203=DIRECTION('',(0.,0.,-1.));
#6204=DIRECTION('',(0.,0.,-1.));
#6205=DIRECTION('',(0.,0.,-1.));
#6206=DIRECTION('',(0.,0.,-1.));
#6207=DIRECTION('',(0.,0.,-1.));
#6208=DIRECTION('center_axis',(-0.165541175616474,-0.986202879318204,0.));
#6209=DIRECTION('ref_axis',(-0.986202879318204,0.165541175616474,0.));
#6210=DIRECTION('',(0.,0.,-1.));
#6211=DIRECTION('',(-0.986202879318204,0.165541175616474,0.));
#6212=DIRECTION('center_axis',(0.,0.,1.));
#6213=DIRECTION('ref_axis',(-1.,0.,0.));
#6214=DIRECTION('',(0.,0.,-1.));
#6215=DIRECTION('',(0.,0.,-1.));
#6216=DIRECTION('',(0.,0.,-1.));
#6217=DIRECTION('',(0.,0.,-1.));
#6218=DIRECTION('',(0.,0.,-1.));
#6219=DIRECTION('',(0.,0.,-1.));
#6220=DIRECTION('center_axis',(-1.,0.,0.));
#6221=DIRECTION('ref_axis',(0.,1.,0.));
#6222=DIRECTION('',(0.,0.,-1.));
#6223=DIRECTION('',(0.,1.,0.));
#6224=DIRECTION('center_axis',(0.,-1.,0.));
#6225=DIRECTION('ref_axis',(-1.,0.,0.));
#6226=DIRECTION('',(0.,0.,-1.));
#6227=DIRECTION('',(-1.,0.,0.));
#6228=DIRECTION('center_axis',(1.,0.,0.));
#6229=DIRECTION('ref_axis',(0.,-1.,0.));
#6230=DIRECTION('',(0.,0.,-1.));
#6231=DIRECTION('',(0.,-1.,0.));
#6232=DIRECTION('center_axis',(0.,1.,0.));
#6233=DIRECTION('ref_axis',(1.,0.,0.));
#6234=DIRECTION('',(0.,0.,-1.));
#6235=DIRECTION('',(1.,0.,0.));
#6236=DIRECTION('center_axis',(-1.,0.,0.));
#6237=DIRECTION('ref_axis',(0.,1.,0.));
#6238=DIRECTION('',(0.,0.,-1.));
#6239=DIRECTION('',(0.,1.,0.));
#6240=DIRECTION('',(0.,0.,-1.));
#6241=DIRECTION('',(0.,0.,-1.));
#6242=DIRECTION('',(0.,0.,-1.));
#6243=DIRECTION('',(0.,0.,-1.));
#6244=DIRECTION('',(0.,0.,-1.));
#6245=DIRECTION('',(0.,0.,-1.));
#6246=DIRECTION('center_axis',(1.,0.,0.));
#6247=DIRECTION('ref_axis',(0.,-1.,0.));
#6248=DIRECTION('',(0.,0.,-1.));
#6249=DIRECTION('',(0.,-1.,0.));
#6250=DIRECTION('center_axis',(0.,1.,0.));
#6251=DIRECTION('ref_axis',(1.,0.,0.));
#6252=DIRECTION('',(0.,0.,-1.));
#6253=DIRECTION('',(1.,0.,0.));
#6254=DIRECTION('center_axis',(-1.,0.,0.));
#6255=DIRECTION('ref_axis',(0.,1.,0.));
#6256=DIRECTION('',(0.,1.,0.));
#6257=DIRECTION('center_axis',(0.,0.,1.));
#6258=DIRECTION('ref_axis',(-1.,0.,0.));
#6259=DIRECTION('',(0.,0.,-1.));
#6260=DIRECTION('',(0.,0.,-1.));
#6261=DIRECTION('',(0.,0.,-1.));
#6262=DIRECTION('',(0.,0.,-1.));
#6263=DIRECTION('',(0.,0.,-1.));
#6264=DIRECTION('',(0.,0.,-1.));
#6265=DIRECTION('',(0.,0.,-1.));
#6266=DIRECTION('',(0.,0.,-1.));
#6267=DIRECTION('',(0.,0.,-1.));
#6268=DIRECTION('',(0.,0.,-1.));
#6269=DIRECTION('',(0.,0.,-1.));
#6270=DIRECTION('',(0.,0.,-1.));
#6271=DIRECTION('',(0.,0.,-1.));
#6272=DIRECTION('',(0.,0.,-1.));
#6273=DIRECTION('',(0.,0.,-1.));
#6274=DIRECTION('',(0.,0.,-1.));
#6275=DIRECTION('',(0.,0.,-1.));
#6276=DIRECTION('',(0.,0.,-1.));
#6277=DIRECTION('center_axis',(0.,0.,1.));
#6278=DIRECTION('ref_axis',(-1.,0.,0.));
#6279=DIRECTION('',(0.,0.,-1.));
#6280=DIRECTION('',(0.,0.,-1.));
#6281=DIRECTION('',(0.,0.,-1.));
#6282=DIRECTION('',(0.,0.,-1.));
#6283=DIRECTION('',(0.,0.,-1.));
#6284=DIRECTION('center_axis',(0.,-1.,0.));
#6285=DIRECTION('ref_axis',(-1.,0.,0.));
#6286=DIRECTION('',(-1.,0.,0.));
#6287=DIRECTION('',(-1.,0.,0.));
#6288=DIRECTION('',(0.,0.,-1.));
#6289=DIRECTION('',(0.,0.,-1.));
#6290=DIRECTION('',(0.,0.,-1.));
#6291=DIRECTION('',(0.,0.,-1.));
#6292=DIRECTION('center_axis',(0.,1.,0.));
#6293=DIRECTION('ref_axis',(1.,0.,0.));
#6294=DIRECTION('',(0.,0.,-1.));
#6295=DIRECTION('',(1.,0.,0.));
#6296=DIRECTION('',(0.,0.,-1.));
#6297=DIRECTION('',(0.,0.,-1.));
#6298=DIRECTION('',(0.,0.,-1.));
#6299=DIRECTION('',(0.,0.,-1.));
#6300=DIRECTION('',(0.,0.,-1.));
#6301=DIRECTION('',(0.,0.,-1.));
#6302=DIRECTION('',(0.,0.,-1.));
#6303=DIRECTION('',(0.,0.,-1.));
#6304=DIRECTION('center_axis',(-0.165541175616474,-0.986202879318204,0.));
#6305=DIRECTION('ref_axis',(-0.986202879318204,0.165541175616474,0.));
#6306=DIRECTION('',(0.,0.,-1.));
#6307=DIRECTION('',(-0.986202879318204,0.165541175616474,0.));
#6308=DIRECTION('center_axis',(0.,0.,1.));
#6309=DIRECTION('ref_axis',(-1.,0.,0.));
#6310=DIRECTION('center_axis',(-1.,0.,0.));
#6311=DIRECTION('ref_axis',(0.,1.,0.));
#6312=DIRECTION('',(0.,0.,-1.));
#6313=DIRECTION('',(0.,1.,0.));
#6314=DIRECTION('',(0.,0.,-1.));
#6315=DIRECTION('center_axis',(0.,-1.,0.));
#6316=DIRECTION('ref_axis',(-1.,0.,0.));
#6317=DIRECTION('',(0.,0.,-1.));
#6318=DIRECTION('',(-1.,0.,0.));
#6319=DIRECTION('center_axis',(1.,0.,0.));
#6320=DIRECTION('ref_axis',(0.,-1.,0.));
#6321=DIRECTION('',(0.,0.,-1.));
#6322=DIRECTION('',(0.,-1.,0.));
#6323=DIRECTION('center_axis',(0.,1.,0.));
#6324=DIRECTION('ref_axis',(1.,0.,0.));
#6325=DIRECTION('',(1.,0.,0.));
#6326=DIRECTION('center_axis',(0.,0.,-1.));
#6327=DIRECTION('ref_axis',(-1.,0.,0.));
#6328=DIRECTION('center_axis',(-1.,0.,0.));
#6329=DIRECTION('ref_axis',(0.,1.,0.));
#6330=DIRECTION('',(0.,0.,-1.));
#6331=DIRECTION('',(0.,1.,0.));
#6332=DIRECTION('',(0.,0.,-1.));
#6333=DIRECTION('center_axis',(0.,-1.,0.));
#6334=DIRECTION('ref_axis',(-1.,0.,0.));
#6335=DIRECTION('',(0.,0.,-1.));
#6336=DIRECTION('',(-1.,0.,0.));
#6337=DIRECTION('center_axis',(1.,0.,0.));
#6338=DIRECTION('ref_axis',(0.,-1.,0.));
#6339=DIRECTION('',(0.,0.,-1.));
#6340=DIRECTION('',(0.,-1.,0.));
#6341=DIRECTION('center_axis',(0.,1.,0.));
#6342=DIRECTION('ref_axis',(1.,0.,0.));
#6343=DIRECTION('',(1.,0.,0.));
#6344=DIRECTION('center_axis',(0.,0.,-1.));
#6345=DIRECTION('ref_axis',(-1.,0.,0.));
#6346=DIRECTION('',(0.,0.,-1.));
#6347=DIRECTION('',(0.,0.,-1.));
#6348=DIRECTION('',(0.,0.,-1.));
#6349=DIRECTION('',(0.,0.,-1.));
#6350=DIRECTION('',(0.,0.,-1.));
#6351=DIRECTION('',(0.,0.,-1.));
#6352=DIRECTION('',(0.,0.,-1.));
#6353=DIRECTION('',(0.,0.,-1.));
#6354=DIRECTION('',(0.,0.,-1.));
#6355=DIRECTION('',(0.,0.,-1.));
#6356=DIRECTION('',(0.,0.,-1.));
#6357=DIRECTION('',(0.,0.,-1.));
#6358=DIRECTION('',(0.,0.,-1.));
#6359=DIRECTION('',(0.,0.,-1.));
#6360=DIRECTION('center_axis',(-0.043876704665781,0.999036953664714,0.));
#6361=DIRECTION('ref_axis',(0.999036953664714,0.043876704665781,0.));
#6362=DIRECTION('',(0.,0.,-1.));
#6363=DIRECTION('',(0.999036953664714,0.043876704665781,0.));
#6364=DIRECTION('',(0.,0.,-1.));
#6365=DIRECTION('',(0.,0.,-1.));
#6366=DIRECTION('',(0.,0.,-1.));
#6367=DIRECTION('',(0.,0.,-1.));
#6368=DIRECTION('',(0.,0.,-1.));
#6369=DIRECTION('',(0.,0.,-1.));
#6370=DIRECTION('',(0.,0.,-1.));
#6371=DIRECTION('',(0.,0.,-1.));
#6372=DIRECTION('',(0.,0.,-1.));
#6373=DIRECTION('',(0.,0.,-1.));
#6374=DIRECTION('',(0.,0.,-1.));
#6375=DIRECTION('',(0.,0.,-1.));
#6376=DIRECTION('',(0.,0.,-1.));
#6377=DIRECTION('',(0.,0.,-1.));
#6378=DIRECTION('center_axis',(0.0967659948351489,-0.995307159746962,0.));
#6379=DIRECTION('ref_axis',(-0.995307159746962,-0.0967659948351489,0.));
#6380=DIRECTION('',(0.,0.,-1.));
#6381=DIRECTION('',(-0.995307159746962,-0.0967659948351489,0.));
#6382=DIRECTION('center_axis',(0.,0.,1.));
#6383=DIRECTION('ref_axis',(-1.,0.,0.));
#6384=DIRECTION('center_axis',(0.,0.,1.));
#6385=DIRECTION('ref_axis',(1.,0.,0.));
#6386=DIRECTION('center_axis',(0.,0.,1.));
#6387=DIRECTION('ref_axis',(1.,0.,0.));
#6388=DIRECTION('center_axis',(0.,0.,1.));
#6389=DIRECTION('ref_axis',(1.,0.,0.));
#6390=DIRECTION('center_axis',(0.,0.,1.));
#6391=DIRECTION('ref_axis',(1.,0.,0.));
#6392=DIRECTION('center_axis',(0.690981928534433,-0.722872031855457,0.));
#6393=DIRECTION('ref_axis',(-0.722872031855457,-0.690981928534433,0.));
#6394=DIRECTION('',(0.,0.,-1.));
#6395=DIRECTION('',(-0.722872031855457,-0.690981928534433,0.));
#6396=DIRECTION('',(0.,0.,-1.));
#6397=DIRECTION('center_axis',(0.,0.,-1.));
#6398=DIRECTION('ref_axis',(0.690981928534433,-0.722872031855457,0.));
#6399=DIRECTION('',(0.,0.,-1.));
#6400=DIRECTION('center_axis',(0.,0.,-1.));
#6401=DIRECTION('ref_axis',(0.690981928534433,-0.722872031855457,0.));
#6402=DIRECTION('center_axis',(-0.690981928534433,0.722872031855457,0.));
#6403=DIRECTION('ref_axis',(0.722872031855457,0.690981928534433,0.));
#6404=DIRECTION('',(0.,0.,-1.));
#6405=DIRECTION('',(0.722872031855457,0.690981928534433,0.));
#6406=DIRECTION('center_axis',(0.,0.,-1.));
#6407=DIRECTION('ref_axis',(-0.690981928534433,0.722872031855457,0.));
#6408=DIRECTION('center_axis',(0.,0.,-1.));
#6409=DIRECTION('ref_axis',(-0.690981928534433,0.722872031855457,0.));
#6410=DIRECTION('center_axis',(0.,0.,1.));
#6411=DIRECTION('ref_axis',(-1.,0.,0.));
#6412=DIRECTION('center_axis',(-1.,2.53765262771464E-16,0.));
#6413=DIRECTION('ref_axis',(2.53765262771464E-16,1.,0.));
#6414=DIRECTION('',(0.,0.,-1.));
#6415=DIRECTION('',(2.53765262771464E-16,1.,0.));
#6416=DIRECTION('',(0.,0.,-1.));
#6417=DIRECTION('center_axis',(0.,0.,-1.));
#6418=DIRECTION('ref_axis',(-1.,0.,0.));
#6419=DIRECTION('',(0.,0.,-1.));
#6420=DIRECTION('center_axis',(0.,0.,-1.));
#6421=DIRECTION('ref_axis',(-1.,0.,0.));
#6422=DIRECTION('center_axis',(1.,-2.53765262771464E-16,0.));
#6423=DIRECTION('ref_axis',(-2.53765262771464E-16,-1.,0.));
#6424=DIRECTION('',(0.,0.,-1.));
#6425=DIRECTION('',(-2.53765262771464E-16,-1.,0.));
#6426=DIRECTION('center_axis',(0.,0.,-1.));
#6427=DIRECTION('ref_axis',(1.,0.,0.));
#6428=DIRECTION('center_axis',(0.,0.,-1.));
#6429=DIRECTION('ref_axis',(1.,0.,0.));
#6430=DIRECTION('center_axis',(0.,0.,1.));
#6431=DIRECTION('ref_axis',(-1.,0.,0.));
#6432=DIRECTION('center_axis',(0.690981928534433,0.722872031855456,0.));
#6433=DIRECTION('ref_axis',(0.722872031855456,-0.690981928534433,0.));
#6434=DIRECTION('',(0.,0.,-1.));
#6435=DIRECTION('',(0.722872031855456,-0.690981928534433,0.));
#6436=DIRECTION('',(0.,0.,-1.));
#6437=DIRECTION('center_axis',(0.,0.,-1.));
#6438=DIRECTION('ref_axis',(0.690981928534433,0.722872031855456,0.));
#6439=DIRECTION('',(0.,0.,-1.));
#6440=DIRECTION('center_axis',(0.,0.,-1.));
#6441=DIRECTION('ref_axis',(0.690981928534433,0.722872031855456,0.));
#6442=DIRECTION('center_axis',(-0.690981928534433,-0.722872031855456,0.));
#6443=DIRECTION('ref_axis',(-0.722872031855456,0.690981928534433,0.));
#6444=DIRECTION('',(0.,0.,-1.));
#6445=DIRECTION('',(-0.722872031855456,0.690981928534433,0.));
#6446=DIRECTION('center_axis',(0.,0.,-1.));
#6447=DIRECTION('ref_axis',(-0.690981928534433,-0.722872031855456,0.));
#6448=DIRECTION('center_axis',(0.,0.,-1.));
#6449=DIRECTION('ref_axis',(-0.690981928534433,-0.722872031855456,0.));
#6450=DIRECTION('center_axis',(0.,0.,1.));
#6451=DIRECTION('ref_axis',(-1.,0.,0.));
#6452=DIRECTION('center_axis',(0.,0.,1.));
#6453=DIRECTION('ref_axis',(1.,0.,0.));
#6454=CARTESIAN_POINT('',(0.,0.,0.));
#6455=CARTESIAN_POINT('Origin',(337.496054565708,-121.547611969625,91.2394549187389));
#6456=CARTESIAN_POINT('',(342.496054565708,-130.207866007469,78.7394549187389));
#6457=CARTESIAN_POINT('',(346.156308603552,-116.547611969625,78.7394549187389));
#6458=CARTESIAN_POINT('Origin',(337.496054565708,-121.547611969625,78.7394549187389));
#6459=CARTESIAN_POINT('',(346.156308603552,-116.547611969625,103.739454918739));
#6460=CARTESIAN_POINT('',(346.156308603552,-116.547611969625,91.2394549187389));
#6461=CARTESIAN_POINT('',(342.496054565708,-130.207866007469,103.739454918739));
#6462=CARTESIAN_POINT('Origin',(337.496054565708,-121.547611969625,103.739454918739));
#6463=CARTESIAN_POINT('',(342.496054565708,-130.207866007469,91.2394549187389));
#6464=CARTESIAN_POINT('Origin',(0.,65.5712147090317,78.7394549187389));
#6465=CARTESIAN_POINT('',(170.142261130649,-229.716375043054,78.7394549187389));
#6466=CARTESIAN_POINT('',(168.333049127492,-230.760924080097,78.7394549187389));
#6467=CARTESIAN_POINT('',(163.289943948867,-230.88306972076,78.739454918739));
#6468=CARTESIAN_POINT('Origin',(165.142261130649,-221.056121005209,78.7394549187389));
#6469=CARTESIAN_POINT('',(161.437626767085,-230.710018436312,78.7394549187389));
#6470=CARTESIAN_POINT('Origin',(161.437626767085,-240.710018436312,78.7394549187389));
#6471=CARTESIAN_POINT('',(-161.437626767085,-230.710018436312,78.7394549187389));
#6472=CARTESIAN_POINT('',(167.193454148047,-230.710018436312,78.7394549187389));
#6473=CARTESIAN_POINT('',(-163.289943948867,-230.88306972076,78.739454918739));
#6474=CARTESIAN_POINT('Origin',(-161.437626767085,-240.710018436312,78.7394549187389));
#6475=CARTESIAN_POINT('',(-170.142261130649,-229.716375043054,78.7394549187389));
#6476=CARTESIAN_POINT('Origin',(-165.142261130649,-221.056121005209,78.7394549187389));
#6477=CARTESIAN_POINT('',(-342.496054565708,-130.207866007469,78.7394549187389));
#6478=CARTESIAN_POINT('',(-260.777575480003,-177.388051905368,78.7394549187389));
#6479=CARTESIAN_POINT('',(-346.156308603552,-116.547611969625,78.7394549187389));
#6480=CARTESIAN_POINT('Origin',(-337.496054565708,-121.547611969625,78.7394549187389));
#6481=CARTESIAN_POINT('',(-67.8386566297809,365.51270189222,78.7394549187389));
#6482=CARTESIAN_POINT('',(-211.025636176083,117.505578335698,78.7394549187389));
#6483=CARTESIAN_POINT('',(-59.1784025919365,370.51270189222,78.7394549187389));
#6484=CARTESIAN_POINT('Origin',(-59.1784025919365,360.51270189222,78.7394549187389));
#6485=CARTESIAN_POINT('',(59.1784025919368,370.51270189222,78.7394549187389));
#6486=CARTESIAN_POINT('',(64.951905283833,370.51270189222,78.7394549187389));
#6487=CARTESIAN_POINT('',(67.8386566297812,365.512701892219,78.7394549187389));
#6488=CARTESIAN_POINT('Origin',(59.1784025919368,360.51270189222,78.7394549187389));
#6489=CARTESIAN_POINT('',(353.349364905389,-129.00635094611,78.7394549187389));
#6490=CARTESIAN_POINT('',(-250.77141060819,-168.166843613286,78.7394549187389));
#6491=CARTESIAN_POINT('Origin',(-253.52141060819,-168.166843613286,78.7394549187389));
#6492=CARTESIAN_POINT('',(295.24255377849,-145.666843613286,78.7394549187389));
#6493=CARTESIAN_POINT('Origin',(292.49255377849,-145.666843613286,78.7394549187389));
#6494=CARTESIAN_POINT('',(178.329124267591,-213.166843613286,78.7394549187389));
#6495=CARTESIAN_POINT('Origin',(175.579124267591,-213.166843613286,78.7394549187389));
#6496=CARTESIAN_POINT('',(334.21369694879,-123.166843613286,78.7394549187389));
#6497=CARTESIAN_POINT('Origin',(331.46369694879,-123.166843613286,78.7394549187389));
#6498=CARTESIAN_POINT('',(-289.74255377849,-145.666843613286,78.7394549187389));
#6499=CARTESIAN_POINT('Origin',(-292.49255377849,-145.666843613286,78.7394549187389));
#6500=CARTESIAN_POINT('',(-211.800267437891,-190.666843613286,78.7394549187389));
#6501=CARTESIAN_POINT('Origin',(-214.550267437891,-190.666843613286,78.7394549187389));
#6502=CARTESIAN_POINT('',(256.27141060819,-168.166843613286,78.7394549187389));
#6503=CARTESIAN_POINT('Origin',(253.52141060819,-168.166843613286,78.7394549187389));
#6504=CARTESIAN_POINT('',(217.300267437891,-190.666843613286,78.7394549187389));
#6505=CARTESIAN_POINT('Origin',(214.550267437891,-190.666843613286,78.7394549187389));
#6506=CARTESIAN_POINT('',(-172.829124267591,-213.166843613286,78.7394549187389));
#6507=CARTESIAN_POINT('Origin',(-175.579124267591,-213.166843613286,78.7394549187389));
#6508=CARTESIAN_POINT('',(-328.71369694879,-123.166843613286,78.7394549187389));
#6509=CARTESIAN_POINT('Origin',(-331.46369694879,-123.166843613286,78.7394549187389));
#6510=CARTESIAN_POINT('',(-7.,333.000004962087,78.7394549187389));
#6511=CARTESIAN_POINT('Origin',(0.,333.000004962087,78.7394549187389));
#6512=CARTESIAN_POINT('Origin',(166.267255898531,-231.953610356928,103.739454918739));
#6513=CARTESIAN_POINT('',(170.142261130649,-229.716375043054,103.739454918739));
#6514=CARTESIAN_POINT('',(168.333049127492,-230.760924080097,103.739454918739));
#6515=CARTESIAN_POINT('',(170.142261130649,-229.716375043054,33.7394549187389));
#6516=CARTESIAN_POINT('Origin',(165.142261130649,-221.056121005209,33.7394549187389));
#6517=CARTESIAN_POINT('',(163.289943948867,-230.88306972076,103.739454918739));
#6518=CARTESIAN_POINT('Origin',(165.142261130649,-221.056121005209,103.739454918739));
#6519=CARTESIAN_POINT('',(163.289943948867,-230.88306972076,33.7394549187389));
#6520=CARTESIAN_POINT('Origin',(-165.142261130649,-221.056121005209,33.7394549187389));
#6521=CARTESIAN_POINT('',(-163.289943948867,-230.88306972076,103.739454918739));
#6522=CARTESIAN_POINT('',(-163.289943948867,-230.88306972076,33.7394549187389));
#6523=CARTESIAN_POINT('',(-170.142261130649,-229.716375043054,103.739454918739));
#6524=CARTESIAN_POINT('Origin',(-165.142261130649,-221.056121005209,103.739454918739));
#6525=CARTESIAN_POINT('',(-170.142261130649,-229.716375043054,33.7394549187389));
#6526=CARTESIAN_POINT('Origin',(-161.437626767085,-240.710018436312,33.7394549187389));
#6527=CARTESIAN_POINT('',(-161.437626767085,-230.710018436312,103.739454918739));
#6528=CARTESIAN_POINT('',(-161.437626767085,-230.710018436312,33.7394549187389));
#6529=CARTESIAN_POINT('Origin',(-161.437626767085,-240.710018436312,103.739454918739));
#6530=CARTESIAN_POINT('Origin',(-337.496054565708,-121.547611969625,91.2394549187389));
#6531=CARTESIAN_POINT('',(-342.496054565708,-130.207866007469,103.739454918739));
#6532=CARTESIAN_POINT('',(-346.156308603552,-116.547611969625,103.739454918739));
#6533=CARTESIAN_POINT('Origin',(-337.496054565708,-121.547611969625,103.739454918739));
#6534=CARTESIAN_POINT('',(-346.156308603552,-116.547611969625,91.2394549187389));
#6535=CARTESIAN_POINT('',(-342.496054565708,-130.207866007469,91.2394549187389));
#6536=CARTESIAN_POINT('Origin',(-64.9519052838328,370.51270189222,78.7394549187389));
#6537=CARTESIAN_POINT('',(-67.838656629781,365.51270189222,103.739454918739));
#6538=CARTESIAN_POINT('',(-122.854685765466,270.222144198524,103.739454918739));
#6539=CARTESIAN_POINT('',(-67.8386566297809,365.51270189222,78.7394549187389));
#6540=CARTESIAN_POINT('Origin',(-351.156308603552,-125.207866007469,103.739454918739));
#6541=CARTESIAN_POINT('',(-260.777575480003,-177.388051905368,103.739454918739));
#6542=CARTESIAN_POINT('Origin',(0.,65.5712147090317,103.739454918739));
#6543=CARTESIAN_POINT('',(67.8386566297812,365.51270189222,103.739454918739));
#6544=CARTESIAN_POINT('',(265.803416657716,22.6276794156554,103.739454918739));
#6545=CARTESIAN_POINT('',(59.1784025919368,370.51270189222,103.739454918739));
#6546=CARTESIAN_POINT('Origin',(59.1784025919368,360.51270189222,103.739454918739));
#6547=CARTESIAN_POINT('',(-59.1784025919365,370.51270189222,103.739454918739));
#6548=CARTESIAN_POINT('',(64.951905283833,370.51270189222,103.739454918739));
#6549=CARTESIAN_POINT('Origin',(-59.1784025919365,360.51270189222,103.739454918739));
#6550=CARTESIAN_POINT('',(161.437626767085,-230.710018436312,103.739454918739));
#6551=CARTESIAN_POINT('',(167.193454148047,-230.710018436312,103.739454918739));
#6552=CARTESIAN_POINT('Origin',(161.437626767085,-240.710018436312,103.739454918739));
#6553=CARTESIAN_POINT('',(8.51296395063425,346.02429809507,103.739454918739));
#6554=CARTESIAN_POINT('',(8.51296395063425,360.51270189222,103.739454918739));
#6555=CARTESIAN_POINT('',(8.51296395063425,205.797756402051,103.739454918739));
#6556=CARTESIAN_POINT('',(12.0736691355708,360.51270189222,103.739454918739));
#6557=CARTESIAN_POINT('',(4.25648197531713,360.51270189222,103.739454918739));
#6558=CARTESIAN_POINT('',(12.0736691355708,358.343533896767,103.739454918739));
#6559=CARTESIAN_POINT('',(12.0736691355708,213.041958300626,103.739454918739));
#6560=CARTESIAN_POINT('',(14.1609832644465,360.171636962257,103.739454918739));
#6561=CARTESIAN_POINT('Ctrl Pts',(12.0736691355708,358.343533896767,103.739454918739));
#6562=CARTESIAN_POINT('Ctrl Pts',(12.3605706382781,358.710692888933,103.739454918739));
#6563=CARTESIAN_POINT('Ctrl Pts',(12.9401449904857,359.452396689834,103.739454918739));
#6564=CARTESIAN_POINT('Ctrl Pts',(13.7513445568422,359.930303886504,103.739454918739));
#6565=CARTESIAN_POINT('Ctrl Pts',(14.1609832644465,360.171636962257,103.739454918739));
#6566=CARTESIAN_POINT('',(16.8758532404902,360.840124511085,103.739454918739));
#6567=CARTESIAN_POINT('Ctrl Pts',(14.1609832644465,360.171636962257,103.739454918739));
#6568=CARTESIAN_POINT('Ctrl Pts',(14.5941059693496,360.366612152362,103.739454918739));
#6569=CARTESIAN_POINT('Ctrl Pts',(15.4582037602677,360.755595757115,103.739454918739));
#6570=CARTESIAN_POINT('Ctrl Pts',(16.4040870429579,360.811994984429,103.739454918739));
#6571=CARTESIAN_POINT('Ctrl Pts',(16.8758532404902,360.840124511085,103.739454918739));
#6572=CARTESIAN_POINT('',(19.4952246546748,360.198923968636,103.739454918739));
#6573=CARTESIAN_POINT('Ctrl Pts',(16.8758532404902,360.840124511085,103.739454918739));
#6574=CARTESIAN_POINT('Ctrl Pts',(17.3447586510883,360.816224060287,103.739454918739));
#6575=CARTESIAN_POINT('Ctrl Pts',(18.2593699763836,360.769605653917,103.739454918739));
#6576=CARTESIAN_POINT('Ctrl Pts',(19.0902987126764,360.385906971616,103.739454918739));
#6577=CARTESIAN_POINT('Ctrl Pts',(19.4952246546748,360.198923968636,103.739454918739));
#6578=CARTESIAN_POINT('',(21.1732599139216,358.398103141151,103.739454918739));
#6579=CARTESIAN_POINT('Ctrl Pts',(19.4952246546748,360.198923968636,103.739454918739));
#6580=CARTESIAN_POINT('Ctrl Pts',(19.8540294996889,359.965844343092,103.739454918739));
#6581=CARTESIAN_POINT('Ctrl Pts',(20.5635297422265,359.504952989055,103.739454918739));
#6582=CARTESIAN_POINT('Ctrl Pts',(20.9715711341674,358.764230988448,103.739454918739));
#6583=CARTESIAN_POINT('Ctrl Pts',(21.1732599139216,358.398103141151,103.739454918739));
#6584=CARTESIAN_POINT('',(21.6916796565058,355.192101620995,103.739454918739));
#6585=CARTESIAN_POINT('Ctrl Pts',(21.1732599139216,358.398103141151,103.739454918739));
#6586=CARTESIAN_POINT('Ctrl Pts',(21.323903534483,357.941335537321,103.739454918739));
#6587=CARTESIAN_POINT('Ctrl Pts',(21.6665840837046,356.902291382885,103.739454918739));
#6588=CARTESIAN_POINT('Ctrl Pts',(21.6826669031864,355.806294354325,103.739454918739));
#6589=CARTESIAN_POINT('Ctrl Pts',(21.6916796565058,355.192101620995,103.739454918739));
#6590=CARTESIAN_POINT('',(21.6916796565058,346.02429809507,103.739454918739));
#6591=CARTESIAN_POINT('',(21.6916796565058,210.381658165013,103.739454918739));
#6592=CARTESIAN_POINT('',(17.8581187129023,346.02429809507,103.739454918739));
#6593=CARTESIAN_POINT('',(10.8458398282529,346.02429809507,103.739454918739));
#6594=CARTESIAN_POINT('',(17.8581187129023,352.681869887672,103.739454918739));
#6595=CARTESIAN_POINT('',(17.8581187129023,205.797756402051,103.739454918739));
#6596=CARTESIAN_POINT('',(17.6534792780879,356.433574580513,103.739454918739));
#6597=CARTESIAN_POINT('Ctrl Pts',(17.8581187129023,352.681869887672,103.739454918739));
#6598=CARTESIAN_POINT('Ctrl Pts',(17.8674220771727,353.505676600841,103.739454918739));
#6599=CARTESIAN_POINT('Ctrl Pts',(17.881609952827,354.762003545585,103.739454918739));
#6600=CARTESIAN_POINT('Ctrl Pts',(17.711904417823,356.00547883493,103.739454918739));
#6601=CARTESIAN_POINT('Ctrl Pts',(17.6534792780879,356.433574580513,103.739454918739));
#6602=CARTESIAN_POINT('',(16.8758532404902,357.52498092588,103.739454918739));
#6603=CARTESIAN_POINT('Ctrl Pts',(17.6534792780879,356.433574580513,103.739454918739));
#6604=CARTESIAN_POINT('Ctrl Pts',(17.5673428042531,356.648966692171,103.739454918739));
#6605=CARTESIAN_POINT('Ctrl Pts',(17.3965788533567,357.07597753138,103.739454918739));
#6606=CARTESIAN_POINT('Ctrl Pts',(17.0484028644561,357.376197449581,103.739454918739));
#6607=CARTESIAN_POINT('Ctrl Pts',(16.8758532404902,357.52498092588,103.739454918739));
#6608=CARTESIAN_POINT('',(15.4570266604426,357.920615100227,103.739454918739));
#6609=CARTESIAN_POINT('Ctrl Pts',(16.8758532404902,357.52498092588,103.739454918739));
#6610=CARTESIAN_POINT('Ctrl Pts',(16.6691269545037,357.640260458841,103.739454918739));
#6611=CARTESIAN_POINT('Ctrl Pts',(16.2290160998153,357.885685338107,103.739454918739));
#6612=CARTESIAN_POINT('Ctrl Pts',(15.7245420972119,357.908510983133,103.739454918739));
#6613=CARTESIAN_POINT('Ctrl Pts',(15.4570266604426,357.920615100227,103.739454918739));
#6614=CARTESIAN_POINT('',(13.6971351504328,357.388555430733,103.739454918739));
#6615=CARTESIAN_POINT('Ctrl Pts',(15.4570266604426,357.920615100227,103.739454918739));
#6616=CARTESIAN_POINT('Ctrl Pts',(15.1396087533614,357.899450296188,103.739454918739));
#6617=CARTESIAN_POINT('Ctrl Pts',(14.5117616628502,357.857586682507,103.739454918739));
#6618=CARTESIAN_POINT('Ctrl Pts',(13.966654747244,357.543734659426,103.739454918739));
#6619=CARTESIAN_POINT('Ctrl Pts',(13.6971351504328,357.388555430733,103.739454918739));
#6620=CARTESIAN_POINT('',(12.6330158114436,356.051582717262,103.739454918739));
#6621=CARTESIAN_POINT('Ctrl Pts',(13.6971351504328,357.388555430733,103.739454918739));
#6622=CARTESIAN_POINT('Ctrl Pts',(13.4600894333857,357.200969721624,103.739454918739));
#6623=CARTESIAN_POINT('Ctrl Pts',(13.0009078768353,356.837597208641,103.739454918739));
#6624=CARTESIAN_POINT('Ctrl Pts',(12.7529628629437,356.307853861835,103.739454918739));
#6625=CARTESIAN_POINT('Ctrl Pts',(12.6330158114436,356.051582717262,103.739454918739));
#6626=CARTESIAN_POINT('',(12.346522510052,352.136167907082,103.739454918739));
#6627=CARTESIAN_POINT('Ctrl Pts',(12.6330158114436,356.051582717262,103.739454918739));
#6628=CARTESIAN_POINT('Ctrl Pts',(12.5510035394555,355.592097396135,103.739454918739));
#6629=CARTESIAN_POINT('Ctrl Pts',(12.3202627392831,354.299339518634,103.739454918739));
#6630=CARTESIAN_POINT('Ctrl Pts',(12.3362303025794,352.983997510042,103.739454918739));
#6631=CARTESIAN_POINT('Ctrl Pts',(12.346522510052,352.136167907082,103.739454918739));
#6632=CARTESIAN_POINT('',(12.346522510052,346.02429809507,103.739454918739));
#6633=CARTESIAN_POINT('',(12.346522510052,208.853691308057,103.739454918739));
#6634=CARTESIAN_POINT('',(6.17326125502599,346.02429809507,103.739454918739));
#6635=CARTESIAN_POINT('',(-41.0231879353521,348.930164002739,103.739454918739));
#6636=CARTESIAN_POINT('',(-41.2414744496343,351.508609675728,103.739454918739));
#6637=CARTESIAN_POINT('Ctrl Pts',(-41.0231879353521,348.930164002739,103.739454918739));
#6638=CARTESIAN_POINT('Ctrl Pts',(-41.0865188059504,349.294289605889,103.739454918739));
#6639=CARTESIAN_POINT('Ctrl Pts',(-41.2347854145333,350.14675962197,103.739454918739));
#6640=CARTESIAN_POINT('Ctrl Pts',(-41.2390382042831,351.012603777662,103.739454918739));
#6641=CARTESIAN_POINT('Ctrl Pts',(-41.2414744496343,351.508609675728,103.739454918739));
#6642=CARTESIAN_POINT('',(-41.2414744496343,360.51270189222,103.739454918739));
#6643=CARTESIAN_POINT('',(-41.2414744496343,208.53991219238,103.739454918739));
#6644=CARTESIAN_POINT('',(-37.4079039692876,360.51270189222,103.739454918739));
#6645=CARTESIAN_POINT('',(-20.6207372248172,360.51270189222,103.739454918739));
#6646=CARTESIAN_POINT('',(-37.4079039692876,353.118430995308,103.739454918739));
#6647=CARTESIAN_POINT('',(-37.4079039692876,213.041958300626,103.739454918739));
#6648=CARTESIAN_POINT('',(-37.1623423695562,350.089781903587,103.739454918739));
#6649=CARTESIAN_POINT('Ctrl Pts',(-37.4079039692876,353.118430995308,103.739454918739));
#6650=CARTESIAN_POINT('Ctrl Pts',(-37.4147210555614,352.472247946084,103.739454918739));
#6651=CARTESIAN_POINT('Ctrl Pts',(-37.4254685837564,351.453503241724,103.739454918739));
#6652=CARTESIAN_POINT('Ctrl Pts',(-37.2328018605253,350.454956888531,103.739454918739));
#6653=CARTESIAN_POINT('Ctrl Pts',(-37.1623423695562,350.089781903587,103.739454918739));
#6654=CARTESIAN_POINT('',(-36.3574317097661,349.012020253502,103.739454918739));
#6655=CARTESIAN_POINT('Ctrl Pts',(-37.1623423695562,350.089781903587,103.739454918739));
#6656=CARTESIAN_POINT('Ctrl Pts',(-37.0696481450208,349.872483195999,103.739454918739));
#6657=CARTESIAN_POINT('Ctrl Pts',(-36.8884354277852,349.447674752417,103.739454918739));
#6658=CARTESIAN_POINT('Ctrl Pts',(-36.5316927778438,349.154990285006,103.739454918739));
#6659=CARTESIAN_POINT('Ctrl Pts',(-36.3574317097661,349.012020253502,103.739454918739));
#6660=CARTESIAN_POINT('',(-35.0341036915777,348.630028390251,103.739454918739));
#6661=CARTESIAN_POINT('Ctrl Pts',(-36.3574317097661,349.012020253502,103.739454918739));
#6662=CARTESIAN_POINT('Ctrl Pts',(-36.1608943917,348.900658087198,103.739454918739));
#6663=CARTESIAN_POINT('Ctrl Pts',(-35.7508391112287,348.668312165381,103.739454918739));
#6664=CARTESIAN_POINT('Ctrl Pts',(-35.2795213520301,348.643137152938,103.739454918739));
#6665=CARTESIAN_POINT('Ctrl Pts',(-35.0341036915777,348.630028390251,103.739454918739));
#6666=CARTESIAN_POINT('',(-33.2469275593755,349.175730370842,103.739454918739));
#6667=CARTESIAN_POINT('Ctrl Pts',(-35.0341036915777,348.630028390251,103.739454918739));
#6668=CARTESIAN_POINT('Ctrl Pts',(-34.7119392089603,348.651889713342,103.739454918739));
#6669=CARTESIAN_POINT('Ctrl Pts',(-34.0736724196147,348.695200994544,103.739454918739));
#6670=CARTESIAN_POINT('Ctrl Pts',(-33.5207586782502,349.016571356868,103.739454918739));
#6671=CARTESIAN_POINT('Ctrl Pts',(-33.2469275593755,349.175730370842,103.739454918739));
#6672=CARTESIAN_POINT('',(-32.1555235981939,350.621842765175,103.739454918739));
#6673=CARTESIAN_POINT('Ctrl Pts',(-33.2469275593755,349.175730370842,103.739454918739));
#6674=CARTESIAN_POINT('Ctrl Pts',(-33.0038069127669,349.37189408446,103.739454918739));
#6675=CARTESIAN_POINT('Ctrl Pts',(-32.5192235465946,349.762883800849,103.739454918739));
#6676=CARTESIAN_POINT('Ctrl Pts',(-32.2764800779151,350.33617692165,103.739454918739));
#6677=CARTESIAN_POINT('Ctrl Pts',(-32.1555235981939,350.621842765175,103.739454918739));
#6678=CARTESIAN_POINT('',(-31.8690302968023,353.950628661476,103.739454918739));
#6679=CARTESIAN_POINT('Ctrl Pts',(-32.1555235981939,350.621842765175,103.739454918739));
#6680=CARTESIAN_POINT('Ctrl Pts',(-32.0729346067476,351.048204114888,103.739454918739));
#6681=CARTESIAN_POINT('Ctrl Pts',(-31.8602870072147,352.145986228007,103.739454918739));
#6682=CARTESIAN_POINT('Ctrl Pts',(-31.8657121775252,353.265758420515,103.739454918739));
#6683=CARTESIAN_POINT('Ctrl Pts',(-31.8690302968023,353.950628661476,103.739454918739));
#6684=CARTESIAN_POINT('',(-31.8690302968023,360.51270189222,103.739454918739));
#6685=CARTESIAN_POINT('',(-31.8690302968023,209.760921685254,103.739454918739));
#6686=CARTESIAN_POINT('',(-28.0354693531988,360.51270189222,103.739454918739));
#6687=CARTESIAN_POINT('',(-15.9345151484011,360.51270189222,103.739454918739));
#6688=CARTESIAN_POINT('',(-28.0354693531988,346.02429809507,103.739454918739));
#6689=CARTESIAN_POINT('',(-28.0354693531988,213.041958300626,103.739454918739));
#6690=CARTESIAN_POINT('',(-31.5961745381353,346.02429809507,103.739454918739));
#6691=CARTESIAN_POINT('',(-14.0177346765994,346.02429809507,103.739454918739));
#6692=CARTESIAN_POINT('',(-31.5961745381353,348.152537965141,103.739454918739));
#6693=CARTESIAN_POINT('',(-31.5961745381353,205.797756402051,103.739454918739));
#6694=CARTESIAN_POINT('',(-36.3710692524907,345.696876668297,103.739454918739));
#6695=CARTESIAN_POINT('Ctrl Pts',(-31.5961745381353,348.152537965141,103.739454918739));
#6696=CARTESIAN_POINT('Ctrl Pts',(-32.2582601253461,347.436404285538,103.739454918739));
#6697=CARTESIAN_POINT('Ctrl Pts',(-33.5540235233454,346.034863717325,103.739454918739));
#6698=CARTESIAN_POINT('Ctrl Pts',(-35.4458794294448,345.807880254375,103.739454918739));
#6699=CARTESIAN_POINT('Ctrl Pts',(-36.3710692524907,345.696876668297,103.739454918739));
#6700=CARTESIAN_POINT('',(-38.6903098225591,346.160723590218,103.739454918739));
#6701=CARTESIAN_POINT('Ctrl Pts',(-36.3710692524907,345.696876668297,103.739454918739));
#6702=CARTESIAN_POINT('Ctrl Pts',(-36.7801417680597,345.714134409589,103.739454918739));
#6703=CARTESIAN_POINT('Ctrl Pts',(-37.577756244961,345.747783759692,103.739454918739));
#6704=CARTESIAN_POINT('Ctrl Pts',(-38.3258774971139,346.025459432394,103.739454918739));
#6705=CARTESIAN_POINT('Ctrl Pts',(-38.6903098225591,346.160723590218,103.739454918739));
#6706=CARTESIAN_POINT('',(-40.2728465199468,347.320341491066,103.739454918739));
#6707=CARTESIAN_POINT('Ctrl Pts',(-38.6903098225591,346.160723590218,103.739454918739));
#6708=CARTESIAN_POINT('Ctrl Pts',(-39.0119434748595,346.31272976551,103.739454918739));
#6709=CARTESIAN_POINT('Ctrl Pts',(-39.6151693917023,346.597818293407,103.739454918739));
#6710=CARTESIAN_POINT('Ctrl Pts',(-40.0635416076199,347.090399399353,103.739454918739));
#6711=CARTESIAN_POINT('Ctrl Pts',(-40.2728465199468,347.320341491066,103.739454918739));
#6712=CARTESIAN_POINT('Ctrl Pts',(-40.2728465199468,347.320341491066,103.739454918739));
#6713=CARTESIAN_POINT('Ctrl Pts',(-40.4408042253562,347.56596436291,103.739454918739));
#6714=CARTESIAN_POINT('Ctrl Pts',(-40.779454344526,348.061209368896,103.739454918739));
#6715=CARTESIAN_POINT('Ctrl Pts',(-40.9415071954907,348.638957291519,103.739454918739));
#6716=CARTESIAN_POINT('Ctrl Pts',(-41.0231879353521,348.930164002739,103.739454918739));
#6717=CARTESIAN_POINT('',(-4.91132289171194,340.512699508034,103.739454918739));
#6718=CARTESIAN_POINT('',(-8.74488383531546,340.512699508034,103.739454918739));
#6719=CARTESIAN_POINT('',(-2.45566144585597,340.512699508034,103.739454918739));
#6720=CARTESIAN_POINT('',(-8.74488383531546,360.51270189222,103.739454918739));
#6721=CARTESIAN_POINT('',(-8.74488383531546,203.041957108533,103.739454918739));
#6722=CARTESIAN_POINT('',(-5.18417388200735,360.51270189222,103.739454918739));
#6723=CARTESIAN_POINT('',(-4.37244191765773,360.51270189222,103.739454918739));
#6724=CARTESIAN_POINT('',(-5.18417388200735,358.384460830055,103.739454918739));
#6725=CARTESIAN_POINT('',(-5.18417388200735,213.041958300626,103.739454918739));
#6726=CARTESIAN_POINT('',(-3.08321982622122,360.239850901924,103.739454918739));
#6727=CARTESIAN_POINT('Ctrl Pts',(-5.18417388200735,358.384460830055,103.739454918739));
#6728=CARTESIAN_POINT('Ctrl Pts',(-4.88133470074557,358.768844412093,103.739454918739));
#6729=CARTESIAN_POINT('Ctrl Pts',(-4.29322612884658,359.515310832165,103.739454918739));
#6730=CARTESIAN_POINT('Ctrl Pts',(-3.47844134018611,360.003196082295,103.739454918739));
#6731=CARTESIAN_POINT('Ctrl Pts',(-3.08321982622122,360.239850901924,103.739454918739));
#6732=CARTESIAN_POINT('',(-0.654840767383327,360.840124511085,103.739454918739));
#6733=CARTESIAN_POINT('Ctrl Pts',(-3.08321982622122,360.239850901924,103.739454918739));
#6734=CARTESIAN_POINT('Ctrl Pts',(-2.6868663596175,360.414903495844,103.739454918739));
#6735=CARTESIAN_POINT('Ctrl Pts',(-1.91211676892464,360.757077683575,103.739454918739));
#6736=CARTESIAN_POINT('Ctrl Pts',(-1.06740646467118,360.81287331703,103.739454918739));
#6737=CARTESIAN_POINT('Ctrl Pts',(-0.654840767383327,360.840124511085,103.739454918739));
#6738=CARTESIAN_POINT('',(3.62892121076609,358.834666632973,103.739454918739));
#6739=CARTESIAN_POINT('Ctrl Pts',(-0.654840767383327,360.840124511085,103.739454918739));
#6740=CARTESIAN_POINT('Ctrl Pts',(0.153745075770786,360.749785849623,103.739454918739));
#6741=CARTESIAN_POINT('Ctrl Pts',(1.80547027251932,360.565248061037,103.739454918739));
#6742=CARTESIAN_POINT('Ctrl Pts',(3.01268605476406,359.41951654252,103.739454918739));
#6743=CARTESIAN_POINT('Ctrl Pts',(3.62892121076609,358.834666632973,103.739454918739));
#6744=CARTESIAN_POINT('',(5.40245503187204,353.213929557167,103.739454918739));
#6745=CARTESIAN_POINT('Ctrl Pts',(3.62892121076609,358.834666632973,103.739454918739));
#6746=CARTESIAN_POINT('Ctrl Pts',(4.14532597718855,358.053990812974,103.739454918739));
#6747=CARTESIAN_POINT('Ctrl Pts',(5.26798431532365,356.35681008249,103.739454918739));
#6748=CARTESIAN_POINT('Ctrl Pts',(5.35530204985261,354.315999901579,103.739454918739));
#6749=CARTESIAN_POINT('Ctrl Pts',(5.40245503187204,353.213929557167,103.739454918739));
#6750=CARTESIAN_POINT('',(3.66985291242624,347.620477103554,103.739454918739));
#6751=CARTESIAN_POINT('Ctrl Pts',(5.40245503187204,353.213929557167,103.739454918739));
#6752=CARTESIAN_POINT('Ctrl Pts',(5.36296814123772,352.099281922002,103.739454918739));
#6753=CARTESIAN_POINT('Ctrl Pts',(5.29100847987191,350.067983304152,103.739454918739));
#6754=CARTESIAN_POINT('Ctrl Pts',(4.17394356706784,348.381517578431,103.739454918739));
#6755=CARTESIAN_POINT('Ctrl Pts',(3.66985291242624,347.620477103554,103.739454918739));
#6756=CARTESIAN_POINT('',(-0.709414780139674,345.696875476204,103.739454918739));
#6757=CARTESIAN_POINT('Ctrl Pts',(3.66985291242624,347.620477103554,103.739454918739));
#6758=CARTESIAN_POINT('Ctrl Pts',(3.05148321783046,347.059432657814,103.739454918739));
#6759=CARTESIAN_POINT('Ctrl Pts',(1.80690096863968,345.930227969621,103.739454918739));
#6760=CARTESIAN_POINT('Ctrl Pts',(0.132873486869603,345.774985732191,103.739454918739));
#6761=CARTESIAN_POINT('Ctrl Pts',(-0.709414780139674,345.696875476204,103.739454918739));
#6762=CARTESIAN_POINT('',(-4.91132289171194,347.71597447332,103.739454918739));
#6763=CARTESIAN_POINT('Ctrl Pts',(-0.709414780139674,345.696875476204,103.739454918739));
#6764=CARTESIAN_POINT('Ctrl Pts',(-1.49963384904705,345.790354559293,103.739454918739));
#6765=CARTESIAN_POINT('Ctrl Pts',(-3.12729193341585,345.98289861612,103.739454918739));
#6766=CARTESIAN_POINT('Ctrl Pts',(-4.30525462390574,347.127216594503,103.739454918739));
#6767=CARTESIAN_POINT('Ctrl Pts',(-4.91132289171194,347.71597447332,103.739454918739));
#6768=CARTESIAN_POINT('',(-4.91132289171194,206.643594591176,103.739454918739));
#6769=CARTESIAN_POINT('',(43.1650750339031,-213.752311031221,103.739454918739));
#6770=CARTESIAN_POINT('',(43.1650750339031,-200.710018436312,103.739454918739));
#6771=CARTESIAN_POINT('',(43.1650750339031,-74.0905481610949,103.739454918739));
#6772=CARTESIAN_POINT('',(46.9167803227901,-200.710018436312,103.739454918739));
#6773=CARTESIAN_POINT('',(21.5825375169516,-200.710018436312,103.739454918739));
#6774=CARTESIAN_POINT('',(46.9167803227901,-220.710018436312,103.739454918739));
#6775=CARTESIAN_POINT('',(46.9167803227901,-67.5694018636401,103.739454918739));
#6776=CARTESIAN_POINT('',(42.9877220094204,-220.710018436312,103.739454918739));
#6777=CARTESIAN_POINT('',(23.4583901613951,-220.710018436312,103.739454918739));
#6778=CARTESIAN_POINT('',(34.8021833598614,-207.353947917818,103.739454918739));
#6779=CARTESIAN_POINT('',(-26.6540657549736,-107.077835114409,103.739454918739));
#6780=CARTESIAN_POINT('',(34.8021833598614,-220.710018436312,103.739454918739));
#6781=CARTESIAN_POINT('',(34.8021833598614,-70.8913666043932,103.739454918739));
#6782=CARTESIAN_POINT('',(31.0504774749279,-220.710018436312,103.739454918739));
#6783=CARTESIAN_POINT('',(17.4010916799307,-220.710018436312,103.739454918739));
#6784=CARTESIAN_POINT('',(31.0504774749279,-200.710018436312,103.739454918739));
#6785=CARTESIAN_POINT('',(31.0504774749279,-77.5694018636401,103.739454918739));
#6786=CARTESIAN_POINT('',(35.1023189723492,-200.710018436312,103.739454918739));
#6787=CARTESIAN_POINT('',(15.525238737464,-200.710018436312,103.739454918739));
#6788=CARTESIAN_POINT('',(-29.3000771541961,-96.5328750769984,103.739454918739));
#6789=CARTESIAN_POINT('',(5.75716063380241,-210.041533271669,103.739454918739));
#6790=CARTESIAN_POINT('',(6.0709385573864,-205.184779922365,103.739454918739));
#6791=CARTESIAN_POINT('Ctrl Pts',(5.75716063380241,-210.041533271669,103.739454918739));
#6792=CARTESIAN_POINT('Ctrl Pts',(5.84730129924255,-209.444448569881,103.739454918739));
#6793=CARTESIAN_POINT('Ctrl Pts',(6.09007514702885,-207.836333633079,103.739454918739));
#6794=CARTESIAN_POINT('Ctrl Pts',(6.07832557469715,-206.2083203508,103.739454918739));
#6795=CARTESIAN_POINT('Ctrl Pts',(6.0709385573864,-205.184779922365,103.739454918739));
#6796=CARTESIAN_POINT('',(6.0709385573864,-200.710018436312,103.739454918739));
#6797=CARTESIAN_POINT('',(6.0709385573864,-69.8067826066668,103.739454918739));
#6798=CARTESIAN_POINT('',(9.90449950098991,-200.710018436312,103.739454918739));
#6799=CARTESIAN_POINT('',(3.0354692786932,-200.710018436312,103.739454918739));
#6800=CARTESIAN_POINT('',(9.90449950098991,-215.198422233461,103.739454918739));
#6801=CARTESIAN_POINT('',(9.90449950098991,-67.5694018636401,103.739454918739));
#6802=CARTESIAN_POINT('',(6.34378954768181,-215.198422233461,103.739454918739));
#6803=CARTESIAN_POINT('',(4.95224975049496,-215.198422233461,103.739454918739));
#6804=CARTESIAN_POINT('',(6.34378954768181,-213.138395110964,103.739454918739));
#6805=CARTESIAN_POINT('',(6.34378954768181,-74.8136037622149,103.739454918739));
#6806=CARTESIAN_POINT('',(4.70668360590935,-215.061996738314,103.739454918739));
#6807=CARTESIAN_POINT('Ctrl Pts',(6.34378954768181,-213.138395110964,103.739454918739));
#6808=CARTESIAN_POINT('Ctrl Pts',(6.07718431698977,-213.56153260519,103.739454918739));
#6809=CARTESIAN_POINT('Ctrl Pts',(5.62256886893413,-214.283066991547,103.739454918739));
#6810=CARTESIAN_POINT('Ctrl Pts',(4.97464020435779,-214.834108624158,103.739454918739));
#6811=CARTESIAN_POINT('Ctrl Pts',(4.70668360590935,-215.061996738314,103.739454918739));
#6812=CARTESIAN_POINT('',(3.0422930419445,-215.525843660235,103.739454918739));
#6813=CARTESIAN_POINT('Ctrl Pts',(4.70668360590935,-215.061996738314,103.739454918739));
#6814=CARTESIAN_POINT('Ctrl Pts',(4.45063581563824,-215.197274472978,103.739454918739));
#6815=CARTESIAN_POINT('Ctrl Pts',(3.92975908596205,-215.472469287021,103.739454918739));
#6816=CARTESIAN_POINT('Ctrl Pts',(3.34142120207349,-215.507853362842,103.739454918739));
#6817=CARTESIAN_POINT('Ctrl Pts',(3.0422930419445,-215.525843660235,103.739454918739));
#6818=CARTESIAN_POINT('',(0.518417805433273,-214.802788059115,103.739454918739));
#6819=CARTESIAN_POINT('Ctrl Pts',(3.0422930419445,-215.525843660235,103.739454918739));
#6820=CARTESIAN_POINT('Ctrl Pts',(2.60581179441356,-215.493370709542,103.739454918739));
#6821=CARTESIAN_POINT('Ctrl Pts',(1.71497944714202,-215.427095342497,103.739454918739));
#6822=CARTESIAN_POINT('Ctrl Pts',(0.922570190020906,-215.013654986901,103.739454918739));
#6823=CARTESIAN_POINT('Ctrl Pts',(0.518417805433273,-214.802788059115,103.739454918739));
#6824=CARTESIAN_POINT('',(1.70531794428825,-211.460359851717,103.739454918739));
#6825=CARTESIAN_POINT('',(44.6956857459222,-90.3952312173951,103.739454918739));
#6826=CARTESIAN_POINT('',(3.50613638758659,-212.087918083071,103.739454918739));
#6827=CARTESIAN_POINT('Ctrl Pts',(1.70531794428825,-211.460359851717,103.739454918739));
#6828=CARTESIAN_POINT('Ctrl Pts',(2.00821817635783,-211.642973397405,103.739454918739));
#6829=CARTESIAN_POINT('Ctrl Pts',(2.56597527110673,-211.979235935102,103.739454918739));
#6830=CARTESIAN_POINT('Ctrl Pts',(3.21127741996873,-212.053832536044,103.739454918739));
#6831=CARTESIAN_POINT('Ctrl Pts',(3.50613638758659,-212.087918083071,103.739454918739));
#6832=CARTESIAN_POINT('',(4.87039610743523,-211.637713472246,103.739454918739));
#6833=CARTESIAN_POINT('Ctrl Pts',(3.50613638758659,-212.087918083071,103.739454918739));
#6834=CARTESIAN_POINT('Ctrl Pts',(3.76110348473834,-212.07160539455,103.739454918739));
#6835=CARTESIAN_POINT('Ctrl Pts',(4.25565663347674,-212.039964090387,103.739454918739));
#6836=CARTESIAN_POINT('Ctrl Pts',(4.66977611158845,-211.768987810009,103.739454918739));
#6837=CARTESIAN_POINT('Ctrl Pts',(4.87039610743523,-211.637713472246,103.739454918739));
#6838=CARTESIAN_POINT('Ctrl Pts',(4.87039610743523,-211.637713472246,103.739454918739));
#6839=CARTESIAN_POINT('Ctrl Pts',(5.05258713251993,-211.440738865393,103.739454918739));
#6840=CARTESIAN_POINT('Ctrl Pts',(5.47578145477246,-210.983205157519,103.739454918739));
#6841=CARTESIAN_POINT('Ctrl Pts',(5.65506254143079,-210.383217768428,103.739454918739));
#6842=CARTESIAN_POINT('Ctrl Pts',(5.75716063380241,-210.041533271669,103.739454918739));
#6843=CARTESIAN_POINT('',(-10.5866332352161,-220.710020820498,103.739454918739));
#6844=CARTESIAN_POINT('',(-14.4201941788197,-220.710020820498,103.739454918739));
#6845=CARTESIAN_POINT('',(-5.29331661760807,-220.710020820498,103.739454918739));
#6846=CARTESIAN_POINT('',(-14.4201941788197,-200.710018436312,103.739454918739));
#6847=CARTESIAN_POINT('',(-14.4201941788197,-77.569403055733,103.739454918739));
#6848=CARTESIAN_POINT('',(-10.8594842255116,-200.710018436312,103.739454918739));
#6849=CARTESIAN_POINT('',(-7.21009708940983,-200.710018436312,103.739454918739));
#6850=CARTESIAN_POINT('',(-10.8594842255116,-202.838259498476,103.739454918739));
#6851=CARTESIAN_POINT('',(-10.8594842255116,-67.5694018636401,103.739454918739));
#6852=CARTESIAN_POINT('',(-8.75852540135384,-200.982869426607,103.739454918739));
#6853=CARTESIAN_POINT('Ctrl Pts',(-10.8594842255116,-202.838259498476,103.739454918739));
#6854=CARTESIAN_POINT('Ctrl Pts',(-10.5566451538499,-202.453875746252,103.739454918739));
#6855=CARTESIAN_POINT('Ctrl Pts',(-9.96853597388665,-201.707407953733,103.739454918739));
#6856=CARTESIAN_POINT('Ctrl Pts',(-9.15374870434548,-201.219523978506,103.739454918739));
#6857=CARTESIAN_POINT('Ctrl Pts',(-8.75852540135384,-200.982869426607,103.739454918739));
#6858=CARTESIAN_POINT('',(-6.33015111088753,-200.382595817446,103.739454918739));
#6859=CARTESIAN_POINT('Ctrl Pts',(-8.75852540135384,-200.982869426607,103.739454918739));
#6860=CARTESIAN_POINT('Ctrl Pts',(-8.36217354233865,-200.807816828526,103.739454918739));
#6861=CARTESIAN_POINT('Ctrl Pts',(-7.58742578198033,-200.465642053199,103.739454918739));
#6862=CARTESIAN_POINT('Ctrl Pts',(-6.74271686327792,-200.409846849797,103.739454918739));
#6863=CARTESIAN_POINT('Ctrl Pts',(-6.33015111088753,-200.382595817446,103.739454918739));
#6864=CARTESIAN_POINT('',(-2.04638436436653,-202.388053695559,103.739454918739));
#6865=CARTESIAN_POINT('Ctrl Pts',(-6.33015111088753,-200.382595817446,103.739454918739));
#6866=CARTESIAN_POINT('Ctrl Pts',(-5.52156355555616,-200.472934170752,103.739454918739));
#6867=CARTESIAN_POINT('Ctrl Pts',(-3.86983651739827,-200.657471144832,103.739454918739));
#6868=CARTESIAN_POINT('Ctrl Pts',(-2.66261953860722,-201.803203778925,103.739454918739));
#6869=CARTESIAN_POINT('Ctrl Pts',(-2.04638436436653,-202.388053695559,103.739454918739));
#6870=CARTESIAN_POINT('',(-0.272850543260574,-208.008790771364,103.739454918739));
#6871=CARTESIAN_POINT('Ctrl Pts',(-2.04638436436653,-202.388053695559,103.739454918739));
#6872=CARTESIAN_POINT('Ctrl Pts',(-1.52997959794407,-203.168729515557,103.739454918739));
#6873=CARTESIAN_POINT('Ctrl Pts',(-0.40732125980897,-204.865910246041,103.739454918739));
#6874=CARTESIAN_POINT('Ctrl Pts',(-0.320003525279997,-206.906720426953,
103.739454918739));
#6875=CARTESIAN_POINT('Ctrl Pts',(-0.272850543260574,-208.008790771364,
103.739454918739));
#6876=CARTESIAN_POINT('',(-2.00545743107796,-213.602243224978,103.739454918739));
#6877=CARTESIAN_POINT('Ctrl Pts',(-0.272850543260574,-208.008790771364,
103.739454918739));
#6878=CARTESIAN_POINT('Ctrl Pts',(-0.312337068093562,-209.123438617534,
103.739454918739));
#6879=CARTESIAN_POINT('Ctrl Pts',(-0.384296090676521,-211.15473840585,103.739454918739));
#6880=CARTESIAN_POINT('Ctrl Pts',(-1.5013648179406,-212.841202932939,103.739454918739));
#6881=CARTESIAN_POINT('Ctrl Pts',(-2.00545743107796,-213.602243224978,103.739454918739));
#6882=CARTESIAN_POINT('',(-6.38472035527229,-215.525844852327,103.739454918739));
#6883=CARTESIAN_POINT('Ctrl Pts',(-2.00545743107796,-213.602243224978,103.739454918739));
#6884=CARTESIAN_POINT('Ctrl Pts',(-2.62382548136328,-214.163287669138,103.739454918739));
#6885=CARTESIAN_POINT('Ctrl Pts',(-3.86840540902249,-215.292493250514,103.739454918739));
#6886=CARTESIAN_POINT('Ctrl Pts',(-5.54243191766222,-215.447734854055,103.739454918739));
#6887=CARTESIAN_POINT('Ctrl Pts',(-6.38472035527229,-215.525844852327,103.739454918739));
#6888=CARTESIAN_POINT('',(-10.5866332352161,-213.506745855211,103.739454918739));
#6889=CARTESIAN_POINT('Ctrl Pts',(-6.38472035527229,-215.525844852327,103.739454918739));
#6890=CARTESIAN_POINT('Ctrl Pts',(-7.17494113923452,-215.432366078343,103.739454918739));
#6891=CARTESIAN_POINT('Ctrl Pts',(-8.80260107637703,-215.239822856911,103.739454918739));
#6892=CARTESIAN_POINT('Ctrl Pts',(-9.98056494927597,-214.095503744254,103.739454918739));
#6893=CARTESIAN_POINT('Ctrl Pts',(-10.5866332352161,-213.506745855211,103.739454918739));
#6894=CARTESIAN_POINT('',(-10.5866332352161,-73.9677655730898,103.739454918739));
#6895=CARTESIAN_POINT('',(-24.1473384201527,-203.247535983919,103.739454918739));
#6896=CARTESIAN_POINT('',(-25.6616635620594,-203.738668720125,103.739454918739));
#6897=CARTESIAN_POINT('Ctrl Pts',(-24.1473384201527,-203.247535983919,103.739454918739));
#6898=CARTESIAN_POINT('Ctrl Pts',(-24.4314414420557,-203.264807684732,103.739454918739));
#6899=CARTESIAN_POINT('Ctrl Pts',(-24.9794377564586,-203.298122460215,103.739454918739));
#6900=CARTESIAN_POINT('Ctrl Pts',(-25.4399156636534,-203.595475357336,103.739454918739));
#6901=CARTESIAN_POINT('Ctrl Pts',(-25.6616635620594,-203.738668720125,103.739454918739));
#6902=CARTESIAN_POINT('',(-26.5893597900867,-205.321205417513,103.739454918739));
#6903=CARTESIAN_POINT('Ctrl Pts',(-25.6616635620594,-203.738668720125,103.739454918739));
#6904=CARTESIAN_POINT('Ctrl Pts',(-25.8577723529311,-203.942403760786,103.739454918739));
#6905=CARTESIAN_POINT('Ctrl Pts',(-26.2923451773983,-204.393876189275,103.739454918739));
#6906=CARTESIAN_POINT('Ctrl Pts',(-26.4841243906729,-204.992642924111,103.739454918739));
#6907=CARTESIAN_POINT('Ctrl Pts',(-26.5893597900867,-205.321205417513,103.739454918739));
#6908=CARTESIAN_POINT('',(-30.4092784225941,-204.680004875063,103.739454918739));
#6909=CARTESIAN_POINT('',(-35.7715725621291,-203.779905621172,103.739454918739));
#6910=CARTESIAN_POINT('',(-28.0764003098011,-201.474002162813,103.739454918739));
#6911=CARTESIAN_POINT('Ctrl Pts',(-30.4092784225941,-204.680004875063,103.739454918739));
#6912=CARTESIAN_POINT('Ctrl Pts',(-30.1383437148822,-204.028598333438,103.739454918739));
#6913=CARTESIAN_POINT('Ctrl Pts',(-29.6157153975532,-202.772046496201,103.739454918739));
#6914=CARTESIAN_POINT('Ctrl Pts',(-28.5767552103817,-201.895931921411,103.739454918739));
#6915=CARTESIAN_POINT('Ctrl Pts',(-28.0764003098011,-201.474002162813,103.739454918739));
#6916=CARTESIAN_POINT('',(-24.1064114868641,-200.382595817446,103.739454918739));
#6917=CARTESIAN_POINT('Ctrl Pts',(-28.0764003098011,-201.474002162813,103.739454918739));
#6918=CARTESIAN_POINT('Ctrl Pts',(-27.4946667537855,-201.15596175336,103.739454918739));
#6919=CARTESIAN_POINT('Ctrl Pts',(-26.2598963229648,-200.480898591991,103.739454918739));
#6920=CARTESIAN_POINT('Ctrl Pts',(-24.8513524578607,-200.416601055418,103.739454918739));
#6921=CARTESIAN_POINT('Ctrl Pts',(-24.1064114868641,-200.382595817446,103.739454918739));
#6922=CARTESIAN_POINT('',(-18.5129590332508,-202.851901809572,103.739454918739));
#6923=CARTESIAN_POINT('Ctrl Pts',(-24.1064114868641,-200.382595817446,103.739454918739));
#6924=CARTESIAN_POINT('Ctrl Pts',(-22.9503248329556,-200.45765386752,103.739454918739));
#6925=CARTESIAN_POINT('Ctrl Pts',(-20.772244436817,-200.599064086975,103.739454918739));
#6926=CARTESIAN_POINT('Ctrl Pts',(-19.2344971740933,-202.132422836523,103.739454918739));
#6927=CARTESIAN_POINT('Ctrl Pts',(-18.5129590332508,-202.851901809572,103.739454918739));
#6928=CARTESIAN_POINT('',(-17.0804925262928,-207.845080654024,103.739454918739));
#6929=CARTESIAN_POINT('Ctrl Pts',(-18.5129590332508,-202.851901809572,103.739454918739));
#6930=CARTESIAN_POINT('Ctrl Pts',(-18.0955176095105,-203.580091766685,103.739454918739));
#6931=CARTESIAN_POINT('Ctrl Pts',(-17.2106790869352,-205.123614975361,103.739454918739));
#6932=CARTESIAN_POINT('Ctrl Pts',(-17.1254912083184,-206.904412369114,103.739454918739));
#6933=CARTESIAN_POINT('Ctrl Pts',(-17.0804925262928,-207.845080654024,103.739454918739));
#6934=CARTESIAN_POINT('',(-18.9631648361683,-213.479458848833,103.739454918739));
#6935=CARTESIAN_POINT('Ctrl Pts',(-17.0804925262928,-207.845080654024,103.739454918739));
#6936=CARTESIAN_POINT('Ctrl Pts',(-17.1335831631118,-208.951188377502,103.739454918739));
#6937=CARTESIAN_POINT('Ctrl Pts',(-17.2326015599631,-211.014170102449,103.739454918739));
#6938=CARTESIAN_POINT('Ctrl Pts',(-18.4148171146484,-212.698305402695,103.739454918739));
#6939=CARTESIAN_POINT('Ctrl Pts',(-18.9631648361683,-213.479458848833,103.739454918739));
#6940=CARTESIAN_POINT('',(-23.7244220077991,-215.525843660235,103.739454918739));
#6941=CARTESIAN_POINT('Ctrl Pts',(-18.9631648361683,-213.479458848833,103.739454918739));
#6942=CARTESIAN_POINT('Ctrl Pts',(-19.6368556754044,-214.076304724541,103.739454918739));
#6943=CARTESIAN_POINT('Ctrl Pts',(-20.9976314915747,-215.281862803028,103.739454918739));
#6944=CARTESIAN_POINT('Ctrl Pts',(-22.8095469316939,-215.443984784763,103.739454918739));
#6945=CARTESIAN_POINT('Ctrl Pts',(-23.7244220077991,-215.525843660235,103.739454918739));
#6946=CARTESIAN_POINT('',(-28.8267417252064,-213.383961479067,103.739454918739));
#6947=CARTESIAN_POINT('Ctrl Pts',(-23.7244220077991,-215.525843660235,103.739454918739));
#6948=CARTESIAN_POINT('Ctrl Pts',(-24.7328196160779,-215.450513892309,103.739454918739));
#6949=CARTESIAN_POINT('Ctrl Pts',(-26.6779113890964,-215.30521077908,103.739454918739));
#6950=CARTESIAN_POINT('Ctrl Pts',(-28.1282870584397,-214.008443327199,103.739454918739));
#6951=CARTESIAN_POINT('Ctrl Pts',(-28.8267417252064,-213.383961479067,103.739454918739));
#6952=CARTESIAN_POINT('',(-30.6139178574085,-206.849172870516,103.739454918739));
#6953=CARTESIAN_POINT('Ctrl Pts',(-28.8267417252064,-213.383961479067,103.739454918739));
#6954=CARTESIAN_POINT('Ctrl Pts',(-29.3650847966064,-212.507878076681,103.739454918739));
#6955=CARTESIAN_POINT('Ctrl Pts',(-30.5887508129644,-210.516520624625,103.739454918739));
#6956=CARTESIAN_POINT('Ctrl Pts',(-30.6048829424018,-208.165742852827,103.739454918739));
#6957=CARTESIAN_POINT('Ctrl Pts',(-30.6139178574085,-206.849172870516,103.739454918739));
#6958=CARTESIAN_POINT('',(-21.0095496475697,-206.849172870516,103.739454918739));
#6959=CARTESIAN_POINT('',(-15.3069589287043,-206.849172870516,103.739454918739));
#6960=CARTESIAN_POINT('',(-21.937245875597,-204.188872138857,103.739454918739));
#6961=CARTESIAN_POINT('Ctrl Pts',(-21.0095496475697,-206.849172870516,103.739454918739));
#6962=CARTESIAN_POINT('Ctrl Pts',(-21.0462142205314,-206.325972951526,103.739454918739));
#6963=CARTESIAN_POINT('Ctrl Pts',(-21.1145065425208,-205.351448105161,103.739454918739));
#6964=CARTESIAN_POINT('Ctrl Pts',(-21.6768237914565,-204.556862878992,103.739454918739));
#6965=CARTESIAN_POINT('Ctrl Pts',(-21.937245875597,-204.188872138857,103.739454918739));
#6966=CARTESIAN_POINT('Ctrl Pts',(-21.937245875597,-204.188872138857,103.739454918739));
#6967=CARTESIAN_POINT('Ctrl Pts',(-22.252443845529,-203.914318776302,103.739454918739));
#6968=CARTESIAN_POINT('Ctrl Pts',(-22.8869766837882,-203.361608603603,103.739454918739));
#6969=CARTESIAN_POINT('Ctrl Pts',(-23.7253957897988,-203.285725100434,103.739454918739));
#6970=CARTESIAN_POINT('Ctrl Pts',(-24.1473384201527,-203.247535983919,103.739454918739));
#6971=CARTESIAN_POINT('',(-46.6985030472279,-212.292556325792,103.739454918739));
#6972=CARTESIAN_POINT('',(-46.9167800247669,-209.714110652803,103.739454918739));
#6973=CARTESIAN_POINT('Ctrl Pts',(-46.6985030472279,-212.292556325792,103.739454918739));
#6974=CARTESIAN_POINT('Ctrl Pts',(-46.7618300572867,-211.92843062171,103.739454918739));
#6975=CARTESIAN_POINT('Ctrl Pts',(-46.9100877360034,-211.075959747147,103.739454918739));
#6976=CARTESIAN_POINT('Ctrl Pts',(-46.9143425935405,-210.210116373055,103.739454918739));
#6977=CARTESIAN_POINT('Ctrl Pts',(-46.9167800247669,-209.714110652803,103.739454918739));
#6978=CARTESIAN_POINT('',(-46.9167800247669,-200.710018436312,103.739454918739));
#6979=CARTESIAN_POINT('',(-46.9167800247669,-72.0714479718859,103.739454918739));
#6980=CARTESIAN_POINT('',(-43.0832190811634,-200.710018436312,103.739454918739));
#6981=CARTESIAN_POINT('',(-23.4583900123835,-200.710018436312,103.739454918739));
#6982=CARTESIAN_POINT('',(-43.0832190811634,-208.104289333223,103.739454918739));
#6983=CARTESIAN_POINT('',(-43.0832190811634,-67.5694018636401,103.739454918739));
#6984=CARTESIAN_POINT('',(-42.837657481432,-211.132938424944,103.739454918739));
#6985=CARTESIAN_POINT('Ctrl Pts',(-43.0832190811634,-208.104289333223,103.739454918739));
#6986=CARTESIAN_POINT('Ctrl Pts',(-43.0900361674372,-208.750472382447,103.739454918739));
#6987=CARTESIAN_POINT('Ctrl Pts',(-43.1007836956321,-209.769217086808,103.739454918739));
#6988=CARTESIAN_POINT('Ctrl Pts',(-42.9081169724011,-210.76776344,103.739454918739));
#6989=CARTESIAN_POINT('Ctrl Pts',(-42.837657481432,-211.132938424944,103.739454918739));
#6990=CARTESIAN_POINT('',(-42.0327468216419,-212.210700075029,103.739454918739));
#6991=CARTESIAN_POINT('Ctrl Pts',(-42.837657481432,-211.132938424944,103.739454918739));
#6992=CARTESIAN_POINT('Ctrl Pts',(-42.7449632568966,-211.350237132532,103.739454918739));
#6993=CARTESIAN_POINT('Ctrl Pts',(-42.563750539661,-211.775045576115,103.739454918739));
#6994=CARTESIAN_POINT('Ctrl Pts',(-42.2070078897195,-212.067730043526,103.739454918739));
#6995=CARTESIAN_POINT('Ctrl Pts',(-42.0327468216419,-212.210700075029,103.739454918739));
#6996=CARTESIAN_POINT('',(-40.7094092667103,-212.59269193828,103.739454918739));
#6997=CARTESIAN_POINT('Ctrl Pts',(-42.0327468216419,-212.210700075029,103.739454918739));
#6998=CARTESIAN_POINT('Ctrl Pts',(-41.8362094838997,-212.322062225202,103.739454918739));
#6999=CARTESIAN_POINT('Ctrl Pts',(-41.4261513817892,-212.554409688902,103.739454918739));
#7000=CARTESIAN_POINT('Ctrl Pts',(-40.9548302270626,-212.579583644224,103.739454918739));
#7001=CARTESIAN_POINT('Ctrl Pts',(-40.7094092667103,-212.59269193828,103.739454918739));
#7002=CARTESIAN_POINT('',(-38.9222331345081,-212.046989957689,103.739454918739));
#7003=CARTESIAN_POINT('Ctrl Pts',(-40.7094092667103,-212.59269193828,103.739454918739));
#7004=CARTESIAN_POINT('Ctrl Pts',(-40.3872447840929,-212.570830615189,103.739454918739));
#7005=CARTESIAN_POINT('Ctrl Pts',(-39.7489779947473,-212.527519333987,103.739454918739));
#7006=CARTESIAN_POINT('Ctrl Pts',(-39.1960642533828,-212.206148971663,103.739454918739));
#7007=CARTESIAN_POINT('Ctrl Pts',(-38.9222331345081,-212.046989957689,103.739454918739));
#7008=CARTESIAN_POINT('',(-37.8308291733265,-210.600877563356,103.739454918739));
#7009=CARTESIAN_POINT('Ctrl Pts',(-38.9222331345081,-212.046989957689,103.739454918739));
#7010=CARTESIAN_POINT('Ctrl Pts',(-38.6791124878995,-211.850826244071,103.739454918739));
#7011=CARTESIAN_POINT('Ctrl Pts',(-38.1945291217272,-211.459836527682,103.739454918739));
#7012=CARTESIAN_POINT('Ctrl Pts',(-37.9517856530477,-210.886543406881,103.739454918739));
#7013=CARTESIAN_POINT('Ctrl Pts',(-37.8308291733265,-210.600877563356,103.739454918739));
#7014=CARTESIAN_POINT('',(-37.5443358719349,-207.272091667055,103.739454918739));
#7015=CARTESIAN_POINT('Ctrl Pts',(-37.8308291733265,-210.600877563356,103.739454918739));
#7016=CARTESIAN_POINT('Ctrl Pts',(-37.7482401818802,-210.174516213643,103.739454918739));
#7017=CARTESIAN_POINT('Ctrl Pts',(-37.5355925823473,-209.076734100525,103.739454918739));
#7018=CARTESIAN_POINT('Ctrl Pts',(-37.5410177526578,-207.956961908016,103.739454918739));
#7019=CARTESIAN_POINT('Ctrl Pts',(-37.5443358719349,-207.272091667055,103.739454918739));
#7020=CARTESIAN_POINT('',(-37.5443358719349,-200.710018436312,103.739454918739));
#7021=CARTESIAN_POINT('',(-37.5443358719349,-70.8504384790118,103.739454918739));
#7022=CARTESIAN_POINT('',(-33.7107749283314,-200.710018436312,103.739454918739));
#7023=CARTESIAN_POINT('',(-18.7721679359674,-200.710018436312,103.739454918739));
#7024=CARTESIAN_POINT('',(-33.7107749283314,-215.198422233461,103.739454918739));
#7025=CARTESIAN_POINT('',(-33.7107749283314,-67.5694018636401,103.739454918739));
#7026=CARTESIAN_POINT('',(-37.2714896500111,-215.198422233461,103.739454918739));
#7027=CARTESIAN_POINT('',(-16.8553874641657,-215.198422233461,103.739454918739));
#7028=CARTESIAN_POINT('',(-37.2714896500111,-213.07018236339,103.739454918739));
#7029=CARTESIAN_POINT('',(-37.2714896500111,-74.8136037622149,103.739454918739));
#7030=CARTESIAN_POINT('',(-42.0463843643665,-215.525843660235,103.739454918739));
#7031=CARTESIAN_POINT('Ctrl Pts',(-37.2714896500111,-213.07018236339,103.739454918739));
#7032=CARTESIAN_POINT('Ctrl Pts',(-37.9335752372219,-213.786316042994,103.739454918739));
#7033=CARTESIAN_POINT('Ctrl Pts',(-39.2293386352211,-215.187856611206,103.739454918739));
#7034=CARTESIAN_POINT('Ctrl Pts',(-41.1211945413206,-215.414840074156,103.739454918739));
#7035=CARTESIAN_POINT('Ctrl Pts',(-42.0463843643665,-215.525843660235,103.739454918739));
#7036=CARTESIAN_POINT('',(-44.3656249344349,-215.061996738314,103.739454918739));
#7037=CARTESIAN_POINT('Ctrl Pts',(-42.0463843643665,-215.525843660235,103.739454918739));
#7038=CARTESIAN_POINT('Ctrl Pts',(-42.4554535494363,-215.508585266477,103.739454918739));
#7039=CARTESIAN_POINT('Ctrl Pts',(-43.2530676074823,-215.47493438789,103.739454918739));
#7040=CARTESIAN_POINT('Ctrl Pts',(-44.0011894157417,-215.197260911103,103.739454918739));
#7041=CARTESIAN_POINT('Ctrl Pts',(-44.3656249344349,-215.061996738314,103.739454918739));
#7042=CARTESIAN_POINT('',(-45.9481616318226,-213.902378837465,103.739454918739));
#7043=CARTESIAN_POINT('Ctrl Pts',(-44.3656249344349,-215.061996738314,103.739454918739));
#7044=CARTESIAN_POINT('Ctrl Pts',(-44.6872585867353,-214.909990563021,103.739454918739));
#7045=CARTESIAN_POINT('Ctrl Pts',(-45.290484503578,-214.624902035125,103.739454918739));
#7046=CARTESIAN_POINT('Ctrl Pts',(-45.7388567194957,-214.132320929178,103.739454918739));
#7047=CARTESIAN_POINT('Ctrl Pts',(-45.9481616318226,-213.902378837465,103.739454918739));
#7048=CARTESIAN_POINT('Ctrl Pts',(-45.9481616318226,-213.902378837465,103.739454918739));
#7049=CARTESIAN_POINT('Ctrl Pts',(-46.116119337232,-213.656755965621,103.739454918739));
#7050=CARTESIAN_POINT('Ctrl Pts',(-46.4547694564017,-213.161510959635,103.739454918739));
#7051=CARTESIAN_POINT('Ctrl Pts',(-46.6168223073665,-212.583763037012,103.739454918739));
#7052=CARTESIAN_POINT('Ctrl Pts',(-46.6985030472279,-212.292556325792,103.739454918739));
#7053=CARTESIAN_POINT('',(24.0109162032604,-201.283005039095,103.739454918739));
#7054=CARTESIAN_POINT('',(26.7530708014965,-203.916021148562,103.739454918739));
#7055=CARTESIAN_POINT('Ctrl Pts',(24.0109162032604,-201.283005039095,103.739454918739));
#7056=CARTESIAN_POINT('Ctrl Pts',(24.5744880348639,-201.616185142423,103.739454918739));
#7057=CARTESIAN_POINT('Ctrl Pts',(25.6953632412878,-202.278839477064,103.739454918739));
#7058=CARTESIAN_POINT('Ctrl Pts',(26.4018185572685,-203.372332365427,103.739454918739));
#7059=CARTESIAN_POINT('Ctrl Pts',(26.7530708014965,-203.916021148562,103.739454918739));
#7060=CARTESIAN_POINT('',(27.69440934062,-208.158858577608,103.739454918739));
#7061=CARTESIAN_POINT('Ctrl Pts',(26.7530708014965,-203.916021148562,103.739454918739));
#7062=CARTESIAN_POINT('Ctrl Pts',(27.0273618538983,-204.551683299877,103.739454918739));
#7063=CARTESIAN_POINT('Ctrl Pts',(27.610890094313,-205.903994333749,103.739454918739));
#7064=CARTESIAN_POINT('Ctrl Pts',(27.6654798412795,-207.377815925285,103.739454918739));
#7065=CARTESIAN_POINT('Ctrl Pts',(27.69440934062,-208.158858577608,103.739454918739));
#7066=CARTESIAN_POINT('',(26.7530708014965,-211.855994026064,103.739454918739));
#7067=CARTESIAN_POINT('Ctrl Pts',(27.69440934062,-208.158858577608,103.739454918739));
#7068=CARTESIAN_POINT('Ctrl Pts',(27.6529428119302,-208.794623507646,103.739454918739));
#7069=CARTESIAN_POINT('Ctrl Pts',(27.5687789832644,-210.085023556408,103.739454918739));
#7070=CARTESIAN_POINT('Ctrl Pts',(27.0276114531733,-211.259943382332,103.739454918739));
#7071=CARTESIAN_POINT('Ctrl Pts',(26.7530708014965,-211.855994026064,103.739454918739));
#7072=CARTESIAN_POINT('',(24.0927724540234,-214.584507505297,103.739454918739));
#7073=CARTESIAN_POINT('Ctrl Pts',(26.7530708014965,-211.855994026064,103.739454918739));
#7074=CARTESIAN_POINT('Ctrl Pts',(26.4092311330341,-212.415187840013,103.739454918739));
#7075=CARTESIAN_POINT('Ctrl Pts',(25.727044926068,-213.524641873058,103.739454918739));
#7076=CARTESIAN_POINT('Ctrl Pts',(24.6345977274825,-214.233120575736,103.739454918739));
#7077=CARTESIAN_POINT('Ctrl Pts',(24.0927724540234,-214.584507505297,103.739454918739));
#7078=CARTESIAN_POINT('',(20.2319245040417,-215.525843660235,103.739454918739));
#7079=CARTESIAN_POINT('Ctrl Pts',(24.0927724540234,-214.584507505297,103.739454918739));
#7080=CARTESIAN_POINT('Ctrl Pts',(23.491928402845,-214.859032872552,103.739454918739));
#7081=CARTESIAN_POINT('Ctrl Pts',(22.2657347423035,-215.419280185189,103.739454918739));
#7082=CARTESIAN_POINT('Ctrl Pts',(20.9188338832005,-215.489852372007,103.739454918739));
#7083=CARTESIAN_POINT('Ctrl Pts',(20.2319245040417,-215.525843660235,103.739454918739));
#7084=CARTESIAN_POINT('',(14.8431114852428,-213.383961479067,103.739454918739));
#7085=CARTESIAN_POINT('Ctrl Pts',(20.2319245040417,-215.525843660235,103.739454918739));
#7086=CARTESIAN_POINT('Ctrl Pts',(19.1949904521287,-215.446158160852,103.739454918739));
#7087=CARTESIAN_POINT('Ctrl Pts',(17.1731979780003,-215.290789029466,103.739454918739));
#7088=CARTESIAN_POINT('Ctrl Pts',(15.6063545041358,-214.008561819268,103.739454918739));
#7089=CARTESIAN_POINT('Ctrl Pts',(14.8431114852428,-213.383961479067,103.739454918739));
#7090=CARTESIAN_POINT('',(12.7421574294567,-207.995148460268,103.739454918739));
#7091=CARTESIAN_POINT('Ctrl Pts',(14.8431114852428,-213.383961479067,103.739454918739));
#7092=CARTESIAN_POINT('Ctrl Pts',(14.2304334309609,-212.614778316899,103.739454918739));
#7093=CARTESIAN_POINT('Ctrl Pts',(12.9746723787494,-211.038240279807,103.739454918739));
#7094=CARTESIAN_POINT('Ctrl Pts',(12.8209034489855,-209.025754744201,103.739454918739));
#7095=CARTESIAN_POINT('Ctrl Pts',(12.7421574294567,-207.995148460268,103.739454918739));
#7096=CARTESIAN_POINT('',(14.870398491621,-202.538121501803,103.739454918739));
#7097=CARTESIAN_POINT('Ctrl Pts',(12.7421574294567,-207.995148460268,103.739454918739));
#7098=CARTESIAN_POINT('Ctrl Pts',(12.8227514834152,-206.954181178677,103.739454918739));
#7099=CARTESIAN_POINT('Ctrl Pts',(12.980463478922,-204.917144707954,103.739454918739));
#7100=CARTESIAN_POINT('Ctrl Pts',(14.2497455217862,-203.31939059745,103.739454918739));
#7101=CARTESIAN_POINT('Ctrl Pts',(14.870398491621,-202.538121501803,103.739454918739));
#7102=CARTESIAN_POINT('',(20.2046398818493,-200.382595817446,103.739454918739));
#7103=CARTESIAN_POINT('Ctrl Pts',(14.870398491621,-202.538121501803,103.739454918739));
#7104=CARTESIAN_POINT('Ctrl Pts',(15.6306856405424,-201.909483775922,103.739454918739));
#7105=CARTESIAN_POINT('Ctrl Pts',(17.1792294289277,-200.629081960716,103.739454918739));
#7106=CARTESIAN_POINT('Ctrl Pts',(19.1840992108541,-200.465741274222,103.739454918739));
#7107=CARTESIAN_POINT('Ctrl Pts',(20.2046398818493,-200.382595817446,103.739454918739));
#7108=CARTESIAN_POINT('Ctrl Pts',(20.2046398818493,-200.382595817446,103.739454918739));
#7109=CARTESIAN_POINT('Ctrl Pts',(20.8624995871085,-200.420765289604,103.739454918739));
#7110=CARTESIAN_POINT('Ctrl Pts',(22.1839993594147,-200.497439614482,103.739454918739));
#7111=CARTESIAN_POINT('Ctrl Pts',(23.400170706795,-201.020387423587,103.739454918739));
#7112=CARTESIAN_POINT('Ctrl Pts',(24.0109162032604,-201.283005039095,103.739454918739));
#7113=CARTESIAN_POINT('',(-18.47203284502,357.975184344612,103.739454918739));
#7114=CARTESIAN_POINT('',(-19.9863579869268,357.484051608406,103.739454918739));
#7115=CARTESIAN_POINT('Ctrl Pts',(-18.47203284502,357.975184344612,103.739454918739));
#7116=CARTESIAN_POINT('Ctrl Pts',(-18.7561358669231,357.957912643799,103.739454918739));
#7117=CARTESIAN_POINT('Ctrl Pts',(-19.304132181326,357.924597868316,103.739454918739));
#7118=CARTESIAN_POINT('Ctrl Pts',(-19.7646100885208,357.627244971195,103.739454918739));
#7119=CARTESIAN_POINT('Ctrl Pts',(-19.9863579869268,357.484051608406,103.739454918739));
#7120=CARTESIAN_POINT('',(-20.9140542149541,355.901514911018,103.739454918739));
#7121=CARTESIAN_POINT('Ctrl Pts',(-19.9863579869268,357.484051608406,103.739454918739));
#7122=CARTESIAN_POINT('Ctrl Pts',(-20.1824667777985,357.280316567745,103.739454918739));
#7123=CARTESIAN_POINT('Ctrl Pts',(-20.6170396022657,356.828844139257,103.739454918739));
#7124=CARTESIAN_POINT('Ctrl Pts',(-20.8088188155402,356.230077404421,103.739454918739));
#7125=CARTESIAN_POINT('Ctrl Pts',(-20.9140542149541,355.901514911018,103.739454918739));
#7126=CARTESIAN_POINT('',(-24.7339728474615,356.542715453468,103.739454918739));
#7127=CARTESIAN_POINT('',(12.9556633939327,350.216241638799,103.739454918739));
#7128=CARTESIAN_POINT('',(-22.4010947346685,359.748718165718,103.739454918739));
#7129=CARTESIAN_POINT('Ctrl Pts',(-24.7339728474615,356.542715453468,103.739454918739));
#7130=CARTESIAN_POINT('Ctrl Pts',(-24.4630381397496,357.194121995093,103.739454918739));
#7131=CARTESIAN_POINT('Ctrl Pts',(-23.9404098224206,358.45067383233,103.739454918739));
#7132=CARTESIAN_POINT('Ctrl Pts',(-22.901449635249,359.32678840712,103.739454918739));
#7133=CARTESIAN_POINT('Ctrl Pts',(-22.4010947346685,359.748718165718,103.739454918739));
#7134=CARTESIAN_POINT('',(-18.4311059117315,360.840124511085,103.739454918739));
#7135=CARTESIAN_POINT('Ctrl Pts',(-22.4010947346685,359.748718165718,103.739454918739));
#7136=CARTESIAN_POINT('Ctrl Pts',(-21.8193611786529,360.066758575171,103.739454918739));
#7137=CARTESIAN_POINT('Ctrl Pts',(-20.5845907478322,360.74182173654,103.739454918739));
#7138=CARTESIAN_POINT('Ctrl Pts',(-19.1760468827281,360.806119273113,103.739454918739));
#7139=CARTESIAN_POINT('Ctrl Pts',(-18.4311059117315,360.840124511085,103.739454918739));
#7140=CARTESIAN_POINT('',(-12.8376534581182,358.370818518959,103.739454918739));
#7141=CARTESIAN_POINT('Ctrl Pts',(-18.4311059117315,360.840124511085,103.739454918739));
#7142=CARTESIAN_POINT('Ctrl Pts',(-17.275019257823,360.765066461011,103.739454918739));
#7143=CARTESIAN_POINT('Ctrl Pts',(-15.0969388616844,360.623656241556,103.739454918739));
#7144=CARTESIAN_POINT('Ctrl Pts',(-13.5591915989606,359.090297492008,103.739454918739));
#7145=CARTESIAN_POINT('Ctrl Pts',(-12.8376534581182,358.370818518959,103.739454918739));
#7146=CARTESIAN_POINT('',(-11.4051869511602,353.377639674507,103.739454918739));
#7147=CARTESIAN_POINT('Ctrl Pts',(-12.8376534581182,358.370818518959,103.739454918739));
#7148=CARTESIAN_POINT('Ctrl Pts',(-12.4202120343778,357.642628561846,103.739454918739));
#7149=CARTESIAN_POINT('Ctrl Pts',(-11.5353735118026,356.099105353171,103.739454918739));
#7150=CARTESIAN_POINT('Ctrl Pts',(-11.4501856331858,354.318307959417,103.739454918739));
#7151=CARTESIAN_POINT('Ctrl Pts',(-11.4051869511602,353.377639674507,103.739454918739));
#7152=CARTESIAN_POINT('',(-13.2878592610357,347.743261479698,103.739454918739));
#7153=CARTESIAN_POINT('Ctrl Pts',(-11.4051869511602,353.377639674507,103.739454918739));
#7154=CARTESIAN_POINT('Ctrl Pts',(-11.4582775879792,352.27153195103,103.739454918739));
#7155=CARTESIAN_POINT('Ctrl Pts',(-11.5572959848305,350.208550226082,103.739454918739));
#7156=CARTESIAN_POINT('Ctrl Pts',(-12.7395115395158,348.524414925836,103.739454918739));
#7157=CARTESIAN_POINT('Ctrl Pts',(-13.2878592610357,347.743261479698,103.739454918739));
#7158=CARTESIAN_POINT('',(-18.0491164326665,345.696876668297,103.739454918739));
#7159=CARTESIAN_POINT('Ctrl Pts',(-13.2878592610357,347.743261479698,103.739454918739));
#7160=CARTESIAN_POINT('Ctrl Pts',(-13.9615501002718,347.146415603991,103.739454918739));
#7161=CARTESIAN_POINT('Ctrl Pts',(-15.3223259164421,345.940857525503,103.739454918739));
#7162=CARTESIAN_POINT('Ctrl Pts',(-17.1342413565612,345.778735543768,103.739454918739));
#7163=CARTESIAN_POINT('Ctrl Pts',(-18.0491164326665,345.696876668297,103.739454918739));
#7164=CARTESIAN_POINT('',(-23.1514361500738,347.838758849464,103.739454918739));
#7165=CARTESIAN_POINT('Ctrl Pts',(-18.0491164326665,345.696876668297,103.739454918739));
#7166=CARTESIAN_POINT('Ctrl Pts',(-19.0575140409453,345.772206436222,103.739454918739));
#7167=CARTESIAN_POINT('Ctrl Pts',(-21.0026058139638,345.917509549451,103.739454918739));
#7168=CARTESIAN_POINT('Ctrl Pts',(-22.452981483307,347.214277001332,103.739454918739));
#7169=CARTESIAN_POINT('Ctrl Pts',(-23.1514361500738,347.838758849464,103.739454918739));
#7170=CARTESIAN_POINT('',(-24.9386075139043,354.373547458015,103.739454918739));
#7171=CARTESIAN_POINT('Ctrl Pts',(-23.1514361500738,347.838758849464,103.739454918739));
#7172=CARTESIAN_POINT('Ctrl Pts',(-23.6897772678588,348.714842419623,103.739454918739));
#7173=CARTESIAN_POINT('Ctrl Pts',(-24.9134393349858,350.706201052689,103.739454918739));
#7174=CARTESIAN_POINT('Ctrl Pts',(-24.9295721897968,353.056977693705,103.739454918739));
#7175=CARTESIAN_POINT('Ctrl Pts',(-24.9386075139043,354.373547458015,103.739454918739));
#7176=CARTESIAN_POINT('',(-15.334244072437,354.373547458015,103.739454918739));
#7177=CARTESIAN_POINT('',(-12.4693037569522,354.373547458015,103.739454918739));
#7178=CARTESIAN_POINT('',(-16.2619403004644,357.033848189674,103.739454918739));
#7179=CARTESIAN_POINT('Ctrl Pts',(-15.334244072437,354.373547458015,103.739454918739));
#7180=CARTESIAN_POINT('Ctrl Pts',(-15.3709086453988,354.896747377006,103.739454918739));
#7181=CARTESIAN_POINT('Ctrl Pts',(-15.4392009673882,355.87127222337,103.739454918739));
#7182=CARTESIAN_POINT('Ctrl Pts',(-16.0015182163239,356.66585744954,103.739454918739));
#7183=CARTESIAN_POINT('Ctrl Pts',(-16.2619403004644,357.033848189674,103.739454918739));
#7184=CARTESIAN_POINT('Ctrl Pts',(-16.2619403004644,357.033848189674,103.739454918739));
#7185=CARTESIAN_POINT('Ctrl Pts',(-16.5771382703963,357.308401552229,103.739454918739));
#7186=CARTESIAN_POINT('Ctrl Pts',(-17.2116711086556,357.861111724928,103.739454918739));
#7187=CARTESIAN_POINT('Ctrl Pts',(-18.0500902146662,357.936995228097,103.739454918739));
#7188=CARTESIAN_POINT('Ctrl Pts',(-18.47203284502,357.975184344612,103.739454918739));
#7189=CARTESIAN_POINT('',(10.5184170603755,340.171636962257,103.739454918739));
#7190=CARTESIAN_POINT('',(10.5184170603755,343.45949592527,103.739454918739));
#7191=CARTESIAN_POINT('',(10.5184170603755,202.871425835645,103.739454918739));
#7192=CARTESIAN_POINT('',(13.8199183344843,343.45949592527,103.739454918739));
#7193=CARTESIAN_POINT('',(5.25920853018773,343.45949592527,103.739454918739));
#7194=CARTESIAN_POINT('',(13.8199183344843,340.171636962257,103.739454918739));
#7195=CARTESIAN_POINT('',(13.8199183344843,204.515355317151,103.739454918739));
#7196=CARTESIAN_POINT('',(6.90995916724217,340.171636962257,103.739454918739));
#7197=CARTESIAN_POINT('',(16.3983628153803,340.171636962257,103.739454918739));
#7198=CARTESIAN_POINT('',(16.3983628153803,343.45949592527,103.739454918739));
#7199=CARTESIAN_POINT('',(16.3983628153803,202.871425835645,103.739454918739));
#7200=CARTESIAN_POINT('',(19.686221778393,343.45949592527,103.739454918739));
#7201=CARTESIAN_POINT('',(8.19918140769017,343.45949592527,103.739454918739));
#7202=CARTESIAN_POINT('',(19.686221778393,340.171636962257,103.739454918739));
#7203=CARTESIAN_POINT('',(19.686221778393,204.515355317151,103.739454918739));
#7204=CARTESIAN_POINT('',(9.84311088919652,340.171636962257,103.739454918739));
#7205=CARTESIAN_POINT('',(32.9877230525019,360.867409133278,103.739454918739));
#7206=CARTESIAN_POINT('',(38.8130971789363,359.121159934364,103.739454918739));
#7207=CARTESIAN_POINT('Ctrl Pts',(32.9877230525019,360.867409133278,103.739454918739));
#7208=CARTESIAN_POINT('Ctrl Pts',(34.1385529286409,360.826387866301,103.739454918739));
#7209=CARTESIAN_POINT('Ctrl Pts',(36.2418290808957,360.751416704745,103.739454918739));
#7210=CARTESIAN_POINT('Ctrl Pts',(38.0116517655254,359.629299016516,103.739454918739));
#7211=CARTESIAN_POINT('Ctrl Pts',(38.8130971789363,359.121159934364,103.739454918739));
#7212=CARTESIAN_POINT('',(41.2414738535884,354.005199097954,103.739454918739));
#7213=CARTESIAN_POINT('Ctrl Pts',(38.8130971789363,359.121159934364,103.739454918739));
#7214=CARTESIAN_POINT('Ctrl Pts',(39.425618674735,358.436453210195,103.739454918739));
#7215=CARTESIAN_POINT('Ctrl Pts',(40.7330622740197,356.974928300389,103.739454918739));
#7216=CARTESIAN_POINT('Ctrl Pts',(41.0650293390715,355.03584522882,103.739454918739));
#7217=CARTESIAN_POINT('Ctrl Pts',(41.2414738535884,354.005199097954,103.739454918739));
#7218=CARTESIAN_POINT('',(37.3124155402186,353.623207234703,103.739454918739));
#7219=CARTESIAN_POINT('',(6.92401172520291,350.668778445745,103.739454918739));
#7220=CARTESIAN_POINT('',(35.8799454569819,356.529073142372,103.739454918739));
#7221=CARTESIAN_POINT('Ctrl Pts',(37.3124155402186,353.623207234703,103.739454918739));
#7222=CARTESIAN_POINT('Ctrl Pts',(37.1836816966616,354.220593665198,103.739454918739));
#7223=CARTESIAN_POINT('Ctrl Pts',(36.9481848492117,355.313411351704,103.739454918739));
#7224=CARTESIAN_POINT('Ctrl Pts',(36.2131672647507,356.149865052436,103.739454918739));
#7225=CARTESIAN_POINT('Ctrl Pts',(35.8799454569819,356.529073142372,103.739454918739));
#7226=CARTESIAN_POINT('',(32.9467949271205,357.456766986214,103.739454918739));
#7227=CARTESIAN_POINT('Ctrl Pts',(35.8799454569819,356.529073142372,103.739454918739));
#7228=CARTESIAN_POINT('Ctrl Pts',(35.466259811975,356.799310133507,103.739454918739));
#7229=CARTESIAN_POINT('Ctrl Pts',(34.5779860268698,357.379568206002,103.739454918739));
#7230=CARTESIAN_POINT('Ctrl Pts',(33.514823085996,357.429884126813,103.739454918739));
#7231=CARTESIAN_POINT('Ctrl Pts',(32.9467949271205,357.456766986214,103.739454918739));
#7232=CARTESIAN_POINT('',(30.0136420130732,356.638214015327,103.739454918739));
#7233=CARTESIAN_POINT('Ctrl Pts',(32.9467949271205,357.456766986214,103.739454918739));
#7234=CARTESIAN_POINT('Ctrl Pts',(32.3614102187512,357.441146938218,103.739454918739));
#7235=CARTESIAN_POINT('Ctrl Pts',(31.3101142143489,357.413094797786,103.739454918739));
#7236=CARTESIAN_POINT('Ctrl Pts',(30.411768915965,356.876168123196,103.739454918739));
#7237=CARTESIAN_POINT('Ctrl Pts',(30.0136420130732,356.638214015327,103.739454918739));
#7238=CARTESIAN_POINT('',(29.0177342295649,354.700970076881,103.739454918739));
#7239=CARTESIAN_POINT('Ctrl Pts',(30.0136420130732,356.638214015327,103.739454918739));
#7240=CARTESIAN_POINT('Ctrl Pts',(29.7233550091365,356.358754982497,103.739454918739));
#7241=CARTESIAN_POINT('Ctrl Pts',(29.168482873477,355.824580085677,103.739454918739));
#7242=CARTESIAN_POINT('Ctrl Pts',(29.066407725297,355.063759588935,103.739454918739));
#7243=CARTESIAN_POINT('Ctrl Pts',(29.0177342295649,354.700970076881,103.739454918739));
#7244=CARTESIAN_POINT('',(29.44065541029,353.500424050652,103.739454918739));
#7245=CARTESIAN_POINT('Ctrl Pts',(29.0177342295649,354.700970076881,103.739454918739));
#7246=CARTESIAN_POINT('Ctrl Pts',(29.0335388235071,354.475740399267,103.739454918739));
#7247=CARTESIAN_POINT('Ctrl Pts',(29.0643823766109,354.036192028239,103.739454918739));
#7248=CARTESIAN_POINT('Ctrl Pts',(29.3173240034483,353.676033282518,103.739454918739));
#7249=CARTESIAN_POINT('Ctrl Pts',(29.44065541029,353.500424050652,103.739454918739));
#7250=CARTESIAN_POINT('',(30.8867689967158,352.627300643288,103.739454918739));
#7251=CARTESIAN_POINT('Ctrl Pts',(29.44065541029,353.500424050652,103.739454918739));
#7252=CARTESIAN_POINT('Ctrl Pts',(29.6219325558087,353.331692056356,103.739454918739));
#7253=CARTESIAN_POINT('Ctrl Pts',(30.0414500175691,352.941206991279,103.739454918739));
#7254=CARTESIAN_POINT('Ctrl Pts',(30.580593885372,352.740997736833,103.739454918739));
#7255=CARTESIAN_POINT('Ctrl Pts',(30.8867689967158,352.627300643288,103.739454918739));
#7256=CARTESIAN_POINT('',(34.120055139065,351.754176043831,103.739454918739));
#7257=CARTESIAN_POINT('Ctrl Pts',(30.8867689967158,352.627300643288,103.739454918739));
#7258=CARTESIAN_POINT('Ctrl Pts',(31.2737915340681,352.511237357413,103.739454918739));
#7259=CARTESIAN_POINT('Ctrl Pts',(32.3433806133911,352.190480783566,103.739454918739));
#7260=CARTESIAN_POINT('Ctrl Pts',(33.4279370575095,351.924142120946,103.739454918739));
#7261=CARTESIAN_POINT('Ctrl Pts',(34.120055139065,351.754176043831,103.739454918739));
#7262=CARTESIAN_POINT('',(38.6766716837885,349.776003980003,103.739454918739));
#7263=CARTESIAN_POINT('Ctrl Pts',(34.120055139065,351.754176043831,103.739454918739));
#7264=CARTESIAN_POINT('Ctrl Pts',(35.0675460086939,351.513498041372,103.739454918739));
#7265=CARTESIAN_POINT('Ctrl Pts',(36.698305358907,351.099258795928,103.739454918739));
#7266=CARTESIAN_POINT('Ctrl Pts',(38.0925147713909,350.166724564894,103.739454918739));
#7267=CARTESIAN_POINT('Ctrl Pts',(38.6766716837885,349.776003980003,103.739454918739));
#7268=CARTESIAN_POINT('',(40.5184182524684,345.751448296867,103.739454918739));
#7269=CARTESIAN_POINT('Ctrl Pts',(38.6766716837885,349.776003980003,103.739454918739));
#7270=CARTESIAN_POINT('Ctrl Pts',(39.213826584222,349.200365310507,103.739454918739));
#7271=CARTESIAN_POINT('Ctrl Pts',(40.275691138848,348.062424841348,103.739454918739));
#7272=CARTESIAN_POINT('Ctrl Pts',(40.4381438731529,346.515731301571,103.739454918739));
#7273=CARTESIAN_POINT('Ctrl Pts',(40.5184182524684,345.751448296867,103.739454918739));
#7274=CARTESIAN_POINT('',(39.6589371562007,342.900151633583,103.739454918739));
#7275=CARTESIAN_POINT('Ctrl Pts',(40.5184182524684,345.751448296867,103.739454918739));
#7276=CARTESIAN_POINT('Ctrl Pts',(40.4813955831849,345.248797093954,103.739454918739));
#7277=CARTESIAN_POINT('Ctrl Pts',(40.4067106620448,344.234811171895,103.739454918739));
#7278=CARTESIAN_POINT('Ctrl Pts',(39.909613994412,343.347570846136,103.739454918739));
#7279=CARTESIAN_POINT('Ctrl Pts',(39.6589371562007,342.900151633583,103.739454918739));
#7280=CARTESIAN_POINT('',(37.1623465418818,340.867410325371,103.739454918739));
#7281=CARTESIAN_POINT('Ctrl Pts',(39.6589371562007,342.900151633583,103.739454918739));
#7282=CARTESIAN_POINT('Ctrl Pts',(39.3296950741798,342.478295092915,103.739454918739));
#7283=CARTESIAN_POINT('Ctrl Pts',(38.6530220282813,341.611276671229,103.739454918739));
#7284=CARTESIAN_POINT('Ctrl Pts',(37.6680635551193,341.119769655156,103.739454918739));
#7285=CARTESIAN_POINT('Ctrl Pts',(37.1623465418818,340.867410325371,103.739454918739));
#7286=CARTESIAN_POINT('',(33.2196459174159,340.171639346443,103.739454918739));
#7287=CARTESIAN_POINT('Ctrl Pts',(37.1623465418818,340.867410325371,103.739454918739));
#7288=CARTESIAN_POINT('Ctrl Pts',(36.5662087208697,340.664717303146,103.739454918739));
#7289=CARTESIAN_POINT('Ctrl Pts',(35.2890730715092,340.230477978889,103.739454918739));
#7290=CARTESIAN_POINT('Ctrl Pts',(33.9393493563825,340.192102190971,103.739454918739));
#7291=CARTESIAN_POINT('Ctrl Pts',(33.2196459174159,340.171639346443,103.739454918739));
#7292=CARTESIAN_POINT('',(27.5579831004145,341.822389983498,103.739454918739));
#7293=CARTESIAN_POINT('Ctrl Pts',(33.2196459174159,340.171639346443,103.739454918739));
#7294=CARTESIAN_POINT('Ctrl Pts',(32.0875772108087,340.204770401603,103.739454918739));
#7295=CARTESIAN_POINT('Ctrl Pts',(30.046737600497,340.264497491758,103.739454918739));
#7296=CARTESIAN_POINT('Ctrl Pts',(28.3247649061449,341.342405469995,103.739454918739));
#7297=CARTESIAN_POINT('Ctrl Pts',(27.5579831004145,341.822389983498,103.739454918739));
#7298=CARTESIAN_POINT('',(25.5525252223017,346.228937529884,103.739454918739));
#7299=CARTESIAN_POINT('Ctrl Pts',(27.5579831004145,341.822389983498,103.739454918739));
#7300=CARTESIAN_POINT('Ctrl Pts',(26.9966446211548,342.42968748991,103.739454918739));
#7301=CARTESIAN_POINT('Ctrl Pts',(25.8451093361648,343.675503575851,103.739454918739));
#7302=CARTESIAN_POINT('Ctrl Pts',(25.6516691780969,345.363690474185,103.739454918739));
#7303=CARTESIAN_POINT('Ctrl Pts',(25.5525252223017,346.228937529884,103.739454918739));
#7304=CARTESIAN_POINT('',(29.5907232165339,346.406291150413,103.739454918739));
#7305=CARTESIAN_POINT('',(6.64962065736886,345.398740851094,103.739454918739));
#7306=CARTESIAN_POINT('',(30.7094141840937,344.196196221672,103.739454918739));
#7307=CARTESIAN_POINT('Ctrl Pts',(29.5907232165339,346.406291150413,103.739454918739));
#7308=CARTESIAN_POINT('Ctrl Pts',(29.685383372176,345.943046536833,103.739454918739));
#7309=CARTESIAN_POINT('Ctrl Pts',(29.8576493151705,345.100017390576,103.739454918739));
#7310=CARTESIAN_POINT('Ctrl Pts',(30.4448709194351,344.476907262257,103.739454918739));
#7311=CARTESIAN_POINT('Ctrl Pts',(30.7094141840937,344.196196221672,103.739454918739));
#7312=CARTESIAN_POINT('',(33.2605740427973,343.514067553841,103.739454918739));
#7313=CARTESIAN_POINT('Ctrl Pts',(30.7094141840937,344.196196221672,103.739454918739));
#7314=CARTESIAN_POINT('Ctrl Pts',(31.0549731230518,343.997977897199,103.739454918739));
#7315=CARTESIAN_POINT('Ctrl Pts',(31.8407331121712,343.547252967463,103.739454918739));
#7316=CARTESIAN_POINT('Ctrl Pts',(32.7507572960186,343.525983310915,103.739454918739));
#7317=CARTESIAN_POINT('Ctrl Pts',(33.2605740427973,343.514067553841,103.739454918739));
#7318=CARTESIAN_POINT('',(36.0163709521296,344.237123154961,103.739454918739));
#7319=CARTESIAN_POINT('Ctrl Pts',(33.2605740427973,343.514067553841,103.739454918739));
#7320=CARTESIAN_POINT('Ctrl Pts',(33.7956263885587,343.530924268473,103.739454918739));
#7321=CARTESIAN_POINT('Ctrl Pts',(34.7727812042981,343.561709330926,103.739454918739));
#7322=CARTESIAN_POINT('Ctrl Pts',(35.6289893936987,344.026729928258,103.739454918739));
#7323=CARTESIAN_POINT('Ctrl Pts',(36.0163709521296,344.237123154961,103.739454918739));
#7324=CARTESIAN_POINT('',(36.6575714945796,345.478596114479,103.739454918739));
#7325=CARTESIAN_POINT('Ctrl Pts',(36.0163709521296,344.237123154961,103.739454918739));
#7326=CARTESIAN_POINT('Ctrl Pts',(36.203386031265,344.404133844754,103.739454918739));
#7327=CARTESIAN_POINT('Ctrl Pts',(36.5754850684516,344.736430668942,103.739454918739));
#7328=CARTESIAN_POINT('Ctrl Pts',(36.6303041860294,345.232065047733,103.739454918739));
#7329=CARTESIAN_POINT('Ctrl Pts',(36.6575714945796,345.478596114479,103.739454918739));
#7330=CARTESIAN_POINT('',(36.057300269604,346.692784451805,103.739454918739));
#7331=CARTESIAN_POINT('Ctrl Pts',(36.6575714945796,345.478596114479,103.739454918739));
#7332=CARTESIAN_POINT('Ctrl Pts',(36.6297883170595,345.708823300479,103.739454918739));
#7333=CARTESIAN_POINT('Ctrl Pts',(36.5725667698546,346.182993534682,103.739454918739));
#7334=CARTESIAN_POINT('Ctrl Pts',(36.2323362754647,346.519608501275,103.739454918739));
#7335=CARTESIAN_POINT('Ctrl Pts',(36.057300269604,346.692784451805,103.739454918739));
#7336=CARTESIAN_POINT('',(32.346522510052,348.029755973183,103.739454918739));
#7337=CARTESIAN_POINT('Ctrl Pts',(36.057300269604,346.692784451805,103.739454918739));
#7338=CARTESIAN_POINT('Ctrl Pts',(35.6268297007635,346.926759876313,103.739454918739));
#7339=CARTESIAN_POINT('Ctrl Pts',(34.4625479871284,347.559586666142,103.739454918739));
#7340=CARTESIAN_POINT('Ctrl Pts',(33.1645873749251,347.847986427022,103.739454918739));
#7341=CARTESIAN_POINT('Ctrl Pts',(32.346522510052,348.029755973183,103.739454918739));
#7342=CARTESIAN_POINT('',(27.99454420805,349.475868367516,103.739454918739));
#7343=CARTESIAN_POINT('Ctrl Pts',(32.346522510052,348.029755973183,103.739454918739));
#7344=CARTESIAN_POINT('Ctrl Pts',(31.4827483563587,348.2371224834,103.739454918739));
#7345=CARTESIAN_POINT('Ctrl Pts',(29.9897159367362,348.595555207017,103.739454918739));
#7346=CARTESIAN_POINT('Ctrl Pts',(28.5861117585139,349.214855898007,103.739454918739));
#7347=CARTESIAN_POINT('Ctrl Pts',(27.99454420805,349.475868367516,103.739454918739));
#7348=CARTESIAN_POINT('',(25.7844492793086,351.508609675728,103.739454918739));
#7349=CARTESIAN_POINT('Ctrl Pts',(27.99454420805,349.475868367516,103.739454918739));
#7350=CARTESIAN_POINT('Ctrl Pts',(27.5496024835512,349.741731361001,103.739454918739));
#7351=CARTESIAN_POINT('Ctrl Pts',(26.6716572502828,350.266323987363,103.739454918739));
#7352=CARTESIAN_POINT('Ctrl Pts',(26.0774921360742,351.098285423751,103.739454918739));
#7353=CARTESIAN_POINT('Ctrl Pts',(25.7844492793086,351.508609675728,103.739454918739));
#7354=CARTESIAN_POINT('',(24.9795362353327,354.687327765785,103.739454918739));
#7355=CARTESIAN_POINT('Ctrl Pts',(25.7844492793086,351.508609675728,103.739454918739));
#7356=CARTESIAN_POINT('Ctrl Pts',(25.5499062191601,351.978499509756,103.739454918739));
#7357=CARTESIAN_POINT('Ctrl Pts',(25.0511871470327,352.977646625343,103.739454918739));
#7358=CARTESIAN_POINT('Ctrl Pts',(25.0043475789918,354.09529780669,103.739454918739));
#7359=CARTESIAN_POINT('Ctrl Pts',(24.9795362353327,354.687327765785,103.739454918739));
#7360=CARTESIAN_POINT('',(25.9345147013667,357.906972789131,103.739454918739));
#7361=CARTESIAN_POINT('Ctrl Pts',(24.9795362353327,354.687327765785,103.739454918739));
#7362=CARTESIAN_POINT('Ctrl Pts',(25.0207532786105,355.253449603057,103.739454918739));
#7363=CARTESIAN_POINT('Ctrl Pts',(25.1039428789494,356.396070364774,103.739454918739));
#7364=CARTESIAN_POINT('Ctrl Pts',(25.6559862392984,357.400298571161,103.739454918739));
#7365=CARTESIAN_POINT('Ctrl Pts',(25.9345147013667,357.906972789131,103.739454918739));
#7366=CARTESIAN_POINT('',(28.6357447505,360.144352340065,103.739454918739));
#7367=CARTESIAN_POINT('Ctrl Pts',(25.9345147013667,357.906972789131,103.739454918739));
#7368=CARTESIAN_POINT('Ctrl Pts',(26.2906077433964,358.377365194931,103.739454918739));
#7369=CARTESIAN_POINT('Ctrl Pts',(27.0150999679968,359.334406193459,103.739454918739));
#7370=CARTESIAN_POINT('Ctrl Pts',(28.0894469123122,359.871330248046,103.739454918739));
#7371=CARTESIAN_POINT('Ctrl Pts',(28.6357447505,360.144352340065,103.739454918739));
#7372=CARTESIAN_POINT('Ctrl Pts',(28.6357447505,360.144352340065,103.739454918739));
#7373=CARTESIAN_POINT('Ctrl Pts',(29.28426334261,360.354870427429,103.739454918739));
#7374=CARTESIAN_POINT('Ctrl Pts',(30.6969877591905,360.813460274767,103.739454918739));
#7375=CARTESIAN_POINT('Ctrl Pts',(32.1835662538791,360.848470523707,103.739454918739));
#7376=CARTESIAN_POINT('Ctrl Pts',(32.9877230525019,360.867409133278,103.739454918739));
#7377=CARTESIAN_POINT('',(-79.2601057439569,-47.3632597330033,103.739454918739));
#7378=CARTESIAN_POINT('',(-180.462190203721,-144.100729727824,103.739454918739));
#7379=CARTESIAN_POINT('',(-30.3467547869669,-0.607762098671383,103.739454918739));
#7380=CARTESIAN_POINT('',(-221.921105915787,-100.728407816496,103.739454918739));
#7381=CARTESIAN_POINT('Origin',(-201.191648059754,-122.41456877216,103.739454918739));
#7382=CARTESIAN_POINT('',(-120.719021456023,-3.99093782167588,103.739454918739));
#7383=CARTESIAN_POINT('',(-122.406712728915,-5.60417518475424,103.739454918739));
#7384=CARTESIAN_POINT('Origin',(-99.9895635999899,-25.6770987773396,103.739454918739));
#7385=CARTESIAN_POINT('',(-29.9999999999999,150.51270189222,103.739454918739));
#7386=CARTESIAN_POINT('',(-29.9999999999999,290.51270189222,103.739454918739));
#7387=CARTESIAN_POINT('',(-29.9999999999999,108.041958300626,103.739454918739));
#7388=CARTESIAN_POINT('',(30.0000000000001,290.51270189222,103.739454918739));
#7389=CARTESIAN_POINT('Origin',(1.16589222786457E-13,290.51270189222,103.739454918739));
#7390=CARTESIAN_POINT('',(30.0000000000001,150.51270189222,103.739454918739));
#7391=CARTESIAN_POINT('',(30.0000000000001,178.041958300626,103.739454918739));
#7392=CARTESIAN_POINT('Origin',(8.03956949191765E-14,150.51270189222,103.739454918739));
#7393=CARTESIAN_POINT('',(120.719021456023,-3.99093782167581,103.739454918739));
#7394=CARTESIAN_POINT('',(221.921105915787,-100.728407816496,103.739454918739));
#7395=CARTESIAN_POINT('',(71.8056704990329,42.7645598126561,103.739454918739));
#7396=CARTESIAN_POINT('',(180.462190203721,-144.100729727824,103.739454918739));
#7397=CARTESIAN_POINT('Origin',(201.191648059754,-122.41456877216,103.739454918739));
#7398=CARTESIAN_POINT('',(79.2601057439568,-47.3632597330032,103.739454918739));
#7399=CARTESIAN_POINT('',(80.9477970168488,-48.9764970960816,103.739454918739));
#7400=CARTESIAN_POINT('Origin',(99.9895635999898,-25.6770987773395,103.739454918739));
#7401=CARTESIAN_POINT('',(-326.96369694879,-123.166843613286,103.739454918739));
#7402=CARTESIAN_POINT('Origin',(-331.46369694879,-123.166843613286,103.739454918739));
#7403=CARTESIAN_POINT('',(-171.079124267591,-213.166843613286,103.739454918739));
#7404=CARTESIAN_POINT('Origin',(-175.579124267591,-213.166843613286,103.739454918739));
#7405=CARTESIAN_POINT('',(258.02141060819,-168.166843613286,103.739454918739));
#7406=CARTESIAN_POINT('Origin',(253.52141060819,-168.166843613286,103.739454918739));
#7407=CARTESIAN_POINT('',(296.99255377849,-145.666843613286,103.739454918739));
#7408=CARTESIAN_POINT('Origin',(292.49255377849,-145.666843613286,103.739454918739));
#7409=CARTESIAN_POINT('',(-210.050267437891,-190.666843613286,103.739454918739));
#7410=CARTESIAN_POINT('Origin',(-214.550267437891,-190.666843613286,103.739454918739));
#7411=CARTESIAN_POINT('',(-287.99255377849,-145.666843613286,103.739454918739));
#7412=CARTESIAN_POINT('Origin',(-292.49255377849,-145.666843613286,103.739454918739));
#7413=CARTESIAN_POINT('',(180.079124267591,-213.166843613286,103.739454918739));
#7414=CARTESIAN_POINT('Origin',(175.579124267591,-213.166843613286,103.739454918739));
#7415=CARTESIAN_POINT('',(219.050267437891,-190.666843613286,103.739454918739));
#7416=CARTESIAN_POINT('Origin',(214.550267437891,-190.666843613286,103.739454918739));
#7417=CARTESIAN_POINT('',(335.96369694879,-123.166843613286,103.739454918739));
#7418=CARTESIAN_POINT('Origin',(331.46369694879,-123.166843613286,103.739454918739));
#7419=CARTESIAN_POINT('',(-249.02141060819,-168.166843613286,103.739454918739));
#7420=CARTESIAN_POINT('Origin',(-253.52141060819,-168.166843613286,103.739454918739));
#7421=CARTESIAN_POINT('Origin',(350.849367068334,-124.676227673518,78.7394549187389));
#7422=CARTESIAN_POINT('',(67.8386566297812,365.51270189222,78.7394549187389));
#7423=CARTESIAN_POINT('Origin',(-167.193454148047,-230.710018436312,78.7394549187389));
#7424=CARTESIAN_POINT('',(161.437626767085,-230.710018436312,33.7394549187389));
#7425=CARTESIAN_POINT('Origin',(161.437626767085,-240.710018436312,33.7394549187389));
#7426=CARTESIAN_POINT('Origin',(-59.1784025919365,360.51270189222,78.7394549187389));
#7427=CARTESIAN_POINT('',(-59.1784025919365,370.51270189222,78.7394549187389));
#7428=CARTESIAN_POINT('Origin',(64.951905283833,370.51270189222,78.7394549187389));
#7429=CARTESIAN_POINT('',(59.1784025919368,370.51270189222,78.7394549187389));
#7430=CARTESIAN_POINT('Origin',(59.1784025919368,360.51270189222,78.7394549187389));
#7431=CARTESIAN_POINT('Origin',(0.,333.000004962087,100.739454918739));
#7432=CARTESIAN_POINT('',(-7.,333.000004962087,100.739454918739));
#7433=CARTESIAN_POINT('Origin',(0.,333.000004962087,100.739454918739));
#7434=CARTESIAN_POINT('Origin',(0.,333.000004962087,88.7394549187389));
#7435=CARTESIAN_POINT('',(-7.,333.000004962087,88.7394549187389));
#7436=CARTESIAN_POINT('Origin',(-253.52141060819,-168.166843613286,103.739454918739));
#7437=CARTESIAN_POINT('',(-249.02141060819,-168.166843613286,93.7394549187389));
#7438=CARTESIAN_POINT('',(-249.02141060819,-168.166843613286,103.739454918739));
#7439=CARTESIAN_POINT('Origin',(-253.52141060819,-168.166843613286,93.7394549187389));
#7440=CARTESIAN_POINT('Origin',(-253.52141060819,-168.166843613286,93.7394549187389));
#7441=CARTESIAN_POINT('',(-250.77141060819,-168.166843613286,93.7394549187389));
#7442=CARTESIAN_POINT('Origin',(-253.52141060819,-168.166843613286,93.7394549187389));
#7443=CARTESIAN_POINT('Origin',(331.46369694879,-123.166843613286,103.739454918739));
#7444=CARTESIAN_POINT('',(335.96369694879,-123.166843613286,93.7394549187389));
#7445=CARTESIAN_POINT('',(335.96369694879,-123.166843613286,103.739454918739));
#7446=CARTESIAN_POINT('Origin',(331.46369694879,-123.166843613286,93.7394549187389));
#7447=CARTESIAN_POINT('Origin',(331.46369694879,-123.166843613286,93.7394549187389));
#7448=CARTESIAN_POINT('',(334.21369694879,-123.166843613286,93.7394549187389));
#7449=CARTESIAN_POINT('Origin',(331.46369694879,-123.166843613286,93.7394549187389));
#7450=CARTESIAN_POINT('Origin',(214.550267437891,-190.666843613286,103.739454918739));
#7451=CARTESIAN_POINT('',(219.050267437891,-190.666843613286,93.7394549187389));
#7452=CARTESIAN_POINT('',(219.050267437891,-190.666843613286,103.739454918739));
#7453=CARTESIAN_POINT('Origin',(214.550267437891,-190.666843613286,93.7394549187389));
#7454=CARTESIAN_POINT('Origin',(214.550267437891,-190.666843613286,93.7394549187389));
#7455=CARTESIAN_POINT('',(217.300267437891,-190.666843613286,93.7394549187389));
#7456=CARTESIAN_POINT('Origin',(214.550267437891,-190.666843613286,93.7394549187389));
#7457=CARTESIAN_POINT('Origin',(175.579124267591,-213.166843613286,103.739454918739));
#7458=CARTESIAN_POINT('',(180.079124267591,-213.166843613286,93.7394549187389));
#7459=CARTESIAN_POINT('',(180.079124267591,-213.166843613286,103.739454918739));
#7460=CARTESIAN_POINT('Origin',(175.579124267591,-213.166843613286,93.7394549187389));
#7461=CARTESIAN_POINT('Origin',(175.579124267591,-213.166843613286,93.7394549187389));
#7462=CARTESIAN_POINT('',(178.329124267591,-213.166843613286,93.7394549187389));
#7463=CARTESIAN_POINT('Origin',(175.579124267591,-213.166843613286,93.7394549187389));
#7464=CARTESIAN_POINT('Origin',(-292.49255377849,-145.666843613286,103.739454918739));
#7465=CARTESIAN_POINT('',(-287.99255377849,-145.666843613286,93.7394549187389));
#7466=CARTESIAN_POINT('',(-287.99255377849,-145.666843613286,103.739454918739));
#7467=CARTESIAN_POINT('Origin',(-292.49255377849,-145.666843613286,93.7394549187389));
#7468=CARTESIAN_POINT('Origin',(-292.49255377849,-145.666843613286,93.7394549187389));
#7469=CARTESIAN_POINT('',(-289.74255377849,-145.666843613286,93.7394549187389));
#7470=CARTESIAN_POINT('Origin',(-292.49255377849,-145.666843613286,93.7394549187389));
#7471=CARTESIAN_POINT('Origin',(-214.550267437891,-190.666843613286,103.739454918739));
#7472=CARTESIAN_POINT('',(-210.050267437891,-190.666843613286,93.7394549187389));
#7473=CARTESIAN_POINT('',(-210.050267437891,-190.666843613286,103.739454918739));
#7474=CARTESIAN_POINT('Origin',(-214.550267437891,-190.666843613286,93.7394549187389));
#7475=CARTESIAN_POINT('Origin',(-214.550267437891,-190.666843613286,93.7394549187389));
#7476=CARTESIAN_POINT('',(-211.800267437891,-190.666843613286,93.7394549187389));
#7477=CARTESIAN_POINT('Origin',(-214.550267437891,-190.666843613286,93.7394549187389));
#7478=CARTESIAN_POINT('Origin',(292.49255377849,-145.666843613286,103.739454918739));
#7479=CARTESIAN_POINT('',(296.99255377849,-145.666843613286,93.7394549187389));
#7480=CARTESIAN_POINT('',(296.99255377849,-145.666843613286,103.739454918739));
#7481=CARTESIAN_POINT('Origin',(292.49255377849,-145.666843613286,93.7394549187389));
#7482=CARTESIAN_POINT('Origin',(292.49255377849,-145.666843613286,93.7394549187389));
#7483=CARTESIAN_POINT('',(295.24255377849,-145.666843613286,93.7394549187389));
#7484=CARTESIAN_POINT('Origin',(292.49255377849,-145.666843613286,93.7394549187389));
#7485=CARTESIAN_POINT('Origin',(253.52141060819,-168.166843613286,103.739454918739));
#7486=CARTESIAN_POINT('',(258.02141060819,-168.166843613286,93.7394549187389));
#7487=CARTESIAN_POINT('',(258.02141060819,-168.166843613286,103.739454918739));
#7488=CARTESIAN_POINT('Origin',(253.52141060819,-168.166843613286,93.7394549187389));
#7489=CARTESIAN_POINT('Origin',(253.52141060819,-168.166843613286,93.7394549187389));
#7490=CARTESIAN_POINT('',(256.27141060819,-168.166843613286,93.7394549187389));
#7491=CARTESIAN_POINT('Origin',(253.52141060819,-168.166843613286,93.7394549187389));
#7492=CARTESIAN_POINT('Origin',(-175.579124267591,-213.166843613286,103.739454918739));
#7493=CARTESIAN_POINT('',(-171.079124267591,-213.166843613286,93.7394549187389));
#7494=CARTESIAN_POINT('',(-171.079124267591,-213.166843613286,103.739454918739));
#7495=CARTESIAN_POINT('Origin',(-175.579124267591,-213.166843613286,93.7394549187389));
#7496=CARTESIAN_POINT('Origin',(-175.579124267591,-213.166843613286,93.7394549187389));
#7497=CARTESIAN_POINT('',(-172.829124267591,-213.166843613286,93.7394549187389));
#7498=CARTESIAN_POINT('Origin',(-175.579124267591,-213.166843613286,93.7394549187389));
#7499=CARTESIAN_POINT('Origin',(-331.46369694879,-123.166843613286,103.739454918739));
#7500=CARTESIAN_POINT('',(-326.96369694879,-123.166843613286,93.7394549187389));
#7501=CARTESIAN_POINT('',(-326.96369694879,-123.166843613286,103.739454918739));
#7502=CARTESIAN_POINT('Origin',(-331.46369694879,-123.166843613286,93.7394549187389));
#7503=CARTESIAN_POINT('Origin',(-331.46369694879,-123.166843613286,93.7394549187389));
#7504=CARTESIAN_POINT('',(-328.71369694879,-123.166843613286,93.7394549187389));
#7505=CARTESIAN_POINT('Origin',(-331.46369694879,-123.166843613286,93.7394549187389));
#7506=CARTESIAN_POINT('Origin',(-253.52141060819,-168.166843613286,103.739454918739));
#7507=CARTESIAN_POINT('',(-250.77141060819,-168.166843613286,103.739454918739));
#7508=CARTESIAN_POINT('Origin',(292.49255377849,-145.666843613286,103.739454918739));
#7509=CARTESIAN_POINT('',(295.24255377849,-145.666843613286,103.739454918739));
#7510=CARTESIAN_POINT('Origin',(175.579124267591,-213.166843613286,103.739454918739));
#7511=CARTESIAN_POINT('',(178.329124267591,-213.166843613286,103.739454918739));
#7512=CARTESIAN_POINT('Origin',(331.46369694879,-123.166843613286,103.739454918739));
#7513=CARTESIAN_POINT('',(334.21369694879,-123.166843613286,103.739454918739));
#7514=CARTESIAN_POINT('Origin',(-292.49255377849,-145.666843613286,103.739454918739));
#7515=CARTESIAN_POINT('',(-289.74255377849,-145.666843613286,103.739454918739));
#7516=CARTESIAN_POINT('Origin',(-214.550267437891,-190.666843613286,103.739454918739));
#7517=CARTESIAN_POINT('',(-211.800267437891,-190.666843613286,103.739454918739));
#7518=CARTESIAN_POINT('Origin',(253.52141060819,-168.166843613286,103.739454918739));
#7519=CARTESIAN_POINT('',(256.27141060819,-168.166843613286,103.739454918739));
#7520=CARTESIAN_POINT('Origin',(214.550267437891,-190.666843613286,103.739454918739));
#7521=CARTESIAN_POINT('',(217.300267437891,-190.666843613286,103.739454918739));
#7522=CARTESIAN_POINT('Origin',(-175.579124267591,-213.166843613286,103.739454918739));
#7523=CARTESIAN_POINT('',(-172.829124267591,-213.166843613286,103.739454918739));
#7524=CARTESIAN_POINT('Origin',(-331.46369694879,-123.166843613286,103.739454918739));
#7525=CARTESIAN_POINT('',(-328.71369694879,-123.166843613286,103.739454918739));
#7526=CARTESIAN_POINT('Origin',(8.51296395063425,346.02429809507,103.739454918739));
#7527=CARTESIAN_POINT('',(8.51296395063425,346.02429809507,98.7394549187389));
#7528=CARTESIAN_POINT('',(8.51296395063425,346.02429809507,103.739454918739));
#7529=CARTESIAN_POINT('',(8.51296395063425,360.51270189222,98.7394549187389));
#7530=CARTESIAN_POINT('',(8.51296395063425,346.02429809507,98.7394549187389));
#7531=CARTESIAN_POINT('',(8.51296395063425,360.51270189222,103.739454918739));
#7532=CARTESIAN_POINT('Origin',(12.346522510052,346.02429809507,103.739454918739));
#7533=CARTESIAN_POINT('',(12.346522510052,346.02429809507,98.7394549187389));
#7534=CARTESIAN_POINT('',(12.346522510052,346.02429809507,103.739454918739));
#7535=CARTESIAN_POINT('',(12.346522510052,346.02429809507,98.7394549187389));
#7536=CARTESIAN_POINT('Origin',(12.346522510052,352.136167907082,103.739454918739));
#7537=CARTESIAN_POINT('',(12.346522510052,352.136167907082,98.7394549187389));
#7538=CARTESIAN_POINT('',(12.346522510052,352.136167907082,103.739454918739));
#7539=CARTESIAN_POINT('',(12.346522510052,352.136167907082,98.7394549187389));
#7540=CARTESIAN_POINT('Ctrl Pts',(12.6330158114436,356.051582717262,103.739454918739));
#7541=CARTESIAN_POINT('Ctrl Pts',(12.6330158114436,356.051582717262,97.7394549187389));
#7542=CARTESIAN_POINT('Ctrl Pts',(12.5510035394555,355.592097396135,103.739454918739));
#7543=CARTESIAN_POINT('Ctrl Pts',(12.5510035394555,355.592097396135,97.7394549187389));
#7544=CARTESIAN_POINT('Ctrl Pts',(12.3202627392831,354.299339518634,103.739454918739));
#7545=CARTESIAN_POINT('Ctrl Pts',(12.3202627392831,354.299339518634,97.7394549187389));
#7546=CARTESIAN_POINT('Ctrl Pts',(12.3362303025794,352.983997510042,103.739454918739));
#7547=CARTESIAN_POINT('Ctrl Pts',(12.3362303025794,352.983997510042,97.7394549187389));
#7548=CARTESIAN_POINT('Ctrl Pts',(12.346522510052,352.136167907082,103.739454918739));
#7549=CARTESIAN_POINT('Ctrl Pts',(12.346522510052,352.136167907082,97.7394549187389));
#7550=CARTESIAN_POINT('',(12.6330158114436,356.051582717262,98.7394549187389));
#7551=CARTESIAN_POINT('',(12.6330158114436,356.051582717262,103.739454918739));
#7552=CARTESIAN_POINT('Ctrl Pts',(12.6330158114436,356.051582717262,98.7394549187389));
#7553=CARTESIAN_POINT('Ctrl Pts',(12.5510035394555,355.592097396135,98.7394549187389));
#7554=CARTESIAN_POINT('Ctrl Pts',(12.3202627392831,354.299339518634,98.7394549187389));
#7555=CARTESIAN_POINT('Ctrl Pts',(12.3362303025794,352.983997510042,98.7394549187389));
#7556=CARTESIAN_POINT('Ctrl Pts',(12.346522510052,352.136167907082,98.7394549187389));
#7557=CARTESIAN_POINT('Ctrl Pts',(13.6971351504328,357.388555430733,103.739454918739));
#7558=CARTESIAN_POINT('Ctrl Pts',(13.6971351504328,357.388555430733,97.7394549187389));
#7559=CARTESIAN_POINT('Ctrl Pts',(13.4600894333857,357.200969721624,103.739454918739));
#7560=CARTESIAN_POINT('Ctrl Pts',(13.4600894333857,357.200969721624,97.7394549187389));
#7561=CARTESIAN_POINT('Ctrl Pts',(13.0009078768353,356.837597208641,103.739454918739));
#7562=CARTESIAN_POINT('Ctrl Pts',(13.0009078768353,356.837597208641,97.7394549187389));
#7563=CARTESIAN_POINT('Ctrl Pts',(12.7529628629437,356.307853861835,103.739454918739));
#7564=CARTESIAN_POINT('Ctrl Pts',(12.7529628629437,356.307853861835,97.7394549187389));
#7565=CARTESIAN_POINT('Ctrl Pts',(12.6330158114436,356.051582717262,103.739454918739));
#7566=CARTESIAN_POINT('Ctrl Pts',(12.6330158114436,356.051582717262,97.7394549187389));
#7567=CARTESIAN_POINT('',(13.6971351504328,357.388555430733,98.7394549187389));
#7568=CARTESIAN_POINT('',(13.6971351504328,357.388555430733,103.739454918739));
#7569=CARTESIAN_POINT('Ctrl Pts',(13.6971351504328,357.388555430733,98.7394549187389));
#7570=CARTESIAN_POINT('Ctrl Pts',(13.4600894333857,357.200969721624,98.7394549187389));
#7571=CARTESIAN_POINT('Ctrl Pts',(13.0009078768353,356.837597208641,98.7394549187389));
#7572=CARTESIAN_POINT('Ctrl Pts',(12.7529628629437,356.307853861835,98.7394549187389));
#7573=CARTESIAN_POINT('Ctrl Pts',(12.6330158114436,356.051582717262,98.7394549187389));
#7574=CARTESIAN_POINT('Ctrl Pts',(15.4570266604426,357.920615100227,103.739454918739));
#7575=CARTESIAN_POINT('Ctrl Pts',(15.4570266604426,357.920615100227,97.7394549187389));
#7576=CARTESIAN_POINT('Ctrl Pts',(15.1396087533614,357.899450296188,103.739454918739));
#7577=CARTESIAN_POINT('Ctrl Pts',(15.1396087533614,357.899450296188,97.7394549187389));
#7578=CARTESIAN_POINT('Ctrl Pts',(14.5117616628502,357.857586682507,103.739454918739));
#7579=CARTESIAN_POINT('Ctrl Pts',(14.5117616628502,357.857586682507,97.7394549187389));
#7580=CARTESIAN_POINT('Ctrl Pts',(13.966654747244,357.543734659426,103.739454918739));
#7581=CARTESIAN_POINT('Ctrl Pts',(13.966654747244,357.543734659426,97.7394549187389));
#7582=CARTESIAN_POINT('Ctrl Pts',(13.6971351504328,357.388555430733,103.739454918739));
#7583=CARTESIAN_POINT('Ctrl Pts',(13.6971351504328,357.388555430733,97.7394549187389));
#7584=CARTESIAN_POINT('',(15.4570266604426,357.920615100227,98.7394549187389));
#7585=CARTESIAN_POINT('',(15.4570266604426,357.920615100227,103.739454918739));
#7586=CARTESIAN_POINT('Ctrl Pts',(15.4570266604426,357.920615100227,98.7394549187389));
#7587=CARTESIAN_POINT('Ctrl Pts',(15.1396087533614,357.899450296188,98.7394549187389));
#7588=CARTESIAN_POINT('Ctrl Pts',(14.5117616628502,357.857586682507,98.7394549187389));
#7589=CARTESIAN_POINT('Ctrl Pts',(13.966654747244,357.543734659426,98.7394549187389));
#7590=CARTESIAN_POINT('Ctrl Pts',(13.6971351504328,357.388555430733,98.7394549187389));
#7591=CARTESIAN_POINT('Ctrl Pts',(16.8758532404902,357.52498092588,103.739454918739));
#7592=CARTESIAN_POINT('Ctrl Pts',(16.8758532404902,357.52498092588,97.7394549187389));
#7593=CARTESIAN_POINT('Ctrl Pts',(16.6691269545037,357.640260458841,103.739454918739));
#7594=CARTESIAN_POINT('Ctrl Pts',(16.6691269545037,357.640260458841,97.7394549187389));
#7595=CARTESIAN_POINT('Ctrl Pts',(16.2290160998153,357.885685338107,103.739454918739));
#7596=CARTESIAN_POINT('Ctrl Pts',(16.2290160998153,357.885685338107,97.7394549187389));
#7597=CARTESIAN_POINT('Ctrl Pts',(15.7245420972119,357.908510983133,103.739454918739));
#7598=CARTESIAN_POINT('Ctrl Pts',(15.7245420972119,357.908510983133,97.7394549187389));
#7599=CARTESIAN_POINT('Ctrl Pts',(15.4570266604426,357.920615100227,103.739454918739));
#7600=CARTESIAN_POINT('Ctrl Pts',(15.4570266604426,357.920615100227,97.7394549187389));
#7601=CARTESIAN_POINT('',(16.8758532404902,357.52498092588,98.7394549187389));
#7602=CARTESIAN_POINT('',(16.8758532404902,357.52498092588,103.739454918739));
#7603=CARTESIAN_POINT('Ctrl Pts',(16.8758532404902,357.52498092588,98.7394549187389));
#7604=CARTESIAN_POINT('Ctrl Pts',(16.6691269545037,357.640260458841,98.7394549187389));
#7605=CARTESIAN_POINT('Ctrl Pts',(16.2290160998153,357.885685338107,98.7394549187389));
#7606=CARTESIAN_POINT('Ctrl Pts',(15.7245420972119,357.908510983133,98.7394549187389));
#7607=CARTESIAN_POINT('Ctrl Pts',(15.4570266604426,357.920615100227,98.7394549187389));
#7608=CARTESIAN_POINT('Ctrl Pts',(17.6534792780879,356.433574580513,103.739454918739));
#7609=CARTESIAN_POINT('Ctrl Pts',(17.6534792780879,356.433574580513,97.7394549187389));
#7610=CARTESIAN_POINT('Ctrl Pts',(17.5673428042531,356.648966692171,103.739454918739));
#7611=CARTESIAN_POINT('Ctrl Pts',(17.5673428042531,356.648966692171,97.7394549187389));
#7612=CARTESIAN_POINT('Ctrl Pts',(17.3965788533567,357.07597753138,103.739454918739));
#7613=CARTESIAN_POINT('Ctrl Pts',(17.3965788533567,357.07597753138,97.7394549187389));
#7614=CARTESIAN_POINT('Ctrl Pts',(17.0484028644561,357.376197449581,103.739454918739));
#7615=CARTESIAN_POINT('Ctrl Pts',(17.0484028644561,357.376197449581,97.7394549187389));
#7616=CARTESIAN_POINT('Ctrl Pts',(16.8758532404902,357.52498092588,103.739454918739));
#7617=CARTESIAN_POINT('Ctrl Pts',(16.8758532404902,357.52498092588,97.7394549187389));
#7618=CARTESIAN_POINT('',(17.6534792780879,356.433574580513,98.7394549187389));
#7619=CARTESIAN_POINT('',(17.6534792780879,356.433574580513,103.739454918739));
#7620=CARTESIAN_POINT('Ctrl Pts',(17.6534792780879,356.433574580513,98.7394549187389));
#7621=CARTESIAN_POINT('Ctrl Pts',(17.5673428042531,356.648966692171,98.7394549187389));
#7622=CARTESIAN_POINT('Ctrl Pts',(17.3965788533567,357.07597753138,98.7394549187389));
#7623=CARTESIAN_POINT('Ctrl Pts',(17.0484028644561,357.376197449581,98.7394549187389));
#7624=CARTESIAN_POINT('Ctrl Pts',(16.8758532404902,357.52498092588,98.7394549187389));
#7625=CARTESIAN_POINT('Ctrl Pts',(17.8581187129023,352.681869887672,103.739454918739));
#7626=CARTESIAN_POINT('Ctrl Pts',(17.8581187129023,352.681869887672,97.7394549187389));
#7627=CARTESIAN_POINT('Ctrl Pts',(17.8674220771727,353.505676600841,103.739454918739));
#7628=CARTESIAN_POINT('Ctrl Pts',(17.8674220771727,353.505676600841,97.7394549187389));
#7629=CARTESIAN_POINT('Ctrl Pts',(17.881609952827,354.762003545585,103.739454918739));
#7630=CARTESIAN_POINT('Ctrl Pts',(17.881609952827,354.762003545585,97.7394549187389));
#7631=CARTESIAN_POINT('Ctrl Pts',(17.711904417823,356.00547883493,103.739454918739));
#7632=CARTESIAN_POINT('Ctrl Pts',(17.711904417823,356.00547883493,97.7394549187389));
#7633=CARTESIAN_POINT('Ctrl Pts',(17.6534792780879,356.433574580513,103.739454918739));
#7634=CARTESIAN_POINT('Ctrl Pts',(17.6534792780879,356.433574580513,97.7394549187389));
#7635=CARTESIAN_POINT('',(17.8581187129023,352.681869887672,98.7394549187389));
#7636=CARTESIAN_POINT('',(17.8581187129023,352.681869887672,103.739454918739));
#7637=CARTESIAN_POINT('Ctrl Pts',(17.8581187129023,352.681869887672,98.7394549187389));
#7638=CARTESIAN_POINT('Ctrl Pts',(17.8674220771727,353.505676600841,98.7394549187389));
#7639=CARTESIAN_POINT('Ctrl Pts',(17.881609952827,354.762003545585,98.7394549187389));
#7640=CARTESIAN_POINT('Ctrl Pts',(17.711904417823,356.00547883493,98.7394549187389));
#7641=CARTESIAN_POINT('Ctrl Pts',(17.6534792780879,356.433574580513,98.7394549187389));
#7642=CARTESIAN_POINT('Origin',(17.8581187129023,346.02429809507,103.739454918739));
#7643=CARTESIAN_POINT('',(17.8581187129023,346.02429809507,98.7394549187389));
#7644=CARTESIAN_POINT('',(17.8581187129023,346.02429809507,103.739454918739));
#7645=CARTESIAN_POINT('',(17.8581187129023,346.02429809507,98.7394549187389));
#7646=CARTESIAN_POINT('Origin',(21.6916796565058,346.02429809507,103.739454918739));
#7647=CARTESIAN_POINT('',(21.6916796565058,346.02429809507,98.7394549187389));
#7648=CARTESIAN_POINT('',(21.6916796565058,346.02429809507,103.739454918739));
#7649=CARTESIAN_POINT('',(21.6916796565058,346.02429809507,98.7394549187389));
#7650=CARTESIAN_POINT('Origin',(21.6916796565058,355.192101620995,103.739454918739));
#7651=CARTESIAN_POINT('',(21.6916796565058,355.192101620995,98.7394549187389));
#7652=CARTESIAN_POINT('',(21.6916796565058,355.192101620995,103.739454918739));
#7653=CARTESIAN_POINT('',(21.6916796565058,355.192101620995,98.7394549187389));
#7654=CARTESIAN_POINT('Ctrl Pts',(21.1732599139216,358.398103141151,103.739454918739));
#7655=CARTESIAN_POINT('Ctrl Pts',(21.1732599139216,358.398103141151,97.7394549187389));
#7656=CARTESIAN_POINT('Ctrl Pts',(21.323903534483,357.941335537321,103.739454918739));
#7657=CARTESIAN_POINT('Ctrl Pts',(21.323903534483,357.941335537321,97.7394549187389));
#7658=CARTESIAN_POINT('Ctrl Pts',(21.6665840837046,356.902291382885,103.739454918739));
#7659=CARTESIAN_POINT('Ctrl Pts',(21.6665840837046,356.902291382885,97.7394549187389));
#7660=CARTESIAN_POINT('Ctrl Pts',(21.6826669031864,355.806294354325,103.739454918739));
#7661=CARTESIAN_POINT('Ctrl Pts',(21.6826669031864,355.806294354325,97.7394549187389));
#7662=CARTESIAN_POINT('Ctrl Pts',(21.6916796565058,355.192101620995,103.739454918739));
#7663=CARTESIAN_POINT('Ctrl Pts',(21.6916796565058,355.192101620995,97.7394549187389));
#7664=CARTESIAN_POINT('',(21.1732599139216,358.398103141151,98.7394549187389));
#7665=CARTESIAN_POINT('',(21.1732599139216,358.398103141151,103.739454918739));
#7666=CARTESIAN_POINT('Ctrl Pts',(21.1732599139216,358.398103141151,98.7394549187389));
#7667=CARTESIAN_POINT('Ctrl Pts',(21.323903534483,357.941335537321,98.7394549187389));
#7668=CARTESIAN_POINT('Ctrl Pts',(21.6665840837046,356.902291382885,98.7394549187389));
#7669=CARTESIAN_POINT('Ctrl Pts',(21.6826669031864,355.806294354325,98.7394549187389));
#7670=CARTESIAN_POINT('Ctrl Pts',(21.6916796565058,355.192101620995,98.7394549187389));
#7671=CARTESIAN_POINT('Ctrl Pts',(19.4952246546748,360.198923968636,103.739454918739));
#7672=CARTESIAN_POINT('Ctrl Pts',(19.4952246546748,360.198923968636,97.7394549187389));
#7673=CARTESIAN_POINT('Ctrl Pts',(19.8540294996889,359.965844343092,103.739454918739));
#7674=CARTESIAN_POINT('Ctrl Pts',(19.8540294996889,359.965844343092,97.7394549187389));
#7675=CARTESIAN_POINT('Ctrl Pts',(20.5635297422265,359.504952989055,103.739454918739));
#7676=CARTESIAN_POINT('Ctrl Pts',(20.5635297422265,359.504952989055,97.7394549187389));
#7677=CARTESIAN_POINT('Ctrl Pts',(20.9715711341674,358.764230988448,103.739454918739));
#7678=CARTESIAN_POINT('Ctrl Pts',(20.9715711341674,358.764230988448,97.7394549187389));
#7679=CARTESIAN_POINT('Ctrl Pts',(21.1732599139216,358.398103141151,103.739454918739));
#7680=CARTESIAN_POINT('Ctrl Pts',(21.1732599139216,358.398103141151,97.7394549187389));
#7681=CARTESIAN_POINT('',(19.4952246546748,360.198923968636,98.7394549187389));
#7682=CARTESIAN_POINT('',(19.4952246546748,360.198923968636,103.739454918739));
#7683=CARTESIAN_POINT('Ctrl Pts',(19.4952246546748,360.198923968636,98.7394549187389));
#7684=CARTESIAN_POINT('Ctrl Pts',(19.8540294996889,359.965844343092,98.7394549187389));
#7685=CARTESIAN_POINT('Ctrl Pts',(20.5635297422265,359.504952989055,98.7394549187389));
#7686=CARTESIAN_POINT('Ctrl Pts',(20.9715711341674,358.764230988448,98.7394549187389));
#7687=CARTESIAN_POINT('Ctrl Pts',(21.1732599139216,358.398103141151,98.7394549187389));
#7688=CARTESIAN_POINT('Ctrl Pts',(16.8758532404902,360.840124511085,103.739454918739));
#7689=CARTESIAN_POINT('Ctrl Pts',(16.8758532404902,360.840124511085,97.7394549187389));
#7690=CARTESIAN_POINT('Ctrl Pts',(17.3447586510883,360.816224060287,103.739454918739));
#7691=CARTESIAN_POINT('Ctrl Pts',(17.3447586510883,360.816224060287,97.7394549187389));
#7692=CARTESIAN_POINT('Ctrl Pts',(18.2593699763836,360.769605653917,103.739454918739));
#7693=CARTESIAN_POINT('Ctrl Pts',(18.2593699763836,360.769605653917,97.7394549187389));
#7694=CARTESIAN_POINT('Ctrl Pts',(19.0902987126764,360.385906971616,103.739454918739));
#7695=CARTESIAN_POINT('Ctrl Pts',(19.0902987126764,360.385906971616,97.7394549187389));
#7696=CARTESIAN_POINT('Ctrl Pts',(19.4952246546748,360.198923968636,103.739454918739));
#7697=CARTESIAN_POINT('Ctrl Pts',(19.4952246546748,360.198923968636,97.7394549187389));
#7698=CARTESIAN_POINT('',(16.8758532404902,360.840124511085,98.7394549187389));
#7699=CARTESIAN_POINT('',(16.8758532404902,360.840124511085,103.739454918739));
#7700=CARTESIAN_POINT('Ctrl Pts',(16.8758532404902,360.840124511085,98.7394549187389));
#7701=CARTESIAN_POINT('Ctrl Pts',(17.3447586510883,360.816224060287,98.7394549187389));
#7702=CARTESIAN_POINT('Ctrl Pts',(18.2593699763836,360.769605653917,98.7394549187389));
#7703=CARTESIAN_POINT('Ctrl Pts',(19.0902987126764,360.385906971616,98.7394549187389));
#7704=CARTESIAN_POINT('Ctrl Pts',(19.4952246546748,360.198923968636,98.7394549187389));
#7705=CARTESIAN_POINT('Ctrl Pts',(14.1609832644465,360.171636962257,103.739454918739));
#7706=CARTESIAN_POINT('Ctrl Pts',(14.1609832644465,360.171636962257,97.7394549187389));
#7707=CARTESIAN_POINT('Ctrl Pts',(14.5941059693496,360.366612152362,103.739454918739));
#7708=CARTESIAN_POINT('Ctrl Pts',(14.5941059693496,360.366612152362,97.7394549187389));
#7709=CARTESIAN_POINT('Ctrl Pts',(15.4582037602677,360.755595757115,103.739454918739));
#7710=CARTESIAN_POINT('Ctrl Pts',(15.4582037602677,360.755595757115,97.7394549187389));
#7711=CARTESIAN_POINT('Ctrl Pts',(16.4040870429579,360.811994984429,103.739454918739));
#7712=CARTESIAN_POINT('Ctrl Pts',(16.4040870429579,360.811994984429,97.7394549187389));
#7713=CARTESIAN_POINT('Ctrl Pts',(16.8758532404902,360.840124511085,103.739454918739));
#7714=CARTESIAN_POINT('Ctrl Pts',(16.8758532404902,360.840124511085,97.7394549187389));
#7715=CARTESIAN_POINT('',(14.1609832644465,360.171636962257,98.7394549187389));
#7716=CARTESIAN_POINT('',(14.1609832644465,360.171636962257,103.739454918739));
#7717=CARTESIAN_POINT('Ctrl Pts',(14.1609832644465,360.171636962257,98.7394549187389));
#7718=CARTESIAN_POINT('Ctrl Pts',(14.5941059693496,360.366612152362,98.7394549187389));
#7719=CARTESIAN_POINT('Ctrl Pts',(15.4582037602677,360.755595757115,98.7394549187389));
#7720=CARTESIAN_POINT('Ctrl Pts',(16.4040870429579,360.811994984429,98.7394549187389));
#7721=CARTESIAN_POINT('Ctrl Pts',(16.8758532404902,360.840124511085,98.7394549187389));
#7722=CARTESIAN_POINT('Ctrl Pts',(12.0736691355708,358.343533896767,103.739454918739));
#7723=CARTESIAN_POINT('Ctrl Pts',(12.0736691355708,358.343533896767,97.7394549187389));
#7724=CARTESIAN_POINT('Ctrl Pts',(12.3605706382781,358.710692888933,103.739454918739));
#7725=CARTESIAN_POINT('Ctrl Pts',(12.3605706382781,358.710692888933,97.7394549187389));
#7726=CARTESIAN_POINT('Ctrl Pts',(12.9401449904857,359.452396689834,103.739454918739));
#7727=CARTESIAN_POINT('Ctrl Pts',(12.9401449904857,359.452396689834,97.7394549187389));
#7728=CARTESIAN_POINT('Ctrl Pts',(13.7513445568422,359.930303886504,103.739454918739));
#7729=CARTESIAN_POINT('Ctrl Pts',(13.7513445568422,359.930303886504,97.7394549187389));
#7730=CARTESIAN_POINT('Ctrl Pts',(14.1609832644465,360.171636962257,103.739454918739));
#7731=CARTESIAN_POINT('Ctrl Pts',(14.1609832644465,360.171636962257,97.7394549187389));
#7732=CARTESIAN_POINT('',(12.0736691355708,358.343533896767,98.7394549187389));
#7733=CARTESIAN_POINT('',(12.0736691355708,358.343533896767,103.739454918739));
#7734=CARTESIAN_POINT('Ctrl Pts',(12.0736691355708,358.343533896767,98.7394549187389));
#7735=CARTESIAN_POINT('Ctrl Pts',(12.3605706382781,358.710692888933,98.7394549187389));
#7736=CARTESIAN_POINT('Ctrl Pts',(12.9401449904857,359.452396689834,98.7394549187389));
#7737=CARTESIAN_POINT('Ctrl Pts',(13.7513445568422,359.930303886504,98.7394549187389));
#7738=CARTESIAN_POINT('Ctrl Pts',(14.1609832644465,360.171636962257,98.7394549187389));
#7739=CARTESIAN_POINT('Origin',(12.0736691355708,360.51270189222,103.739454918739));
#7740=CARTESIAN_POINT('',(12.0736691355708,360.51270189222,98.7394549187389));
#7741=CARTESIAN_POINT('',(12.0736691355708,360.51270189222,103.739454918739));
#7742=CARTESIAN_POINT('',(12.0736691355708,360.51270189222,98.7394549187389));
#7743=CARTESIAN_POINT('Origin',(8.51296395063425,360.51270189222,103.739454918739));
#7744=CARTESIAN_POINT('',(8.51296395063425,360.51270189222,98.7394549187389));
#7745=CARTESIAN_POINT('Origin',(-2.98022975186996E-7,350.519523047768,98.7394549187389));
#7746=CARTESIAN_POINT('Ctrl Pts',(-41.0231879353521,348.930164002739,103.739454918739));
#7747=CARTESIAN_POINT('Ctrl Pts',(-41.0231879353521,348.930164002739,97.7394549187389));
#7748=CARTESIAN_POINT('Ctrl Pts',(-41.0865188059504,349.294289605889,103.739454918739));
#7749=CARTESIAN_POINT('Ctrl Pts',(-41.0865188059504,349.294289605889,97.7394549187389));
#7750=CARTESIAN_POINT('Ctrl Pts',(-41.2347854145333,350.14675962197,103.739454918739));
#7751=CARTESIAN_POINT('Ctrl Pts',(-41.2347854145333,350.14675962197,97.7394549187389));
#7752=CARTESIAN_POINT('Ctrl Pts',(-41.2390382042831,351.012603777662,103.739454918739));
#7753=CARTESIAN_POINT('Ctrl Pts',(-41.2390382042831,351.012603777662,97.7394549187389));
#7754=CARTESIAN_POINT('Ctrl Pts',(-41.2414744496343,351.508609675728,103.739454918739));
#7755=CARTESIAN_POINT('Ctrl Pts',(-41.2414744496343,351.508609675728,97.7394549187389));
#7756=CARTESIAN_POINT('',(-41.0231879353521,348.930164002739,98.7394549187389));
#7757=CARTESIAN_POINT('',(-41.0231879353521,348.930164002739,103.739454918739));
#7758=CARTESIAN_POINT('',(-41.2414744496343,351.508609675728,98.7394549187389));
#7759=CARTESIAN_POINT('Ctrl Pts',(-41.0231879353521,348.930164002739,98.7394549187389));
#7760=CARTESIAN_POINT('Ctrl Pts',(-41.0865188059504,349.294289605889,98.7394549187389));
#7761=CARTESIAN_POINT('Ctrl Pts',(-41.2347854145333,350.14675962197,98.7394549187389));
#7762=CARTESIAN_POINT('Ctrl Pts',(-41.2390382042831,351.012603777662,98.7394549187389));
#7763=CARTESIAN_POINT('Ctrl Pts',(-41.2414744496343,351.508609675728,98.7394549187389));
#7764=CARTESIAN_POINT('',(-41.2414744496343,351.508609675728,103.739454918739));
#7765=CARTESIAN_POINT('Ctrl Pts',(-40.2728465199468,347.320341491066,103.739454918739));
#7766=CARTESIAN_POINT('Ctrl Pts',(-40.2728465199468,347.320341491066,97.7394549187389));
#7767=CARTESIAN_POINT('Ctrl Pts',(-40.4408042253562,347.56596436291,103.739454918739));
#7768=CARTESIAN_POINT('Ctrl Pts',(-40.4408042253562,347.56596436291,97.7394549187389));
#7769=CARTESIAN_POINT('Ctrl Pts',(-40.779454344526,348.061209368896,103.739454918739));
#7770=CARTESIAN_POINT('Ctrl Pts',(-40.779454344526,348.061209368896,97.7394549187389));
#7771=CARTESIAN_POINT('Ctrl Pts',(-40.9415071954907,348.638957291519,103.739454918739));
#7772=CARTESIAN_POINT('Ctrl Pts',(-40.9415071954907,348.638957291519,97.7394549187389));
#7773=CARTESIAN_POINT('Ctrl Pts',(-41.0231879353521,348.930164002739,103.739454918739));
#7774=CARTESIAN_POINT('Ctrl Pts',(-41.0231879353521,348.930164002739,97.7394549187389));
#7775=CARTESIAN_POINT('',(-40.2728465199468,347.320341491066,98.7394549187389));
#7776=CARTESIAN_POINT('',(-40.2728465199468,347.320341491066,103.739454918739));
#7777=CARTESIAN_POINT('Ctrl Pts',(-40.2728465199468,347.320341491066,98.7394549187389));
#7778=CARTESIAN_POINT('Ctrl Pts',(-40.4408042253562,347.56596436291,98.7394549187389));
#7779=CARTESIAN_POINT('Ctrl Pts',(-40.779454344526,348.061209368896,98.7394549187389));
#7780=CARTESIAN_POINT('Ctrl Pts',(-40.9415071954907,348.638957291519,98.7394549187389));
#7781=CARTESIAN_POINT('Ctrl Pts',(-41.0231879353521,348.930164002739,98.7394549187389));
#7782=CARTESIAN_POINT('Ctrl Pts',(-38.6903098225591,346.160723590218,103.739454918739));
#7783=CARTESIAN_POINT('Ctrl Pts',(-38.6903098225591,346.160723590218,97.7394549187389));
#7784=CARTESIAN_POINT('Ctrl Pts',(-39.0119434748595,346.31272976551,103.739454918739));
#7785=CARTESIAN_POINT('Ctrl Pts',(-39.0119434748595,346.31272976551,97.7394549187389));
#7786=CARTESIAN_POINT('Ctrl Pts',(-39.6151693917023,346.597818293407,103.739454918739));
#7787=CARTESIAN_POINT('Ctrl Pts',(-39.6151693917023,346.597818293407,97.7394549187389));
#7788=CARTESIAN_POINT('Ctrl Pts',(-40.0635416076199,347.090399399353,103.739454918739));
#7789=CARTESIAN_POINT('Ctrl Pts',(-40.0635416076199,347.090399399353,97.7394549187389));
#7790=CARTESIAN_POINT('Ctrl Pts',(-40.2728465199468,347.320341491066,103.739454918739));
#7791=CARTESIAN_POINT('Ctrl Pts',(-40.2728465199468,347.320341491066,97.7394549187389));
#7792=CARTESIAN_POINT('',(-38.6903098225591,346.160723590218,98.7394549187389));
#7793=CARTESIAN_POINT('',(-38.6903098225591,346.160723590218,103.739454918739));
#7794=CARTESIAN_POINT('Ctrl Pts',(-38.6903098225591,346.160723590218,98.7394549187389));
#7795=CARTESIAN_POINT('Ctrl Pts',(-39.0119434748595,346.31272976551,98.7394549187389));
#7796=CARTESIAN_POINT('Ctrl Pts',(-39.6151693917023,346.597818293407,98.7394549187389));
#7797=CARTESIAN_POINT('Ctrl Pts',(-40.0635416076199,347.090399399353,98.7394549187389));
#7798=CARTESIAN_POINT('Ctrl Pts',(-40.2728465199468,347.320341491066,98.7394549187389));
#7799=CARTESIAN_POINT('Ctrl Pts',(-36.3710692524907,345.696876668297,103.739454918739));
#7800=CARTESIAN_POINT('Ctrl Pts',(-36.3710692524907,345.696876668297,97.7394549187389));
#7801=CARTESIAN_POINT('Ctrl Pts',(-36.7801417680597,345.714134409589,103.739454918739));
#7802=CARTESIAN_POINT('Ctrl Pts',(-36.7801417680597,345.714134409589,97.7394549187389));
#7803=CARTESIAN_POINT('Ctrl Pts',(-37.577756244961,345.747783759692,103.739454918739));
#7804=CARTESIAN_POINT('Ctrl Pts',(-37.577756244961,345.747783759692,97.7394549187389));
#7805=CARTESIAN_POINT('Ctrl Pts',(-38.3258774971139,346.025459432394,103.739454918739));
#7806=CARTESIAN_POINT('Ctrl Pts',(-38.3258774971139,346.025459432394,97.7394549187389));
#7807=CARTESIAN_POINT('Ctrl Pts',(-38.6903098225591,346.160723590218,103.739454918739));
#7808=CARTESIAN_POINT('Ctrl Pts',(-38.6903098225591,346.160723590218,97.7394549187389));
#7809=CARTESIAN_POINT('',(-36.3710692524907,345.696876668297,98.7394549187389));
#7810=CARTESIAN_POINT('',(-36.3710692524907,345.696876668297,103.739454918739));
#7811=CARTESIAN_POINT('Ctrl Pts',(-36.3710692524907,345.696876668297,98.7394549187389));
#7812=CARTESIAN_POINT('Ctrl Pts',(-36.7801417680597,345.714134409589,98.7394549187389));
#7813=CARTESIAN_POINT('Ctrl Pts',(-37.577756244961,345.747783759692,98.7394549187389));
#7814=CARTESIAN_POINT('Ctrl Pts',(-38.3258774971139,346.025459432394,98.7394549187389));
#7815=CARTESIAN_POINT('Ctrl Pts',(-38.6903098225591,346.160723590218,98.7394549187389));
#7816=CARTESIAN_POINT('Ctrl Pts',(-31.5961745381353,348.152537965141,103.739454918739));
#7817=CARTESIAN_POINT('Ctrl Pts',(-31.5961745381353,348.152537965141,97.7394549187389));
#7818=CARTESIAN_POINT('Ctrl Pts',(-32.2582601253461,347.436404285538,103.739454918739));
#7819=CARTESIAN_POINT('Ctrl Pts',(-32.2582601253461,347.436404285538,97.7394549187389));
#7820=CARTESIAN_POINT('Ctrl Pts',(-33.5540235233454,346.034863717325,103.739454918739));
#7821=CARTESIAN_POINT('Ctrl Pts',(-33.5540235233454,346.034863717325,97.7394549187389));
#7822=CARTESIAN_POINT('Ctrl Pts',(-35.4458794294448,345.807880254375,103.739454918739));
#7823=CARTESIAN_POINT('Ctrl Pts',(-35.4458794294448,345.807880254375,97.7394549187389));
#7824=CARTESIAN_POINT('Ctrl Pts',(-36.3710692524907,345.696876668297,103.739454918739));
#7825=CARTESIAN_POINT('Ctrl Pts',(-36.3710692524907,345.696876668297,97.7394549187389));
#7826=CARTESIAN_POINT('',(-31.5961745381353,348.152537965141,98.7394549187389));
#7827=CARTESIAN_POINT('',(-31.5961745381353,348.152537965141,103.739454918739));
#7828=CARTESIAN_POINT('Ctrl Pts',(-31.5961745381353,348.152537965141,98.7394549187389));
#7829=CARTESIAN_POINT('Ctrl Pts',(-32.2582601253461,347.436404285538,98.7394549187389));
#7830=CARTESIAN_POINT('Ctrl Pts',(-33.5540235233454,346.034863717325,98.7394549187389));
#7831=CARTESIAN_POINT('Ctrl Pts',(-35.4458794294448,345.807880254375,98.7394549187389));
#7832=CARTESIAN_POINT('Ctrl Pts',(-36.3710692524907,345.696876668297,98.7394549187389));
#7833=CARTESIAN_POINT('Origin',(-31.5961745381353,346.02429809507,103.739454918739));
#7834=CARTESIAN_POINT('',(-31.5961745381353,346.02429809507,98.7394549187389));
#7835=CARTESIAN_POINT('',(-31.5961745381353,346.02429809507,103.739454918739));
#7836=CARTESIAN_POINT('',(-31.5961745381353,346.02429809507,98.7394549187389));
#7837=CARTESIAN_POINT('Origin',(-28.0354693531988,346.02429809507,103.739454918739));
#7838=CARTESIAN_POINT('',(-28.0354693531988,346.02429809507,98.7394549187389));
#7839=CARTESIAN_POINT('',(-28.0354693531988,346.02429809507,103.739454918739));
#7840=CARTESIAN_POINT('',(-28.0354693531988,346.02429809507,98.7394549187389));
#7841=CARTESIAN_POINT('Origin',(-28.0354693531988,360.51270189222,103.739454918739));
#7842=CARTESIAN_POINT('',(-28.0354693531988,360.51270189222,98.7394549187389));
#7843=CARTESIAN_POINT('',(-28.0354693531988,360.51270189222,103.739454918739));
#7844=CARTESIAN_POINT('',(-28.0354693531988,360.51270189222,98.7394549187389));
#7845=CARTESIAN_POINT('Origin',(-31.8690302968023,360.51270189222,103.739454918739));
#7846=CARTESIAN_POINT('',(-31.8690302968023,360.51270189222,98.7394549187389));
#7847=CARTESIAN_POINT('',(-31.8690302968023,360.51270189222,103.739454918739));
#7848=CARTESIAN_POINT('',(-31.8690302968023,360.51270189222,98.7394549187389));
#7849=CARTESIAN_POINT('Origin',(-31.8690302968023,353.950628661476,103.739454918739));
#7850=CARTESIAN_POINT('',(-31.8690302968023,353.950628661476,98.7394549187389));
#7851=CARTESIAN_POINT('',(-31.8690302968023,353.950628661476,103.739454918739));
#7852=CARTESIAN_POINT('',(-31.8690302968023,353.950628661476,98.7394549187389));
#7853=CARTESIAN_POINT('Ctrl Pts',(-32.1555235981939,350.621842765175,103.739454918739));
#7854=CARTESIAN_POINT('Ctrl Pts',(-32.1555235981939,350.621842765175,97.7394549187389));
#7855=CARTESIAN_POINT('Ctrl Pts',(-32.0729346067476,351.048204114888,103.739454918739));
#7856=CARTESIAN_POINT('Ctrl Pts',(-32.0729346067476,351.048204114888,97.7394549187389));
#7857=CARTESIAN_POINT('Ctrl Pts',(-31.8602870072147,352.145986228007,103.739454918739));
#7858=CARTESIAN_POINT('Ctrl Pts',(-31.8602870072147,352.145986228007,97.7394549187389));
#7859=CARTESIAN_POINT('Ctrl Pts',(-31.8657121775252,353.265758420515,103.739454918739));
#7860=CARTESIAN_POINT('Ctrl Pts',(-31.8657121775252,353.265758420515,97.7394549187389));
#7861=CARTESIAN_POINT('Ctrl Pts',(-31.8690302968023,353.950628661476,103.739454918739));
#7862=CARTESIAN_POINT('Ctrl Pts',(-31.8690302968023,353.950628661476,97.7394549187389));
#7863=CARTESIAN_POINT('',(-32.1555235981939,350.621842765175,98.7394549187389));
#7864=CARTESIAN_POINT('',(-32.1555235981939,350.621842765175,103.739454918739));
#7865=CARTESIAN_POINT('Ctrl Pts',(-32.1555235981939,350.621842765175,98.7394549187389));
#7866=CARTESIAN_POINT('Ctrl Pts',(-32.0729346067476,351.048204114888,98.7394549187389));
#7867=CARTESIAN_POINT('Ctrl Pts',(-31.8602870072147,352.145986228007,98.7394549187389));
#7868=CARTESIAN_POINT('Ctrl Pts',(-31.8657121775252,353.265758420515,98.7394549187389));
#7869=CARTESIAN_POINT('Ctrl Pts',(-31.8690302968023,353.950628661476,98.7394549187389));
#7870=CARTESIAN_POINT('Ctrl Pts',(-33.2469275593755,349.175730370842,103.739454918739));
#7871=CARTESIAN_POINT('Ctrl Pts',(-33.2469275593755,349.175730370842,97.7394549187389));
#7872=CARTESIAN_POINT('Ctrl Pts',(-33.0038069127669,349.37189408446,103.739454918739));
#7873=CARTESIAN_POINT('Ctrl Pts',(-33.0038069127669,349.37189408446,97.7394549187389));
#7874=CARTESIAN_POINT('Ctrl Pts',(-32.5192235465946,349.762883800849,103.739454918739));
#7875=CARTESIAN_POINT('Ctrl Pts',(-32.5192235465946,349.762883800849,97.7394549187389));
#7876=CARTESIAN_POINT('Ctrl Pts',(-32.2764800779151,350.33617692165,103.739454918739));
#7877=CARTESIAN_POINT('Ctrl Pts',(-32.2764800779151,350.33617692165,97.7394549187389));
#7878=CARTESIAN_POINT('Ctrl Pts',(-32.1555235981939,350.621842765175,103.739454918739));
#7879=CARTESIAN_POINT('Ctrl Pts',(-32.1555235981939,350.621842765175,97.7394549187389));
#7880=CARTESIAN_POINT('',(-33.2469275593755,349.175730370842,98.7394549187389));
#7881=CARTESIAN_POINT('',(-33.2469275593755,349.175730370842,103.739454918739));
#7882=CARTESIAN_POINT('Ctrl Pts',(-33.2469275593755,349.175730370842,98.7394549187389));
#7883=CARTESIAN_POINT('Ctrl Pts',(-33.0038069127669,349.37189408446,98.7394549187389));
#7884=CARTESIAN_POINT('Ctrl Pts',(-32.5192235465946,349.762883800849,98.7394549187389));
#7885=CARTESIAN_POINT('Ctrl Pts',(-32.2764800779151,350.33617692165,98.7394549187389));
#7886=CARTESIAN_POINT('Ctrl Pts',(-32.1555235981939,350.621842765175,98.7394549187389));
#7887=CARTESIAN_POINT('Ctrl Pts',(-35.0341036915777,348.630028390251,103.739454918739));
#7888=CARTESIAN_POINT('Ctrl Pts',(-35.0341036915777,348.630028390251,97.7394549187389));
#7889=CARTESIAN_POINT('Ctrl Pts',(-34.7119392089603,348.651889713342,103.739454918739));
#7890=CARTESIAN_POINT('Ctrl Pts',(-34.7119392089603,348.651889713342,97.7394549187389));
#7891=CARTESIAN_POINT('Ctrl Pts',(-34.0736724196147,348.695200994544,103.739454918739));
#7892=CARTESIAN_POINT('Ctrl Pts',(-34.0736724196147,348.695200994544,97.7394549187389));
#7893=CARTESIAN_POINT('Ctrl Pts',(-33.5207586782502,349.016571356868,103.739454918739));
#7894=CARTESIAN_POINT('Ctrl Pts',(-33.5207586782502,349.016571356868,97.7394549187389));
#7895=CARTESIAN_POINT('Ctrl Pts',(-33.2469275593755,349.175730370842,103.739454918739));
#7896=CARTESIAN_POINT('Ctrl Pts',(-33.2469275593755,349.175730370842,97.7394549187389));
#7897=CARTESIAN_POINT('',(-35.0341036915777,348.630028390251,98.7394549187389));
#7898=CARTESIAN_POINT('',(-35.0341036915777,348.630028390251,103.739454918739));
#7899=CARTESIAN_POINT('Ctrl Pts',(-35.0341036915777,348.630028390251,98.7394549187389));
#7900=CARTESIAN_POINT('Ctrl Pts',(-34.7119392089603,348.651889713342,98.7394549187389));
#7901=CARTESIAN_POINT('Ctrl Pts',(-34.0736724196147,348.695200994544,98.7394549187389));
#7902=CARTESIAN_POINT('Ctrl Pts',(-33.5207586782502,349.016571356868,98.7394549187389));
#7903=CARTESIAN_POINT('Ctrl Pts',(-33.2469275593755,349.175730370842,98.7394549187389));
#7904=CARTESIAN_POINT('Ctrl Pts',(-36.3574317097661,349.012020253502,103.739454918739));
#7905=CARTESIAN_POINT('Ctrl Pts',(-36.3574317097661,349.012020253502,97.7394549187389));
#7906=CARTESIAN_POINT('Ctrl Pts',(-36.1608943917,348.900658087198,103.739454918739));
#7907=CARTESIAN_POINT('Ctrl Pts',(-36.1608943917,348.900658087198,97.7394549187389));
#7908=CARTESIAN_POINT('Ctrl Pts',(-35.7508391112287,348.668312165381,103.739454918739));
#7909=CARTESIAN_POINT('Ctrl Pts',(-35.7508391112287,348.668312165381,97.7394549187389));
#7910=CARTESIAN_POINT('Ctrl Pts',(-35.2795213520301,348.643137152938,103.739454918739));
#7911=CARTESIAN_POINT('Ctrl Pts',(-35.2795213520301,348.643137152938,97.7394549187389));
#7912=CARTESIAN_POINT('Ctrl Pts',(-35.0341036915777,348.630028390251,103.739454918739));
#7913=CARTESIAN_POINT('Ctrl Pts',(-35.0341036915777,348.630028390251,97.7394549187389));
#7914=CARTESIAN_POINT('',(-36.3574317097661,349.012020253502,98.7394549187389));
#7915=CARTESIAN_POINT('',(-36.3574317097661,349.012020253502,103.739454918739));
#7916=CARTESIAN_POINT('Ctrl Pts',(-36.3574317097661,349.012020253502,98.7394549187389));
#7917=CARTESIAN_POINT('Ctrl Pts',(-36.1608943917,348.900658087198,98.7394549187389));
#7918=CARTESIAN_POINT('Ctrl Pts',(-35.7508391112287,348.668312165381,98.7394549187389));
#7919=CARTESIAN_POINT('Ctrl Pts',(-35.2795213520301,348.643137152938,98.7394549187389));
#7920=CARTESIAN_POINT('Ctrl Pts',(-35.0341036915777,348.630028390251,98.7394549187389));
#7921=CARTESIAN_POINT('Ctrl Pts',(-37.1623423695562,350.089781903587,103.739454918739));
#7922=CARTESIAN_POINT('Ctrl Pts',(-37.1623423695562,350.089781903587,97.7394549187389));
#7923=CARTESIAN_POINT('Ctrl Pts',(-37.0696481450208,349.872483195999,103.739454918739));
#7924=CARTESIAN_POINT('Ctrl Pts',(-37.0696481450208,349.872483195999,97.7394549187389));
#7925=CARTESIAN_POINT('Ctrl Pts',(-36.8884354277852,349.447674752417,103.739454918739));
#7926=CARTESIAN_POINT('Ctrl Pts',(-36.8884354277852,349.447674752417,97.7394549187389));
#7927=CARTESIAN_POINT('Ctrl Pts',(-36.5316927778438,349.154990285006,103.739454918739));
#7928=CARTESIAN_POINT('Ctrl Pts',(-36.5316927778438,349.154990285006,97.7394549187389));
#7929=CARTESIAN_POINT('Ctrl Pts',(-36.3574317097661,349.012020253502,103.739454918739));
#7930=CARTESIAN_POINT('Ctrl Pts',(-36.3574317097661,349.012020253502,97.7394549187389));
#7931=CARTESIAN_POINT('',(-37.1623423695562,350.089781903587,98.7394549187389));
#7932=CARTESIAN_POINT('',(-37.1623423695562,350.089781903587,103.739454918739));
#7933=CARTESIAN_POINT('Ctrl Pts',(-37.1623423695562,350.089781903587,98.7394549187389));
#7934=CARTESIAN_POINT('Ctrl Pts',(-37.0696481450208,349.872483195999,98.7394549187389));
#7935=CARTESIAN_POINT('Ctrl Pts',(-36.8884354277852,349.447674752417,98.7394549187389));
#7936=CARTESIAN_POINT('Ctrl Pts',(-36.5316927778438,349.154990285006,98.7394549187389));
#7937=CARTESIAN_POINT('Ctrl Pts',(-36.3574317097661,349.012020253502,98.7394549187389));
#7938=CARTESIAN_POINT('Ctrl Pts',(-37.4079039692876,353.118430995308,103.739454918739));
#7939=CARTESIAN_POINT('Ctrl Pts',(-37.4079039692876,353.118430995308,97.7394549187389));
#7940=CARTESIAN_POINT('Ctrl Pts',(-37.4147210555614,352.472247946084,103.739454918739));
#7941=CARTESIAN_POINT('Ctrl Pts',(-37.4147210555614,352.472247946084,97.7394549187389));
#7942=CARTESIAN_POINT('Ctrl Pts',(-37.4254685837564,351.453503241724,103.739454918739));
#7943=CARTESIAN_POINT('Ctrl Pts',(-37.4254685837564,351.453503241724,97.7394549187389));
#7944=CARTESIAN_POINT('Ctrl Pts',(-37.2328018605253,350.454956888531,103.739454918739));
#7945=CARTESIAN_POINT('Ctrl Pts',(-37.2328018605253,350.454956888531,97.7394549187389));
#7946=CARTESIAN_POINT('Ctrl Pts',(-37.1623423695562,350.089781903587,103.739454918739));
#7947=CARTESIAN_POINT('Ctrl Pts',(-37.1623423695562,350.089781903587,97.7394549187389));
#7948=CARTESIAN_POINT('',(-37.4079039692876,353.118430995308,98.7394549187389));
#7949=CARTESIAN_POINT('',(-37.4079039692876,353.118430995308,103.739454918739));
#7950=CARTESIAN_POINT('Ctrl Pts',(-37.4079039692876,353.118430995308,98.7394549187389));
#7951=CARTESIAN_POINT('Ctrl Pts',(-37.4147210555614,352.472247946084,98.7394549187389));
#7952=CARTESIAN_POINT('Ctrl Pts',(-37.4254685837564,351.453503241724,98.7394549187389));
#7953=CARTESIAN_POINT('Ctrl Pts',(-37.2328018605253,350.454956888531,98.7394549187389));
#7954=CARTESIAN_POINT('Ctrl Pts',(-37.1623423695562,350.089781903587,98.7394549187389));
#7955=CARTESIAN_POINT('Origin',(-37.4079039692876,360.51270189222,103.739454918739));
#7956=CARTESIAN_POINT('',(-37.4079039692876,360.51270189222,98.7394549187389));
#7957=CARTESIAN_POINT('',(-37.4079039692876,360.51270189222,103.739454918739));
#7958=CARTESIAN_POINT('',(-37.4079039692876,360.51270189222,98.7394549187389));
#7959=CARTESIAN_POINT('Origin',(-41.2414744496343,360.51270189222,103.739454918739));
#7960=CARTESIAN_POINT('',(-41.2414744496343,360.51270189222,98.7394549187389));
#7961=CARTESIAN_POINT('',(-41.2414744496343,360.51270189222,103.739454918739));
#7962=CARTESIAN_POINT('',(-41.2414744496343,360.51270189222,98.7394549187389));
#7963=CARTESIAN_POINT('Origin',(-41.2414744496343,351.508609675728,103.739454918739));
#7964=CARTESIAN_POINT('',(-41.2414744496343,351.508609675728,98.7394549187389));
#7965=CARTESIAN_POINT('Origin',(-2.98022975186996E-7,350.519523047768,98.7394549187389));
#7966=CARTESIAN_POINT('Ctrl Pts',(-1.71896487474417,348.630027198158,103.739454918739));
#7967=CARTESIAN_POINT('Ctrl Pts',(-1.71896487474417,348.630027198158,97.7394549187389));
#7968=CARTESIAN_POINT('Ctrl Pts',(-1.28029929074132,348.678002710397,103.739454918739));
#7969=CARTESIAN_POINT('Ctrl Pts',(-1.28029929074132,348.678002710397,97.7394549187389));
#7970=CARTESIAN_POINT('Ctrl Pts',(-0.390477073506643,348.775319842695,103.739454918739));
#7971=CARTESIAN_POINT('Ctrl Pts',(-0.390477073506643,348.775319842695,97.7394549187389));
#7972=CARTESIAN_POINT('Ctrl Pts',(0.248840331965932,349.403123875537,103.739454918739));
#7973=CARTESIAN_POINT('Ctrl Pts',(0.248840331965932,349.403123875537,97.7394549187389));
#7974=CARTESIAN_POINT('Ctrl Pts',(0.572986304760228,349.721432351433,103.739454918739));
#7975=CARTESIAN_POINT('Ctrl Pts',(0.572986304760228,349.721432351433,97.7394549187389));
#7976=CARTESIAN_POINT('',(-1.71896487474417,348.630027198158,103.739454918739));
#7977=CARTESIAN_POINT('',(0.572986304760228,349.721432351433,103.739454918739));
#7978=CARTESIAN_POINT('Ctrl Pts',(-1.71896487474417,348.630027198158,103.739454918739));
#7979=CARTESIAN_POINT('Ctrl Pts',(-1.28029929074132,348.678002710397,103.739454918739));
#7980=CARTESIAN_POINT('Ctrl Pts',(-0.390477073506643,348.775319842695,103.739454918739));
#7981=CARTESIAN_POINT('Ctrl Pts',(0.248840331965932,349.403123875537,103.739454918739));
#7982=CARTESIAN_POINT('Ctrl Pts',(0.572986304760228,349.721432351433,103.739454918739));
#7983=CARTESIAN_POINT('',(-1.71896487474417,348.630027198158,98.7394549187389));
#7984=CARTESIAN_POINT('',(-1.71896487474417,348.630027198158,103.739454918739));
#7985=CARTESIAN_POINT('',(0.572986304760228,349.721432351433,98.7394549187389));
#7986=CARTESIAN_POINT('Ctrl Pts',(-1.71896487474417,348.630027198158,98.7394549187389));
#7987=CARTESIAN_POINT('Ctrl Pts',(-1.28029929074132,348.678002710397,98.7394549187389));
#7988=CARTESIAN_POINT('Ctrl Pts',(-0.390477073506643,348.775319842695,98.7394549187389));
#7989=CARTESIAN_POINT('Ctrl Pts',(0.248840331965932,349.403123875537,98.7394549187389));
#7990=CARTESIAN_POINT('Ctrl Pts',(0.572986304760228,349.721432351433,98.7394549187389));
#7991=CARTESIAN_POINT('',(0.572986304760228,349.721432351433,103.739454918739));
#7992=CARTESIAN_POINT('Ctrl Pts',(-4.02455836534475,349.735074662529,103.739454918739));
#7993=CARTESIAN_POINT('Ctrl Pts',(-4.02455836534475,349.735074662529,97.7394549187389));
#7994=CARTESIAN_POINT('Ctrl Pts',(-3.70436949211404,349.412770595043,103.739454918739));
#7995=CARTESIAN_POINT('Ctrl Pts',(-3.70436949211404,349.412770595043,97.7394549187389));
#7996=CARTESIAN_POINT('Ctrl Pts',(-3.06663816364626,348.770826360522,103.739454918739));
#7997=CARTESIAN_POINT('Ctrl Pts',(-3.06663816364626,348.770826360522,97.7394549187389));
#7998=CARTESIAN_POINT('Ctrl Pts',(-2.16694480711046,348.676830232508,103.739454918739));
#7999=CARTESIAN_POINT('Ctrl Pts',(-2.16694480711046,348.676830232508,97.7394549187389));
#8000=CARTESIAN_POINT('Ctrl Pts',(-1.71896487474417,348.630027198158,103.739454918739));
#8001=CARTESIAN_POINT('Ctrl Pts',(-1.71896487474417,348.630027198158,97.7394549187389));
#8002=CARTESIAN_POINT('',(-4.02455836534475,349.735074662529,103.739454918739));
#8003=CARTESIAN_POINT('Ctrl Pts',(-4.02455836534475,349.735074662529,103.739454918739));
#8004=CARTESIAN_POINT('Ctrl Pts',(-3.70436949211404,349.412770595043,103.739454918739));
#8005=CARTESIAN_POINT('Ctrl Pts',(-3.06663816364626,348.770826360522,103.739454918739));
#8006=CARTESIAN_POINT('Ctrl Pts',(-2.16694480711046,348.676830232508,103.739454918739));
#8007=CARTESIAN_POINT('Ctrl Pts',(-1.71896487474417,348.630027198158,103.739454918739));
#8008=CARTESIAN_POINT('',(-4.02455836534475,349.735074662529,98.7394549187389));
#8009=CARTESIAN_POINT('',(-4.02455836534475,349.735074662529,103.739454918739));
#8010=CARTESIAN_POINT('Ctrl Pts',(-4.02455836534475,349.735074662529,98.7394549187389));
#8011=CARTESIAN_POINT('Ctrl Pts',(-3.70436949211404,349.412770595043,98.7394549187389));
#8012=CARTESIAN_POINT('Ctrl Pts',(-3.06663816364626,348.770826360522,98.7394549187389));
#8013=CARTESIAN_POINT('Ctrl Pts',(-2.16694480711046,348.676830232508,98.7394549187389));
#8014=CARTESIAN_POINT('Ctrl Pts',(-1.71896487474417,348.630027198158,98.7394549187389));
#8015=CARTESIAN_POINT('Ctrl Pts',(-4.92496520280813,353.323070430122,103.739454918739));
#8016=CARTESIAN_POINT('Ctrl Pts',(-4.92496520280813,353.323070430122,97.7394549187389));
#8017=CARTESIAN_POINT('Ctrl Pts',(-4.9160188642566,352.589598332391,103.739454918739));
#8018=CARTESIAN_POINT('Ctrl Pts',(-4.9160188642566,352.589598332391,97.7394549187389));
#8019=CARTESIAN_POINT('Ctrl Pts',(-4.90046594954528,351.314481264837,103.739454918739));
#8020=CARTESIAN_POINT('Ctrl Pts',(-4.90046594954528,351.314481264837,97.7394549187389));
#8021=CARTESIAN_POINT('Ctrl Pts',(-4.28569930028873,350.20595506615,103.739454918739));
#8022=CARTESIAN_POINT('Ctrl Pts',(-4.28569930028873,350.20595506615,97.7394549187389));
#8023=CARTESIAN_POINT('Ctrl Pts',(-4.02455836534475,349.735074662529,103.739454918739));
#8024=CARTESIAN_POINT('Ctrl Pts',(-4.02455836534475,349.735074662529,97.7394549187389));
#8025=CARTESIAN_POINT('',(-4.92496520280813,353.323070430122,103.739454918739));
#8026=CARTESIAN_POINT('Ctrl Pts',(-4.92496520280813,353.323070430122,103.739454918739));
#8027=CARTESIAN_POINT('Ctrl Pts',(-4.9160188642566,352.589598332391,103.739454918739));
#8028=CARTESIAN_POINT('Ctrl Pts',(-4.90046594954528,351.314481264837,103.739454918739));
#8029=CARTESIAN_POINT('Ctrl Pts',(-4.28569930028873,350.20595506615,103.739454918739));
#8030=CARTESIAN_POINT('Ctrl Pts',(-4.02455836534475,349.735074662529,103.739454918739));
#8031=CARTESIAN_POINT('',(-4.92496520280813,353.323070430122,98.7394549187389));
#8032=CARTESIAN_POINT('',(-4.92496520280813,353.323070430122,103.739454918739));
#8033=CARTESIAN_POINT('Ctrl Pts',(-4.92496520280813,353.323070430122,98.7394549187389));
#8034=CARTESIAN_POINT('Ctrl Pts',(-4.9160188642566,352.589598332391,98.7394549187389));
#8035=CARTESIAN_POINT('Ctrl Pts',(-4.90046594954528,351.314481264837,98.7394549187389));
#8036=CARTESIAN_POINT('Ctrl Pts',(-4.28569930028873,350.20595506615,98.7394549187389));
#8037=CARTESIAN_POINT('Ctrl Pts',(-4.02455836534475,349.735074662529,98.7394549187389));
#8038=CARTESIAN_POINT('Ctrl Pts',(-3.99727374315237,356.692783259712,103.739454918739));
#8039=CARTESIAN_POINT('Ctrl Pts',(-3.99727374315237,356.692783259712,97.7394549187389));
#8040=CARTESIAN_POINT('Ctrl Pts',(-4.26695010587911,356.234446494393,103.739454918739));
#8041=CARTESIAN_POINT('Ctrl Pts',(-4.26695010587911,356.234446494393,97.7394549187389));
#8042=CARTESIAN_POINT('Ctrl Pts',(-4.87560337347766,355.199991093663,103.739454918739));
#8043=CARTESIAN_POINT('Ctrl Pts',(-4.87560337347766,355.199991093663,97.7394549187389));
#8044=CARTESIAN_POINT('Ctrl Pts',(-4.9073079768023,353.99446395019,103.739454918739));
#8045=CARTESIAN_POINT('Ctrl Pts',(-4.9073079768023,353.99446395019,97.7394549187389));
#8046=CARTESIAN_POINT('Ctrl Pts',(-4.92496520280813,353.323070430122,103.739454918739));
#8047=CARTESIAN_POINT('Ctrl Pts',(-4.92496520280813,353.323070430122,97.7394549187389));
#8048=CARTESIAN_POINT('',(-3.99727374315237,356.692783259712,103.739454918739));
#8049=CARTESIAN_POINT('Ctrl Pts',(-3.99727374315237,356.692783259712,103.739454918739));
#8050=CARTESIAN_POINT('Ctrl Pts',(-4.26695010587911,356.234446494393,103.739454918739));
#8051=CARTESIAN_POINT('Ctrl Pts',(-4.87560337347766,355.199991093663,103.739454918739));
#8052=CARTESIAN_POINT('Ctrl Pts',(-4.9073079768023,353.99446395019,103.739454918739));
#8053=CARTESIAN_POINT('Ctrl Pts',(-4.92496520280813,353.323070430122,103.739454918739));
#8054=CARTESIAN_POINT('',(-3.99727374315237,356.692783259712,98.7394549187389));
#8055=CARTESIAN_POINT('',(-3.99727374315237,356.692783259712,103.739454918739));
#8056=CARTESIAN_POINT('Ctrl Pts',(-3.99727374315237,356.692783259712,98.7394549187389));
#8057=CARTESIAN_POINT('Ctrl Pts',(-4.26695010587911,356.234446494393,98.7394549187389));
#8058=CARTESIAN_POINT('Ctrl Pts',(-4.87560337347766,355.199991093663,98.7394549187389));
#8059=CARTESIAN_POINT('Ctrl Pts',(-4.9073079768023,353.99446395019,98.7394549187389));
#8060=CARTESIAN_POINT('Ctrl Pts',(-4.92496520280813,353.323070430122,98.7394549187389));
#8061=CARTESIAN_POINT('Ctrl Pts',(-1.74624949693655,357.811474227272,103.739454918739));
#8062=CARTESIAN_POINT('Ctrl Pts',(-1.74624949693655,357.811474227272,97.7394549187389));
#8063=CARTESIAN_POINT('Ctrl Pts',(-2.17481658395795,357.760014863197,103.739454918739));
#8064=CARTESIAN_POINT('Ctrl Pts',(-2.17481658395795,357.760014863197,97.7394549187389));
#8065=CARTESIAN_POINT('Ctrl Pts',(-3.05579848143966,357.654232665779,103.739454918739));
#8066=CARTESIAN_POINT('Ctrl Pts',(-3.05579848143966,357.654232665779,97.7394549187389));
#8067=CARTESIAN_POINT('Ctrl Pts',(-3.67783591227741,357.018998217513,103.739454918739));
#8068=CARTESIAN_POINT('Ctrl Pts',(-3.67783591227741,357.018998217513,97.7394549187389));
#8069=CARTESIAN_POINT('Ctrl Pts',(-3.99727374315237,356.692783259712,103.739454918739));
#8070=CARTESIAN_POINT('Ctrl Pts',(-3.99727374315237,356.692783259712,97.7394549187389));
#8071=CARTESIAN_POINT('',(-1.74624949693655,357.811474227272,103.739454918739));
#8072=CARTESIAN_POINT('Ctrl Pts',(-1.74624949693655,357.811474227272,103.739454918739));
#8073=CARTESIAN_POINT('Ctrl Pts',(-2.17481658395795,357.760014863197,103.739454918739));
#8074=CARTESIAN_POINT('Ctrl Pts',(-3.05579848143966,357.654232665779,103.739454918739));
#8075=CARTESIAN_POINT('Ctrl Pts',(-3.67783591227741,357.018998217513,103.739454918739));
#8076=CARTESIAN_POINT('Ctrl Pts',(-3.99727374315237,356.692783259712,103.739454918739));
#8077=CARTESIAN_POINT('',(-1.74624949693655,357.811474227272,98.7394549187389));
#8078=CARTESIAN_POINT('',(-1.74624949693655,357.811474227272,103.739454918739));
#8079=CARTESIAN_POINT('Ctrl Pts',(-1.74624949693655,357.811474227272,98.7394549187389));
#8080=CARTESIAN_POINT('Ctrl Pts',(-2.17481658395795,357.760014863197,98.7394549187389));
#8081=CARTESIAN_POINT('Ctrl Pts',(-3.05579848143966,357.654232665779,98.7394549187389));
#8082=CARTESIAN_POINT('Ctrl Pts',(-3.67783591227741,357.018998217513,98.7394549187389));
#8083=CARTESIAN_POINT('Ctrl Pts',(-3.99727374315237,356.692783259712,98.7394549187389));
#8084=CARTESIAN_POINT('Ctrl Pts',(0.845837295055638,356.310791396461,103.739454918739));
#8085=CARTESIAN_POINT('Ctrl Pts',(0.845837295055638,356.310791396461,97.7394549187389));
#8086=CARTESIAN_POINT('Ctrl Pts',(0.510982791137273,356.748450617423,103.739454918739));
#8087=CARTESIAN_POINT('Ctrl Pts',(0.510982791137273,356.748450617423,97.7394549187389));
#8088=CARTESIAN_POINT('Ctrl Pts',(-0.147071000001855,357.608535538516,103.739454918739));
#8089=CARTESIAN_POINT('Ctrl Pts',(-0.147071000001855,357.608535538516,97.7394549187389));
#8090=CARTESIAN_POINT('Ctrl Pts',(-1.21952162036067,357.7446314922,103.739454918739));
#8091=CARTESIAN_POINT('Ctrl Pts',(-1.21952162036067,357.7446314922,97.7394549187389));
#8092=CARTESIAN_POINT('Ctrl Pts',(-1.74624949693655,357.811474227272,103.739454918739));
#8093=CARTESIAN_POINT('Ctrl Pts',(-1.74624949693655,357.811474227272,97.7394549187389));
#8094=CARTESIAN_POINT('',(0.845837295055638,356.310791396461,103.739454918739));
#8095=CARTESIAN_POINT('Ctrl Pts',(0.845837295055638,356.310791396461,103.739454918739));
#8096=CARTESIAN_POINT('Ctrl Pts',(0.510982791137273,356.748450617423,103.739454918739));
#8097=CARTESIAN_POINT('Ctrl Pts',(-0.147071000001855,357.608535538516,103.739454918739));
#8098=CARTESIAN_POINT('Ctrl Pts',(-1.21952162036067,357.7446314922,103.739454918739));
#8099=CARTESIAN_POINT('Ctrl Pts',(-1.74624949693655,357.811474227272,103.739454918739));
#8100=CARTESIAN_POINT('',(0.845837295055638,356.310791396461,98.7394549187389));
#8101=CARTESIAN_POINT('',(0.845837295055638,356.310791396461,103.739454918739));
#8102=CARTESIAN_POINT('Ctrl Pts',(0.845837295055638,356.310791396461,98.7394549187389));
#8103=CARTESIAN_POINT('Ctrl Pts',(0.510982791137273,356.748450617423,98.7394549187389));
#8104=CARTESIAN_POINT('Ctrl Pts',(-0.147071000001855,357.608535538516,98.7394549187389));
#8105=CARTESIAN_POINT('Ctrl Pts',(-1.21952162036067,357.7446314922,98.7394549187389));
#8106=CARTESIAN_POINT('Ctrl Pts',(-1.74624949693655,357.811474227272,98.7394549187389));
#8107=CARTESIAN_POINT('Ctrl Pts',(1.48704022169138,352.954720877968,103.739454918739));
#8108=CARTESIAN_POINT('Ctrl Pts',(1.48704022169138,352.954720877968,97.7394549187389));
#8109=CARTESIAN_POINT('Ctrl Pts',(1.48300536477883,353.631474693587,103.739454918739));
#8110=CARTESIAN_POINT('Ctrl Pts',(1.48300536477883,353.631474693587,97.7394549187389));
#8111=CARTESIAN_POINT('Ctrl Pts',(1.47607252395883,354.794298203738,103.739454918739));
#8112=CARTESIAN_POINT('Ctrl Pts',(1.47607252395883,354.794298203738,97.7394549187389));
#8113=CARTESIAN_POINT('Ctrl Pts',(1.0316214588366,355.863751296561,103.739454918739));
#8114=CARTESIAN_POINT('Ctrl Pts',(1.0316214588366,355.863751296561,97.7394549187389));
#8115=CARTESIAN_POINT('Ctrl Pts',(0.845837295055638,356.310791396461,103.739454918739));
#8116=CARTESIAN_POINT('Ctrl Pts',(0.845837295055638,356.310791396461,97.7394549187389));
#8117=CARTESIAN_POINT('',(1.48704022169138,352.954720877968,103.739454918739));
#8118=CARTESIAN_POINT('Ctrl Pts',(1.48704022169138,352.954720877968,103.739454918739));
#8119=CARTESIAN_POINT('Ctrl Pts',(1.48300536477883,353.631474693587,103.739454918739));
#8120=CARTESIAN_POINT('Ctrl Pts',(1.47607252395883,354.794298203738,103.739454918739));
#8121=CARTESIAN_POINT('Ctrl Pts',(1.0316214588366,355.863751296561,103.739454918739));
#8122=CARTESIAN_POINT('Ctrl Pts',(0.845837295055638,356.310791396461,103.739454918739));
#8123=CARTESIAN_POINT('',(1.48704022169138,352.954720877968,98.7394549187389));
#8124=CARTESIAN_POINT('',(1.48704022169138,352.954720877968,103.739454918739));
#8125=CARTESIAN_POINT('Ctrl Pts',(1.48704022169138,352.954720877968,98.7394549187389));
#8126=CARTESIAN_POINT('Ctrl Pts',(1.48300536477883,353.631474693587,98.7394549187389));
#8127=CARTESIAN_POINT('Ctrl Pts',(1.47607252395883,354.794298203738,98.7394549187389));
#8128=CARTESIAN_POINT('Ctrl Pts',(1.0316214588366,355.863751296561,98.7394549187389));
#8129=CARTESIAN_POINT('Ctrl Pts',(0.845837295055638,356.310791396461,98.7394549187389));
#8130=CARTESIAN_POINT('Ctrl Pts',(0.572986304760228,349.721432351433,103.739454918739));
#8131=CARTESIAN_POINT('Ctrl Pts',(0.572986304760228,349.721432351433,97.7394549187389));
#8132=CARTESIAN_POINT('Ctrl Pts',(0.838698900038812,350.159170379891,103.739454918739));
#8133=CARTESIAN_POINT('Ctrl Pts',(0.838698900038812,350.159170379891,97.7394549187389));
#8134=CARTESIAN_POINT('Ctrl Pts',(1.43837753284822,351.14708795361,103.739454918739));
#8135=CARTESIAN_POINT('Ctrl Pts',(1.43837753284822,351.14708795361,97.7394549187389));
#8136=CARTESIAN_POINT('Ctrl Pts',(1.46963350810448,352.308127988579,103.739454918739));
#8137=CARTESIAN_POINT('Ctrl Pts',(1.46963350810448,352.308127988579,97.7394549187389));
#8138=CARTESIAN_POINT('Ctrl Pts',(1.48704022169138,352.954720877968,103.739454918739));
#8139=CARTESIAN_POINT('Ctrl Pts',(1.48704022169138,352.954720877968,97.7394549187389));
#8140=CARTESIAN_POINT('Ctrl Pts',(0.572986304760228,349.721432351433,103.739454918739));
#8141=CARTESIAN_POINT('Ctrl Pts',(0.838698900038812,350.159170379891,103.739454918739));
#8142=CARTESIAN_POINT('Ctrl Pts',(1.43837753284822,351.14708795361,103.739454918739));
#8143=CARTESIAN_POINT('Ctrl Pts',(1.46963350810448,352.308127988579,103.739454918739));
#8144=CARTESIAN_POINT('Ctrl Pts',(1.48704022169138,352.954720877968,103.739454918739));
#8145=CARTESIAN_POINT('Ctrl Pts',(0.572986304760228,349.721432351433,98.7394549187389));
#8146=CARTESIAN_POINT('Ctrl Pts',(0.838698900038812,350.159170379891,98.7394549187389));
#8147=CARTESIAN_POINT('Ctrl Pts',(1.43837753284822,351.14708795361,98.7394549187389));
#8148=CARTESIAN_POINT('Ctrl Pts',(1.46963350810448,352.308127988579,98.7394549187389));
#8149=CARTESIAN_POINT('Ctrl Pts',(1.48704022169138,352.954720877968,98.7394549187389));
#8150=CARTESIAN_POINT('Origin',(-4.91132289171194,340.512699508034,103.739454918739));
#8151=CARTESIAN_POINT('',(-4.91132289171194,340.512699508034,98.7394549187389));
#8152=CARTESIAN_POINT('',(-4.91132289171194,340.512699508034,103.739454918739));
#8153=CARTESIAN_POINT('',(-8.74488383531546,340.512699508034,98.7394549187389));
#8154=CARTESIAN_POINT('',(-4.91132289171194,340.512699508034,98.7394549187389));
#8155=CARTESIAN_POINT('',(-8.74488383531546,340.512699508034,103.739454918739));
#8156=CARTESIAN_POINT('Origin',(-4.91132289171194,347.71597447332,103.739454918739));
#8157=CARTESIAN_POINT('',(-4.91132289171194,347.71597447332,98.7394549187389));
#8158=CARTESIAN_POINT('',(-4.91132289171194,347.71597447332,103.739454918739));
#8159=CARTESIAN_POINT('',(-4.91132289171194,347.71597447332,98.7394549187389));
#8160=CARTESIAN_POINT('Ctrl Pts',(-0.709414780139674,345.696875476204,103.739454918739));
#8161=CARTESIAN_POINT('Ctrl Pts',(-0.709414780139674,345.696875476204,97.7394549187389));
#8162=CARTESIAN_POINT('Ctrl Pts',(-1.49963384904705,345.790354559293,103.739454918739));
#8163=CARTESIAN_POINT('Ctrl Pts',(-1.49963384904705,345.790354559293,97.7394549187389));
#8164=CARTESIAN_POINT('Ctrl Pts',(-3.12729193341585,345.98289861612,103.739454918739));
#8165=CARTESIAN_POINT('Ctrl Pts',(-3.12729193341585,345.98289861612,97.7394549187389));
#8166=CARTESIAN_POINT('Ctrl Pts',(-4.30525462390574,347.127216594503,103.739454918739));
#8167=CARTESIAN_POINT('Ctrl Pts',(-4.30525462390574,347.127216594503,97.7394549187389));
#8168=CARTESIAN_POINT('Ctrl Pts',(-4.91132289171194,347.71597447332,103.739454918739));
#8169=CARTESIAN_POINT('Ctrl Pts',(-4.91132289171194,347.71597447332,97.7394549187389));
#8170=CARTESIAN_POINT('',(-0.709414780139674,345.696875476204,98.7394549187389));
#8171=CARTESIAN_POINT('',(-0.709414780139674,345.696875476204,103.739454918739));
#8172=CARTESIAN_POINT('Ctrl Pts',(-0.709414780139674,345.696875476204,98.7394549187389));
#8173=CARTESIAN_POINT('Ctrl Pts',(-1.49963384904705,345.790354559293,98.7394549187389));
#8174=CARTESIAN_POINT('Ctrl Pts',(-3.12729193341585,345.98289861612,98.7394549187389));
#8175=CARTESIAN_POINT('Ctrl Pts',(-4.30525462390574,347.127216594503,98.7394549187389));
#8176=CARTESIAN_POINT('Ctrl Pts',(-4.91132289171194,347.71597447332,98.7394549187389));
#8177=CARTESIAN_POINT('Ctrl Pts',(3.66985291242624,347.620477103554,103.739454918739));
#8178=CARTESIAN_POINT('Ctrl Pts',(3.66985291242624,347.620477103554,97.7394549187389));
#8179=CARTESIAN_POINT('Ctrl Pts',(3.05148321783046,347.059432657814,103.739454918739));
#8180=CARTESIAN_POINT('Ctrl Pts',(3.05148321783046,347.059432657814,97.7394549187389));
#8181=CARTESIAN_POINT('Ctrl Pts',(1.80690096863968,345.930227969621,103.739454918739));
#8182=CARTESIAN_POINT('Ctrl Pts',(1.80690096863968,345.930227969621,97.7394549187389));
#8183=CARTESIAN_POINT('Ctrl Pts',(0.132873486869603,345.774985732191,103.739454918739));
#8184=CARTESIAN_POINT('Ctrl Pts',(0.132873486869603,345.774985732191,97.7394549187389));
#8185=CARTESIAN_POINT('Ctrl Pts',(-0.709414780139674,345.696875476204,103.739454918739));
#8186=CARTESIAN_POINT('Ctrl Pts',(-0.709414780139674,345.696875476204,97.7394549187389));
#8187=CARTESIAN_POINT('',(3.66985291242624,347.620477103554,98.7394549187389));
#8188=CARTESIAN_POINT('',(3.66985291242624,347.620477103554,103.739454918739));
#8189=CARTESIAN_POINT('Ctrl Pts',(3.66985291242624,347.620477103554,98.7394549187389));
#8190=CARTESIAN_POINT('Ctrl Pts',(3.05148321783046,347.059432657814,98.7394549187389));
#8191=CARTESIAN_POINT('Ctrl Pts',(1.80690096863968,345.930227969621,98.7394549187389));
#8192=CARTESIAN_POINT('Ctrl Pts',(0.132873486869602,345.774985732191,98.7394549187389));
#8193=CARTESIAN_POINT('Ctrl Pts',(-0.709414780139674,345.696875476204,98.7394549187389));
#8194=CARTESIAN_POINT('Ctrl Pts',(5.40245503187204,353.213929557167,103.739454918739));
#8195=CARTESIAN_POINT('Ctrl Pts',(5.40245503187204,353.213929557167,97.7394549187389));
#8196=CARTESIAN_POINT('Ctrl Pts',(5.36296814123772,352.099281922002,103.739454918739));
#8197=CARTESIAN_POINT('Ctrl Pts',(5.36296814123772,352.099281922002,97.7394549187389));
#8198=CARTESIAN_POINT('Ctrl Pts',(5.29100847987191,350.067983304152,103.739454918739));
#8199=CARTESIAN_POINT('Ctrl Pts',(5.29100847987191,350.067983304152,97.7394549187389));
#8200=CARTESIAN_POINT('Ctrl Pts',(4.17394356706784,348.381517578431,103.739454918739));
#8201=CARTESIAN_POINT('Ctrl Pts',(4.17394356706784,348.381517578431,97.7394549187389));
#8202=CARTESIAN_POINT('Ctrl Pts',(3.66985291242624,347.620477103554,103.739454918739));
#8203=CARTESIAN_POINT('Ctrl Pts',(3.66985291242624,347.620477103554,97.7394549187389));
#8204=CARTESIAN_POINT('',(5.40245503187204,353.213929557167,98.7394549187389));
#8205=CARTESIAN_POINT('',(5.40245503187204,353.213929557167,103.739454918739));
#8206=CARTESIAN_POINT('Ctrl Pts',(5.40245503187204,353.213929557167,98.7394549187389));
#8207=CARTESIAN_POINT('Ctrl Pts',(5.36296814123772,352.099281922002,98.7394549187389));
#8208=CARTESIAN_POINT('Ctrl Pts',(5.29100847987191,350.067983304152,98.7394549187389));
#8209=CARTESIAN_POINT('Ctrl Pts',(4.17394356706784,348.381517578431,98.7394549187389));
#8210=CARTESIAN_POINT('Ctrl Pts',(3.66985291242624,347.620477103554,98.7394549187389));
#8211=CARTESIAN_POINT('Ctrl Pts',(3.62892121076609,358.834666632973,103.739454918739));
#8212=CARTESIAN_POINT('Ctrl Pts',(3.62892121076609,358.834666632973,97.7394549187389));
#8213=CARTESIAN_POINT('Ctrl Pts',(4.14532597718855,358.053990812974,103.739454918739));
#8214=CARTESIAN_POINT('Ctrl Pts',(4.14532597718855,358.053990812974,97.7394549187389));
#8215=CARTESIAN_POINT('Ctrl Pts',(5.26798431532365,356.35681008249,103.739454918739));
#8216=CARTESIAN_POINT('Ctrl Pts',(5.26798431532365,356.35681008249,97.7394549187389));
#8217=CARTESIAN_POINT('Ctrl Pts',(5.35530204985261,354.315999901579,103.739454918739));
#8218=CARTESIAN_POINT('Ctrl Pts',(5.35530204985261,354.315999901579,97.7394549187389));
#8219=CARTESIAN_POINT('Ctrl Pts',(5.40245503187204,353.213929557167,103.739454918739));
#8220=CARTESIAN_POINT('Ctrl Pts',(5.40245503187204,353.213929557167,97.7394549187389));
#8221=CARTESIAN_POINT('',(3.62892121076609,358.834666632973,98.7394549187389));
#8222=CARTESIAN_POINT('',(3.62892121076609,358.834666632973,103.739454918739));
#8223=CARTESIAN_POINT('Ctrl Pts',(3.62892121076609,358.834666632973,98.7394549187389));
#8224=CARTESIAN_POINT('Ctrl Pts',(4.14532597718855,358.053990812974,98.7394549187389));
#8225=CARTESIAN_POINT('Ctrl Pts',(5.26798431532365,356.35681008249,98.7394549187389));
#8226=CARTESIAN_POINT('Ctrl Pts',(5.35530204985261,354.315999901579,98.7394549187389));
#8227=CARTESIAN_POINT('Ctrl Pts',(5.40245503187204,353.213929557167,98.7394549187389));
#8228=CARTESIAN_POINT('Ctrl Pts',(-0.654840767383327,360.840124511085,103.739454918739));
#8229=CARTESIAN_POINT('Ctrl Pts',(-0.654840767383327,360.840124511085,97.7394549187389));
#8230=CARTESIAN_POINT('Ctrl Pts',(0.153745075770786,360.749785849623,103.739454918739));
#8231=CARTESIAN_POINT('Ctrl Pts',(0.153745075770786,360.749785849623,97.7394549187389));
#8232=CARTESIAN_POINT('Ctrl Pts',(1.80547027251932,360.565248061037,103.739454918739));
#8233=CARTESIAN_POINT('Ctrl Pts',(1.80547027251932,360.565248061037,97.7394549187389));
#8234=CARTESIAN_POINT('Ctrl Pts',(3.01268605476406,359.41951654252,103.739454918739));
#8235=CARTESIAN_POINT('Ctrl Pts',(3.01268605476406,359.41951654252,97.7394549187389));
#8236=CARTESIAN_POINT('Ctrl Pts',(3.62892121076609,358.834666632973,103.739454918739));
#8237=CARTESIAN_POINT('Ctrl Pts',(3.62892121076609,358.834666632973,97.7394549187389));
#8238=CARTESIAN_POINT('',(-0.654840767383327,360.840124511085,98.7394549187389));
#8239=CARTESIAN_POINT('',(-0.654840767383327,360.840124511085,103.739454918739));
#8240=CARTESIAN_POINT('Ctrl Pts',(-0.654840767383327,360.840124511085,98.7394549187389));
#8241=CARTESIAN_POINT('Ctrl Pts',(0.153745075770786,360.749785849623,98.7394549187389));
#8242=CARTESIAN_POINT('Ctrl Pts',(1.80547027251932,360.565248061037,98.7394549187389));
#8243=CARTESIAN_POINT('Ctrl Pts',(3.01268605476406,359.41951654252,98.7394549187389));
#8244=CARTESIAN_POINT('Ctrl Pts',(3.62892121076609,358.834666632973,98.7394549187389));
#8245=CARTESIAN_POINT('Ctrl Pts',(-3.08321982622122,360.239850901924,103.739454918739));
#8246=CARTESIAN_POINT('Ctrl Pts',(-3.08321982622122,360.239850901924,97.7394549187389));
#8247=CARTESIAN_POINT('Ctrl Pts',(-2.6868663596175,360.414903495844,103.739454918739));
#8248=CARTESIAN_POINT('Ctrl Pts',(-2.6868663596175,360.414903495844,97.7394549187389));
#8249=CARTESIAN_POINT('Ctrl Pts',(-1.91211676892464,360.757077683575,103.739454918739));
#8250=CARTESIAN_POINT('Ctrl Pts',(-1.91211676892464,360.757077683575,97.7394549187389));
#8251=CARTESIAN_POINT('Ctrl Pts',(-1.06740646467118,360.81287331703,103.739454918739));
#8252=CARTESIAN_POINT('Ctrl Pts',(-1.06740646467118,360.81287331703,97.7394549187389));
#8253=CARTESIAN_POINT('Ctrl Pts',(-0.654840767383327,360.840124511085,103.739454918739));
#8254=CARTESIAN_POINT('Ctrl Pts',(-0.654840767383327,360.840124511085,97.7394549187389));
#8255=CARTESIAN_POINT('',(-3.08321982622122,360.239850901924,98.7394549187389));
#8256=CARTESIAN_POINT('',(-3.08321982622122,360.239850901924,103.739454918739));
#8257=CARTESIAN_POINT('Ctrl Pts',(-3.08321982622122,360.239850901924,98.7394549187389));
#8258=CARTESIAN_POINT('Ctrl Pts',(-2.6868663596175,360.414903495844,98.7394549187389));
#8259=CARTESIAN_POINT('Ctrl Pts',(-1.91211676892464,360.757077683575,98.7394549187389));
#8260=CARTESIAN_POINT('Ctrl Pts',(-1.06740646467118,360.81287331703,98.7394549187389));
#8261=CARTESIAN_POINT('Ctrl Pts',(-0.654840767383327,360.840124511085,98.7394549187389));
#8262=CARTESIAN_POINT('Ctrl Pts',(-5.18417388200735,358.384460830055,103.739454918739));
#8263=CARTESIAN_POINT('Ctrl Pts',(-5.18417388200735,358.384460830055,97.7394549187389));
#8264=CARTESIAN_POINT('Ctrl Pts',(-4.88133470074557,358.768844412093,103.739454918739));
#8265=CARTESIAN_POINT('Ctrl Pts',(-4.88133470074557,358.768844412093,97.7394549187389));
#8266=CARTESIAN_POINT('Ctrl Pts',(-4.29322612884658,359.515310832165,103.739454918739));
#8267=CARTESIAN_POINT('Ctrl Pts',(-4.29322612884658,359.515310832165,97.7394549187389));
#8268=CARTESIAN_POINT('Ctrl Pts',(-3.47844134018611,360.003196082295,103.739454918739));
#8269=CARTESIAN_POINT('Ctrl Pts',(-3.47844134018611,360.003196082295,97.7394549187389));
#8270=CARTESIAN_POINT('Ctrl Pts',(-3.08321982622122,360.239850901924,103.739454918739));
#8271=CARTESIAN_POINT('Ctrl Pts',(-3.08321982622122,360.239850901924,97.7394549187389));
#8272=CARTESIAN_POINT('',(-5.18417388200735,358.384460830055,98.7394549187389));
#8273=CARTESIAN_POINT('',(-5.18417388200735,358.384460830055,103.739454918739));
#8274=CARTESIAN_POINT('Ctrl Pts',(-5.18417388200735,358.384460830055,98.7394549187389));
#8275=CARTESIAN_POINT('Ctrl Pts',(-4.88133470074557,358.768844412093,98.7394549187389));
#8276=CARTESIAN_POINT('Ctrl Pts',(-4.29322612884658,359.515310832165,98.7394549187389));
#8277=CARTESIAN_POINT('Ctrl Pts',(-3.47844134018611,360.003196082295,98.7394549187389));
#8278=CARTESIAN_POINT('Ctrl Pts',(-3.08321982622122,360.239850901924,98.7394549187389));
#8279=CARTESIAN_POINT('Origin',(-5.18417388200735,360.51270189222,103.739454918739));
#8280=CARTESIAN_POINT('',(-5.18417388200735,360.51270189222,98.7394549187389));
#8281=CARTESIAN_POINT('',(-5.18417388200735,360.51270189222,103.739454918739));
#8282=CARTESIAN_POINT('',(-5.18417388200735,360.51270189222,98.7394549187389));
#8283=CARTESIAN_POINT('Origin',(-8.74488383531546,360.51270189222,103.739454918739));
#8284=CARTESIAN_POINT('',(-8.74488383531546,360.51270189222,98.7394549187389));
#8285=CARTESIAN_POINT('',(-8.74488383531546,360.51270189222,103.739454918739));
#8286=CARTESIAN_POINT('',(-8.74488383531546,360.51270189222,98.7394549187389));
#8287=CARTESIAN_POINT('Origin',(-8.74488383531546,340.512699508034,103.739454918739));
#8288=CARTESIAN_POINT('',(-8.74488383531546,340.512699508034,98.7394549187389));
#8289=CARTESIAN_POINT('Origin',(-2.98022975186996E-7,350.519523047768,98.7394549187389));
#8290=CARTESIAN_POINT('Origin',(43.1650750339031,-213.752311031221,103.739454918739));
#8291=CARTESIAN_POINT('',(43.1650750339031,-213.752311031221,98.7394549187389));
#8292=CARTESIAN_POINT('',(43.1650750339031,-213.752311031221,103.739454918739));
#8293=CARTESIAN_POINT('',(43.1650750339031,-200.710018436312,98.7394549187389));
#8294=CARTESIAN_POINT('',(43.1650750339031,-213.752311031221,98.7394549187389));
#8295=CARTESIAN_POINT('',(43.1650750339031,-200.710018436312,103.739454918739));
#8296=CARTESIAN_POINT('Origin',(35.1023189723492,-200.710018436312,103.739454918739));
#8297=CARTESIAN_POINT('',(35.1023189723492,-200.710018436312,98.7394549187389));
#8298=CARTESIAN_POINT('',(35.1023189723492,-200.710018436312,103.739454918739));
#8299=CARTESIAN_POINT('',(35.1023189723492,-200.710018436312,98.7394549187389));
#8300=CARTESIAN_POINT('Origin',(31.0504774749279,-200.710018436312,103.739454918739));
#8301=CARTESIAN_POINT('',(31.0504774749279,-200.710018436312,98.7394549187389));
#8302=CARTESIAN_POINT('',(31.0504774749279,-200.710018436312,103.739454918739));
#8303=CARTESIAN_POINT('',(31.0504774749279,-200.710018436312,98.7394549187389));
#8304=CARTESIAN_POINT('Origin',(31.0504774749279,-220.710018436312,103.739454918739));
#8305=CARTESIAN_POINT('',(31.0504774749279,-220.710018436312,98.7394549187389));
#8306=CARTESIAN_POINT('',(31.0504774749279,-220.710018436312,103.739454918739));
#8307=CARTESIAN_POINT('',(31.0504774749279,-220.710018436312,98.7394549187389));
#8308=CARTESIAN_POINT('Origin',(34.8021833598614,-220.710018436312,103.739454918739));
#8309=CARTESIAN_POINT('',(34.8021833598614,-220.710018436312,98.7394549187389));
#8310=CARTESIAN_POINT('',(34.8021833598614,-220.710018436312,103.739454918739));
#8311=CARTESIAN_POINT('',(34.8021833598614,-220.710018436312,98.7394549187389));
#8312=CARTESIAN_POINT('Origin',(34.8021833598614,-207.353947917818,103.739454918739));
#8313=CARTESIAN_POINT('',(34.8021833598614,-207.353947917818,98.7394549187389));
#8314=CARTESIAN_POINT('',(34.8021833598614,-207.353947917818,103.739454918739));
#8315=CARTESIAN_POINT('',(34.8021833598614,-207.353947917818,98.7394549187389));
#8316=CARTESIAN_POINT('Origin',(42.9877220094204,-220.710018436312,103.739454918739));
#8317=CARTESIAN_POINT('',(42.9877220094204,-220.710018436312,98.7394549187389));
#8318=CARTESIAN_POINT('',(42.9877220094204,-220.710018436312,103.739454918739));
#8319=CARTESIAN_POINT('',(42.9877220094204,-220.710018436312,98.7394549187389));
#8320=CARTESIAN_POINT('Origin',(46.9167803227901,-220.710018436312,103.739454918739));
#8321=CARTESIAN_POINT('',(46.9167803227901,-220.710018436312,98.7394549187389));
#8322=CARTESIAN_POINT('',(46.9167803227901,-220.710018436312,103.739454918739));
#8323=CARTESIAN_POINT('',(46.9167803227901,-220.710018436312,98.7394549187389));
#8324=CARTESIAN_POINT('Origin',(46.9167803227901,-200.710018436312,103.739454918739));
#8325=CARTESIAN_POINT('',(46.9167803227901,-200.710018436312,98.7394549187389));
#8326=CARTESIAN_POINT('',(46.9167803227901,-200.710018436312,103.739454918739));
#8327=CARTESIAN_POINT('',(46.9167803227901,-200.710018436312,98.7394549187389));
#8328=CARTESIAN_POINT('Origin',(43.1650750339031,-200.710018436312,103.739454918739));
#8329=CARTESIAN_POINT('',(43.1650750339031,-200.710018436312,98.7394549187389));
#8330=CARTESIAN_POINT('Origin',(1.49011611938477E-7,-210.546308318972,98.7394549187389));
#8331=CARTESIAN_POINT('Ctrl Pts',(5.75716063380241,-210.041533271669,103.739454918739));
#8332=CARTESIAN_POINT('Ctrl Pts',(5.75716063380241,-210.041533271669,97.7394549187389));
#8333=CARTESIAN_POINT('Ctrl Pts',(5.84730129924255,-209.444448569881,103.739454918739));
#8334=CARTESIAN_POINT('Ctrl Pts',(5.84730129924255,-209.444448569881,97.7394549187389));
#8335=CARTESIAN_POINT('Ctrl Pts',(6.09007514702885,-207.836333633079,103.739454918739));
#8336=CARTESIAN_POINT('Ctrl Pts',(6.09007514702885,-207.836333633079,97.7394549187389));
#8337=CARTESIAN_POINT('Ctrl Pts',(6.07832557469715,-206.2083203508,103.739454918739));
#8338=CARTESIAN_POINT('Ctrl Pts',(6.07832557469715,-206.2083203508,97.7394549187389));
#8339=CARTESIAN_POINT('Ctrl Pts',(6.0709385573864,-205.184779922365,103.739454918739));
#8340=CARTESIAN_POINT('Ctrl Pts',(6.0709385573864,-205.184779922365,97.7394549187389));
#8341=CARTESIAN_POINT('',(5.75716063380241,-210.041533271669,98.7394549187389));
#8342=CARTESIAN_POINT('',(5.75716063380241,-210.041533271669,103.739454918739));
#8343=CARTESIAN_POINT('',(6.0709385573864,-205.184779922365,98.7394549187389));
#8344=CARTESIAN_POINT('Ctrl Pts',(5.75716063380241,-210.041533271669,98.7394549187389));
#8345=CARTESIAN_POINT('Ctrl Pts',(5.84730129924255,-209.444448569881,98.7394549187389));
#8346=CARTESIAN_POINT('Ctrl Pts',(6.09007514702885,-207.836333633079,98.7394549187389));
#8347=CARTESIAN_POINT('Ctrl Pts',(6.07832557469715,-206.2083203508,98.7394549187389));
#8348=CARTESIAN_POINT('Ctrl Pts',(6.0709385573864,-205.184779922365,98.7394549187389));
#8349=CARTESIAN_POINT('',(6.0709385573864,-205.184779922365,103.739454918739));
#8350=CARTESIAN_POINT('Ctrl Pts',(4.87039610743523,-211.637713472246,103.739454918739));
#8351=CARTESIAN_POINT('Ctrl Pts',(4.87039610743523,-211.637713472246,97.7394549187389));
#8352=CARTESIAN_POINT('Ctrl Pts',(5.05258713251993,-211.440738865393,103.739454918739));
#8353=CARTESIAN_POINT('Ctrl Pts',(5.05258713251993,-211.440738865393,97.7394549187389));
#8354=CARTESIAN_POINT('Ctrl Pts',(5.47578145477246,-210.983205157519,103.739454918739));
#8355=CARTESIAN_POINT('Ctrl Pts',(5.47578145477246,-210.983205157519,97.7394549187389));
#8356=CARTESIAN_POINT('Ctrl Pts',(5.65506254143079,-210.383217768428,103.739454918739));
#8357=CARTESIAN_POINT('Ctrl Pts',(5.65506254143079,-210.383217768428,97.7394549187389));
#8358=CARTESIAN_POINT('Ctrl Pts',(5.75716063380241,-210.041533271669,103.739454918739));
#8359=CARTESIAN_POINT('Ctrl Pts',(5.75716063380241,-210.041533271669,97.7394549187389));
#8360=CARTESIAN_POINT('',(4.87039610743523,-211.637713472246,98.7394549187389));
#8361=CARTESIAN_POINT('',(4.87039610743523,-211.637713472246,103.739454918739));
#8362=CARTESIAN_POINT('Ctrl Pts',(4.87039610743523,-211.637713472246,98.7394549187389));
#8363=CARTESIAN_POINT('Ctrl Pts',(5.05258713251993,-211.440738865393,98.7394549187389));
#8364=CARTESIAN_POINT('Ctrl Pts',(5.47578145477246,-210.983205157519,98.7394549187389));
#8365=CARTESIAN_POINT('Ctrl Pts',(5.65506254143079,-210.383217768428,98.7394549187389));
#8366=CARTESIAN_POINT('Ctrl Pts',(5.75716063380241,-210.041533271669,98.7394549187389));
#8367=CARTESIAN_POINT('Ctrl Pts',(3.50613638758659,-212.087918083071,103.739454918739));
#8368=CARTESIAN_POINT('Ctrl Pts',(3.50613638758659,-212.087918083071,97.7394549187389));
#8369=CARTESIAN_POINT('Ctrl Pts',(3.76110348473834,-212.07160539455,103.739454918739));
#8370=CARTESIAN_POINT('Ctrl Pts',(3.76110348473834,-212.07160539455,97.7394549187389));
#8371=CARTESIAN_POINT('Ctrl Pts',(4.25565663347674,-212.039964090387,103.739454918739));
#8372=CARTESIAN_POINT('Ctrl Pts',(4.25565663347674,-212.039964090387,97.7394549187389));
#8373=CARTESIAN_POINT('Ctrl Pts',(4.66977611158845,-211.768987810009,103.739454918739));
#8374=CARTESIAN_POINT('Ctrl Pts',(4.66977611158845,-211.768987810009,97.7394549187389));
#8375=CARTESIAN_POINT('Ctrl Pts',(4.87039610743523,-211.637713472246,103.739454918739));
#8376=CARTESIAN_POINT('Ctrl Pts',(4.87039610743523,-211.637713472246,97.7394549187389));
#8377=CARTESIAN_POINT('',(3.50613638758659,-212.087918083071,98.7394549187389));
#8378=CARTESIAN_POINT('',(3.50613638758659,-212.087918083071,103.739454918739));
#8379=CARTESIAN_POINT('Ctrl Pts',(3.50613638758659,-212.087918083071,98.7394549187389));
#8380=CARTESIAN_POINT('Ctrl Pts',(3.76110348473834,-212.07160539455,98.7394549187389));
#8381=CARTESIAN_POINT('Ctrl Pts',(4.25565663347674,-212.039964090387,98.7394549187389));
#8382=CARTESIAN_POINT('Ctrl Pts',(4.66977611158845,-211.768987810009,98.7394549187389));
#8383=CARTESIAN_POINT('Ctrl Pts',(4.87039610743523,-211.637713472246,98.7394549187389));
#8384=CARTESIAN_POINT('Ctrl Pts',(1.70531794428825,-211.460359851717,103.739454918739));
#8385=CARTESIAN_POINT('Ctrl Pts',(1.70531794428825,-211.460359851717,97.7394549187389));
#8386=CARTESIAN_POINT('Ctrl Pts',(2.00821817635783,-211.642973397405,103.739454918739));
#8387=CARTESIAN_POINT('Ctrl Pts',(2.00821817635783,-211.642973397405,97.7394549187389));
#8388=CARTESIAN_POINT('Ctrl Pts',(2.56597527110673,-211.979235935102,103.739454918739));
#8389=CARTESIAN_POINT('Ctrl Pts',(2.56597527110673,-211.979235935102,97.7394549187389));
#8390=CARTESIAN_POINT('Ctrl Pts',(3.21127741996873,-212.053832536044,103.739454918739));
#8391=CARTESIAN_POINT('Ctrl Pts',(3.21127741996873,-212.053832536044,97.7394549187389));
#8392=CARTESIAN_POINT('Ctrl Pts',(3.50613638758659,-212.087918083071,103.739454918739));
#8393=CARTESIAN_POINT('Ctrl Pts',(3.50613638758659,-212.087918083071,97.7394549187389));
#8394=CARTESIAN_POINT('',(1.70531794428825,-211.460359851717,98.7394549187389));
#8395=CARTESIAN_POINT('',(1.70531794428825,-211.460359851717,103.739454918739));
#8396=CARTESIAN_POINT('Ctrl Pts',(1.70531794428825,-211.460359851717,98.7394549187389));
#8397=CARTESIAN_POINT('Ctrl Pts',(2.00821817635783,-211.642973397405,98.7394549187389));
#8398=CARTESIAN_POINT('Ctrl Pts',(2.56597527110673,-211.979235935102,98.7394549187389));
#8399=CARTESIAN_POINT('Ctrl Pts',(3.21127741996873,-212.053832536044,98.7394549187389));
#8400=CARTESIAN_POINT('Ctrl Pts',(3.50613638758659,-212.087918083071,98.7394549187389));
#8401=CARTESIAN_POINT('Origin',(0.518417805433273,-214.802788059115,103.739454918739));
#8402=CARTESIAN_POINT('',(0.518417805433273,-214.802788059115,98.7394549187389));
#8403=CARTESIAN_POINT('',(0.518417805433273,-214.802788059115,103.739454918739));
#8404=CARTESIAN_POINT('',(0.518417805433273,-214.802788059115,98.7394549187389));
#8405=CARTESIAN_POINT('Ctrl Pts',(3.0422930419445,-215.525843660235,103.739454918739));
#8406=CARTESIAN_POINT('Ctrl Pts',(3.0422930419445,-215.525843660235,97.7394549187389));
#8407=CARTESIAN_POINT('Ctrl Pts',(2.60581179441356,-215.493370709542,103.739454918739));
#8408=CARTESIAN_POINT('Ctrl Pts',(2.60581179441356,-215.493370709542,97.7394549187389));
#8409=CARTESIAN_POINT('Ctrl Pts',(1.71497944714202,-215.427095342497,103.739454918739));
#8410=CARTESIAN_POINT('Ctrl Pts',(1.71497944714202,-215.427095342497,97.7394549187389));
#8411=CARTESIAN_POINT('Ctrl Pts',(0.922570190020906,-215.013654986901,103.739454918739));
#8412=CARTESIAN_POINT('Ctrl Pts',(0.922570190020906,-215.013654986901,97.7394549187389));
#8413=CARTESIAN_POINT('Ctrl Pts',(0.518417805433273,-214.802788059115,103.739454918739));
#8414=CARTESIAN_POINT('Ctrl Pts',(0.518417805433273,-214.802788059115,97.7394549187389));
#8415=CARTESIAN_POINT('',(3.0422930419445,-215.525843660235,98.7394549187389));
#8416=CARTESIAN_POINT('',(3.0422930419445,-215.525843660235,103.739454918739));
#8417=CARTESIAN_POINT('Ctrl Pts',(3.0422930419445,-215.525843660235,98.7394549187389));
#8418=CARTESIAN_POINT('Ctrl Pts',(2.60581179441356,-215.493370709542,98.7394549187389));
#8419=CARTESIAN_POINT('Ctrl Pts',(1.71497944714202,-215.427095342497,98.7394549187389));
#8420=CARTESIAN_POINT('Ctrl Pts',(0.922570190020906,-215.013654986901,98.7394549187389));
#8421=CARTESIAN_POINT('Ctrl Pts',(0.518417805433273,-214.802788059115,98.7394549187389));
#8422=CARTESIAN_POINT('Ctrl Pts',(4.70668360590935,-215.061996738314,103.739454918739));
#8423=CARTESIAN_POINT('Ctrl Pts',(4.70668360590935,-215.061996738314,97.7394549187389));
#8424=CARTESIAN_POINT('Ctrl Pts',(4.45063581563824,-215.197274472978,103.739454918739));
#8425=CARTESIAN_POINT('Ctrl Pts',(4.45063581563824,-215.197274472978,97.7394549187389));
#8426=CARTESIAN_POINT('Ctrl Pts',(3.92975908596205,-215.472469287021,103.739454918739));
#8427=CARTESIAN_POINT('Ctrl Pts',(3.92975908596205,-215.472469287021,97.7394549187389));
#8428=CARTESIAN_POINT('Ctrl Pts',(3.34142120207349,-215.507853362842,103.739454918739));
#8429=CARTESIAN_POINT('Ctrl Pts',(3.34142120207349,-215.507853362842,97.7394549187389));
#8430=CARTESIAN_POINT('Ctrl Pts',(3.0422930419445,-215.525843660235,103.739454918739));
#8431=CARTESIAN_POINT('Ctrl Pts',(3.0422930419445,-215.525843660235,97.7394549187389));
#8432=CARTESIAN_POINT('',(4.70668360590935,-215.061996738314,98.7394549187389));
#8433=CARTESIAN_POINT('',(4.70668360590935,-215.061996738314,103.739454918739));
#8434=CARTESIAN_POINT('Ctrl Pts',(4.70668360590935,-215.061996738314,98.7394549187389));
#8435=CARTESIAN_POINT('Ctrl Pts',(4.45063581563824,-215.197274472978,98.7394549187389));
#8436=CARTESIAN_POINT('Ctrl Pts',(3.92975908596205,-215.472469287021,98.7394549187389));
#8437=CARTESIAN_POINT('Ctrl Pts',(3.34142120207349,-215.507853362842,98.7394549187389));
#8438=CARTESIAN_POINT('Ctrl Pts',(3.0422930419445,-215.525843660235,98.7394549187389));
#8439=CARTESIAN_POINT('Ctrl Pts',(6.34378954768181,-213.138395110964,103.739454918739));
#8440=CARTESIAN_POINT('Ctrl Pts',(6.34378954768181,-213.138395110964,97.7394549187389));
#8441=CARTESIAN_POINT('Ctrl Pts',(6.07718431698977,-213.56153260519,103.739454918739));
#8442=CARTESIAN_POINT('Ctrl Pts',(6.07718431698977,-213.56153260519,97.7394549187389));
#8443=CARTESIAN_POINT('Ctrl Pts',(5.62256886893413,-214.283066991547,103.739454918739));
#8444=CARTESIAN_POINT('Ctrl Pts',(5.62256886893413,-214.283066991547,97.7394549187389));
#8445=CARTESIAN_POINT('Ctrl Pts',(4.97464020435779,-214.834108624158,103.739454918739));
#8446=CARTESIAN_POINT('Ctrl Pts',(4.97464020435779,-214.834108624158,97.7394549187389));
#8447=CARTESIAN_POINT('Ctrl Pts',(4.70668360590935,-215.061996738314,103.739454918739));
#8448=CARTESIAN_POINT('Ctrl Pts',(4.70668360590935,-215.061996738314,97.7394549187389));
#8449=CARTESIAN_POINT('',(6.34378954768181,-213.138395110964,98.7394549187389));
#8450=CARTESIAN_POINT('',(6.34378954768181,-213.138395110964,103.739454918739));
#8451=CARTESIAN_POINT('Ctrl Pts',(6.34378954768181,-213.138395110964,98.7394549187389));
#8452=CARTESIAN_POINT('Ctrl Pts',(6.07718431698977,-213.56153260519,98.7394549187389));
#8453=CARTESIAN_POINT('Ctrl Pts',(5.62256886893413,-214.283066991547,98.7394549187389));
#8454=CARTESIAN_POINT('Ctrl Pts',(4.97464020435779,-214.834108624158,98.7394549187389));
#8455=CARTESIAN_POINT('Ctrl Pts',(4.70668360590935,-215.061996738314,98.7394549187389));
#8456=CARTESIAN_POINT('Origin',(6.34378954768181,-215.198422233461,103.739454918739));
#8457=CARTESIAN_POINT('',(6.34378954768181,-215.198422233461,98.7394549187389));
#8458=CARTESIAN_POINT('',(6.34378954768181,-215.198422233461,103.739454918739));
#8459=CARTESIAN_POINT('',(6.34378954768181,-215.198422233461,98.7394549187389));
#8460=CARTESIAN_POINT('Origin',(9.90449950098991,-215.198422233461,103.739454918739));
#8461=CARTESIAN_POINT('',(9.90449950098991,-215.198422233461,98.7394549187389));
#8462=CARTESIAN_POINT('',(9.90449950098991,-215.198422233461,103.739454918739));
#8463=CARTESIAN_POINT('',(9.90449950098991,-215.198422233461,98.7394549187389));
#8464=CARTESIAN_POINT('Origin',(9.90449950098991,-200.710018436312,103.739454918739));
#8465=CARTESIAN_POINT('',(9.90449950098991,-200.710018436312,98.7394549187389));
#8466=CARTESIAN_POINT('',(9.90449950098991,-200.710018436312,103.739454918739));
#8467=CARTESIAN_POINT('',(9.90449950098991,-200.710018436312,98.7394549187389));
#8468=CARTESIAN_POINT('Origin',(6.0709385573864,-200.710018436312,103.739454918739));
#8469=CARTESIAN_POINT('',(6.0709385573864,-200.710018436312,98.7394549187389));
#8470=CARTESIAN_POINT('',(6.0709385573864,-200.710018436312,103.739454918739));
#8471=CARTESIAN_POINT('',(6.0709385573864,-200.710018436312,98.7394549187389));
#8472=CARTESIAN_POINT('Origin',(6.0709385573864,-205.184779922365,103.739454918739));
#8473=CARTESIAN_POINT('',(6.0709385573864,-205.184779922365,98.7394549187389));
#8474=CARTESIAN_POINT('Origin',(1.49011611938477E-7,-210.546308318972,98.7394549187389));
#8475=CARTESIAN_POINT('Ctrl Pts',(-7.39427044987679,-212.592693130373,103.739454918739));
#8476=CARTESIAN_POINT('Ctrl Pts',(-7.39427044987679,-212.592693130373,97.7394549187389));
#8477=CARTESIAN_POINT('Ctrl Pts',(-6.95560486587394,-212.544717618134,103.739454918739));
#8478=CARTESIAN_POINT('Ctrl Pts',(-6.95560486587394,-212.544717618134,97.7394549187389));
#8479=CARTESIAN_POINT('Ctrl Pts',(-6.06578264863925,-212.447400485836,103.739454918739));
#8480=CARTESIAN_POINT('Ctrl Pts',(-6.06578264863925,-212.447400485836,97.7394549187389));
#8481=CARTESIAN_POINT('Ctrl Pts',(-5.42646524316669,-211.819596452994,103.739454918739));
#8482=CARTESIAN_POINT('Ctrl Pts',(-5.42646524316669,-211.819596452994,97.7394549187389));
#8483=CARTESIAN_POINT('Ctrl Pts',(-5.10231927037239,-211.501287977099,103.739454918739));
#8484=CARTESIAN_POINT('Ctrl Pts',(-5.10231927037239,-211.501287977099,97.7394549187389));
#8485=CARTESIAN_POINT('',(-7.39427044987679,-212.592693130373,103.739454918739));
#8486=CARTESIAN_POINT('',(-5.10231927037239,-211.501287977099,103.739454918739));
#8487=CARTESIAN_POINT('Ctrl Pts',(-7.39427044987679,-212.592693130373,103.739454918739));
#8488=CARTESIAN_POINT('Ctrl Pts',(-6.95560486587394,-212.544717618134,103.739454918739));
#8489=CARTESIAN_POINT('Ctrl Pts',(-6.06578264863925,-212.447400485836,103.739454918739));
#8490=CARTESIAN_POINT('Ctrl Pts',(-5.42646524316669,-211.819596452994,103.739454918739));
#8491=CARTESIAN_POINT('Ctrl Pts',(-5.10231927037239,-211.501287977099,103.739454918739));
#8492=CARTESIAN_POINT('',(-7.39427044987679,-212.592693130373,98.7394549187389));
#8493=CARTESIAN_POINT('',(-7.39427044987679,-212.592693130373,103.739454918739));
#8494=CARTESIAN_POINT('',(-5.10231927037239,-211.501287977099,98.7394549187389));
#8495=CARTESIAN_POINT('Ctrl Pts',(-7.39427044987679,-212.592693130373,98.7394549187389));
#8496=CARTESIAN_POINT('Ctrl Pts',(-6.95560486587394,-212.544717618134,98.7394549187389));
#8497=CARTESIAN_POINT('Ctrl Pts',(-6.06578264863925,-212.447400485836,98.7394549187389));
#8498=CARTESIAN_POINT('Ctrl Pts',(-5.42646524316669,-211.819596452994,98.7394549187389));
#8499=CARTESIAN_POINT('Ctrl Pts',(-5.10231927037239,-211.501287977099,98.7394549187389));
#8500=CARTESIAN_POINT('',(-5.10231927037239,-211.501287977099,103.739454918739));
#8501=CARTESIAN_POINT('Ctrl Pts',(-9.69986394047737,-211.487645666002,103.739454918739));
#8502=CARTESIAN_POINT('Ctrl Pts',(-9.69986394047737,-211.487645666002,97.7394549187389));
#8503=CARTESIAN_POINT('Ctrl Pts',(-9.37967506724664,-211.809949733488,103.739454918739));
#8504=CARTESIAN_POINT('Ctrl Pts',(-9.37967506724664,-211.809949733488,97.7394549187389));
#8505=CARTESIAN_POINT('Ctrl Pts',(-8.74194373877886,-212.45189396801,103.739454918739));
#8506=CARTESIAN_POINT('Ctrl Pts',(-8.74194373877886,-212.45189396801,97.7394549187389));
#8507=CARTESIAN_POINT('Ctrl Pts',(-7.84225038224308,-212.545890096023,103.739454918739));
#8508=CARTESIAN_POINT('Ctrl Pts',(-7.84225038224308,-212.545890096023,97.7394549187389));
#8509=CARTESIAN_POINT('Ctrl Pts',(-7.39427044987679,-212.592693130373,103.739454918739));
#8510=CARTESIAN_POINT('Ctrl Pts',(-7.39427044987679,-212.592693130373,97.7394549187389));
#8511=CARTESIAN_POINT('',(-9.69986394047737,-211.487645666002,103.739454918739));
#8512=CARTESIAN_POINT('Ctrl Pts',(-9.69986394047737,-211.487645666002,103.739454918739));
#8513=CARTESIAN_POINT('Ctrl Pts',(-9.37967506724664,-211.809949733488,103.739454918739));
#8514=CARTESIAN_POINT('Ctrl Pts',(-8.74194373877886,-212.45189396801,103.739454918739));
#8515=CARTESIAN_POINT('Ctrl Pts',(-7.84225038224308,-212.545890096023,103.739454918739));
#8516=CARTESIAN_POINT('Ctrl Pts',(-7.39427044987679,-212.592693130373,103.739454918739));
#8517=CARTESIAN_POINT('',(-9.69986394047737,-211.487645666002,98.7394549187389));
#8518=CARTESIAN_POINT('',(-9.69986394047737,-211.487645666002,103.739454918739));
#8519=CARTESIAN_POINT('Ctrl Pts',(-9.69986394047737,-211.487645666002,98.7394549187389));
#8520=CARTESIAN_POINT('Ctrl Pts',(-9.37967506724664,-211.809949733488,98.7394549187389));
#8521=CARTESIAN_POINT('Ctrl Pts',(-8.74194373877886,-212.45189396801,98.7394549187389));
#8522=CARTESIAN_POINT('Ctrl Pts',(-7.84225038224308,-212.545890096023,98.7394549187389));
#8523=CARTESIAN_POINT('Ctrl Pts',(-7.39427044987679,-212.592693130373,98.7394549187389));
#8524=CARTESIAN_POINT('Ctrl Pts',(-10.6002755463123,-207.899649898409,103.739454918739));
#8525=CARTESIAN_POINT('Ctrl Pts',(-10.6002755463123,-207.899649898409,97.7394549187389));
#8526=CARTESIAN_POINT('Ctrl Pts',(-10.5913296799207,-208.633122223922,103.739454918739));
#8527=CARTESIAN_POINT('Ctrl Pts',(-10.5913296799207,-208.633122223922,97.7394549187389));
#8528=CARTESIAN_POINT('Ctrl Pts',(-10.5757775776601,-209.908240374838,103.739454918739));
#8529=CARTESIAN_POINT('Ctrl Pts',(-10.5757775776601,-209.908240374838,97.7394549187389));
#8530=CARTESIAN_POINT('Ctrl Pts',(-9.96100681383774,-211.016765412029,103.739454918739));
#8531=CARTESIAN_POINT('Ctrl Pts',(-9.96100681383774,-211.016765412029,97.7394549187389));
#8532=CARTESIAN_POINT('Ctrl Pts',(-9.69986394047737,-211.487645666002,103.739454918739));
#8533=CARTESIAN_POINT('Ctrl Pts',(-9.69986394047737,-211.487645666002,97.7394549187389));
#8534=CARTESIAN_POINT('',(-10.6002755463123,-207.899649898409,103.739454918739));
#8535=CARTESIAN_POINT('Ctrl Pts',(-10.6002755463123,-207.899649898409,103.739454918739));
#8536=CARTESIAN_POINT('Ctrl Pts',(-10.5913296799207,-208.633122223922,103.739454918739));
#8537=CARTESIAN_POINT('Ctrl Pts',(-10.5757775776601,-209.908240374838,103.739454918739));
#8538=CARTESIAN_POINT('Ctrl Pts',(-9.96100681383774,-211.016765412029,103.739454918739));
#8539=CARTESIAN_POINT('Ctrl Pts',(-9.69986394047737,-211.487645666002,103.739454918739));
#8540=CARTESIAN_POINT('',(-10.6002755463123,-207.899649898409,98.7394549187389));
#8541=CARTESIAN_POINT('',(-10.6002755463123,-207.899649898409,103.739454918739));
#8542=CARTESIAN_POINT('Ctrl Pts',(-10.6002755463123,-207.899649898409,98.7394549187389));
#8543=CARTESIAN_POINT('Ctrl Pts',(-10.5913296799207,-208.633122223922,98.7394549187389));
#8544=CARTESIAN_POINT('Ctrl Pts',(-10.5757775776601,-209.908240374838,98.7394549187389));
#8545=CARTESIAN_POINT('Ctrl Pts',(-9.96100681383774,-211.016765412029,98.7394549187389));
#8546=CARTESIAN_POINT('Ctrl Pts',(-9.69986394047737,-211.487645666002,98.7394549187389));
#8547=CARTESIAN_POINT('Ctrl Pts',(-9.67257931828499,-204.529937068819,103.739454918739));
#8548=CARTESIAN_POINT('Ctrl Pts',(-9.67257931828499,-204.529937068819,97.7394549187389));
#8549=CARTESIAN_POINT('Ctrl Pts',(-9.94225763253832,-204.988273670894,103.739454918739));
#8550=CARTESIAN_POINT('Ctrl Pts',(-9.94225763253832,-204.988273670894,97.7394549187389));
#8551=CARTESIAN_POINT('Ctrl Pts',(-10.550914849046,-206.022727928795,103.739454918739));
#8552=CARTESIAN_POINT('Ctrl Pts',(-10.550914849046,-206.022727928795,97.7394549187389));
#8553=CARTESIAN_POINT('Ctrl Pts',(-10.5826187320114,-207.228256167967,103.739454918739));
#8554=CARTESIAN_POINT('Ctrl Pts',(-10.5826187320114,-207.228256167967,97.7394549187389));
#8555=CARTESIAN_POINT('Ctrl Pts',(-10.6002755463123,-207.899649898409,103.739454918739));
#8556=CARTESIAN_POINT('Ctrl Pts',(-10.6002755463123,-207.899649898409,97.7394549187389));
#8557=CARTESIAN_POINT('',(-9.67257931828499,-204.529937068819,103.739454918739));
#8558=CARTESIAN_POINT('Ctrl Pts',(-9.67257931828499,-204.529937068819,103.739454918739));
#8559=CARTESIAN_POINT('Ctrl Pts',(-9.94225763253832,-204.988273670894,103.739454918739));
#8560=CARTESIAN_POINT('Ctrl Pts',(-10.550914849046,-206.022727928795,103.739454918739));
#8561=CARTESIAN_POINT('Ctrl Pts',(-10.5826187320114,-207.228256167967,103.739454918739));
#8562=CARTESIAN_POINT('Ctrl Pts',(-10.6002755463123,-207.899649898409,103.739454918739));
#8563=CARTESIAN_POINT('',(-9.67257931828499,-204.529937068819,98.7394549187389));
#8564=CARTESIAN_POINT('',(-9.67257931828499,-204.529937068819,103.739454918739));
#8565=CARTESIAN_POINT('Ctrl Pts',(-9.67257931828499,-204.529937068819,98.7394549187389));
#8566=CARTESIAN_POINT('Ctrl Pts',(-9.94225763253832,-204.988273670894,98.7394549187389));
#8567=CARTESIAN_POINT('Ctrl Pts',(-10.550914849046,-206.022727928795,98.7394549187389));
#8568=CARTESIAN_POINT('Ctrl Pts',(-10.5826187320114,-207.228256167967,98.7394549187389));
#8569=CARTESIAN_POINT('Ctrl Pts',(-10.6002755463123,-207.899649898409,98.7394549187389));
#8570=CARTESIAN_POINT('Ctrl Pts',(-7.42155507206917,-203.411246101259,103.739454918739));
#8571=CARTESIAN_POINT('Ctrl Pts',(-7.42155507206917,-203.411246101259,97.7394549187389));
#8572=CARTESIAN_POINT('Ctrl Pts',(-7.85012215909058,-203.462705465334,103.739454918739));
#8573=CARTESIAN_POINT('Ctrl Pts',(-7.85012215909058,-203.462705465334,97.7394549187389));
#8574=CARTESIAN_POINT('Ctrl Pts',(-8.73110405657228,-203.568487662752,103.739454918739));
#8575=CARTESIAN_POINT('Ctrl Pts',(-8.73110405657228,-203.568487662752,97.7394549187389));
#8576=CARTESIAN_POINT('Ctrl Pts',(-9.35314148741003,-204.203722111018,103.739454918739));
#8577=CARTESIAN_POINT('Ctrl Pts',(-9.35314148741003,-204.203722111018,97.7394549187389));
#8578=CARTESIAN_POINT('Ctrl Pts',(-9.67257931828499,-204.529937068819,103.739454918739));
#8579=CARTESIAN_POINT('Ctrl Pts',(-9.67257931828499,-204.529937068819,97.7394549187389));
#8580=CARTESIAN_POINT('',(-7.42155507206917,-203.411246101259,103.739454918739));
#8581=CARTESIAN_POINT('Ctrl Pts',(-7.42155507206917,-203.411246101259,103.739454918739));
#8582=CARTESIAN_POINT('Ctrl Pts',(-7.85012215909058,-203.462705465334,103.739454918739));
#8583=CARTESIAN_POINT('Ctrl Pts',(-8.73110405657228,-203.568487662752,103.739454918739));
#8584=CARTESIAN_POINT('Ctrl Pts',(-9.35314148741003,-204.203722111018,103.739454918739));
#8585=CARTESIAN_POINT('Ctrl Pts',(-9.67257931828499,-204.529937068819,103.739454918739));
#8586=CARTESIAN_POINT('',(-7.42155507206917,-203.411246101259,98.7394549187389));
#8587=CARTESIAN_POINT('',(-7.42155507206917,-203.411246101259,103.739454918739));
#8588=CARTESIAN_POINT('Ctrl Pts',(-7.42155507206917,-203.411246101259,98.7394549187389));
#8589=CARTESIAN_POINT('Ctrl Pts',(-7.85012215909058,-203.462705465334,98.7394549187389));
#8590=CARTESIAN_POINT('Ctrl Pts',(-8.73110405657228,-203.568487662752,98.7394549187389));
#8591=CARTESIAN_POINT('Ctrl Pts',(-9.35314148741003,-204.203722111018,98.7394549187389));
#8592=CARTESIAN_POINT('Ctrl Pts',(-9.67257931828499,-204.529937068819,98.7394549187389));
#8593=CARTESIAN_POINT('Ctrl Pts',(-4.82946828007698,-204.91192893207,103.739454918739));
#8594=CARTESIAN_POINT('Ctrl Pts',(-4.82946828007698,-204.91192893207,97.7394549187389));
#8595=CARTESIAN_POINT('Ctrl Pts',(-5.1643244372679,-204.474269722812,103.739454918739));
#8596=CARTESIAN_POINT('Ctrl Pts',(-5.1643244372679,-204.474269722812,97.7394549187389));
#8597=CARTESIAN_POINT('Ctrl Pts',(-5.82237981451082,-203.614186998134,103.739454918739));
#8598=CARTESIAN_POINT('Ctrl Pts',(-5.82237981451082,-203.614186998134,97.7394549187389));
#8599=CARTESIAN_POINT('Ctrl Pts',(-6.89482918727417,-203.478089446266,103.739454918739));
#8600=CARTESIAN_POINT('Ctrl Pts',(-6.89482918727417,-203.478089446266,97.7394549187389));
#8601=CARTESIAN_POINT('Ctrl Pts',(-7.42155507206917,-203.411246101259,103.739454918739));
#8602=CARTESIAN_POINT('Ctrl Pts',(-7.42155507206917,-203.411246101259,97.7394549187389));
#8603=CARTESIAN_POINT('',(-4.82946828007698,-204.91192893207,103.739454918739));
#8604=CARTESIAN_POINT('Ctrl Pts',(-4.82946828007698,-204.91192893207,103.739454918739));
#8605=CARTESIAN_POINT('Ctrl Pts',(-5.1643244372679,-204.474269722812,103.739454918739));
#8606=CARTESIAN_POINT('Ctrl Pts',(-5.82237981451082,-203.614186998134,103.739454918739));
#8607=CARTESIAN_POINT('Ctrl Pts',(-6.89482918727417,-203.478089446266,103.739454918739));
#8608=CARTESIAN_POINT('Ctrl Pts',(-7.42155507206917,-203.411246101259,103.739454918739));
#8609=CARTESIAN_POINT('',(-4.82946828007698,-204.91192893207,98.7394549187389));
#8610=CARTESIAN_POINT('',(-4.82946828007698,-204.91192893207,103.739454918739));
#8611=CARTESIAN_POINT('Ctrl Pts',(-4.82946828007698,-204.91192893207,98.7394549187389));
#8612=CARTESIAN_POINT('Ctrl Pts',(-5.1643244372679,-204.474269722812,98.7394549187389));
#8613=CARTESIAN_POINT('Ctrl Pts',(-5.82237981451082,-203.614186998134,98.7394549187389));
#8614=CARTESIAN_POINT('Ctrl Pts',(-6.89482918727417,-203.478089446266,98.7394549187389));
#8615=CARTESIAN_POINT('Ctrl Pts',(-7.42155507206917,-203.411246101259,98.7394549187389));
#8616=CARTESIAN_POINT('Ctrl Pts',(-4.18827012181282,-208.267999450564,103.739454918739));
#8617=CARTESIAN_POINT('Ctrl Pts',(-4.18827012181282,-208.267999450564,97.7394549187389));
#8618=CARTESIAN_POINT('Ctrl Pts',(-4.19230552805637,-207.591245832773,103.739454918739));
#8619=CARTESIAN_POINT('Ctrl Pts',(-4.19230552805637,-207.591245832773,97.7394549187389));
#8620=CARTESIAN_POINT('Ctrl Pts',(-4.19923930955248,-206.428423199989,103.739454918739));
#8621=CARTESIAN_POINT('Ctrl Pts',(-4.19923930955248,-206.428423199989,97.7394549187389));
#8622=CARTESIAN_POINT('Ctrl Pts',(-4.64368604548551,-205.358969146049,103.739454918739));
#8623=CARTESIAN_POINT('Ctrl Pts',(-4.64368604548551,-205.358969146049,97.7394549187389));
#8624=CARTESIAN_POINT('Ctrl Pts',(-4.82946828007698,-204.91192893207,103.739454918739));
#8625=CARTESIAN_POINT('Ctrl Pts',(-4.82946828007698,-204.91192893207,97.7394549187389));
#8626=CARTESIAN_POINT('',(-4.18827012181282,-208.267999450564,103.739454918739));
#8627=CARTESIAN_POINT('Ctrl Pts',(-4.18827012181282,-208.267999450564,103.739454918739));
#8628=CARTESIAN_POINT('Ctrl Pts',(-4.19230552805637,-207.591245832773,103.739454918739));
#8629=CARTESIAN_POINT('Ctrl Pts',(-4.19923930955248,-206.428423199989,103.739454918739));
#8630=CARTESIAN_POINT('Ctrl Pts',(-4.64368604548551,-205.358969146049,103.739454918739));
#8631=CARTESIAN_POINT('Ctrl Pts',(-4.82946828007698,-204.91192893207,103.739454918739));
#8632=CARTESIAN_POINT('',(-4.18827012181282,-208.267999450564,98.7394549187389));
#8633=CARTESIAN_POINT('',(-4.18827012181282,-208.267999450564,103.739454918739));
#8634=CARTESIAN_POINT('Ctrl Pts',(-4.18827012181282,-208.267999450564,98.7394549187389));
#8635=CARTESIAN_POINT('Ctrl Pts',(-4.19230552805637,-207.591245832773,98.7394549187389));
#8636=CARTESIAN_POINT('Ctrl Pts',(-4.19923930955248,-206.428423199989,98.7394549187389));
#8637=CARTESIAN_POINT('Ctrl Pts',(-4.64368604548551,-205.358969146049,98.7394549187389));
#8638=CARTESIAN_POINT('Ctrl Pts',(-4.82946828007698,-204.91192893207,98.7394549187389));
#8639=CARTESIAN_POINT('Ctrl Pts',(-5.10231927037239,-211.501287977099,103.739454918739));
#8640=CARTESIAN_POINT('Ctrl Pts',(-5.10231927037239,-211.501287977099,97.7394549187389));
#8641=CARTESIAN_POINT('Ctrl Pts',(-4.83660639272257,-211.063549983999,103.739454918739));
#8642=CARTESIAN_POINT('Ctrl Pts',(-4.83660639272257,-211.063549983999,97.7394549187389));
#8643=CARTESIAN_POINT('Ctrl Pts',(-4.23692722345452,-210.075632656165,103.739454918739));
#8644=CARTESIAN_POINT('Ctrl Pts',(-4.23692722345452,-210.075632656165,97.7394549187389));
#8645=CARTESIAN_POINT('Ctrl Pts',(-4.20567483535446,-208.914592385003,103.739454918739));
#8646=CARTESIAN_POINT('Ctrl Pts',(-4.20567483535446,-208.914592385003,97.7394549187389));
#8647=CARTESIAN_POINT('Ctrl Pts',(-4.18827012181282,-208.267999450564,103.739454918739));
#8648=CARTESIAN_POINT('Ctrl Pts',(-4.18827012181282,-208.267999450564,97.7394549187389));
#8649=CARTESIAN_POINT('Ctrl Pts',(-5.10231927037239,-211.501287977099,103.739454918739));
#8650=CARTESIAN_POINT('Ctrl Pts',(-4.83660639272257,-211.063549983999,103.739454918739));
#8651=CARTESIAN_POINT('Ctrl Pts',(-4.23692722345452,-210.075632656165,103.739454918739));
#8652=CARTESIAN_POINT('Ctrl Pts',(-4.20567483535446,-208.914592385003,103.739454918739));
#8653=CARTESIAN_POINT('Ctrl Pts',(-4.18827012181282,-208.267999450564,103.739454918739));
#8654=CARTESIAN_POINT('Ctrl Pts',(-5.10231927037239,-211.501287977099,98.7394549187389));
#8655=CARTESIAN_POINT('Ctrl Pts',(-4.83660639272257,-211.063549983999,98.7394549187389));
#8656=CARTESIAN_POINT('Ctrl Pts',(-4.23692722345452,-210.075632656165,98.7394549187389));
#8657=CARTESIAN_POINT('Ctrl Pts',(-4.20567483535446,-208.914592385003,98.7394549187389));
#8658=CARTESIAN_POINT('Ctrl Pts',(-4.18827012181282,-208.267999450564,98.7394549187389));
#8659=CARTESIAN_POINT('Origin',(-10.5866332352161,-220.710020820498,103.739454918739));
#8660=CARTESIAN_POINT('',(-10.5866332352161,-220.710020820498,98.7394549187389));
#8661=CARTESIAN_POINT('',(-10.5866332352161,-220.710020820498,103.739454918739));
#8662=CARTESIAN_POINT('',(-14.4201941788197,-220.710020820498,98.7394549187389));
#8663=CARTESIAN_POINT('',(-10.5866332352161,-220.710020820498,98.7394549187389));
#8664=CARTESIAN_POINT('',(-14.4201941788197,-220.710020820498,103.739454918739));
#8665=CARTESIAN_POINT('Origin',(-10.5866332352161,-213.506745855211,103.739454918739));
#8666=CARTESIAN_POINT('',(-10.5866332352161,-213.506745855211,98.7394549187389));
#8667=CARTESIAN_POINT('',(-10.5866332352161,-213.506745855211,103.739454918739));
#8668=CARTESIAN_POINT('',(-10.5866332352161,-213.506745855211,98.7394549187389));
#8669=CARTESIAN_POINT('Ctrl Pts',(-6.38472035527229,-215.525844852327,103.739454918739));
#8670=CARTESIAN_POINT('Ctrl Pts',(-6.38472035527229,-215.525844852327,97.7394549187389));
#8671=CARTESIAN_POINT('Ctrl Pts',(-7.17494113923452,-215.432366078343,103.739454918739));
#8672=CARTESIAN_POINT('Ctrl Pts',(-7.17494113923452,-215.432366078343,97.7394549187389));
#8673=CARTESIAN_POINT('Ctrl Pts',(-8.80260107637703,-215.239822856911,103.739454918739));
#8674=CARTESIAN_POINT('Ctrl Pts',(-8.80260107637703,-215.239822856911,97.7394549187389));
#8675=CARTESIAN_POINT('Ctrl Pts',(-9.98056494927597,-214.095503744254,103.739454918739));
#8676=CARTESIAN_POINT('Ctrl Pts',(-9.98056494927597,-214.095503744254,97.7394549187389));
#8677=CARTESIAN_POINT('Ctrl Pts',(-10.5866332352161,-213.506745855211,103.739454918739));
#8678=CARTESIAN_POINT('Ctrl Pts',(-10.5866332352161,-213.506745855211,97.7394549187389));
#8679=CARTESIAN_POINT('',(-6.38472035527229,-215.525844852327,98.7394549187389));
#8680=CARTESIAN_POINT('',(-6.38472035527229,-215.525844852327,103.739454918739));
#8681=CARTESIAN_POINT('Ctrl Pts',(-6.38472035527229,-215.525844852327,98.7394549187389));
#8682=CARTESIAN_POINT('Ctrl Pts',(-7.17494113923452,-215.432366078343,98.7394549187389));
#8683=CARTESIAN_POINT('Ctrl Pts',(-8.80260107637703,-215.239822856911,98.7394549187389));
#8684=CARTESIAN_POINT('Ctrl Pts',(-9.98056494927597,-214.095503744254,98.7394549187389));
#8685=CARTESIAN_POINT('Ctrl Pts',(-10.5866332352161,-213.506745855211,98.7394549187389));
#8686=CARTESIAN_POINT('Ctrl Pts',(-2.00545743107796,-213.602243224978,103.739454918739));
#8687=CARTESIAN_POINT('Ctrl Pts',(-2.00545743107796,-213.602243224978,97.7394549187389));
#8688=CARTESIAN_POINT('Ctrl Pts',(-2.62382548136328,-214.163287669138,103.739454918739));
#8689=CARTESIAN_POINT('Ctrl Pts',(-2.62382548136328,-214.163287669138,97.7394549187389));
#8690=CARTESIAN_POINT('Ctrl Pts',(-3.86840540902249,-215.292493250514,103.739454918739));
#8691=CARTESIAN_POINT('Ctrl Pts',(-3.86840540902249,-215.292493250514,97.7394549187389));
#8692=CARTESIAN_POINT('Ctrl Pts',(-5.54243191766222,-215.447734854055,103.739454918739));
#8693=CARTESIAN_POINT('Ctrl Pts',(-5.54243191766222,-215.447734854055,97.7394549187389));
#8694=CARTESIAN_POINT('Ctrl Pts',(-6.38472035527229,-215.525844852327,103.739454918739));
#8695=CARTESIAN_POINT('Ctrl Pts',(-6.38472035527229,-215.525844852327,97.7394549187389));
#8696=CARTESIAN_POINT('',(-2.00545743107796,-213.602243224978,98.7394549187389));
#8697=CARTESIAN_POINT('',(-2.00545743107796,-213.602243224978,103.739454918739));
#8698=CARTESIAN_POINT('Ctrl Pts',(-2.00545743107796,-213.602243224978,98.7394549187389));
#8699=CARTESIAN_POINT('Ctrl Pts',(-2.62382548136328,-214.163287669138,98.7394549187389));
#8700=CARTESIAN_POINT('Ctrl Pts',(-3.86840540902249,-215.292493250514,98.7394549187389));
#8701=CARTESIAN_POINT('Ctrl Pts',(-5.54243191766222,-215.447734854055,98.7394549187389));
#8702=CARTESIAN_POINT('Ctrl Pts',(-6.38472035527229,-215.525844852327,98.7394549187389));
#8703=CARTESIAN_POINT('Ctrl Pts',(-0.272850543260574,-208.008790771364,
103.739454918739));
#8704=CARTESIAN_POINT('Ctrl Pts',(-0.272850543260574,-208.008790771364,
97.7394549187389));
#8705=CARTESIAN_POINT('Ctrl Pts',(-0.312337068093562,-209.123438617534,
103.739454918739));
#8706=CARTESIAN_POINT('Ctrl Pts',(-0.312337068093562,-209.123438617534,
97.7394549187389));
#8707=CARTESIAN_POINT('Ctrl Pts',(-0.384296090676521,-211.15473840585,103.739454918739));
#8708=CARTESIAN_POINT('Ctrl Pts',(-0.384296090676521,-211.15473840585,97.7394549187389));
#8709=CARTESIAN_POINT('Ctrl Pts',(-1.5013648179406,-212.841202932939,103.739454918739));
#8710=CARTESIAN_POINT('Ctrl Pts',(-1.5013648179406,-212.841202932939,97.7394549187389));
#8711=CARTESIAN_POINT('Ctrl Pts',(-2.00545743107796,-213.602243224978,103.739454918739));
#8712=CARTESIAN_POINT('Ctrl Pts',(-2.00545743107796,-213.602243224978,97.7394549187389));
#8713=CARTESIAN_POINT('',(-0.272850543260574,-208.008790771364,98.7394549187389));
#8714=CARTESIAN_POINT('',(-0.272850543260574,-208.008790771364,103.739454918739));
#8715=CARTESIAN_POINT('Ctrl Pts',(-0.272850543260574,-208.008790771364,
98.7394549187389));
#8716=CARTESIAN_POINT('Ctrl Pts',(-0.312337068093562,-209.123438617534,
98.7394549187389));
#8717=CARTESIAN_POINT('Ctrl Pts',(-0.384296090676521,-211.15473840585,98.7394549187389));
#8718=CARTESIAN_POINT('Ctrl Pts',(-1.5013648179406,-212.841202932939,98.7394549187389));
#8719=CARTESIAN_POINT('Ctrl Pts',(-2.00545743107796,-213.602243224978,98.7394549187389));
#8720=CARTESIAN_POINT('Ctrl Pts',(-2.04638436436653,-202.388053695559,103.739454918739));
#8721=CARTESIAN_POINT('Ctrl Pts',(-2.04638436436653,-202.388053695559,97.7394549187389));
#8722=CARTESIAN_POINT('Ctrl Pts',(-1.52997959794407,-203.168729515557,103.739454918739));
#8723=CARTESIAN_POINT('Ctrl Pts',(-1.52997959794407,-203.168729515557,97.7394549187389));
#8724=CARTESIAN_POINT('Ctrl Pts',(-0.40732125980897,-204.865910246041,103.739454918739));
#8725=CARTESIAN_POINT('Ctrl Pts',(-0.40732125980897,-204.865910246041,97.7394549187389));
#8726=CARTESIAN_POINT('Ctrl Pts',(-0.320003525279997,-206.906720426953,
103.739454918739));
#8727=CARTESIAN_POINT('Ctrl Pts',(-0.320003525279997,-206.906720426953,
97.7394549187389));
#8728=CARTESIAN_POINT('Ctrl Pts',(-0.272850543260574,-208.008790771364,
103.739454918739));
#8729=CARTESIAN_POINT('Ctrl Pts',(-0.272850543260574,-208.008790771364,
97.7394549187389));
#8730=CARTESIAN_POINT('',(-2.04638436436653,-202.388053695559,98.7394549187389));
#8731=CARTESIAN_POINT('',(-2.04638436436653,-202.388053695559,103.739454918739));
#8732=CARTESIAN_POINT('Ctrl Pts',(-2.04638436436653,-202.388053695559,98.7394549187389));
#8733=CARTESIAN_POINT('Ctrl Pts',(-1.52997959794407,-203.168729515557,98.7394549187389));
#8734=CARTESIAN_POINT('Ctrl Pts',(-0.40732125980897,-204.865910246041,98.7394549187389));
#8735=CARTESIAN_POINT('Ctrl Pts',(-0.320003525279997,-206.906720426953,
98.7394549187389));
#8736=CARTESIAN_POINT('Ctrl Pts',(-0.272850543260574,-208.008790771364,
98.7394549187389));
#8737=CARTESIAN_POINT('Ctrl Pts',(-6.33015111088753,-200.382595817446,103.739454918739));
#8738=CARTESIAN_POINT('Ctrl Pts',(-6.33015111088753,-200.382595817446,97.7394549187389));
#8739=CARTESIAN_POINT('Ctrl Pts',(-5.52156355555616,-200.472934170752,103.739454918739));
#8740=CARTESIAN_POINT('Ctrl Pts',(-5.52156355555616,-200.472934170752,97.7394549187389));
#8741=CARTESIAN_POINT('Ctrl Pts',(-3.86983651739827,-200.657471144832,103.739454918739));
#8742=CARTESIAN_POINT('Ctrl Pts',(-3.86983651739827,-200.657471144832,97.7394549187389));
#8743=CARTESIAN_POINT('Ctrl Pts',(-2.66261953860722,-201.803203778925,103.739454918739));
#8744=CARTESIAN_POINT('Ctrl Pts',(-2.66261953860722,-201.803203778925,97.7394549187389));
#8745=CARTESIAN_POINT('Ctrl Pts',(-2.04638436436653,-202.388053695559,103.739454918739));
#8746=CARTESIAN_POINT('Ctrl Pts',(-2.04638436436653,-202.388053695559,97.7394549187389));
#8747=CARTESIAN_POINT('',(-6.33015111088753,-200.382595817446,98.7394549187389));
#8748=CARTESIAN_POINT('',(-6.33015111088753,-200.382595817446,103.739454918739));
#8749=CARTESIAN_POINT('Ctrl Pts',(-6.33015111088753,-200.382595817446,98.7394549187389));
#8750=CARTESIAN_POINT('Ctrl Pts',(-5.52156355555616,-200.472934170752,98.7394549187389));
#8751=CARTESIAN_POINT('Ctrl Pts',(-3.86983651739827,-200.657471144832,98.7394549187389));
#8752=CARTESIAN_POINT('Ctrl Pts',(-2.66261953860722,-201.803203778925,98.7394549187389));
#8753=CARTESIAN_POINT('Ctrl Pts',(-2.04638436436653,-202.388053695559,98.7394549187389));
#8754=CARTESIAN_POINT('Ctrl Pts',(-8.75852540135384,-200.982869426607,103.739454918739));
#8755=CARTESIAN_POINT('Ctrl Pts',(-8.75852540135384,-200.982869426607,97.7394549187389));
#8756=CARTESIAN_POINT('Ctrl Pts',(-8.36217354233865,-200.807816828526,103.739454918739));
#8757=CARTESIAN_POINT('Ctrl Pts',(-8.36217354233865,-200.807816828526,97.7394549187389));
#8758=CARTESIAN_POINT('Ctrl Pts',(-7.58742578198033,-200.465642053199,103.739454918739));
#8759=CARTESIAN_POINT('Ctrl Pts',(-7.58742578198033,-200.465642053199,97.7394549187389));
#8760=CARTESIAN_POINT('Ctrl Pts',(-6.74271686327792,-200.409846849797,103.739454918739));
#8761=CARTESIAN_POINT('Ctrl Pts',(-6.74271686327792,-200.409846849797,97.7394549187389));
#8762=CARTESIAN_POINT('Ctrl Pts',(-6.33015111088753,-200.382595817446,103.739454918739));
#8763=CARTESIAN_POINT('Ctrl Pts',(-6.33015111088753,-200.382595817446,97.7394549187389));
#8764=CARTESIAN_POINT('',(-8.75852540135384,-200.982869426607,98.7394549187389));
#8765=CARTESIAN_POINT('',(-8.75852540135384,-200.982869426607,103.739454918739));
#8766=CARTESIAN_POINT('Ctrl Pts',(-8.75852540135384,-200.982869426607,98.7394549187389));
#8767=CARTESIAN_POINT('Ctrl Pts',(-8.36217354233865,-200.807816828526,98.7394549187389));
#8768=CARTESIAN_POINT('Ctrl Pts',(-7.58742578198033,-200.465642053199,98.7394549187389));
#8769=CARTESIAN_POINT('Ctrl Pts',(-6.74271686327792,-200.409846849797,98.7394549187389));
#8770=CARTESIAN_POINT('Ctrl Pts',(-6.33015111088753,-200.382595817446,98.7394549187389));
#8771=CARTESIAN_POINT('Ctrl Pts',(-10.8594842255116,-202.838259498476,103.739454918739));
#8772=CARTESIAN_POINT('Ctrl Pts',(-10.8594842255116,-202.838259498476,97.7394549187389));
#8773=CARTESIAN_POINT('Ctrl Pts',(-10.5566451538499,-202.453875746252,103.739454918739));
#8774=CARTESIAN_POINT('Ctrl Pts',(-10.5566451538499,-202.453875746252,97.7394549187389));
#8775=CARTESIAN_POINT('Ctrl Pts',(-9.96853597388665,-201.707407953733,103.739454918739));
#8776=CARTESIAN_POINT('Ctrl Pts',(-9.96853597388665,-201.707407953733,97.7394549187389));
#8777=CARTESIAN_POINT('Ctrl Pts',(-9.15374870434548,-201.219523978506,103.739454918739));
#8778=CARTESIAN_POINT('Ctrl Pts',(-9.15374870434548,-201.219523978506,97.7394549187389));
#8779=CARTESIAN_POINT('Ctrl Pts',(-8.75852540135384,-200.982869426607,103.739454918739));
#8780=CARTESIAN_POINT('Ctrl Pts',(-8.75852540135384,-200.982869426607,97.7394549187389));
#8781=CARTESIAN_POINT('',(-10.8594842255116,-202.838259498476,98.7394549187389));
#8782=CARTESIAN_POINT('',(-10.8594842255116,-202.838259498476,103.739454918739));
#8783=CARTESIAN_POINT('Ctrl Pts',(-10.8594842255116,-202.838259498476,98.7394549187389));
#8784=CARTESIAN_POINT('Ctrl Pts',(-10.5566451538499,-202.453875746252,98.7394549187389));
#8785=CARTESIAN_POINT('Ctrl Pts',(-9.96853597388665,-201.707407953733,98.7394549187389));
#8786=CARTESIAN_POINT('Ctrl Pts',(-9.15374870434548,-201.219523978506,98.7394549187389));
#8787=CARTESIAN_POINT('Ctrl Pts',(-8.75852540135384,-200.982869426607,98.7394549187389));
#8788=CARTESIAN_POINT('Origin',(-10.8594842255116,-200.710018436312,103.739454918739));
#8789=CARTESIAN_POINT('',(-10.8594842255116,-200.710018436312,98.7394549187389));
#8790=CARTESIAN_POINT('',(-10.8594842255116,-200.710018436312,103.739454918739));
#8791=CARTESIAN_POINT('',(-10.8594842255116,-200.710018436312,98.7394549187389));
#8792=CARTESIAN_POINT('Origin',(-14.4201941788197,-200.710018436312,103.739454918739));
#8793=CARTESIAN_POINT('',(-14.4201941788197,-200.710018436312,98.7394549187389));
#8794=CARTESIAN_POINT('',(-14.4201941788197,-200.710018436312,103.739454918739));
#8795=CARTESIAN_POINT('',(-14.4201941788197,-200.710018436312,98.7394549187389));
#8796=CARTESIAN_POINT('Origin',(-14.4201941788197,-220.710020820498,103.739454918739));
#8797=CARTESIAN_POINT('',(-14.4201941788197,-220.710020820498,98.7394549187389));
#8798=CARTESIAN_POINT('Origin',(1.49011611938477E-7,-210.546308318972,98.7394549187389));
#8799=CARTESIAN_POINT('Ctrl Pts',(-21.8826718628407,-211.678640405535,103.739454918739));
#8800=CARTESIAN_POINT('Ctrl Pts',(-21.8826718628407,-211.678640405535,97.7394549187389));
#8801=CARTESIAN_POINT('Ctrl Pts',(-21.644927820279,-211.330978770715,103.739454918739));
#8802=CARTESIAN_POINT('Ctrl Pts',(-21.644927820279,-211.330978770715,97.7394549187389));
#8803=CARTESIAN_POINT('Ctrl Pts',(-21.1349095616498,-210.585160790703,103.739454918739));
#8804=CARTESIAN_POINT('Ctrl Pts',(-21.1349095616498,-210.585160790703,97.7394549187389));
#8805=CARTESIAN_POINT('Ctrl Pts',(-21.0976514934988,-209.679292696857,103.739454918739));
#8806=CARTESIAN_POINT('Ctrl Pts',(-21.0976514934988,-209.679292696857,97.7394549187389));
#8807=CARTESIAN_POINT('Ctrl Pts',(-21.0777612030506,-209.195693294405,103.739454918739));
#8808=CARTESIAN_POINT('Ctrl Pts',(-21.0777612030506,-209.195693294405,97.7394549187389));
#8809=CARTESIAN_POINT('',(-21.8826718628407,-211.678640405535,103.739454918739));
#8810=CARTESIAN_POINT('',(-21.0777612030506,-209.195693294405,103.739454918739));
#8811=CARTESIAN_POINT('Ctrl Pts',(-21.8826718628407,-211.678640405535,103.739454918739));
#8812=CARTESIAN_POINT('Ctrl Pts',(-21.644927820279,-211.330978770715,103.739454918739));
#8813=CARTESIAN_POINT('Ctrl Pts',(-21.1349095616498,-210.585160790703,103.739454918739));
#8814=CARTESIAN_POINT('Ctrl Pts',(-21.0976514934988,-209.679292696857,103.739454918739));
#8815=CARTESIAN_POINT('Ctrl Pts',(-21.0777612030506,-209.195693294405,103.739454918739));
#8816=CARTESIAN_POINT('',(-21.8826718628407,-211.678640405535,98.7394549187389));
#8817=CARTESIAN_POINT('',(-21.8826718628407,-211.678640405535,103.739454918739));
#8818=CARTESIAN_POINT('',(-21.0777612030506,-209.195693294405,98.7394549187389));
#8819=CARTESIAN_POINT('Ctrl Pts',(-21.8826718628407,-211.678640405535,98.7394549187389));
#8820=CARTESIAN_POINT('Ctrl Pts',(-21.644927820279,-211.330978770715,98.7394549187389));
#8821=CARTESIAN_POINT('Ctrl Pts',(-21.1349095616498,-210.585160790703,98.7394549187389));
#8822=CARTESIAN_POINT('Ctrl Pts',(-21.0976514934988,-209.679292696857,98.7394549187389));
#8823=CARTESIAN_POINT('Ctrl Pts',(-21.0777612030506,-209.195693294405,98.7394549187389));
#8824=CARTESIAN_POINT('',(-21.0777612030506,-209.195693294405,103.739454918739));
#8825=CARTESIAN_POINT('Ctrl Pts',(-23.956346064806,-212.59269193828,103.739454918739));
#8826=CARTESIAN_POINT('Ctrl Pts',(-23.956346064806,-212.59269193828,97.7394549187389));
#8827=CARTESIAN_POINT('Ctrl Pts',(-23.5570593715624,-212.555601887308,103.739454918739));
#8828=CARTESIAN_POINT('Ctrl Pts',(-23.5570593715624,-212.555601887308,97.7394549187389));
#8829=CARTESIAN_POINT('Ctrl Pts',(-22.7636218175144,-212.481898856827,103.739454918739));
#8830=CARTESIAN_POINT('Ctrl Pts',(-22.7636218175144,-212.481898856827,97.7394549187389));
#8831=CARTESIAN_POINT('Ctrl Pts',(-22.1750519320782,-211.945235301599,103.739454918739));
#8832=CARTESIAN_POINT('Ctrl Pts',(-22.1750519320782,-211.945235301599,97.7394549187389));
#8833=CARTESIAN_POINT('Ctrl Pts',(-21.8826718628407,-211.678640405535,103.739454918739));
#8834=CARTESIAN_POINT('Ctrl Pts',(-21.8826718628407,-211.678640405535,97.7394549187389));
#8835=CARTESIAN_POINT('',(-23.956346064806,-212.59269193828,103.739454918739));
#8836=CARTESIAN_POINT('Ctrl Pts',(-23.956346064806,-212.59269193828,103.739454918739));
#8837=CARTESIAN_POINT('Ctrl Pts',(-23.5570593715624,-212.555601887308,103.739454918739));
#8838=CARTESIAN_POINT('Ctrl Pts',(-22.7636218175144,-212.481898856827,103.739454918739));
#8839=CARTESIAN_POINT('Ctrl Pts',(-22.1750519320782,-211.945235301599,103.739454918739));
#8840=CARTESIAN_POINT('Ctrl Pts',(-21.8826718628407,-211.678640405535,103.739454918739));
#8841=CARTESIAN_POINT('',(-23.956346064806,-212.59269193828,98.7394549187389));
#8842=CARTESIAN_POINT('',(-23.956346064806,-212.59269193828,103.739454918739));
#8843=CARTESIAN_POINT('Ctrl Pts',(-23.956346064806,-212.59269193828,98.7394549187389));
#8844=CARTESIAN_POINT('Ctrl Pts',(-23.5570593715624,-212.555601887308,98.7394549187389));
#8845=CARTESIAN_POINT('Ctrl Pts',(-22.7636218175144,-212.481898856827,98.7394549187389));
#8846=CARTESIAN_POINT('Ctrl Pts',(-22.1750519320782,-211.945235301599,98.7394549187389));
#8847=CARTESIAN_POINT('Ctrl Pts',(-21.8826718628407,-211.678640405535,98.7394549187389));
#8848=CARTESIAN_POINT('Ctrl Pts',(-25.948156863451,-211.719568530916,103.739454918739));
#8849=CARTESIAN_POINT('Ctrl Pts',(-25.948156863451,-211.719568530916,97.7394549187389));
#8850=CARTESIAN_POINT('Ctrl Pts',(-25.6616418938099,-211.974227350154,103.739454918739));
#8851=CARTESIAN_POINT('Ctrl Pts',(-25.6616418938099,-211.974227350154,97.7394549187389));
#8852=CARTESIAN_POINT('Ctrl Pts',(-25.0918233541802,-212.480690648261,103.739454918739));
#8853=CARTESIAN_POINT('Ctrl Pts',(-25.0918233541802,-212.480690648261,97.7394549187389));
#8854=CARTESIAN_POINT('Ctrl Pts',(-24.3334137390509,-212.55549871008,103.739454918739));
#8855=CARTESIAN_POINT('Ctrl Pts',(-24.3334137390509,-212.55549871008,97.7394549187389));
#8856=CARTESIAN_POINT('Ctrl Pts',(-23.956346064806,-212.59269193828,103.739454918739));
#8857=CARTESIAN_POINT('Ctrl Pts',(-23.956346064806,-212.59269193828,97.7394549187389));
#8858=CARTESIAN_POINT('',(-25.948156863451,-211.719568530916,103.739454918739));
#8859=CARTESIAN_POINT('Ctrl Pts',(-25.948156863451,-211.719568530916,103.739454918739));
#8860=CARTESIAN_POINT('Ctrl Pts',(-25.6616418938099,-211.974227350154,103.739454918739));
#8861=CARTESIAN_POINT('Ctrl Pts',(-25.0918233541802,-212.480690648261,103.739454918739));
#8862=CARTESIAN_POINT('Ctrl Pts',(-24.3334137390509,-212.55549871008,103.739454918739));
#8863=CARTESIAN_POINT('Ctrl Pts',(-23.956346064806,-212.59269193828,103.739454918739));
#8864=CARTESIAN_POINT('',(-25.948156863451,-211.719568530916,98.7394549187389));
#8865=CARTESIAN_POINT('',(-25.948156863451,-211.719568530916,103.739454918739));
#8866=CARTESIAN_POINT('Ctrl Pts',(-25.948156863451,-211.719568530916,98.7394549187389));
#8867=CARTESIAN_POINT('Ctrl Pts',(-25.6616418938099,-211.974227350154,98.7394549187389));
#8868=CARTESIAN_POINT('Ctrl Pts',(-25.0918233541802,-212.480690648261,98.7394549187389));
#8869=CARTESIAN_POINT('Ctrl Pts',(-24.3334137390509,-212.55549871008,98.7394549187389));
#8870=CARTESIAN_POINT('Ctrl Pts',(-23.956346064806,-212.59269193828,98.7394549187389));
#8871=CARTESIAN_POINT('Ctrl Pts',(-26.8076415359974,-209.195693294405,103.739454918739));
#8872=CARTESIAN_POINT('Ctrl Pts',(-26.8076415359974,-209.195693294405,97.7394549187389));
#8873=CARTESIAN_POINT('Ctrl Pts',(-26.7762013785616,-209.700342684517,103.739454918739));
#8874=CARTESIAN_POINT('Ctrl Pts',(-26.7762013785616,-209.700342684517,97.7394549187389));
#8875=CARTESIAN_POINT('Ctrl Pts',(-26.7186513683085,-210.62408416496,103.739454918739));
#8876=CARTESIAN_POINT('Ctrl Pts',(-26.7186513683085,-210.62408416496,97.7394549187389));
#8877=CARTESIAN_POINT('Ctrl Pts',(-26.18862460246,-211.377672973011,103.739454918739));
#8878=CARTESIAN_POINT('Ctrl Pts',(-26.18862460246,-211.377672973011,97.7394549187389));
#8879=CARTESIAN_POINT('Ctrl Pts',(-25.948156863451,-211.719568530916,103.739454918739));
#8880=CARTESIAN_POINT('Ctrl Pts',(-25.948156863451,-211.719568530916,97.7394549187389));
#8881=CARTESIAN_POINT('',(-26.8076415359974,-209.195693294405,103.739454918739));
#8882=CARTESIAN_POINT('Ctrl Pts',(-26.8076415359974,-209.195693294405,103.739454918739));
#8883=CARTESIAN_POINT('Ctrl Pts',(-26.7762013785616,-209.700342684517,103.739454918739));
#8884=CARTESIAN_POINT('Ctrl Pts',(-26.7186513683085,-210.62408416496,103.739454918739));
#8885=CARTESIAN_POINT('Ctrl Pts',(-26.18862460246,-211.377672973011,103.739454918739));
#8886=CARTESIAN_POINT('Ctrl Pts',(-25.948156863451,-211.719568530916,103.739454918739));
#8887=CARTESIAN_POINT('',(-26.8076415359974,-209.195693294405,98.7394549187389));
#8888=CARTESIAN_POINT('',(-26.8076415359974,-209.195693294405,103.739454918739));
#8889=CARTESIAN_POINT('Ctrl Pts',(-26.8076415359974,-209.195693294405,98.7394549187389));
#8890=CARTESIAN_POINT('Ctrl Pts',(-26.7762013785616,-209.700342684517,98.7394549187389));
#8891=CARTESIAN_POINT('Ctrl Pts',(-26.7186513683085,-210.62408416496,98.7394549187389));
#8892=CARTESIAN_POINT('Ctrl Pts',(-26.18862460246,-211.377672973011,98.7394549187389));
#8893=CARTESIAN_POINT('Ctrl Pts',(-25.948156863451,-211.719568530916,98.7394549187389));
#8894=CARTESIAN_POINT('Origin',(-21.0777612030506,-209.195693294405,103.739454918739));
#8895=CARTESIAN_POINT('',(-10.5388806015253,-209.195693294405,103.739454918739));
#8896=CARTESIAN_POINT('',(-21.0777612030506,-209.195693294405,98.7394549187389));
#8897=CARTESIAN_POINT('Ctrl Pts',(-24.1473384201527,-203.247535983919,103.739454918739));
#8898=CARTESIAN_POINT('Ctrl Pts',(-24.1473384201527,-203.247535983919,97.7394549187389));
#8899=CARTESIAN_POINT('Ctrl Pts',(-24.4314414420557,-203.264807684732,103.739454918739));
#8900=CARTESIAN_POINT('Ctrl Pts',(-24.4314414420557,-203.264807684732,97.7394549187389));
#8901=CARTESIAN_POINT('Ctrl Pts',(-24.9794377564586,-203.298122460215,103.739454918739));
#8902=CARTESIAN_POINT('Ctrl Pts',(-24.9794377564586,-203.298122460215,97.7394549187389));
#8903=CARTESIAN_POINT('Ctrl Pts',(-25.4399156636534,-203.595475357336,103.739454918739));
#8904=CARTESIAN_POINT('Ctrl Pts',(-25.4399156636534,-203.595475357336,97.7394549187389));
#8905=CARTESIAN_POINT('Ctrl Pts',(-25.6616635620594,-203.738668720125,103.739454918739));
#8906=CARTESIAN_POINT('Ctrl Pts',(-25.6616635620594,-203.738668720125,97.7394549187389));
#8907=CARTESIAN_POINT('',(-24.1473384201527,-203.247535983919,98.7394549187389));
#8908=CARTESIAN_POINT('',(-24.1473384201527,-203.247535983919,103.739454918739));
#8909=CARTESIAN_POINT('',(-25.6616635620594,-203.738668720125,98.7394549187389));
#8910=CARTESIAN_POINT('Ctrl Pts',(-24.1473384201527,-203.247535983919,98.7394549187389));
#8911=CARTESIAN_POINT('Ctrl Pts',(-24.4314414420557,-203.264807684732,98.7394549187389));
#8912=CARTESIAN_POINT('Ctrl Pts',(-24.9794377564586,-203.298122460215,98.7394549187389));
#8913=CARTESIAN_POINT('Ctrl Pts',(-25.4399156636534,-203.595475357336,98.7394549187389));
#8914=CARTESIAN_POINT('Ctrl Pts',(-25.6616635620594,-203.738668720125,98.7394549187389));
#8915=CARTESIAN_POINT('',(-25.6616635620594,-203.738668720125,103.739454918739));
#8916=CARTESIAN_POINT('Ctrl Pts',(-21.937245875597,-204.188872138857,103.739454918739));
#8917=CARTESIAN_POINT('Ctrl Pts',(-21.937245875597,-204.188872138857,97.7394549187389));
#8918=CARTESIAN_POINT('Ctrl Pts',(-22.252443845529,-203.914318776302,103.739454918739));
#8919=CARTESIAN_POINT('Ctrl Pts',(-22.252443845529,-203.914318776302,97.7394549187389));
#8920=CARTESIAN_POINT('Ctrl Pts',(-22.8869766837882,-203.361608603603,103.739454918739));
#8921=CARTESIAN_POINT('Ctrl Pts',(-22.8869766837882,-203.361608603603,97.7394549187389));
#8922=CARTESIAN_POINT('Ctrl Pts',(-23.7253957897988,-203.285725100434,103.739454918739));
#8923=CARTESIAN_POINT('Ctrl Pts',(-23.7253957897988,-203.285725100434,97.7394549187389));
#8924=CARTESIAN_POINT('Ctrl Pts',(-24.1473384201527,-203.247535983919,103.739454918739));
#8925=CARTESIAN_POINT('Ctrl Pts',(-24.1473384201527,-203.247535983919,97.7394549187389));
#8926=CARTESIAN_POINT('',(-21.937245875597,-204.188872138857,98.7394549187389));
#8927=CARTESIAN_POINT('',(-21.937245875597,-204.188872138857,103.739454918739));
#8928=CARTESIAN_POINT('Ctrl Pts',(-21.937245875597,-204.188872138857,98.7394549187389));
#8929=CARTESIAN_POINT('Ctrl Pts',(-22.252443845529,-203.914318776302,98.7394549187389));
#8930=CARTESIAN_POINT('Ctrl Pts',(-22.8869766837882,-203.361608603603,98.7394549187389));
#8931=CARTESIAN_POINT('Ctrl Pts',(-23.7253957897988,-203.285725100434,98.7394549187389));
#8932=CARTESIAN_POINT('Ctrl Pts',(-24.1473384201527,-203.247535983919,98.7394549187389));
#8933=CARTESIAN_POINT('Ctrl Pts',(-21.0095496475697,-206.849172870516,103.739454918739));
#8934=CARTESIAN_POINT('Ctrl Pts',(-21.0095496475697,-206.849172870516,97.7394549187389));
#8935=CARTESIAN_POINT('Ctrl Pts',(-21.0462142205314,-206.325972951526,103.739454918739));
#8936=CARTESIAN_POINT('Ctrl Pts',(-21.0462142205314,-206.325972951526,97.7394549187389));
#8937=CARTESIAN_POINT('Ctrl Pts',(-21.1145065425208,-205.351448105161,103.739454918739));
#8938=CARTESIAN_POINT('Ctrl Pts',(-21.1145065425208,-205.351448105161,97.7394549187389));
#8939=CARTESIAN_POINT('Ctrl Pts',(-21.6768237914565,-204.556862878992,103.739454918739));
#8940=CARTESIAN_POINT('Ctrl Pts',(-21.6768237914565,-204.556862878992,97.7394549187389));
#8941=CARTESIAN_POINT('Ctrl Pts',(-21.937245875597,-204.188872138857,103.739454918739));
#8942=CARTESIAN_POINT('Ctrl Pts',(-21.937245875597,-204.188872138857,97.7394549187389));
#8943=CARTESIAN_POINT('',(-21.0095496475697,-206.849172870516,98.7394549187389));
#8944=CARTESIAN_POINT('',(-21.0095496475697,-206.849172870516,103.739454918739));
#8945=CARTESIAN_POINT('Ctrl Pts',(-21.0095496475697,-206.849172870516,98.7394549187389));
#8946=CARTESIAN_POINT('Ctrl Pts',(-21.0462142205314,-206.325972951526,98.7394549187389));
#8947=CARTESIAN_POINT('Ctrl Pts',(-21.1145065425208,-205.351448105161,98.7394549187389));
#8948=CARTESIAN_POINT('Ctrl Pts',(-21.6768237914565,-204.556862878992,98.7394549187389));
#8949=CARTESIAN_POINT('Ctrl Pts',(-21.937245875597,-204.188872138857,98.7394549187389));
#8950=CARTESIAN_POINT('Origin',(-30.6139178574085,-206.849172870516,103.739454918739));
#8951=CARTESIAN_POINT('',(-30.6139178574085,-206.849172870516,98.7394549187389));
#8952=CARTESIAN_POINT('',(-30.6139178574085,-206.849172870516,103.739454918739));
#8953=CARTESIAN_POINT('',(-30.6139178574085,-206.849172870516,98.7394549187389));
#8954=CARTESIAN_POINT('Ctrl Pts',(-28.8267417252064,-213.383961479067,103.739454918739));
#8955=CARTESIAN_POINT('Ctrl Pts',(-28.8267417252064,-213.383961479067,97.7394549187389));
#8956=CARTESIAN_POINT('Ctrl Pts',(-29.3650847966064,-212.507878076681,103.739454918739));
#8957=CARTESIAN_POINT('Ctrl Pts',(-29.3650847966064,-212.507878076681,97.7394549187389));
#8958=CARTESIAN_POINT('Ctrl Pts',(-30.5887508129644,-210.516520624625,103.739454918739));
#8959=CARTESIAN_POINT('Ctrl Pts',(-30.5887508129644,-210.516520624625,97.7394549187389));
#8960=CARTESIAN_POINT('Ctrl Pts',(-30.6048829424018,-208.165742852827,103.739454918739));
#8961=CARTESIAN_POINT('Ctrl Pts',(-30.6048829424018,-208.165742852827,97.7394549187389));
#8962=CARTESIAN_POINT('Ctrl Pts',(-30.6139178574085,-206.849172870516,103.739454918739));
#8963=CARTESIAN_POINT('Ctrl Pts',(-30.6139178574085,-206.849172870516,97.7394549187389));
#8964=CARTESIAN_POINT('',(-28.8267417252064,-213.383961479067,98.7394549187389));
#8965=CARTESIAN_POINT('',(-28.8267417252064,-213.383961479067,103.739454918739));
#8966=CARTESIAN_POINT('Ctrl Pts',(-28.8267417252064,-213.383961479067,98.7394549187389));
#8967=CARTESIAN_POINT('Ctrl Pts',(-29.3650847966064,-212.507878076681,98.7394549187389));
#8968=CARTESIAN_POINT('Ctrl Pts',(-30.5887508129644,-210.516520624625,98.7394549187389));
#8969=CARTESIAN_POINT('Ctrl Pts',(-30.6048829424018,-208.165742852827,98.7394549187389));
#8970=CARTESIAN_POINT('Ctrl Pts',(-30.6139178574085,-206.849172870516,98.7394549187389));
#8971=CARTESIAN_POINT('Ctrl Pts',(-23.7244220077991,-215.525843660235,103.739454918739));
#8972=CARTESIAN_POINT('Ctrl Pts',(-23.7244220077991,-215.525843660235,97.7394549187389));
#8973=CARTESIAN_POINT('Ctrl Pts',(-24.7328196160779,-215.450513892309,103.739454918739));
#8974=CARTESIAN_POINT('Ctrl Pts',(-24.7328196160779,-215.450513892309,97.7394549187389));
#8975=CARTESIAN_POINT('Ctrl Pts',(-26.6779113890964,-215.30521077908,103.739454918739));
#8976=CARTESIAN_POINT('Ctrl Pts',(-26.6779113890964,-215.30521077908,97.7394549187389));
#8977=CARTESIAN_POINT('Ctrl Pts',(-28.1282870584397,-214.008443327199,103.739454918739));
#8978=CARTESIAN_POINT('Ctrl Pts',(-28.1282870584397,-214.008443327199,97.7394549187389));
#8979=CARTESIAN_POINT('Ctrl Pts',(-28.8267417252064,-213.383961479067,103.739454918739));
#8980=CARTESIAN_POINT('Ctrl Pts',(-28.8267417252064,-213.383961479067,97.7394549187389));
#8981=CARTESIAN_POINT('',(-23.7244220077991,-215.525843660235,98.7394549187389));
#8982=CARTESIAN_POINT('',(-23.7244220077991,-215.525843660235,103.739454918739));
#8983=CARTESIAN_POINT('Ctrl Pts',(-23.7244220077991,-215.525843660235,98.7394549187389));
#8984=CARTESIAN_POINT('Ctrl Pts',(-24.7328196160779,-215.450513892309,98.7394549187389));
#8985=CARTESIAN_POINT('Ctrl Pts',(-26.6779113890964,-215.30521077908,98.7394549187389));
#8986=CARTESIAN_POINT('Ctrl Pts',(-28.1282870584397,-214.008443327199,98.7394549187389));
#8987=CARTESIAN_POINT('Ctrl Pts',(-28.8267417252064,-213.383961479067,98.7394549187389));
#8988=CARTESIAN_POINT('Ctrl Pts',(-18.9631648361683,-213.479458848833,103.739454918739));
#8989=CARTESIAN_POINT('Ctrl Pts',(-18.9631648361683,-213.479458848833,97.7394549187389));
#8990=CARTESIAN_POINT('Ctrl Pts',(-19.6368556754044,-214.076304724541,103.739454918739));
#8991=CARTESIAN_POINT('Ctrl Pts',(-19.6368556754044,-214.076304724541,97.7394549187389));
#8992=CARTESIAN_POINT('Ctrl Pts',(-20.9976314915747,-215.281862803028,103.739454918739));
#8993=CARTESIAN_POINT('Ctrl Pts',(-20.9976314915747,-215.281862803028,97.7394549187389));
#8994=CARTESIAN_POINT('Ctrl Pts',(-22.8095469316939,-215.443984784763,103.739454918739));
#8995=CARTESIAN_POINT('Ctrl Pts',(-22.8095469316939,-215.443984784763,97.7394549187389));
#8996=CARTESIAN_POINT('Ctrl Pts',(-23.7244220077991,-215.525843660235,103.739454918739));
#8997=CARTESIAN_POINT('Ctrl Pts',(-23.7244220077991,-215.525843660235,97.7394549187389));
#8998=CARTESIAN_POINT('',(-18.9631648361683,-213.479458848833,98.7394549187389));
#8999=CARTESIAN_POINT('',(-18.9631648361683,-213.479458848833,103.739454918739));
#9000=CARTESIAN_POINT('Ctrl Pts',(-18.9631648361683,-213.479458848833,98.7394549187389));
#9001=CARTESIAN_POINT('Ctrl Pts',(-19.6368556754044,-214.076304724541,98.7394549187389));
#9002=CARTESIAN_POINT('Ctrl Pts',(-20.9976314915747,-215.281862803028,98.7394549187389));
#9003=CARTESIAN_POINT('Ctrl Pts',(-22.8095469316939,-215.443984784763,98.7394549187389));
#9004=CARTESIAN_POINT('Ctrl Pts',(-23.7244220077991,-215.525843660235,98.7394549187389));
#9005=CARTESIAN_POINT('Ctrl Pts',(-17.0804925262928,-207.845080654024,103.739454918739));
#9006=CARTESIAN_POINT('Ctrl Pts',(-17.0804925262928,-207.845080654024,97.7394549187389));
#9007=CARTESIAN_POINT('Ctrl Pts',(-17.1335831631118,-208.951188377502,103.739454918739));
#9008=CARTESIAN_POINT('Ctrl Pts',(-17.1335831631118,-208.951188377502,97.7394549187389));
#9009=CARTESIAN_POINT('Ctrl Pts',(-17.2326015599631,-211.014170102449,103.739454918739));
#9010=CARTESIAN_POINT('Ctrl Pts',(-17.2326015599631,-211.014170102449,97.7394549187389));
#9011=CARTESIAN_POINT('Ctrl Pts',(-18.4148171146484,-212.698305402695,103.739454918739));
#9012=CARTESIAN_POINT('Ctrl Pts',(-18.4148171146484,-212.698305402695,97.7394549187389));
#9013=CARTESIAN_POINT('Ctrl Pts',(-18.9631648361683,-213.479458848833,103.739454918739));
#9014=CARTESIAN_POINT('Ctrl Pts',(-18.9631648361683,-213.479458848833,97.7394549187389));
#9015=CARTESIAN_POINT('',(-17.0804925262928,-207.845080654024,98.7394549187389));
#9016=CARTESIAN_POINT('',(-17.0804925262928,-207.845080654024,103.739454918739));
#9017=CARTESIAN_POINT('Ctrl Pts',(-17.0804925262928,-207.845080654024,98.7394549187389));
#9018=CARTESIAN_POINT('Ctrl Pts',(-17.1335831631118,-208.951188377502,98.7394549187389));
#9019=CARTESIAN_POINT('Ctrl Pts',(-17.2326015599631,-211.014170102449,98.7394549187389));
#9020=CARTESIAN_POINT('Ctrl Pts',(-18.4148171146484,-212.698305402695,98.7394549187389));
#9021=CARTESIAN_POINT('Ctrl Pts',(-18.9631648361683,-213.479458848833,98.7394549187389));
#9022=CARTESIAN_POINT('Ctrl Pts',(-18.5129590332508,-202.851901809572,103.739454918739));
#9023=CARTESIAN_POINT('Ctrl Pts',(-18.5129590332508,-202.851901809572,97.7394549187389));
#9024=CARTESIAN_POINT('Ctrl Pts',(-18.0955176095105,-203.580091766685,103.739454918739));
#9025=CARTESIAN_POINT('Ctrl Pts',(-18.0955176095105,-203.580091766685,97.7394549187389));
#9026=CARTESIAN_POINT('Ctrl Pts',(-17.2106790869352,-205.123614975361,103.739454918739));
#9027=CARTESIAN_POINT('Ctrl Pts',(-17.2106790869352,-205.123614975361,97.7394549187389));
#9028=CARTESIAN_POINT('Ctrl Pts',(-17.1254912083184,-206.904412369114,103.739454918739));
#9029=CARTESIAN_POINT('Ctrl Pts',(-17.1254912083184,-206.904412369114,97.7394549187389));
#9030=CARTESIAN_POINT('Ctrl Pts',(-17.0804925262928,-207.845080654024,103.739454918739));
#9031=CARTESIAN_POINT('Ctrl Pts',(-17.0804925262928,-207.845080654024,97.7394549187389));
#9032=CARTESIAN_POINT('',(-18.5129590332508,-202.851901809572,98.7394549187389));
#9033=CARTESIAN_POINT('',(-18.5129590332508,-202.851901809572,103.739454918739));
#9034=CARTESIAN_POINT('Ctrl Pts',(-18.5129590332508,-202.851901809572,98.7394549187389));
#9035=CARTESIAN_POINT('Ctrl Pts',(-18.0955176095105,-203.580091766685,98.7394549187389));
#9036=CARTESIAN_POINT('Ctrl Pts',(-17.2106790869352,-205.123614975361,98.7394549187389));
#9037=CARTESIAN_POINT('Ctrl Pts',(-17.1254912083184,-206.904412369114,98.7394549187389));
#9038=CARTESIAN_POINT('Ctrl Pts',(-17.0804925262928,-207.845080654024,98.7394549187389));
#9039=CARTESIAN_POINT('Ctrl Pts',(-24.1064114868641,-200.382595817446,103.739454918739));
#9040=CARTESIAN_POINT('Ctrl Pts',(-24.1064114868641,-200.382595817446,97.7394549187389));
#9041=CARTESIAN_POINT('Ctrl Pts',(-22.9503248329556,-200.45765386752,103.739454918739));
#9042=CARTESIAN_POINT('Ctrl Pts',(-22.9503248329556,-200.45765386752,97.7394549187389));
#9043=CARTESIAN_POINT('Ctrl Pts',(-20.772244436817,-200.599064086975,103.739454918739));
#9044=CARTESIAN_POINT('Ctrl Pts',(-20.772244436817,-200.599064086975,97.7394549187389));
#9045=CARTESIAN_POINT('Ctrl Pts',(-19.2344971740933,-202.132422836523,103.739454918739));
#9046=CARTESIAN_POINT('Ctrl Pts',(-19.2344971740933,-202.132422836523,97.7394549187389));
#9047=CARTESIAN_POINT('Ctrl Pts',(-18.5129590332508,-202.851901809572,103.739454918739));
#9048=CARTESIAN_POINT('Ctrl Pts',(-18.5129590332508,-202.851901809572,97.7394549187389));
#9049=CARTESIAN_POINT('',(-24.1064114868641,-200.382595817446,98.7394549187389));
#9050=CARTESIAN_POINT('',(-24.1064114868641,-200.382595817446,103.739454918739));
#9051=CARTESIAN_POINT('Ctrl Pts',(-24.1064114868641,-200.382595817446,98.7394549187389));
#9052=CARTESIAN_POINT('Ctrl Pts',(-22.9503248329556,-200.45765386752,98.7394549187389));
#9053=CARTESIAN_POINT('Ctrl Pts',(-20.772244436817,-200.599064086975,98.7394549187389));
#9054=CARTESIAN_POINT('Ctrl Pts',(-19.2344971740933,-202.132422836523,98.7394549187389));
#9055=CARTESIAN_POINT('Ctrl Pts',(-18.5129590332508,-202.851901809572,98.7394549187389));
#9056=CARTESIAN_POINT('Ctrl Pts',(-28.0764003098011,-201.474002162813,103.739454918739));
#9057=CARTESIAN_POINT('Ctrl Pts',(-28.0764003098011,-201.474002162813,97.7394549187389));
#9058=CARTESIAN_POINT('Ctrl Pts',(-27.4946667537855,-201.15596175336,103.739454918739));
#9059=CARTESIAN_POINT('Ctrl Pts',(-27.4946667537855,-201.15596175336,97.7394549187389));
#9060=CARTESIAN_POINT('Ctrl Pts',(-26.2598963229648,-200.480898591991,103.739454918739));
#9061=CARTESIAN_POINT('Ctrl Pts',(-26.2598963229648,-200.480898591991,97.7394549187389));
#9062=CARTESIAN_POINT('Ctrl Pts',(-24.8513524578607,-200.416601055418,103.739454918739));
#9063=CARTESIAN_POINT('Ctrl Pts',(-24.8513524578607,-200.416601055418,97.7394549187389));
#9064=CARTESIAN_POINT('Ctrl Pts',(-24.1064114868641,-200.382595817446,103.739454918739));
#9065=CARTESIAN_POINT('Ctrl Pts',(-24.1064114868641,-200.382595817446,97.7394549187389));
#9066=CARTESIAN_POINT('',(-28.0764003098011,-201.474002162813,98.7394549187389));
#9067=CARTESIAN_POINT('',(-28.0764003098011,-201.474002162813,103.739454918739));
#9068=CARTESIAN_POINT('Ctrl Pts',(-28.0764003098011,-201.474002162813,98.7394549187389));
#9069=CARTESIAN_POINT('Ctrl Pts',(-27.4946667537855,-201.15596175336,98.7394549187389));
#9070=CARTESIAN_POINT('Ctrl Pts',(-26.2598963229648,-200.480898591991,98.7394549187389));
#9071=CARTESIAN_POINT('Ctrl Pts',(-24.8513524578607,-200.416601055418,98.7394549187389));
#9072=CARTESIAN_POINT('Ctrl Pts',(-24.1064114868641,-200.382595817446,98.7394549187389));
#9073=CARTESIAN_POINT('Ctrl Pts',(-30.4092784225941,-204.680004875063,103.739454918739));
#9074=CARTESIAN_POINT('Ctrl Pts',(-30.4092784225941,-204.680004875063,97.7394549187389));
#9075=CARTESIAN_POINT('Ctrl Pts',(-30.1383437148822,-204.028598333438,103.739454918739));
#9076=CARTESIAN_POINT('Ctrl Pts',(-30.1383437148822,-204.028598333438,97.7394549187389));
#9077=CARTESIAN_POINT('Ctrl Pts',(-29.6157153975532,-202.772046496201,103.739454918739));
#9078=CARTESIAN_POINT('Ctrl Pts',(-29.6157153975532,-202.772046496201,97.7394549187389));
#9079=CARTESIAN_POINT('Ctrl Pts',(-28.5767552103817,-201.895931921411,103.739454918739));
#9080=CARTESIAN_POINT('Ctrl Pts',(-28.5767552103817,-201.895931921411,97.7394549187389));
#9081=CARTESIAN_POINT('Ctrl Pts',(-28.0764003098011,-201.474002162813,103.739454918739));
#9082=CARTESIAN_POINT('Ctrl Pts',(-28.0764003098011,-201.474002162813,97.7394549187389));
#9083=CARTESIAN_POINT('',(-30.4092784225941,-204.680004875063,98.7394549187389));
#9084=CARTESIAN_POINT('',(-30.4092784225941,-204.680004875063,103.739454918739));
#9085=CARTESIAN_POINT('Ctrl Pts',(-30.4092784225941,-204.680004875063,98.7394549187389));
#9086=CARTESIAN_POINT('Ctrl Pts',(-30.1383437148822,-204.028598333438,98.7394549187389));
#9087=CARTESIAN_POINT('Ctrl Pts',(-29.6157153975532,-202.772046496201,98.7394549187389));
#9088=CARTESIAN_POINT('Ctrl Pts',(-28.5767552103817,-201.895931921411,98.7394549187389));
#9089=CARTESIAN_POINT('Ctrl Pts',(-28.0764003098011,-201.474002162813,98.7394549187389));
#9090=CARTESIAN_POINT('Origin',(-26.5893597900867,-205.321205417513,103.739454918739));
#9091=CARTESIAN_POINT('',(-26.5893597900867,-205.321205417513,98.7394549187389));
#9092=CARTESIAN_POINT('',(-26.5893597900867,-205.321205417513,103.739454918739));
#9093=CARTESIAN_POINT('',(-26.5893597900867,-205.321205417513,98.7394549187389));
#9094=CARTESIAN_POINT('Ctrl Pts',(-25.6616635620594,-203.738668720125,103.739454918739));
#9095=CARTESIAN_POINT('Ctrl Pts',(-25.6616635620594,-203.738668720125,97.7394549187389));
#9096=CARTESIAN_POINT('Ctrl Pts',(-25.8577723529311,-203.942403760786,103.739454918739));
#9097=CARTESIAN_POINT('Ctrl Pts',(-25.8577723529311,-203.942403760786,97.7394549187389));
#9098=CARTESIAN_POINT('Ctrl Pts',(-26.2923451773983,-204.393876189275,103.739454918739));
#9099=CARTESIAN_POINT('Ctrl Pts',(-26.2923451773983,-204.393876189275,97.7394549187389));
#9100=CARTESIAN_POINT('Ctrl Pts',(-26.4841243906729,-204.992642924111,103.739454918739));
#9101=CARTESIAN_POINT('Ctrl Pts',(-26.4841243906729,-204.992642924111,97.7394549187389));
#9102=CARTESIAN_POINT('Ctrl Pts',(-26.5893597900867,-205.321205417513,103.739454918739));
#9103=CARTESIAN_POINT('Ctrl Pts',(-26.5893597900867,-205.321205417513,97.7394549187389));
#9104=CARTESIAN_POINT('Ctrl Pts',(-25.6616635620594,-203.738668720125,98.7394549187389));
#9105=CARTESIAN_POINT('Ctrl Pts',(-25.8577723529311,-203.942403760786,98.7394549187389));
#9106=CARTESIAN_POINT('Ctrl Pts',(-26.2923451773983,-204.393876189275,98.7394549187389));
#9107=CARTESIAN_POINT('Ctrl Pts',(-26.4841243906729,-204.992642924111,98.7394549187389));
#9108=CARTESIAN_POINT('Ctrl Pts',(-26.5893597900867,-205.321205417513,98.7394549187389));
#9109=CARTESIAN_POINT('Origin',(1.49011611938477E-7,-210.546308318972,98.7394549187389));
#9110=CARTESIAN_POINT('Ctrl Pts',(-46.6985030472279,-212.292556325792,103.739454918739));
#9111=CARTESIAN_POINT('Ctrl Pts',(-46.6985030472279,-212.292556325792,97.7394549187389));
#9112=CARTESIAN_POINT('Ctrl Pts',(-46.7618300572867,-211.92843062171,103.739454918739));
#9113=CARTESIAN_POINT('Ctrl Pts',(-46.7618300572867,-211.92843062171,97.7394549187389));
#9114=CARTESIAN_POINT('Ctrl Pts',(-46.9100877360034,-211.075959747147,103.739454918739));
#9115=CARTESIAN_POINT('Ctrl Pts',(-46.9100877360034,-211.075959747147,97.7394549187389));
#9116=CARTESIAN_POINT('Ctrl Pts',(-46.9143425935405,-210.210116373055,103.739454918739));
#9117=CARTESIAN_POINT('Ctrl Pts',(-46.9143425935405,-210.210116373055,97.7394549187389));
#9118=CARTESIAN_POINT('Ctrl Pts',(-46.9167800247669,-209.714110652803,103.739454918739));
#9119=CARTESIAN_POINT('Ctrl Pts',(-46.9167800247669,-209.714110652803,97.7394549187389));
#9120=CARTESIAN_POINT('',(-46.6985030472279,-212.292556325792,98.7394549187389));
#9121=CARTESIAN_POINT('',(-46.6985030472279,-212.292556325792,103.739454918739));
#9122=CARTESIAN_POINT('',(-46.9167800247669,-209.714110652803,98.7394549187389));
#9123=CARTESIAN_POINT('Ctrl Pts',(-46.6985030472279,-212.292556325792,98.7394549187389));
#9124=CARTESIAN_POINT('Ctrl Pts',(-46.7618300572867,-211.92843062171,98.7394549187389));
#9125=CARTESIAN_POINT('Ctrl Pts',(-46.9100877360034,-211.075959747147,98.7394549187389));
#9126=CARTESIAN_POINT('Ctrl Pts',(-46.9143425935405,-210.210116373055,98.7394549187389));
#9127=CARTESIAN_POINT('Ctrl Pts',(-46.9167800247669,-209.714110652803,98.7394549187389));
#9128=CARTESIAN_POINT('',(-46.9167800247669,-209.714110652803,103.739454918739));
#9129=CARTESIAN_POINT('Ctrl Pts',(-45.9481616318226,-213.902378837465,103.739454918739));
#9130=CARTESIAN_POINT('Ctrl Pts',(-45.9481616318226,-213.902378837465,97.7394549187389));
#9131=CARTESIAN_POINT('Ctrl Pts',(-46.116119337232,-213.656755965621,103.739454918739));
#9132=CARTESIAN_POINT('Ctrl Pts',(-46.116119337232,-213.656755965621,97.7394549187389));
#9133=CARTESIAN_POINT('Ctrl Pts',(-46.4547694564017,-213.161510959635,103.739454918739));
#9134=CARTESIAN_POINT('Ctrl Pts',(-46.4547694564017,-213.161510959635,97.7394549187389));
#9135=CARTESIAN_POINT('Ctrl Pts',(-46.6168223073665,-212.583763037012,103.739454918739));
#9136=CARTESIAN_POINT('Ctrl Pts',(-46.6168223073665,-212.583763037012,97.7394549187389));
#9137=CARTESIAN_POINT('Ctrl Pts',(-46.6985030472279,-212.292556325792,103.739454918739));
#9138=CARTESIAN_POINT('Ctrl Pts',(-46.6985030472279,-212.292556325792,97.7394549187389));
#9139=CARTESIAN_POINT('',(-45.9481616318226,-213.902378837465,98.7394549187389));
#9140=CARTESIAN_POINT('',(-45.9481616318226,-213.902378837465,103.739454918739));
#9141=CARTESIAN_POINT('Ctrl Pts',(-45.9481616318226,-213.902378837465,98.7394549187389));
#9142=CARTESIAN_POINT('Ctrl Pts',(-46.116119337232,-213.656755965621,98.7394549187389));
#9143=CARTESIAN_POINT('Ctrl Pts',(-46.4547694564017,-213.161510959635,98.7394549187389));
#9144=CARTESIAN_POINT('Ctrl Pts',(-46.6168223073665,-212.583763037012,98.7394549187389));
#9145=CARTESIAN_POINT('Ctrl Pts',(-46.6985030472279,-212.292556325792,98.7394549187389));
#9146=CARTESIAN_POINT('Ctrl Pts',(-44.3656249344349,-215.061996738314,103.739454918739));
#9147=CARTESIAN_POINT('Ctrl Pts',(-44.3656249344349,-215.061996738314,97.7394549187389));
#9148=CARTESIAN_POINT('Ctrl Pts',(-44.6872585867353,-214.909990563021,103.739454918739));
#9149=CARTESIAN_POINT('Ctrl Pts',(-44.6872585867353,-214.909990563021,97.7394549187389));
#9150=CARTESIAN_POINT('Ctrl Pts',(-45.290484503578,-214.624902035125,103.739454918739));
#9151=CARTESIAN_POINT('Ctrl Pts',(-45.290484503578,-214.624902035125,97.7394549187389));
#9152=CARTESIAN_POINT('Ctrl Pts',(-45.7388567194957,-214.132320929178,103.739454918739));
#9153=CARTESIAN_POINT('Ctrl Pts',(-45.7388567194957,-214.132320929178,97.7394549187389));
#9154=CARTESIAN_POINT('Ctrl Pts',(-45.9481616318226,-213.902378837465,103.739454918739));
#9155=CARTESIAN_POINT('Ctrl Pts',(-45.9481616318226,-213.902378837465,97.7394549187389));
#9156=CARTESIAN_POINT('',(-44.3656249344349,-215.061996738314,98.7394549187389));
#9157=CARTESIAN_POINT('',(-44.3656249344349,-215.061996738314,103.739454918739));
#9158=CARTESIAN_POINT('Ctrl Pts',(-44.3656249344349,-215.061996738314,98.7394549187389));
#9159=CARTESIAN_POINT('Ctrl Pts',(-44.6872585867353,-214.909990563021,98.7394549187389));
#9160=CARTESIAN_POINT('Ctrl Pts',(-45.290484503578,-214.624902035125,98.7394549187389));
#9161=CARTESIAN_POINT('Ctrl Pts',(-45.7388567194957,-214.132320929178,98.7394549187389));
#9162=CARTESIAN_POINT('Ctrl Pts',(-45.9481616318226,-213.902378837465,98.7394549187389));
#9163=CARTESIAN_POINT('Ctrl Pts',(-42.0463843643665,-215.525843660235,103.739454918739));
#9164=CARTESIAN_POINT('Ctrl Pts',(-42.0463843643665,-215.525843660235,97.7394549187389));
#9165=CARTESIAN_POINT('Ctrl Pts',(-42.4554535494363,-215.508585266477,103.739454918739));
#9166=CARTESIAN_POINT('Ctrl Pts',(-42.4554535494363,-215.508585266477,97.7394549187389));
#9167=CARTESIAN_POINT('Ctrl Pts',(-43.2530676074823,-215.47493438789,103.739454918739));
#9168=CARTESIAN_POINT('Ctrl Pts',(-43.2530676074823,-215.47493438789,97.7394549187389));
#9169=CARTESIAN_POINT('Ctrl Pts',(-44.0011894157417,-215.197260911103,103.739454918739));
#9170=CARTESIAN_POINT('Ctrl Pts',(-44.0011894157417,-215.197260911103,97.7394549187389));
#9171=CARTESIAN_POINT('Ctrl Pts',(-44.3656249344349,-215.061996738314,103.739454918739));
#9172=CARTESIAN_POINT('Ctrl Pts',(-44.3656249344349,-215.061996738314,97.7394549187389));
#9173=CARTESIAN_POINT('',(-42.0463843643665,-215.525843660235,98.7394549187389));
#9174=CARTESIAN_POINT('',(-42.0463843643665,-215.525843660235,103.739454918739));
#9175=CARTESIAN_POINT('Ctrl Pts',(-42.0463843643665,-215.525843660235,98.7394549187389));
#9176=CARTESIAN_POINT('Ctrl Pts',(-42.4554535494363,-215.508585266477,98.7394549187389));
#9177=CARTESIAN_POINT('Ctrl Pts',(-43.2530676074823,-215.47493438789,98.7394549187389));
#9178=CARTESIAN_POINT('Ctrl Pts',(-44.0011894157417,-215.197260911103,98.7394549187389));
#9179=CARTESIAN_POINT('Ctrl Pts',(-44.3656249344349,-215.061996738314,98.7394549187389));
#9180=CARTESIAN_POINT('Ctrl Pts',(-37.2714896500111,-213.07018236339,103.739454918739));
#9181=CARTESIAN_POINT('Ctrl Pts',(-37.2714896500111,-213.07018236339,97.7394549187389));
#9182=CARTESIAN_POINT('Ctrl Pts',(-37.9335752372219,-213.786316042994,103.739454918739));
#9183=CARTESIAN_POINT('Ctrl Pts',(-37.9335752372219,-213.786316042994,97.7394549187389));
#9184=CARTESIAN_POINT('Ctrl Pts',(-39.2293386352211,-215.187856611206,103.739454918739));
#9185=CARTESIAN_POINT('Ctrl Pts',(-39.2293386352211,-215.187856611206,97.7394549187389));
#9186=CARTESIAN_POINT('Ctrl Pts',(-41.1211945413206,-215.414840074156,103.739454918739));
#9187=CARTESIAN_POINT('Ctrl Pts',(-41.1211945413206,-215.414840074156,97.7394549187389));
#9188=CARTESIAN_POINT('Ctrl Pts',(-42.0463843643665,-215.525843660235,103.739454918739));
#9189=CARTESIAN_POINT('Ctrl Pts',(-42.0463843643665,-215.525843660235,97.7394549187389));
#9190=CARTESIAN_POINT('',(-37.2714896500111,-213.07018236339,98.7394549187389));
#9191=CARTESIAN_POINT('',(-37.2714896500111,-213.07018236339,103.739454918739));
#9192=CARTESIAN_POINT('Ctrl Pts',(-37.2714896500111,-213.07018236339,98.7394549187389));
#9193=CARTESIAN_POINT('Ctrl Pts',(-37.9335752372219,-213.786316042994,98.7394549187389));
#9194=CARTESIAN_POINT('Ctrl Pts',(-39.2293386352211,-215.187856611206,98.7394549187389));
#9195=CARTESIAN_POINT('Ctrl Pts',(-41.1211945413206,-215.414840074156,98.7394549187389));
#9196=CARTESIAN_POINT('Ctrl Pts',(-42.0463843643665,-215.525843660235,98.7394549187389));
#9197=CARTESIAN_POINT('Origin',(-37.2714896500111,-215.198422233461,103.739454918739));
#9198=CARTESIAN_POINT('',(-37.2714896500111,-215.198422233461,98.7394549187389));
#9199=CARTESIAN_POINT('',(-37.2714896500111,-215.198422233461,103.739454918739));
#9200=CARTESIAN_POINT('',(-37.2714896500111,-215.198422233461,98.7394549187389));
#9201=CARTESIAN_POINT('Origin',(-33.7107749283314,-215.198422233461,103.739454918739));
#9202=CARTESIAN_POINT('',(-33.7107749283314,-215.198422233461,98.7394549187389));
#9203=CARTESIAN_POINT('',(-33.7107749283314,-215.198422233461,103.739454918739));
#9204=CARTESIAN_POINT('',(-33.7107749283314,-215.198422233461,98.7394549187389));
#9205=CARTESIAN_POINT('Origin',(-33.7107749283314,-200.710018436312,103.739454918739));
#9206=CARTESIAN_POINT('',(-33.7107749283314,-200.710018436312,98.7394549187389));
#9207=CARTESIAN_POINT('',(-33.7107749283314,-200.710018436312,103.739454918739));
#9208=CARTESIAN_POINT('',(-33.7107749283314,-200.710018436312,98.7394549187389));
#9209=CARTESIAN_POINT('Origin',(-37.5443358719349,-200.710018436312,103.739454918739));
#9210=CARTESIAN_POINT('',(-37.5443358719349,-200.710018436312,98.7394549187389));
#9211=CARTESIAN_POINT('',(-37.5443358719349,-200.710018436312,103.739454918739));
#9212=CARTESIAN_POINT('',(-37.5443358719349,-200.710018436312,98.7394549187389));
#9213=CARTESIAN_POINT('Origin',(-37.5443358719349,-207.272091667055,103.739454918739));
#9214=CARTESIAN_POINT('',(-37.5443358719349,-207.272091667055,98.7394549187389));
#9215=CARTESIAN_POINT('',(-37.5443358719349,-207.272091667055,103.739454918739));
#9216=CARTESIAN_POINT('',(-37.5443358719349,-207.272091667055,98.7394549187389));
#9217=CARTESIAN_POINT('Ctrl Pts',(-37.8308291733265,-210.600877563356,103.739454918739));
#9218=CARTESIAN_POINT('Ctrl Pts',(-37.8308291733265,-210.600877563356,97.7394549187389));
#9219=CARTESIAN_POINT('Ctrl Pts',(-37.7482401818802,-210.174516213643,103.739454918739));
#9220=CARTESIAN_POINT('Ctrl Pts',(-37.7482401818802,-210.174516213643,97.7394549187389));
#9221=CARTESIAN_POINT('Ctrl Pts',(-37.5355925823473,-209.076734100525,103.739454918739));
#9222=CARTESIAN_POINT('Ctrl Pts',(-37.5355925823473,-209.076734100525,97.7394549187389));
#9223=CARTESIAN_POINT('Ctrl Pts',(-37.5410177526578,-207.956961908016,103.739454918739));
#9224=CARTESIAN_POINT('Ctrl Pts',(-37.5410177526578,-207.956961908016,97.7394549187389));
#9225=CARTESIAN_POINT('Ctrl Pts',(-37.5443358719349,-207.272091667055,103.739454918739));
#9226=CARTESIAN_POINT('Ctrl Pts',(-37.5443358719349,-207.272091667055,97.7394549187389));
#9227=CARTESIAN_POINT('',(-37.8308291733265,-210.600877563356,98.7394549187389));
#9228=CARTESIAN_POINT('',(-37.8308291733265,-210.600877563356,103.739454918739));
#9229=CARTESIAN_POINT('Ctrl Pts',(-37.8308291733265,-210.600877563356,98.7394549187389));
#9230=CARTESIAN_POINT('Ctrl Pts',(-37.7482401818802,-210.174516213643,98.7394549187389));
#9231=CARTESIAN_POINT('Ctrl Pts',(-37.5355925823473,-209.076734100525,98.7394549187389));
#9232=CARTESIAN_POINT('Ctrl Pts',(-37.5410177526578,-207.956961908016,98.7394549187389));
#9233=CARTESIAN_POINT('Ctrl Pts',(-37.5443358719349,-207.272091667055,98.7394549187389));
#9234=CARTESIAN_POINT('Ctrl Pts',(-38.9222331345081,-212.046989957689,103.739454918739));
#9235=CARTESIAN_POINT('Ctrl Pts',(-38.9222331345081,-212.046989957689,97.7394549187389));
#9236=CARTESIAN_POINT('Ctrl Pts',(-38.6791124878995,-211.850826244071,103.739454918739));
#9237=CARTESIAN_POINT('Ctrl Pts',(-38.6791124878995,-211.850826244071,97.7394549187389));
#9238=CARTESIAN_POINT('Ctrl Pts',(-38.1945291217272,-211.459836527682,103.739454918739));
#9239=CARTESIAN_POINT('Ctrl Pts',(-38.1945291217272,-211.459836527682,97.7394549187389));
#9240=CARTESIAN_POINT('Ctrl Pts',(-37.9517856530477,-210.886543406881,103.739454918739));
#9241=CARTESIAN_POINT('Ctrl Pts',(-37.9517856530477,-210.886543406881,97.7394549187389));
#9242=CARTESIAN_POINT('Ctrl Pts',(-37.8308291733265,-210.600877563356,103.739454918739));
#9243=CARTESIAN_POINT('Ctrl Pts',(-37.8308291733265,-210.600877563356,97.7394549187389));
#9244=CARTESIAN_POINT('',(-38.9222331345081,-212.046989957689,98.7394549187389));
#9245=CARTESIAN_POINT('',(-38.9222331345081,-212.046989957689,103.739454918739));
#9246=CARTESIAN_POINT('Ctrl Pts',(-38.9222331345081,-212.046989957689,98.7394549187389));
#9247=CARTESIAN_POINT('Ctrl Pts',(-38.6791124878995,-211.850826244071,98.7394549187389));
#9248=CARTESIAN_POINT('Ctrl Pts',(-38.1945291217272,-211.459836527682,98.7394549187389));
#9249=CARTESIAN_POINT('Ctrl Pts',(-37.9517856530477,-210.886543406881,98.7394549187389));
#9250=CARTESIAN_POINT('Ctrl Pts',(-37.8308291733265,-210.600877563356,98.7394549187389));
#9251=CARTESIAN_POINT('Ctrl Pts',(-40.7094092667103,-212.59269193828,103.739454918739));
#9252=CARTESIAN_POINT('Ctrl Pts',(-40.7094092667103,-212.59269193828,97.7394549187389));
#9253=CARTESIAN_POINT('Ctrl Pts',(-40.3872447840929,-212.570830615189,103.739454918739));
#9254=CARTESIAN_POINT('Ctrl Pts',(-40.3872447840929,-212.570830615189,97.7394549187389));
#9255=CARTESIAN_POINT('Ctrl Pts',(-39.7489779947473,-212.527519333987,103.739454918739));
#9256=CARTESIAN_POINT('Ctrl Pts',(-39.7489779947473,-212.527519333987,97.7394549187389));
#9257=CARTESIAN_POINT('Ctrl Pts',(-39.1960642533828,-212.206148971663,103.739454918739));
#9258=CARTESIAN_POINT('Ctrl Pts',(-39.1960642533828,-212.206148971663,97.7394549187389));
#9259=CARTESIAN_POINT('Ctrl Pts',(-38.9222331345081,-212.046989957689,103.739454918739));
#9260=CARTESIAN_POINT('Ctrl Pts',(-38.9222331345081,-212.046989957689,97.7394549187389));
#9261=CARTESIAN_POINT('',(-40.7094092667103,-212.59269193828,98.7394549187389));
#9262=CARTESIAN_POINT('',(-40.7094092667103,-212.59269193828,103.739454918739));
#9263=CARTESIAN_POINT('Ctrl Pts',(-40.7094092667103,-212.59269193828,98.7394549187389));
#9264=CARTESIAN_POINT('Ctrl Pts',(-40.3872447840929,-212.570830615189,98.7394549187389));
#9265=CARTESIAN_POINT('Ctrl Pts',(-39.7489779947473,-212.527519333987,98.7394549187389));
#9266=CARTESIAN_POINT('Ctrl Pts',(-39.1960642533828,-212.206148971663,98.7394549187389));
#9267=CARTESIAN_POINT('Ctrl Pts',(-38.9222331345081,-212.046989957689,98.7394549187389));
#9268=CARTESIAN_POINT('Ctrl Pts',(-42.0327468216419,-212.210700075029,103.739454918739));
#9269=CARTESIAN_POINT('Ctrl Pts',(-42.0327468216419,-212.210700075029,97.7394549187389));
#9270=CARTESIAN_POINT('Ctrl Pts',(-41.8362094838997,-212.322062225202,103.739454918739));
#9271=CARTESIAN_POINT('Ctrl Pts',(-41.8362094838997,-212.322062225202,97.7394549187389));
#9272=CARTESIAN_POINT('Ctrl Pts',(-41.4261513817892,-212.554409688902,103.739454918739));
#9273=CARTESIAN_POINT('Ctrl Pts',(-41.4261513817892,-212.554409688902,97.7394549187389));
#9274=CARTESIAN_POINT('Ctrl Pts',(-40.9548302270626,-212.579583644224,103.739454918739));
#9275=CARTESIAN_POINT('Ctrl Pts',(-40.9548302270626,-212.579583644224,97.7394549187389));
#9276=CARTESIAN_POINT('Ctrl Pts',(-40.7094092667103,-212.59269193828,103.739454918739));
#9277=CARTESIAN_POINT('Ctrl Pts',(-40.7094092667103,-212.59269193828,97.7394549187389));
#9278=CARTESIAN_POINT('',(-42.0327468216419,-212.210700075029,98.7394549187389));
#9279=CARTESIAN_POINT('',(-42.0327468216419,-212.210700075029,103.739454918739));
#9280=CARTESIAN_POINT('Ctrl Pts',(-42.0327468216419,-212.210700075029,98.7394549187389));
#9281=CARTESIAN_POINT('Ctrl Pts',(-41.8362094838997,-212.322062225202,98.7394549187389));
#9282=CARTESIAN_POINT('Ctrl Pts',(-41.4261513817892,-212.554409688902,98.7394549187389));
#9283=CARTESIAN_POINT('Ctrl Pts',(-40.9548302270626,-212.579583644224,98.7394549187389));
#9284=CARTESIAN_POINT('Ctrl Pts',(-40.7094092667103,-212.59269193828,98.7394549187389));
#9285=CARTESIAN_POINT('Ctrl Pts',(-42.837657481432,-211.132938424944,103.739454918739));
#9286=CARTESIAN_POINT('Ctrl Pts',(-42.837657481432,-211.132938424944,97.7394549187389));
#9287=CARTESIAN_POINT('Ctrl Pts',(-42.7449632568966,-211.350237132532,103.739454918739));
#9288=CARTESIAN_POINT('Ctrl Pts',(-42.7449632568966,-211.350237132532,97.7394549187389));
#9289=CARTESIAN_POINT('Ctrl Pts',(-42.563750539661,-211.775045576115,103.739454918739));
#9290=CARTESIAN_POINT('Ctrl Pts',(-42.563750539661,-211.775045576115,97.7394549187389));
#9291=CARTESIAN_POINT('Ctrl Pts',(-42.2070078897195,-212.067730043526,103.739454918739));
#9292=CARTESIAN_POINT('Ctrl Pts',(-42.2070078897195,-212.067730043526,97.7394549187389));
#9293=CARTESIAN_POINT('Ctrl Pts',(-42.0327468216419,-212.210700075029,103.739454918739));
#9294=CARTESIAN_POINT('Ctrl Pts',(-42.0327468216419,-212.210700075029,97.7394549187389));
#9295=CARTESIAN_POINT('',(-42.837657481432,-211.132938424944,98.7394549187389));
#9296=CARTESIAN_POINT('',(-42.837657481432,-211.132938424944,103.739454918739));
#9297=CARTESIAN_POINT('Ctrl Pts',(-42.837657481432,-211.132938424944,98.7394549187389));
#9298=CARTESIAN_POINT('Ctrl Pts',(-42.7449632568966,-211.350237132532,98.7394549187389));
#9299=CARTESIAN_POINT('Ctrl Pts',(-42.563750539661,-211.775045576115,98.7394549187389));
#9300=CARTESIAN_POINT('Ctrl Pts',(-42.2070078897195,-212.067730043526,98.7394549187389));
#9301=CARTESIAN_POINT('Ctrl Pts',(-42.0327468216419,-212.210700075029,98.7394549187389));
#9302=CARTESIAN_POINT('Ctrl Pts',(-43.0832190811634,-208.104289333223,103.739454918739));
#9303=CARTESIAN_POINT('Ctrl Pts',(-43.0832190811634,-208.104289333223,97.7394549187389));
#9304=CARTESIAN_POINT('Ctrl Pts',(-43.0900361674372,-208.750472382447,103.739454918739));
#9305=CARTESIAN_POINT('Ctrl Pts',(-43.0900361674372,-208.750472382447,97.7394549187389));
#9306=CARTESIAN_POINT('Ctrl Pts',(-43.1007836956321,-209.769217086808,103.739454918739));
#9307=CARTESIAN_POINT('Ctrl Pts',(-43.1007836956321,-209.769217086808,97.7394549187389));
#9308=CARTESIAN_POINT('Ctrl Pts',(-42.9081169724011,-210.76776344,103.739454918739));
#9309=CARTESIAN_POINT('Ctrl Pts',(-42.9081169724011,-210.76776344,97.7394549187389));
#9310=CARTESIAN_POINT('Ctrl Pts',(-42.837657481432,-211.132938424944,103.739454918739));
#9311=CARTESIAN_POINT('Ctrl Pts',(-42.837657481432,-211.132938424944,97.7394549187389));
#9312=CARTESIAN_POINT('',(-43.0832190811634,-208.104289333223,98.7394549187389));
#9313=CARTESIAN_POINT('',(-43.0832190811634,-208.104289333223,103.739454918739));
#9314=CARTESIAN_POINT('Ctrl Pts',(-43.0832190811634,-208.104289333223,98.7394549187389));
#9315=CARTESIAN_POINT('Ctrl Pts',(-43.0900361674372,-208.750472382447,98.7394549187389));
#9316=CARTESIAN_POINT('Ctrl Pts',(-43.1007836956321,-209.769217086808,98.7394549187389));
#9317=CARTESIAN_POINT('Ctrl Pts',(-42.9081169724011,-210.76776344,98.7394549187389));
#9318=CARTESIAN_POINT('Ctrl Pts',(-42.837657481432,-211.132938424944,98.7394549187389));
#9319=CARTESIAN_POINT('Origin',(-43.0832190811634,-200.710018436312,103.739454918739));
#9320=CARTESIAN_POINT('',(-43.0832190811634,-200.710018436312,98.7394549187389));
#9321=CARTESIAN_POINT('',(-43.0832190811634,-200.710018436312,103.739454918739));
#9322=CARTESIAN_POINT('',(-43.0832190811634,-200.710018436312,98.7394549187389));
#9323=CARTESIAN_POINT('Origin',(-46.9167800247669,-200.710018436312,103.739454918739));
#9324=CARTESIAN_POINT('',(-46.9167800247669,-200.710018436312,98.7394549187389));
#9325=CARTESIAN_POINT('',(-46.9167800247669,-200.710018436312,103.739454918739));
#9326=CARTESIAN_POINT('',(-46.9167800247669,-200.710018436312,98.7394549187389));
#9327=CARTESIAN_POINT('Origin',(-46.9167800247669,-209.714110652803,103.739454918739));
#9328=CARTESIAN_POINT('',(-46.9167800247669,-209.714110652803,98.7394549187389));
#9329=CARTESIAN_POINT('Origin',(1.49011611938477E-7,-210.546308318972,98.7394549187389));
#9330=CARTESIAN_POINT('Ctrl Pts',(20.2182821929455,-212.401696006655,103.739454918739));
#9331=CARTESIAN_POINT('Ctrl Pts',(20.2182821929455,-212.401696006655,97.7394549187389));
#9332=CARTESIAN_POINT('Ctrl Pts',(20.6997406170196,-212.352680243194,103.739454918739));
#9333=CARTESIAN_POINT('Ctrl Pts',(20.6997406170196,-212.352680243194,97.7394549187389));
#9334=CARTESIAN_POINT('Ctrl Pts',(21.6691529538646,-212.253987431058,103.739454918739));
#9335=CARTESIAN_POINT('Ctrl Pts',(21.6691529538646,-212.253987431058,97.7394549187389));
#9336=CARTESIAN_POINT('Ctrl Pts',(22.3828951421464,-211.589959974945,103.739454918739));
#9337=CARTESIAN_POINT('Ctrl Pts',(22.3828951421464,-211.589959974945,97.7394549187389));
#9338=CARTESIAN_POINT('Ctrl Pts',(22.7421574294567,-211.255721608996,103.739454918739));
#9339=CARTESIAN_POINT('Ctrl Pts',(22.7421574294567,-211.255721608996,97.7394549187389));
#9340=CARTESIAN_POINT('',(20.2182821929455,-212.401696006655,103.739454918739));
#9341=CARTESIAN_POINT('',(22.7421574294567,-211.255721608996,103.739454918739));
#9342=CARTESIAN_POINT('Ctrl Pts',(20.2182821929455,-212.401696006655,103.739454918739));
#9343=CARTESIAN_POINT('Ctrl Pts',(20.6997406170196,-212.352680243194,103.739454918739));
#9344=CARTESIAN_POINT('Ctrl Pts',(21.6691529538646,-212.253987431058,103.739454918739));
#9345=CARTESIAN_POINT('Ctrl Pts',(22.3828951421464,-211.589959974945,103.739454918739));
#9346=CARTESIAN_POINT('Ctrl Pts',(22.7421574294567,-211.255721608996,103.739454918739));
#9347=CARTESIAN_POINT('',(20.2182821929455,-212.401696006655,98.7394549187389));
#9348=CARTESIAN_POINT('',(20.2182821929455,-212.401696006655,103.739454918739));
#9349=CARTESIAN_POINT('',(22.7421574294567,-211.255721608996,98.7394549187389));
#9350=CARTESIAN_POINT('Ctrl Pts',(20.2182821929455,-212.401696006655,98.7394549187389));
#9351=CARTESIAN_POINT('Ctrl Pts',(20.6997406170196,-212.352680243194,98.7394549187389));
#9352=CARTESIAN_POINT('Ctrl Pts',(21.6691529538646,-212.253987431058,98.7394549187389));
#9353=CARTESIAN_POINT('Ctrl Pts',(22.3828951421464,-211.589959974945,98.7394549187389));
#9354=CARTESIAN_POINT('Ctrl Pts',(22.7421574294567,-211.255721608996,98.7394549187389));
#9355=CARTESIAN_POINT('',(22.7421574294567,-211.255721608996,103.739454918739));
#9356=CARTESIAN_POINT('Ctrl Pts',(17.7080516517162,-211.255721608996,103.739454918739));
#9357=CARTESIAN_POINT('Ctrl Pts',(17.7080516517162,-211.255721608996,97.7394549187389));
#9358=CARTESIAN_POINT('Ctrl Pts',(18.0637641791661,-211.589961868517,103.739454918739));
#9359=CARTESIAN_POINT('Ctrl Pts',(18.0637641791661,-211.589961868517,97.7394549187389));
#9360=CARTESIAN_POINT('Ctrl Pts',(18.7716328651963,-212.25510069571,103.739454918739));
#9361=CARTESIAN_POINT('Ctrl Pts',(18.7716328651963,-212.25510069571,97.7394549187389));
#9362=CARTESIAN_POINT('Ctrl Pts',(19.7376835799383,-212.352994844762,103.739454918739));
#9363=CARTESIAN_POINT('Ctrl Pts',(19.7376835799383,-212.352994844762,97.7394549187389));
#9364=CARTESIAN_POINT('Ctrl Pts',(20.2182821929455,-212.401696006655,103.739454918739));
#9365=CARTESIAN_POINT('Ctrl Pts',(20.2182821929455,-212.401696006655,97.7394549187389));
#9366=CARTESIAN_POINT('',(17.7080516517162,-211.255721608996,103.739454918739));
#9367=CARTESIAN_POINT('Ctrl Pts',(17.7080516517162,-211.255721608996,103.739454918739));
#9368=CARTESIAN_POINT('Ctrl Pts',(18.0637641791661,-211.589961868517,103.739454918739));
#9369=CARTESIAN_POINT('Ctrl Pts',(18.7716328651963,-212.25510069571,103.739454918739));
#9370=CARTESIAN_POINT('Ctrl Pts',(19.7376835799383,-212.352994844762,103.739454918739));
#9371=CARTESIAN_POINT('Ctrl Pts',(20.2182821929455,-212.401696006655,103.739454918739));
#9372=CARTESIAN_POINT('',(17.7080516517162,-211.255721608996,98.7394549187389));
#9373=CARTESIAN_POINT('',(17.7080516517162,-211.255721608996,103.739454918739));
#9374=CARTESIAN_POINT('Ctrl Pts',(17.7080516517162,-211.255721608996,98.7394549187389));
#9375=CARTESIAN_POINT('Ctrl Pts',(18.0637641791661,-211.589961868517,98.7394549187389));
#9376=CARTESIAN_POINT('Ctrl Pts',(18.7716328651963,-212.25510069571,98.7394549187389));
#9377=CARTESIAN_POINT('Ctrl Pts',(19.7376835799383,-212.352994844762,98.7394549187389));
#9378=CARTESIAN_POINT('Ctrl Pts',(20.2182821929455,-212.401696006655,98.7394549187389));
#9379=CARTESIAN_POINT('Ctrl Pts',(16.6848592460155,-207.981506149172,103.739454918739));
#9380=CARTESIAN_POINT('Ctrl Pts',(16.6848592460155,-207.981506149172,97.7394549187389));
#9381=CARTESIAN_POINT('Ctrl Pts',(16.710070338161,-208.628932836403,103.739454918739));
#9382=CARTESIAN_POINT('Ctrl Pts',(16.710070338161,-208.628932836403,97.7394549187389));
#9383=CARTESIAN_POINT('Ctrl Pts',(16.756367681755,-209.817859346123,103.739454918739));
#9384=CARTESIAN_POINT('Ctrl Pts',(16.756367681755,-209.817859346123,97.7394549187389));
#9385=CARTESIAN_POINT('Ctrl Pts',(17.4102425562309,-210.805773439798,103.739454918739));
#9386=CARTESIAN_POINT('Ctrl Pts',(17.4102425562309,-210.805773439798,97.7394549187389));
#9387=CARTESIAN_POINT('Ctrl Pts',(17.7080516517162,-211.255721608996,103.739454918739));
#9388=CARTESIAN_POINT('Ctrl Pts',(17.7080516517162,-211.255721608996,97.7394549187389));
#9389=CARTESIAN_POINT('',(16.6848592460155,-207.981506149172,103.739454918739));
#9390=CARTESIAN_POINT('Ctrl Pts',(16.6848592460155,-207.981506149172,103.739454918739));
#9391=CARTESIAN_POINT('Ctrl Pts',(16.710070338161,-208.628932836403,103.739454918739));
#9392=CARTESIAN_POINT('Ctrl Pts',(16.756367681755,-209.817859346123,103.739454918739));
#9393=CARTESIAN_POINT('Ctrl Pts',(17.4102425562309,-210.805773439798,103.739454918739));
#9394=CARTESIAN_POINT('Ctrl Pts',(17.7080516517162,-211.255721608996,103.739454918739));
#9395=CARTESIAN_POINT('',(16.6848592460155,-207.981506149172,98.7394549187389));
#9396=CARTESIAN_POINT('',(16.6848592460155,-207.981506149172,103.739454918739));
#9397=CARTESIAN_POINT('Ctrl Pts',(16.6848592460155,-207.981506149172,98.7394549187389));
#9398=CARTESIAN_POINT('Ctrl Pts',(16.710070338161,-208.628932836403,98.7394549187389));
#9399=CARTESIAN_POINT('Ctrl Pts',(16.756367681755,-209.817859346123,98.7394549187389));
#9400=CARTESIAN_POINT('Ctrl Pts',(17.4102425562309,-210.805773439798,98.7394549187389));
#9401=CARTESIAN_POINT('Ctrl Pts',(17.7080516517162,-211.255721608996,98.7394549187389));
#9402=CARTESIAN_POINT('Ctrl Pts',(17.7080516517162,-204.652720252871,103.739454918739));
#9403=CARTESIAN_POINT('Ctrl Pts',(17.7080516517162,-204.652720252871,97.7394549187389));
#9404=CARTESIAN_POINT('Ctrl Pts',(17.4103348019468,-205.107408164018,103.739454918739));
#9405=CARTESIAN_POINT('Ctrl Pts',(17.4103348019468,-205.107408164018,97.7394549187389));
#9406=CARTESIAN_POINT('Ctrl Pts',(16.7517790255602,-206.113187146871,103.739454918739));
#9407=CARTESIAN_POINT('Ctrl Pts',(16.7517790255602,-206.113187146871,97.7394549187389));
#9408=CARTESIAN_POINT('Ctrl Pts',(16.708547088761,-207.320170337457,103.739454918739));
#9409=CARTESIAN_POINT('Ctrl Pts',(16.708547088761,-207.320170337457,97.7394549187389));
#9410=CARTESIAN_POINT('Ctrl Pts',(16.6848592460155,-207.981506149172,103.739454918739));
#9411=CARTESIAN_POINT('Ctrl Pts',(16.6848592460155,-207.981506149172,97.7394549187389));
#9412=CARTESIAN_POINT('',(17.7080516517162,-204.652720252871,103.739454918739));
#9413=CARTESIAN_POINT('Ctrl Pts',(17.7080516517162,-204.652720252871,103.739454918739));
#9414=CARTESIAN_POINT('Ctrl Pts',(17.4103348019468,-205.107408164018,103.739454918739));
#9415=CARTESIAN_POINT('Ctrl Pts',(16.7517790255602,-206.113187146871,103.739454918739));
#9416=CARTESIAN_POINT('Ctrl Pts',(16.708547088761,-207.320170337457,103.739454918739));
#9417=CARTESIAN_POINT('Ctrl Pts',(16.6848592460155,-207.981506149172,103.739454918739));
#9418=CARTESIAN_POINT('',(17.7080516517162,-204.652720252871,98.7394549187389));
#9419=CARTESIAN_POINT('',(17.7080516517162,-204.652720252871,103.739454918739));
#9420=CARTESIAN_POINT('Ctrl Pts',(17.7080516517162,-204.652720252871,98.7394549187389));
#9421=CARTESIAN_POINT('Ctrl Pts',(17.4103348019468,-205.107408164018,98.7394549187389));
#9422=CARTESIAN_POINT('Ctrl Pts',(16.7517790255602,-206.113187146871,98.7394549187389));
#9423=CARTESIAN_POINT('Ctrl Pts',(16.708547088761,-207.320170337457,98.7394549187389));
#9424=CARTESIAN_POINT('Ctrl Pts',(16.6848592460155,-207.981506149172,98.7394549187389));
#9425=CARTESIAN_POINT('Ctrl Pts',(20.2182821929455,-203.506744663118,103.739454918739));
#9426=CARTESIAN_POINT('Ctrl Pts',(20.2182821929455,-203.506744663118,97.7394549187389));
#9427=CARTESIAN_POINT('Ctrl Pts',(19.7376835382404,-203.555445774849,103.739454918739));
#9428=CARTESIAN_POINT('Ctrl Pts',(19.7376835382404,-203.555445774849,97.7394549187389));
#9429=CARTESIAN_POINT('Ctrl Pts',(18.7716324935591,-203.653339848011,103.739454918739));
#9430=CARTESIAN_POINT('Ctrl Pts',(18.7716324935591,-203.653339848011,97.7394549187389));
#9431=CARTESIAN_POINT('Ctrl Pts',(18.0637641145857,-204.31847949639,103.739454918739));
#9432=CARTESIAN_POINT('Ctrl Pts',(18.0637641145857,-204.31847949639,97.7394549187389));
#9433=CARTESIAN_POINT('Ctrl Pts',(17.7080516517162,-204.652720252871,103.739454918739));
#9434=CARTESIAN_POINT('Ctrl Pts',(17.7080516517162,-204.652720252871,97.7394549187389));
#9435=CARTESIAN_POINT('',(20.2182821929455,-203.506744663118,103.739454918739));
#9436=CARTESIAN_POINT('Ctrl Pts',(20.2182821929455,-203.506744663118,103.739454918739));
#9437=CARTESIAN_POINT('Ctrl Pts',(19.7376835382404,-203.555445774849,103.739454918739));
#9438=CARTESIAN_POINT('Ctrl Pts',(18.7716324935591,-203.653339848011,103.739454918739));
#9439=CARTESIAN_POINT('Ctrl Pts',(18.0637641145857,-204.31847949639,103.739454918739));
#9440=CARTESIAN_POINT('Ctrl Pts',(17.7080516517162,-204.652720252871,103.739454918739));
#9441=CARTESIAN_POINT('',(20.2182821929455,-203.506744663118,98.7394549187389));
#9442=CARTESIAN_POINT('',(20.2182821929455,-203.506744663118,103.739454918739));
#9443=CARTESIAN_POINT('Ctrl Pts',(20.2182821929455,-203.506744663118,98.7394549187389));
#9444=CARTESIAN_POINT('Ctrl Pts',(19.7376835382404,-203.555445774849,98.7394549187389));
#9445=CARTESIAN_POINT('Ctrl Pts',(18.7716324935591,-203.653339848011,98.7394549187389));
#9446=CARTESIAN_POINT('Ctrl Pts',(18.0637641145857,-204.31847949639,98.7394549187389));
#9447=CARTESIAN_POINT('Ctrl Pts',(17.7080516517162,-204.652720252871,98.7394549187389));
#9448=CARTESIAN_POINT('Ctrl Pts',(22.7421574294567,-204.652720252871,103.739454918739));
#9449=CARTESIAN_POINT('Ctrl Pts',(22.7421574294567,-204.652720252871,97.7394549187389));
#9450=CARTESIAN_POINT('Ctrl Pts',(22.3828952063872,-204.318481389874,103.739454918739));
#9451=CARTESIAN_POINT('Ctrl Pts',(22.3828952063872,-204.318481389874,97.7394549187389));
#9452=CARTESIAN_POINT('Ctrl Pts',(21.6691533234054,-203.654453111582,103.739454918739));
#9453=CARTESIAN_POINT('Ctrl Pts',(21.6691533234054,-203.654453111582,97.7394549187389));
#9454=CARTESIAN_POINT('Ctrl Pts',(20.6997406584887,-203.555760376128,103.739454918739));
#9455=CARTESIAN_POINT('Ctrl Pts',(20.6997406584887,-203.555760376128,97.7394549187389));
#9456=CARTESIAN_POINT('Ctrl Pts',(20.2182821929455,-203.506744663118,103.739454918739));
#9457=CARTESIAN_POINT('Ctrl Pts',(20.2182821929455,-203.506744663118,97.7394549187389));
#9458=CARTESIAN_POINT('',(22.7421574294567,-204.652720252871,103.739454918739));
#9459=CARTESIAN_POINT('Ctrl Pts',(22.7421574294567,-204.652720252871,103.739454918739));
#9460=CARTESIAN_POINT('Ctrl Pts',(22.3828952063872,-204.318481389874,103.739454918739));
#9461=CARTESIAN_POINT('Ctrl Pts',(21.6691533234054,-203.654453111582,103.739454918739));
#9462=CARTESIAN_POINT('Ctrl Pts',(20.6997406584887,-203.555760376128,103.739454918739));
#9463=CARTESIAN_POINT('Ctrl Pts',(20.2182821929455,-203.506744663118,103.739454918739));
#9464=CARTESIAN_POINT('',(22.7421574294567,-204.652720252871,98.7394549187389));
#9465=CARTESIAN_POINT('',(22.7421574294567,-204.652720252871,103.739454918739));
#9466=CARTESIAN_POINT('Ctrl Pts',(22.7421574294567,-204.652720252871,98.7394549187389));
#9467=CARTESIAN_POINT('Ctrl Pts',(22.3828952063872,-204.318481389874,98.7394549187389));
#9468=CARTESIAN_POINT('Ctrl Pts',(21.6691533234054,-203.654453111582,98.7394549187389));
#9469=CARTESIAN_POINT('Ctrl Pts',(20.6997406584887,-203.555760376128,98.7394549187389));
#9470=CARTESIAN_POINT('Ctrl Pts',(20.2182821929455,-203.506744663118,98.7394549187389));
#9471=CARTESIAN_POINT('Ctrl Pts',(23.7653498351574,-207.954220334887,103.739454918739));
#9472=CARTESIAN_POINT('Ctrl Pts',(23.7653498351574,-207.954220334887,97.7394549187389));
#9473=CARTESIAN_POINT('Ctrl Pts',(23.7409016496472,-207.299838097502,103.739454918739));
#9474=CARTESIAN_POINT('Ctrl Pts',(23.7409016496472,-207.299838097502,97.7394549187389));
#9475=CARTESIAN_POINT('Ctrl Pts',(23.6961451534924,-206.101881869661,103.739454918739));
#9476=CARTESIAN_POINT('Ctrl Pts',(23.6961451534924,-206.101881869661,97.7394549187389));
#9477=CARTESIAN_POINT('Ctrl Pts',(23.0399202294083,-205.105038883107,103.739454918739));
#9478=CARTESIAN_POINT('Ctrl Pts',(23.0399202294083,-205.105038883107,97.7394549187389));
#9479=CARTESIAN_POINT('Ctrl Pts',(22.7421574294567,-204.652720252871,103.739454918739));
#9480=CARTESIAN_POINT('Ctrl Pts',(22.7421574294567,-204.652720252871,97.7394549187389));
#9481=CARTESIAN_POINT('',(23.7653498351574,-207.954220334887,103.739454918739));
#9482=CARTESIAN_POINT('Ctrl Pts',(23.7653498351574,-207.954220334887,103.739454918739));
#9483=CARTESIAN_POINT('Ctrl Pts',(23.7409016496472,-207.299838097502,103.739454918739));
#9484=CARTESIAN_POINT('Ctrl Pts',(23.6961451534924,-206.101881869661,103.739454918739));
#9485=CARTESIAN_POINT('Ctrl Pts',(23.0399202294083,-205.105038883107,103.739454918739));
#9486=CARTESIAN_POINT('Ctrl Pts',(22.7421574294567,-204.652720252871,103.739454918739));
#9487=CARTESIAN_POINT('',(23.7653498351574,-207.954220334887,98.7394549187389));
#9488=CARTESIAN_POINT('',(23.7653498351574,-207.954220334887,103.739454918739));
#9489=CARTESIAN_POINT('Ctrl Pts',(23.7653498351574,-207.954220334887,98.7394549187389));
#9490=CARTESIAN_POINT('Ctrl Pts',(23.7409016496472,-207.299838097502,98.7394549187389));
#9491=CARTESIAN_POINT('Ctrl Pts',(23.6961451534924,-206.101881869661,98.7394549187389));
#9492=CARTESIAN_POINT('Ctrl Pts',(23.0399202294083,-205.105038883107,98.7394549187389));
#9493=CARTESIAN_POINT('Ctrl Pts',(22.7421574294567,-204.652720252871,98.7394549187389));
#9494=CARTESIAN_POINT('Ctrl Pts',(22.7421574294567,-211.255721608996,103.739454918739));
#9495=CARTESIAN_POINT('Ctrl Pts',(22.7421574294567,-211.255721608996,97.7394549187389));
#9496=CARTESIAN_POINT('Ctrl Pts',(23.0399202251911,-210.80340297545,103.739454918739));
#9497=CARTESIAN_POINT('Ctrl Pts',(23.0399202251911,-210.80340297545,97.7394549187389));
#9498=CARTESIAN_POINT('Ctrl Pts',(23.6961453605313,-209.806559646573,103.739454918739));
#9499=CARTESIAN_POINT('Ctrl Pts',(23.6961453605313,-209.806559646573,97.7394549187389));
#9500=CARTESIAN_POINT('Ctrl Pts',(23.7409017183745,-208.608602989453,103.739454918739));
#9501=CARTESIAN_POINT('Ctrl Pts',(23.7409017183745,-208.608602989453,97.7394549187389));
#9502=CARTESIAN_POINT('Ctrl Pts',(23.7653498351574,-207.954220334887,103.739454918739));
#9503=CARTESIAN_POINT('Ctrl Pts',(23.7653498351574,-207.954220334887,97.7394549187389));
#9504=CARTESIAN_POINT('Ctrl Pts',(22.7421574294567,-211.255721608996,103.739454918739));
#9505=CARTESIAN_POINT('Ctrl Pts',(23.0399202251911,-210.80340297545,103.739454918739));
#9506=CARTESIAN_POINT('Ctrl Pts',(23.6961453605313,-209.806559646573,103.739454918739));
#9507=CARTESIAN_POINT('Ctrl Pts',(23.7409017183745,-208.608602989453,103.739454918739));
#9508=CARTESIAN_POINT('Ctrl Pts',(23.7653498351574,-207.954220334887,103.739454918739));
#9509=CARTESIAN_POINT('Ctrl Pts',(22.7421574294567,-211.255721608996,98.7394549187389));
#9510=CARTESIAN_POINT('Ctrl Pts',(23.0399202251911,-210.80340297545,98.7394549187389));
#9511=CARTESIAN_POINT('Ctrl Pts',(23.6961453605313,-209.806559646573,98.7394549187389));
#9512=CARTESIAN_POINT('Ctrl Pts',(23.7409017183745,-208.608602989453,98.7394549187389));
#9513=CARTESIAN_POINT('Ctrl Pts',(23.7653498351574,-207.954220334887,98.7394549187389));
#9514=CARTESIAN_POINT('Ctrl Pts',(24.0109162032604,-201.283005039095,103.739454918739));
#9515=CARTESIAN_POINT('Ctrl Pts',(24.0109162032604,-201.283005039095,97.7394549187389));
#9516=CARTESIAN_POINT('Ctrl Pts',(24.5744880348639,-201.616185142423,103.739454918739));
#9517=CARTESIAN_POINT('Ctrl Pts',(24.5744880348639,-201.616185142423,97.7394549187389));
#9518=CARTESIAN_POINT('Ctrl Pts',(25.6953632412878,-202.278839477064,103.739454918739));
#9519=CARTESIAN_POINT('Ctrl Pts',(25.6953632412878,-202.278839477064,97.7394549187389));
#9520=CARTESIAN_POINT('Ctrl Pts',(26.4018185572685,-203.372332365427,103.739454918739));
#9521=CARTESIAN_POINT('Ctrl Pts',(26.4018185572685,-203.372332365427,97.7394549187389));
#9522=CARTESIAN_POINT('Ctrl Pts',(26.7530708014965,-203.916021148562,103.739454918739));
#9523=CARTESIAN_POINT('Ctrl Pts',(26.7530708014965,-203.916021148562,97.7394549187389));
#9524=CARTESIAN_POINT('',(24.0109162032604,-201.283005039095,98.7394549187389));
#9525=CARTESIAN_POINT('',(24.0109162032604,-201.283005039095,103.739454918739));
#9526=CARTESIAN_POINT('',(26.7530708014965,-203.916021148562,98.7394549187389));
#9527=CARTESIAN_POINT('Ctrl Pts',(24.0109162032604,-201.283005039095,98.7394549187389));
#9528=CARTESIAN_POINT('Ctrl Pts',(24.5744880348639,-201.616185142423,98.7394549187389));
#9529=CARTESIAN_POINT('Ctrl Pts',(25.6953632412878,-202.278839477064,98.7394549187389));
#9530=CARTESIAN_POINT('Ctrl Pts',(26.4018185572685,-203.372332365427,98.7394549187389));
#9531=CARTESIAN_POINT('Ctrl Pts',(26.7530708014965,-203.916021148562,98.7394549187389));
#9532=CARTESIAN_POINT('',(26.7530708014965,-203.916021148562,103.739454918739));
#9533=CARTESIAN_POINT('Ctrl Pts',(20.2046398818493,-200.382595817446,103.739454918739));
#9534=CARTESIAN_POINT('Ctrl Pts',(20.2046398818493,-200.382595817446,97.7394549187389));
#9535=CARTESIAN_POINT('Ctrl Pts',(20.8624995871085,-200.420765289604,103.739454918739));
#9536=CARTESIAN_POINT('Ctrl Pts',(20.8624995871085,-200.420765289604,97.7394549187389));
#9537=CARTESIAN_POINT('Ctrl Pts',(22.1839993594147,-200.497439614482,103.739454918739));
#9538=CARTESIAN_POINT('Ctrl Pts',(22.1839993594147,-200.497439614482,97.7394549187389));
#9539=CARTESIAN_POINT('Ctrl Pts',(23.400170706795,-201.020387423587,103.739454918739));
#9540=CARTESIAN_POINT('Ctrl Pts',(23.400170706795,-201.020387423587,97.7394549187389));
#9541=CARTESIAN_POINT('Ctrl Pts',(24.0109162032604,-201.283005039095,103.739454918739));
#9542=CARTESIAN_POINT('Ctrl Pts',(24.0109162032604,-201.283005039095,97.7394549187389));
#9543=CARTESIAN_POINT('',(20.2046398818493,-200.382595817446,98.7394549187389));
#9544=CARTESIAN_POINT('',(20.2046398818493,-200.382595817446,103.739454918739));
#9545=CARTESIAN_POINT('Ctrl Pts',(20.2046398818493,-200.382595817446,98.7394549187389));
#9546=CARTESIAN_POINT('Ctrl Pts',(20.8624995871085,-200.420765289604,98.7394549187389));
#9547=CARTESIAN_POINT('Ctrl Pts',(22.1839993594147,-200.497439614482,98.7394549187389));
#9548=CARTESIAN_POINT('Ctrl Pts',(23.400170706795,-201.020387423587,98.7394549187389));
#9549=CARTESIAN_POINT('Ctrl Pts',(24.0109162032604,-201.283005039095,98.7394549187389));
#9550=CARTESIAN_POINT('Ctrl Pts',(14.870398491621,-202.538121501803,103.739454918739));
#9551=CARTESIAN_POINT('Ctrl Pts',(14.870398491621,-202.538121501803,97.7394549187389));
#9552=CARTESIAN_POINT('Ctrl Pts',(15.6306856405424,-201.909483775922,103.739454918739));
#9553=CARTESIAN_POINT('Ctrl Pts',(15.6306856405424,-201.909483775922,97.7394549187389));
#9554=CARTESIAN_POINT('Ctrl Pts',(17.1792294289277,-200.629081960716,103.739454918739));
#9555=CARTESIAN_POINT('Ctrl Pts',(17.1792294289277,-200.629081960716,97.7394549187389));
#9556=CARTESIAN_POINT('Ctrl Pts',(19.1840992108541,-200.465741274222,103.739454918739));
#9557=CARTESIAN_POINT('Ctrl Pts',(19.1840992108541,-200.465741274222,97.7394549187389));
#9558=CARTESIAN_POINT('Ctrl Pts',(20.2046398818493,-200.382595817446,103.739454918739));
#9559=CARTESIAN_POINT('Ctrl Pts',(20.2046398818493,-200.382595817446,97.7394549187389));
#9560=CARTESIAN_POINT('',(14.870398491621,-202.538121501803,98.7394549187389));
#9561=CARTESIAN_POINT('',(14.870398491621,-202.538121501803,103.739454918739));
#9562=CARTESIAN_POINT('Ctrl Pts',(14.870398491621,-202.538121501803,98.7394549187389));
#9563=CARTESIAN_POINT('Ctrl Pts',(15.6306856405424,-201.909483775922,98.7394549187389));
#9564=CARTESIAN_POINT('Ctrl Pts',(17.1792294289277,-200.629081960716,98.7394549187389));
#9565=CARTESIAN_POINT('Ctrl Pts',(19.1840992108541,-200.465741274222,98.7394549187389));
#9566=CARTESIAN_POINT('Ctrl Pts',(20.2046398818493,-200.382595817446,98.7394549187389));
#9567=CARTESIAN_POINT('Ctrl Pts',(12.7421574294567,-207.995148460268,103.739454918739));
#9568=CARTESIAN_POINT('Ctrl Pts',(12.7421574294567,-207.995148460268,97.7394549187389));
#9569=CARTESIAN_POINT('Ctrl Pts',(12.8227514834152,-206.954181178677,103.739454918739));
#9570=CARTESIAN_POINT('Ctrl Pts',(12.8227514834152,-206.954181178677,97.7394549187389));
#9571=CARTESIAN_POINT('Ctrl Pts',(12.980463478922,-204.917144707954,103.739454918739));
#9572=CARTESIAN_POINT('Ctrl Pts',(12.980463478922,-204.917144707954,97.7394549187389));
#9573=CARTESIAN_POINT('Ctrl Pts',(14.2497455217862,-203.31939059745,103.739454918739));
#9574=CARTESIAN_POINT('Ctrl Pts',(14.2497455217862,-203.31939059745,97.7394549187389));
#9575=CARTESIAN_POINT('Ctrl Pts',(14.870398491621,-202.538121501803,103.739454918739));
#9576=CARTESIAN_POINT('Ctrl Pts',(14.870398491621,-202.538121501803,97.7394549187389));
#9577=CARTESIAN_POINT('',(12.7421574294567,-207.995148460268,98.7394549187389));
#9578=CARTESIAN_POINT('',(12.7421574294567,-207.995148460268,103.739454918739));
#9579=CARTESIAN_POINT('Ctrl Pts',(12.7421574294567,-207.995148460268,98.7394549187389));
#9580=CARTESIAN_POINT('Ctrl Pts',(12.8227514834152,-206.954181178677,98.7394549187389));
#9581=CARTESIAN_POINT('Ctrl Pts',(12.980463478922,-204.917144707954,98.7394549187389));
#9582=CARTESIAN_POINT('Ctrl Pts',(14.2497455217862,-203.31939059745,98.7394549187389));
#9583=CARTESIAN_POINT('Ctrl Pts',(14.870398491621,-202.538121501803,98.7394549187389));
#9584=CARTESIAN_POINT('Ctrl Pts',(14.8431114852428,-213.383961479067,103.739454918739));
#9585=CARTESIAN_POINT('Ctrl Pts',(14.8431114852428,-213.383961479067,97.7394549187389));
#9586=CARTESIAN_POINT('Ctrl Pts',(14.2304334309609,-212.614778316899,103.739454918739));
#9587=CARTESIAN_POINT('Ctrl Pts',(14.2304334309609,-212.614778316899,97.7394549187389));
#9588=CARTESIAN_POINT('Ctrl Pts',(12.9746723787494,-211.038240279807,103.739454918739));
#9589=CARTESIAN_POINT('Ctrl Pts',(12.9746723787494,-211.038240279807,97.7394549187389));
#9590=CARTESIAN_POINT('Ctrl Pts',(12.8209034489855,-209.025754744201,103.739454918739));
#9591=CARTESIAN_POINT('Ctrl Pts',(12.8209034489855,-209.025754744201,97.7394549187389));
#9592=CARTESIAN_POINT('Ctrl Pts',(12.7421574294567,-207.995148460268,103.739454918739));
#9593=CARTESIAN_POINT('Ctrl Pts',(12.7421574294567,-207.995148460268,97.7394549187389));
#9594=CARTESIAN_POINT('',(14.8431114852428,-213.383961479067,98.7394549187389));
#9595=CARTESIAN_POINT('',(14.8431114852428,-213.383961479067,103.739454918739));
#9596=CARTESIAN_POINT('Ctrl Pts',(14.8431114852428,-213.383961479067,98.7394549187389));
#9597=CARTESIAN_POINT('Ctrl Pts',(14.2304334309609,-212.614778316899,98.7394549187389));
#9598=CARTESIAN_POINT('Ctrl Pts',(12.9746723787494,-211.038240279807,98.7394549187389));
#9599=CARTESIAN_POINT('Ctrl Pts',(12.8209034489855,-209.025754744201,98.7394549187389));
#9600=CARTESIAN_POINT('Ctrl Pts',(12.7421574294567,-207.995148460268,98.7394549187389));
#9601=CARTESIAN_POINT('Ctrl Pts',(20.2319245040417,-215.525843660235,103.739454918739));
#9602=CARTESIAN_POINT('Ctrl Pts',(20.2319245040417,-215.525843660235,97.7394549187389));
#9603=CARTESIAN_POINT('Ctrl Pts',(19.1949904521287,-215.446158160852,103.739454918739));
#9604=CARTESIAN_POINT('Ctrl Pts',(19.1949904521287,-215.446158160852,97.7394549187389));
#9605=CARTESIAN_POINT('Ctrl Pts',(17.1731979780003,-215.290789029466,103.739454918739));
#9606=CARTESIAN_POINT('Ctrl Pts',(17.1731979780003,-215.290789029466,97.7394549187389));
#9607=CARTESIAN_POINT('Ctrl Pts',(15.6063545041358,-214.008561819268,103.739454918739));
#9608=CARTESIAN_POINT('Ctrl Pts',(15.6063545041358,-214.008561819268,97.7394549187389));
#9609=CARTESIAN_POINT('Ctrl Pts',(14.8431114852428,-213.383961479067,103.739454918739));
#9610=CARTESIAN_POINT('Ctrl Pts',(14.8431114852428,-213.383961479067,97.7394549187389));
#9611=CARTESIAN_POINT('',(20.2319245040417,-215.525843660235,98.7394549187389));
#9612=CARTESIAN_POINT('',(20.2319245040417,-215.525843660235,103.739454918739));
#9613=CARTESIAN_POINT('Ctrl Pts',(20.2319245040417,-215.525843660235,98.7394549187389));
#9614=CARTESIAN_POINT('Ctrl Pts',(19.1949904521287,-215.446158160852,98.7394549187389));
#9615=CARTESIAN_POINT('Ctrl Pts',(17.1731979780003,-215.290789029466,98.7394549187389));
#9616=CARTESIAN_POINT('Ctrl Pts',(15.6063545041358,-214.008561819268,98.7394549187389));
#9617=CARTESIAN_POINT('Ctrl Pts',(14.8431114852428,-213.383961479067,98.7394549187389));
#9618=CARTESIAN_POINT('Ctrl Pts',(24.0927724540234,-214.584507505297,103.739454918739));
#9619=CARTESIAN_POINT('Ctrl Pts',(24.0927724540234,-214.584507505297,97.7394549187389));
#9620=CARTESIAN_POINT('Ctrl Pts',(23.491928402845,-214.859032872552,103.739454918739));
#9621=CARTESIAN_POINT('Ctrl Pts',(23.491928402845,-214.859032872552,97.7394549187389));
#9622=CARTESIAN_POINT('Ctrl Pts',(22.2657347423035,-215.419280185189,103.739454918739));
#9623=CARTESIAN_POINT('Ctrl Pts',(22.2657347423035,-215.419280185189,97.7394549187389));
#9624=CARTESIAN_POINT('Ctrl Pts',(20.9188338832005,-215.489852372007,103.739454918739));
#9625=CARTESIAN_POINT('Ctrl Pts',(20.9188338832005,-215.489852372007,97.7394549187389));
#9626=CARTESIAN_POINT('Ctrl Pts',(20.2319245040417,-215.525843660235,103.739454918739));
#9627=CARTESIAN_POINT('Ctrl Pts',(20.2319245040417,-215.525843660235,97.7394549187389));
#9628=CARTESIAN_POINT('',(24.0927724540234,-214.584507505297,98.7394549187389));
#9629=CARTESIAN_POINT('',(24.0927724540234,-214.584507505297,103.739454918739));
#9630=CARTESIAN_POINT('Ctrl Pts',(24.0927724540234,-214.584507505297,98.7394549187389));
#9631=CARTESIAN_POINT('Ctrl Pts',(23.491928402845,-214.859032872552,98.7394549187389));
#9632=CARTESIAN_POINT('Ctrl Pts',(22.2657347423035,-215.419280185189,98.7394549187389));
#9633=CARTESIAN_POINT('Ctrl Pts',(20.9188338832005,-215.489852372007,98.7394549187389));
#9634=CARTESIAN_POINT('Ctrl Pts',(20.2319245040417,-215.525843660235,98.7394549187389));
#9635=CARTESIAN_POINT('Ctrl Pts',(26.7530708014965,-211.855994026064,103.739454918739));
#9636=CARTESIAN_POINT('Ctrl Pts',(26.7530708014965,-211.855994026064,97.7394549187389));
#9637=CARTESIAN_POINT('Ctrl Pts',(26.4092311330341,-212.415187840013,103.739454918739));
#9638=CARTESIAN_POINT('Ctrl Pts',(26.4092311330341,-212.415187840013,97.7394549187389));
#9639=CARTESIAN_POINT('Ctrl Pts',(25.727044926068,-213.524641873058,103.739454918739));
#9640=CARTESIAN_POINT('Ctrl Pts',(25.727044926068,-213.524641873058,97.7394549187389));
#9641=CARTESIAN_POINT('Ctrl Pts',(24.6345977274825,-214.233120575736,103.739454918739));
#9642=CARTESIAN_POINT('Ctrl Pts',(24.6345977274825,-214.233120575736,97.7394549187389));
#9643=CARTESIAN_POINT('Ctrl Pts',(24.0927724540234,-214.584507505297,103.739454918739));
#9644=CARTESIAN_POINT('Ctrl Pts',(24.0927724540234,-214.584507505297,97.7394549187389));
#9645=CARTESIAN_POINT('',(26.7530708014965,-211.855994026064,98.7394549187389));
#9646=CARTESIAN_POINT('',(26.7530708014965,-211.855994026064,103.739454918739));
#9647=CARTESIAN_POINT('Ctrl Pts',(26.7530708014965,-211.855994026064,98.7394549187389));
#9648=CARTESIAN_POINT('Ctrl Pts',(26.4092311330341,-212.415187840013,98.7394549187389));
#9649=CARTESIAN_POINT('Ctrl Pts',(25.727044926068,-213.524641873058,98.7394549187389));
#9650=CARTESIAN_POINT('Ctrl Pts',(24.6345977274825,-214.233120575736,98.7394549187389));
#9651=CARTESIAN_POINT('Ctrl Pts',(24.0927724540234,-214.584507505297,98.7394549187389));
#9652=CARTESIAN_POINT('Ctrl Pts',(27.69440934062,-208.158858577608,103.739454918739));
#9653=CARTESIAN_POINT('Ctrl Pts',(27.69440934062,-208.158858577608,97.7394549187389));
#9654=CARTESIAN_POINT('Ctrl Pts',(27.6529428119302,-208.794623507646,103.739454918739));
#9655=CARTESIAN_POINT('Ctrl Pts',(27.6529428119302,-208.794623507646,97.7394549187389));
#9656=CARTESIAN_POINT('Ctrl Pts',(27.5687789832644,-210.085023556408,103.739454918739));
#9657=CARTESIAN_POINT('Ctrl Pts',(27.5687789832644,-210.085023556408,97.7394549187389));
#9658=CARTESIAN_POINT('Ctrl Pts',(27.0276114531733,-211.259943382332,103.739454918739));
#9659=CARTESIAN_POINT('Ctrl Pts',(27.0276114531733,-211.259943382332,97.7394549187389));
#9660=CARTESIAN_POINT('Ctrl Pts',(26.7530708014965,-211.855994026064,103.739454918739));
#9661=CARTESIAN_POINT('Ctrl Pts',(26.7530708014965,-211.855994026064,97.7394549187389));
#9662=CARTESIAN_POINT('',(27.69440934062,-208.158858577608,98.7394549187389));
#9663=CARTESIAN_POINT('',(27.69440934062,-208.158858577608,103.739454918739));
#9664=CARTESIAN_POINT('Ctrl Pts',(27.69440934062,-208.158858577608,98.7394549187389));
#9665=CARTESIAN_POINT('Ctrl Pts',(27.6529428119302,-208.794623507646,98.7394549187389));
#9666=CARTESIAN_POINT('Ctrl Pts',(27.5687789832644,-210.085023556408,98.7394549187389));
#9667=CARTESIAN_POINT('Ctrl Pts',(27.0276114531733,-211.259943382332,98.7394549187389));
#9668=CARTESIAN_POINT('Ctrl Pts',(26.7530708014965,-211.855994026064,98.7394549187389));
#9669=CARTESIAN_POINT('Ctrl Pts',(26.7530708014965,-203.916021148562,103.739454918739));
#9670=CARTESIAN_POINT('Ctrl Pts',(26.7530708014965,-203.916021148562,97.7394549187389));
#9671=CARTESIAN_POINT('Ctrl Pts',(27.0273618538983,-204.551683299877,103.739454918739));
#9672=CARTESIAN_POINT('Ctrl Pts',(27.0273618538983,-204.551683299877,97.7394549187389));
#9673=CARTESIAN_POINT('Ctrl Pts',(27.610890094313,-205.903994333749,103.739454918739));
#9674=CARTESIAN_POINT('Ctrl Pts',(27.610890094313,-205.903994333749,97.7394549187389));
#9675=CARTESIAN_POINT('Ctrl Pts',(27.6654798412795,-207.377815925285,103.739454918739));
#9676=CARTESIAN_POINT('Ctrl Pts',(27.6654798412795,-207.377815925285,97.7394549187389));
#9677=CARTESIAN_POINT('Ctrl Pts',(27.69440934062,-208.158858577608,103.739454918739));
#9678=CARTESIAN_POINT('Ctrl Pts',(27.69440934062,-208.158858577608,97.7394549187389));
#9679=CARTESIAN_POINT('Ctrl Pts',(26.7530708014965,-203.916021148562,98.7394549187389));
#9680=CARTESIAN_POINT('Ctrl Pts',(27.0273618538983,-204.551683299877,98.7394549187389));
#9681=CARTESIAN_POINT('Ctrl Pts',(27.610890094313,-205.903994333749,98.7394549187389));
#9682=CARTESIAN_POINT('Ctrl Pts',(27.6654798412795,-207.377815925285,98.7394549187389));
#9683=CARTESIAN_POINT('Ctrl Pts',(27.69440934062,-208.158858577608,98.7394549187389));
#9684=CARTESIAN_POINT('Origin',(1.49011611938477E-7,-210.546308318972,98.7394549187389));
#9685=CARTESIAN_POINT('Ctrl Pts',(-16.207366287708,349.544079922997,103.739454918739));
#9686=CARTESIAN_POINT('Ctrl Pts',(-16.207366287708,349.544079922997,97.7394549187389));
#9687=CARTESIAN_POINT('Ctrl Pts',(-15.9696222451464,349.891741557817,103.739454918739));
#9688=CARTESIAN_POINT('Ctrl Pts',(-15.9696222451464,349.891741557817,97.7394549187389));
#9689=CARTESIAN_POINT('Ctrl Pts',(-15.4596039865172,350.637559537828,103.739454918739));
#9690=CARTESIAN_POINT('Ctrl Pts',(-15.4596039865172,350.637559537828,97.7394549187389));
#9691=CARTESIAN_POINT('Ctrl Pts',(-15.4223459183662,351.543427631674,103.739454918739));
#9692=CARTESIAN_POINT('Ctrl Pts',(-15.4223459183662,351.543427631674,97.7394549187389));
#9693=CARTESIAN_POINT('Ctrl Pts',(-15.402455627918,352.027027034126,103.739454918739));
#9694=CARTESIAN_POINT('Ctrl Pts',(-15.402455627918,352.027027034126,97.7394549187389));
#9695=CARTESIAN_POINT('',(-16.207366287708,349.544079922997,103.739454918739));
#9696=CARTESIAN_POINT('',(-15.402455627918,352.027027034126,103.739454918739));
#9697=CARTESIAN_POINT('Ctrl Pts',(-16.207366287708,349.544079922997,103.739454918739));
#9698=CARTESIAN_POINT('Ctrl Pts',(-15.9696222451464,349.891741557817,103.739454918739));
#9699=CARTESIAN_POINT('Ctrl Pts',(-15.4596039865172,350.637559537828,103.739454918739));
#9700=CARTESIAN_POINT('Ctrl Pts',(-15.4223459183662,351.543427631674,103.739454918739));
#9701=CARTESIAN_POINT('Ctrl Pts',(-15.402455627918,352.027027034126,103.739454918739));
#9702=CARTESIAN_POINT('',(-16.207366287708,349.544079922997,98.7394549187389));
#9703=CARTESIAN_POINT('',(-16.207366287708,349.544079922997,103.739454918739));
#9704=CARTESIAN_POINT('',(-15.402455627918,352.027027034126,98.7394549187389));
#9705=CARTESIAN_POINT('Ctrl Pts',(-16.207366287708,349.544079922997,98.7394549187389));
#9706=CARTESIAN_POINT('Ctrl Pts',(-15.9696222451464,349.891741557817,98.7394549187389));
#9707=CARTESIAN_POINT('Ctrl Pts',(-15.4596039865172,350.637559537828,98.7394549187389));
#9708=CARTESIAN_POINT('Ctrl Pts',(-15.4223459183662,351.543427631674,98.7394549187389));
#9709=CARTESIAN_POINT('Ctrl Pts',(-15.402455627918,352.027027034126,98.7394549187389));
#9710=CARTESIAN_POINT('',(-15.402455627918,352.027027034126,103.739454918739));
#9711=CARTESIAN_POINT('Ctrl Pts',(-18.2810404896734,348.630028390251,103.739454918739));
#9712=CARTESIAN_POINT('Ctrl Pts',(-18.2810404896734,348.630028390251,97.7394549187389));
#9713=CARTESIAN_POINT('Ctrl Pts',(-17.8817537964298,348.667118441223,103.739454918739));
#9714=CARTESIAN_POINT('Ctrl Pts',(-17.8817537964298,348.667118441223,97.7394549187389));
#9715=CARTESIAN_POINT('Ctrl Pts',(-17.0883162423818,348.740821471704,103.739454918739));
#9716=CARTESIAN_POINT('Ctrl Pts',(-17.0883162423818,348.740821471704,97.7394549187389));
#9717=CARTESIAN_POINT('Ctrl Pts',(-16.4997463569456,349.277485026932,103.739454918739));
#9718=CARTESIAN_POINT('Ctrl Pts',(-16.4997463569456,349.277485026932,97.7394549187389));
#9719=CARTESIAN_POINT('Ctrl Pts',(-16.207366287708,349.544079922997,103.739454918739));
#9720=CARTESIAN_POINT('Ctrl Pts',(-16.207366287708,349.544079922997,97.7394549187389));
#9721=CARTESIAN_POINT('',(-18.2810404896734,348.630028390251,103.739454918739));
#9722=CARTESIAN_POINT('Ctrl Pts',(-18.2810404896734,348.630028390251,103.739454918739));
#9723=CARTESIAN_POINT('Ctrl Pts',(-17.8817537964298,348.667118441223,103.739454918739));
#9724=CARTESIAN_POINT('Ctrl Pts',(-17.0883162423818,348.740821471704,103.739454918739));
#9725=CARTESIAN_POINT('Ctrl Pts',(-16.4997463569456,349.277485026932,103.739454918739));
#9726=CARTESIAN_POINT('Ctrl Pts',(-16.207366287708,349.544079922997,103.739454918739));
#9727=CARTESIAN_POINT('',(-18.2810404896734,348.630028390251,98.7394549187389));
#9728=CARTESIAN_POINT('',(-18.2810404896734,348.630028390251,103.739454918739));
#9729=CARTESIAN_POINT('Ctrl Pts',(-18.2810404896734,348.630028390251,98.7394549187389));
#9730=CARTESIAN_POINT('Ctrl Pts',(-17.8817537964298,348.667118441223,98.7394549187389));
#9731=CARTESIAN_POINT('Ctrl Pts',(-17.0883162423818,348.740821471704,98.7394549187389));
#9732=CARTESIAN_POINT('Ctrl Pts',(-16.4997463569456,349.277485026932,98.7394549187389));
#9733=CARTESIAN_POINT('Ctrl Pts',(-16.207366287708,349.544079922997,98.7394549187389));
#9734=CARTESIAN_POINT('Ctrl Pts',(-20.2728512883184,349.503151797615,103.739454918739));
#9735=CARTESIAN_POINT('Ctrl Pts',(-20.2728512883184,349.503151797615,97.7394549187389));
#9736=CARTESIAN_POINT('Ctrl Pts',(-19.9863363186773,349.248492978378,103.739454918739));
#9737=CARTESIAN_POINT('Ctrl Pts',(-19.9863363186773,349.248492978378,97.7394549187389));
#9738=CARTESIAN_POINT('Ctrl Pts',(-19.4165177790476,348.74202968027,103.739454918739));
#9739=CARTESIAN_POINT('Ctrl Pts',(-19.4165177790476,348.74202968027,97.7394549187389));
#9740=CARTESIAN_POINT('Ctrl Pts',(-18.6581081639183,348.667221618451,103.739454918739));
#9741=CARTESIAN_POINT('Ctrl Pts',(-18.6581081639183,348.667221618451,97.7394549187389));
#9742=CARTESIAN_POINT('Ctrl Pts',(-18.2810404896734,348.630028390251,103.739454918739));
#9743=CARTESIAN_POINT('Ctrl Pts',(-18.2810404896734,348.630028390251,97.7394549187389));
#9744=CARTESIAN_POINT('',(-20.2728512883184,349.503151797615,103.739454918739));
#9745=CARTESIAN_POINT('Ctrl Pts',(-20.2728512883184,349.503151797615,103.739454918739));
#9746=CARTESIAN_POINT('Ctrl Pts',(-19.9863363186773,349.248492978378,103.739454918739));
#9747=CARTESIAN_POINT('Ctrl Pts',(-19.4165177790476,348.74202968027,103.739454918739));
#9748=CARTESIAN_POINT('Ctrl Pts',(-18.6581081639183,348.667221618451,103.739454918739));
#9749=CARTESIAN_POINT('Ctrl Pts',(-18.2810404896734,348.630028390251,103.739454918739));
#9750=CARTESIAN_POINT('',(-20.2728512883184,349.503151797615,98.7394549187389));
#9751=CARTESIAN_POINT('',(-20.2728512883184,349.503151797615,103.739454918739));
#9752=CARTESIAN_POINT('Ctrl Pts',(-20.2728512883184,349.503151797615,98.7394549187389));
#9753=CARTESIAN_POINT('Ctrl Pts',(-19.9863363186773,349.248492978378,98.7394549187389));
#9754=CARTESIAN_POINT('Ctrl Pts',(-19.4165177790476,348.74202968027,98.7394549187389));
#9755=CARTESIAN_POINT('Ctrl Pts',(-18.6581081639183,348.667221618451,98.7394549187389));
#9756=CARTESIAN_POINT('Ctrl Pts',(-18.2810404896734,348.630028390251,98.7394549187389));
#9757=CARTESIAN_POINT('Ctrl Pts',(-21.1323359608648,352.027027034126,103.739454918739));
#9758=CARTESIAN_POINT('Ctrl Pts',(-21.1323359608648,352.027027034126,97.7394549187389));
#9759=CARTESIAN_POINT('Ctrl Pts',(-21.1008958034289,351.522377644014,103.739454918739));
#9760=CARTESIAN_POINT('Ctrl Pts',(-21.1008958034289,351.522377644014,97.7394549187389));
#9761=CARTESIAN_POINT('Ctrl Pts',(-21.0433457931759,350.598636163571,103.739454918739));
#9762=CARTESIAN_POINT('Ctrl Pts',(-21.0433457931759,350.598636163571,97.7394549187389));
#9763=CARTESIAN_POINT('Ctrl Pts',(-20.5133190273273,349.84504735552,103.739454918739));
#9764=CARTESIAN_POINT('Ctrl Pts',(-20.5133190273273,349.84504735552,97.7394549187389));
#9765=CARTESIAN_POINT('Ctrl Pts',(-20.2728512883184,349.503151797615,103.739454918739));
#9766=CARTESIAN_POINT('Ctrl Pts',(-20.2728512883184,349.503151797615,97.7394549187389));
#9767=CARTESIAN_POINT('',(-21.1323359608648,352.027027034126,103.739454918739));
#9768=CARTESIAN_POINT('Ctrl Pts',(-21.1323359608648,352.027027034126,103.739454918739));
#9769=CARTESIAN_POINT('Ctrl Pts',(-21.1008958034289,351.522377644014,103.739454918739));
#9770=CARTESIAN_POINT('Ctrl Pts',(-21.0433457931759,350.598636163571,103.739454918739));
#9771=CARTESIAN_POINT('Ctrl Pts',(-20.5133190273273,349.84504735552,103.739454918739));
#9772=CARTESIAN_POINT('Ctrl Pts',(-20.2728512883184,349.503151797615,103.739454918739));
#9773=CARTESIAN_POINT('',(-21.1323359608648,352.027027034126,98.7394549187389));
#9774=CARTESIAN_POINT('',(-21.1323359608648,352.027027034126,103.739454918739));
#9775=CARTESIAN_POINT('Ctrl Pts',(-21.1323359608648,352.027027034126,98.7394549187389));
#9776=CARTESIAN_POINT('Ctrl Pts',(-21.1008958034289,351.522377644014,98.7394549187389));
#9777=CARTESIAN_POINT('Ctrl Pts',(-21.0433457931759,350.598636163571,98.7394549187389));
#9778=CARTESIAN_POINT('Ctrl Pts',(-20.5133190273273,349.84504735552,98.7394549187389));
#9779=CARTESIAN_POINT('Ctrl Pts',(-20.2728512883184,349.503151797615,98.7394549187389));
#9780=CARTESIAN_POINT('Origin',(-15.402455627918,352.027027034126,103.739454918739));
#9781=CARTESIAN_POINT('',(-7.701227813959,352.027027034126,103.739454918739));
#9782=CARTESIAN_POINT('',(-15.402455627918,352.027027034126,98.7394549187389));
#9783=CARTESIAN_POINT('Ctrl Pts',(-18.47203284502,357.975184344612,103.739454918739));
#9784=CARTESIAN_POINT('Ctrl Pts',(-18.47203284502,357.975184344612,97.7394549187389));
#9785=CARTESIAN_POINT('Ctrl Pts',(-18.7561358669231,357.957912643799,103.739454918739));
#9786=CARTESIAN_POINT('Ctrl Pts',(-18.7561358669231,357.957912643799,97.7394549187389));
#9787=CARTESIAN_POINT('Ctrl Pts',(-19.304132181326,357.924597868316,103.739454918739));
#9788=CARTESIAN_POINT('Ctrl Pts',(-19.304132181326,357.924597868316,97.7394549187389));
#9789=CARTESIAN_POINT('Ctrl Pts',(-19.7646100885208,357.627244971195,103.739454918739));
#9790=CARTESIAN_POINT('Ctrl Pts',(-19.7646100885208,357.627244971195,97.7394549187389));
#9791=CARTESIAN_POINT('Ctrl Pts',(-19.9863579869268,357.484051608406,103.739454918739));
#9792=CARTESIAN_POINT('Ctrl Pts',(-19.9863579869268,357.484051608406,97.7394549187389));
#9793=CARTESIAN_POINT('',(-18.47203284502,357.975184344612,98.7394549187389));
#9794=CARTESIAN_POINT('',(-18.47203284502,357.975184344612,103.739454918739));
#9795=CARTESIAN_POINT('',(-19.9863579869268,357.484051608406,98.7394549187389));
#9796=CARTESIAN_POINT('Ctrl Pts',(-18.47203284502,357.975184344612,98.7394549187389));
#9797=CARTESIAN_POINT('Ctrl Pts',(-18.7561358669231,357.957912643799,98.7394549187389));
#9798=CARTESIAN_POINT('Ctrl Pts',(-19.304132181326,357.924597868316,98.7394549187389));
#9799=CARTESIAN_POINT('Ctrl Pts',(-19.7646100885208,357.627244971195,98.7394549187389));
#9800=CARTESIAN_POINT('Ctrl Pts',(-19.9863579869268,357.484051608406,98.7394549187389));
#9801=CARTESIAN_POINT('',(-19.9863579869268,357.484051608406,103.739454918739));
#9802=CARTESIAN_POINT('Ctrl Pts',(-16.2619403004644,357.033848189674,103.739454918739));
#9803=CARTESIAN_POINT('Ctrl Pts',(-16.2619403004644,357.033848189674,97.7394549187389));
#9804=CARTESIAN_POINT('Ctrl Pts',(-16.5771382703963,357.308401552229,103.739454918739));
#9805=CARTESIAN_POINT('Ctrl Pts',(-16.5771382703963,357.308401552229,97.7394549187389));
#9806=CARTESIAN_POINT('Ctrl Pts',(-17.2116711086556,357.861111724928,103.739454918739));
#9807=CARTESIAN_POINT('Ctrl Pts',(-17.2116711086556,357.861111724928,97.7394549187389));
#9808=CARTESIAN_POINT('Ctrl Pts',(-18.0500902146662,357.936995228097,103.739454918739));
#9809=CARTESIAN_POINT('Ctrl Pts',(-18.0500902146662,357.936995228097,97.7394549187389));
#9810=CARTESIAN_POINT('Ctrl Pts',(-18.47203284502,357.975184344612,103.739454918739));
#9811=CARTESIAN_POINT('Ctrl Pts',(-18.47203284502,357.975184344612,97.7394549187389));
#9812=CARTESIAN_POINT('',(-16.2619403004644,357.033848189674,98.7394549187389));
#9813=CARTESIAN_POINT('',(-16.2619403004644,357.033848189674,103.739454918739));
#9814=CARTESIAN_POINT('Ctrl Pts',(-16.2619403004644,357.033848189674,98.7394549187389));
#9815=CARTESIAN_POINT('Ctrl Pts',(-16.5771382703963,357.308401552229,98.7394549187389));
#9816=CARTESIAN_POINT('Ctrl Pts',(-17.2116711086556,357.861111724928,98.7394549187389));
#9817=CARTESIAN_POINT('Ctrl Pts',(-18.0500902146662,357.936995228097,98.7394549187389));
#9818=CARTESIAN_POINT('Ctrl Pts',(-18.47203284502,357.975184344612,98.7394549187389));
#9819=CARTESIAN_POINT('Ctrl Pts',(-15.334244072437,354.373547458015,103.739454918739));
#9820=CARTESIAN_POINT('Ctrl Pts',(-15.334244072437,354.373547458015,97.7394549187389));
#9821=CARTESIAN_POINT('Ctrl Pts',(-15.3709086453988,354.896747377006,103.739454918739));
#9822=CARTESIAN_POINT('Ctrl Pts',(-15.3709086453988,354.896747377006,97.7394549187389));
#9823=CARTESIAN_POINT('Ctrl Pts',(-15.4392009673882,355.87127222337,103.739454918739));
#9824=CARTESIAN_POINT('Ctrl Pts',(-15.4392009673882,355.87127222337,97.7394549187389));
#9825=CARTESIAN_POINT('Ctrl Pts',(-16.0015182163239,356.66585744954,103.739454918739));
#9826=CARTESIAN_POINT('Ctrl Pts',(-16.0015182163239,356.66585744954,97.7394549187389));
#9827=CARTESIAN_POINT('Ctrl Pts',(-16.2619403004644,357.033848189674,103.739454918739));
#9828=CARTESIAN_POINT('Ctrl Pts',(-16.2619403004644,357.033848189674,97.7394549187389));
#9829=CARTESIAN_POINT('',(-15.334244072437,354.373547458015,98.7394549187389));
#9830=CARTESIAN_POINT('',(-15.334244072437,354.373547458015,103.739454918739));
#9831=CARTESIAN_POINT('Ctrl Pts',(-15.334244072437,354.373547458015,98.7394549187389));
#9832=CARTESIAN_POINT('Ctrl Pts',(-15.3709086453988,354.896747377006,98.7394549187389));
#9833=CARTESIAN_POINT('Ctrl Pts',(-15.4392009673882,355.87127222337,98.7394549187389));
#9834=CARTESIAN_POINT('Ctrl Pts',(-16.0015182163239,356.66585744954,98.7394549187389));
#9835=CARTESIAN_POINT('Ctrl Pts',(-16.2619403004644,357.033848189674,98.7394549187389));
#9836=CARTESIAN_POINT('Origin',(-24.9386075139043,354.373547458015,103.739454918739));
#9837=CARTESIAN_POINT('',(-24.9386075139043,354.373547458015,98.7394549187389));
#9838=CARTESIAN_POINT('',(-24.9386075139043,354.373547458015,103.739454918739));
#9839=CARTESIAN_POINT('',(-24.9386075139043,354.373547458015,98.7394549187389));
#9840=CARTESIAN_POINT('Ctrl Pts',(-23.1514361500738,347.838758849464,103.739454918739));
#9841=CARTESIAN_POINT('Ctrl Pts',(-23.1514361500738,347.838758849464,97.7394549187389));
#9842=CARTESIAN_POINT('Ctrl Pts',(-23.6897772678588,348.714842419623,103.739454918739));
#9843=CARTESIAN_POINT('Ctrl Pts',(-23.6897772678588,348.714842419623,97.7394549187389));
#9844=CARTESIAN_POINT('Ctrl Pts',(-24.9134393349858,350.706201052689,103.739454918739));
#9845=CARTESIAN_POINT('Ctrl Pts',(-24.9134393349858,350.706201052689,97.7394549187389));
#9846=CARTESIAN_POINT('Ctrl Pts',(-24.9295721897968,353.056977693705,103.739454918739));
#9847=CARTESIAN_POINT('Ctrl Pts',(-24.9295721897968,353.056977693705,97.7394549187389));
#9848=CARTESIAN_POINT('Ctrl Pts',(-24.9386075139043,354.373547458015,103.739454918739));
#9849=CARTESIAN_POINT('Ctrl Pts',(-24.9386075139043,354.373547458015,97.7394549187389));
#9850=CARTESIAN_POINT('',(-23.1514361500738,347.838758849464,98.7394549187389));
#9851=CARTESIAN_POINT('',(-23.1514361500738,347.838758849464,103.739454918739));
#9852=CARTESIAN_POINT('Ctrl Pts',(-23.1514361500738,347.838758849464,98.7394549187389));
#9853=CARTESIAN_POINT('Ctrl Pts',(-23.6897772678588,348.714842419623,98.7394549187389));
#9854=CARTESIAN_POINT('Ctrl Pts',(-24.9134393349858,350.706201052689,98.7394549187389));
#9855=CARTESIAN_POINT('Ctrl Pts',(-24.9295721897968,353.056977693705,98.7394549187389));
#9856=CARTESIAN_POINT('Ctrl Pts',(-24.9386075139043,354.373547458015,98.7394549187389));
#9857=CARTESIAN_POINT('Ctrl Pts',(-18.0491164326665,345.696876668297,103.739454918739));
#9858=CARTESIAN_POINT('Ctrl Pts',(-18.0491164326665,345.696876668297,97.7394549187389));
#9859=CARTESIAN_POINT('Ctrl Pts',(-19.0575140409453,345.772206436222,103.739454918739));
#9860=CARTESIAN_POINT('Ctrl Pts',(-19.0575140409453,345.772206436222,97.7394549187389));
#9861=CARTESIAN_POINT('Ctrl Pts',(-21.0026058139638,345.917509549451,103.739454918739));
#9862=CARTESIAN_POINT('Ctrl Pts',(-21.0026058139638,345.917509549451,97.7394549187389));
#9863=CARTESIAN_POINT('Ctrl Pts',(-22.452981483307,347.214277001332,103.739454918739));
#9864=CARTESIAN_POINT('Ctrl Pts',(-22.452981483307,347.214277001332,97.7394549187389));
#9865=CARTESIAN_POINT('Ctrl Pts',(-23.1514361500738,347.838758849464,103.739454918739));
#9866=CARTESIAN_POINT('Ctrl Pts',(-23.1514361500738,347.838758849464,97.7394549187389));
#9867=CARTESIAN_POINT('',(-18.0491164326665,345.696876668297,98.7394549187389));
#9868=CARTESIAN_POINT('',(-18.0491164326665,345.696876668297,103.739454918739));
#9869=CARTESIAN_POINT('Ctrl Pts',(-18.0491164326665,345.696876668297,98.7394549187389));
#9870=CARTESIAN_POINT('Ctrl Pts',(-19.0575140409453,345.772206436222,98.7394549187389));
#9871=CARTESIAN_POINT('Ctrl Pts',(-21.0026058139638,345.917509549451,98.7394549187389));
#9872=CARTESIAN_POINT('Ctrl Pts',(-22.452981483307,347.214277001332,98.7394549187389));
#9873=CARTESIAN_POINT('Ctrl Pts',(-23.1514361500738,347.838758849464,98.7394549187389));
#9874=CARTESIAN_POINT('Ctrl Pts',(-13.2878592610357,347.743261479698,103.739454918739));
#9875=CARTESIAN_POINT('Ctrl Pts',(-13.2878592610357,347.743261479698,97.7394549187389));
#9876=CARTESIAN_POINT('Ctrl Pts',(-13.9615501002718,347.146415603991,103.739454918739));
#9877=CARTESIAN_POINT('Ctrl Pts',(-13.9615501002718,347.146415603991,97.7394549187389));
#9878=CARTESIAN_POINT('Ctrl Pts',(-15.3223259164421,345.940857525503,103.739454918739));
#9879=CARTESIAN_POINT('Ctrl Pts',(-15.3223259164421,345.940857525503,97.7394549187389));
#9880=CARTESIAN_POINT('Ctrl Pts',(-17.1342413565612,345.778735543768,103.739454918739));
#9881=CARTESIAN_POINT('Ctrl Pts',(-17.1342413565612,345.778735543768,97.7394549187389));
#9882=CARTESIAN_POINT('Ctrl Pts',(-18.0491164326665,345.696876668297,103.739454918739));
#9883=CARTESIAN_POINT('Ctrl Pts',(-18.0491164326665,345.696876668297,97.7394549187389));
#9884=CARTESIAN_POINT('',(-13.2878592610357,347.743261479698,98.7394549187389));
#9885=CARTESIAN_POINT('',(-13.2878592610357,347.743261479698,103.739454918739));
#9886=CARTESIAN_POINT('Ctrl Pts',(-13.2878592610357,347.743261479698,98.7394549187389));
#9887=CARTESIAN_POINT('Ctrl Pts',(-13.9615501002718,347.146415603991,98.7394549187389));
#9888=CARTESIAN_POINT('Ctrl Pts',(-15.3223259164421,345.940857525503,98.7394549187389));
#9889=CARTESIAN_POINT('Ctrl Pts',(-17.1342413565612,345.778735543768,98.7394549187389));
#9890=CARTESIAN_POINT('Ctrl Pts',(-18.0491164326665,345.696876668297,98.7394549187389));
#9891=CARTESIAN_POINT('Ctrl Pts',(-11.4051869511602,353.377639674507,103.739454918739));
#9892=CARTESIAN_POINT('Ctrl Pts',(-11.4051869511602,353.377639674507,97.7394549187389));
#9893=CARTESIAN_POINT('Ctrl Pts',(-11.4582775879792,352.27153195103,103.739454918739));
#9894=CARTESIAN_POINT('Ctrl Pts',(-11.4582775879792,352.27153195103,97.7394549187389));
#9895=CARTESIAN_POINT('Ctrl Pts',(-11.5572959848305,350.208550226082,103.739454918739));
#9896=CARTESIAN_POINT('Ctrl Pts',(-11.5572959848305,350.208550226082,97.7394549187389));
#9897=CARTESIAN_POINT('Ctrl Pts',(-12.7395115395158,348.524414925836,103.739454918739));
#9898=CARTESIAN_POINT('Ctrl Pts',(-12.7395115395158,348.524414925836,97.7394549187389));
#9899=CARTESIAN_POINT('Ctrl Pts',(-13.2878592610357,347.743261479698,103.739454918739));
#9900=CARTESIAN_POINT('Ctrl Pts',(-13.2878592610357,347.743261479698,97.7394549187389));
#9901=CARTESIAN_POINT('',(-11.4051869511602,353.377639674507,98.7394549187389));
#9902=CARTESIAN_POINT('',(-11.4051869511602,353.377639674507,103.739454918739));
#9903=CARTESIAN_POINT('Ctrl Pts',(-11.4051869511602,353.377639674507,98.7394549187389));
#9904=CARTESIAN_POINT('Ctrl Pts',(-11.4582775879792,352.27153195103,98.7394549187389));
#9905=CARTESIAN_POINT('Ctrl Pts',(-11.5572959848305,350.208550226082,98.7394549187389));
#9906=CARTESIAN_POINT('Ctrl Pts',(-12.7395115395158,348.524414925836,98.7394549187389));
#9907=CARTESIAN_POINT('Ctrl Pts',(-13.2878592610357,347.743261479698,98.7394549187389));
#9908=CARTESIAN_POINT('Ctrl Pts',(-12.8376534581182,358.370818518959,103.739454918739));
#9909=CARTESIAN_POINT('Ctrl Pts',(-12.8376534581182,358.370818518959,97.7394549187389));
#9910=CARTESIAN_POINT('Ctrl Pts',(-12.4202120343778,357.642628561846,103.739454918739));
#9911=CARTESIAN_POINT('Ctrl Pts',(-12.4202120343778,357.642628561846,97.7394549187389));
#9912=CARTESIAN_POINT('Ctrl Pts',(-11.5353735118026,356.099105353171,103.739454918739));
#9913=CARTESIAN_POINT('Ctrl Pts',(-11.5353735118026,356.099105353171,97.7394549187389));
#9914=CARTESIAN_POINT('Ctrl Pts',(-11.4501856331858,354.318307959417,103.739454918739));
#9915=CARTESIAN_POINT('Ctrl Pts',(-11.4501856331858,354.318307959417,97.7394549187389));
#9916=CARTESIAN_POINT('Ctrl Pts',(-11.4051869511602,353.377639674507,103.739454918739));
#9917=CARTESIAN_POINT('Ctrl Pts',(-11.4051869511602,353.377639674507,97.7394549187389));
#9918=CARTESIAN_POINT('',(-12.8376534581182,358.370818518959,98.7394549187389));
#9919=CARTESIAN_POINT('',(-12.8376534581182,358.370818518959,103.739454918739));
#9920=CARTESIAN_POINT('Ctrl Pts',(-12.8376534581182,358.370818518959,98.7394549187389));
#9921=CARTESIAN_POINT('Ctrl Pts',(-12.4202120343778,357.642628561846,98.7394549187389));
#9922=CARTESIAN_POINT('Ctrl Pts',(-11.5353735118026,356.099105353171,98.7394549187389));
#9923=CARTESIAN_POINT('Ctrl Pts',(-11.4501856331858,354.318307959417,98.7394549187389));
#9924=CARTESIAN_POINT('Ctrl Pts',(-11.4051869511602,353.377639674507,98.7394549187389));
#9925=CARTESIAN_POINT('Ctrl Pts',(-18.4311059117315,360.840124511085,103.739454918739));
#9926=CARTESIAN_POINT('Ctrl Pts',(-18.4311059117315,360.840124511085,97.7394549187389));
#9927=CARTESIAN_POINT('Ctrl Pts',(-17.275019257823,360.765066461011,103.739454918739));
#9928=CARTESIAN_POINT('Ctrl Pts',(-17.275019257823,360.765066461011,97.7394549187389));
#9929=CARTESIAN_POINT('Ctrl Pts',(-15.0969388616844,360.623656241556,103.739454918739));
#9930=CARTESIAN_POINT('Ctrl Pts',(-15.0969388616844,360.623656241556,97.7394549187389));
#9931=CARTESIAN_POINT('Ctrl Pts',(-13.5591915989606,359.090297492008,103.739454918739));
#9932=CARTESIAN_POINT('Ctrl Pts',(-13.5591915989606,359.090297492008,97.7394549187389));
#9933=CARTESIAN_POINT('Ctrl Pts',(-12.8376534581182,358.370818518959,103.739454918739));
#9934=CARTESIAN_POINT('Ctrl Pts',(-12.8376534581182,358.370818518959,97.7394549187389));
#9935=CARTESIAN_POINT('',(-18.4311059117315,360.840124511085,98.7394549187389));
#9936=CARTESIAN_POINT('',(-18.4311059117315,360.840124511085,103.739454918739));
#9937=CARTESIAN_POINT('Ctrl Pts',(-18.4311059117315,360.840124511085,98.7394549187389));
#9938=CARTESIAN_POINT('Ctrl Pts',(-17.275019257823,360.765066461011,98.7394549187389));
#9939=CARTESIAN_POINT('Ctrl Pts',(-15.0969388616844,360.623656241556,98.7394549187389));
#9940=CARTESIAN_POINT('Ctrl Pts',(-13.5591915989606,359.090297492008,98.7394549187389));
#9941=CARTESIAN_POINT('Ctrl Pts',(-12.8376534581182,358.370818518959,98.7394549187389));
#9942=CARTESIAN_POINT('Ctrl Pts',(-22.4010947346685,359.748718165718,103.739454918739));
#9943=CARTESIAN_POINT('Ctrl Pts',(-22.4010947346685,359.748718165718,97.7394549187389));
#9944=CARTESIAN_POINT('Ctrl Pts',(-21.8193611786529,360.066758575171,103.739454918739));
#9945=CARTESIAN_POINT('Ctrl Pts',(-21.8193611786529,360.066758575171,97.7394549187389));
#9946=CARTESIAN_POINT('Ctrl Pts',(-20.5845907478322,360.74182173654,103.739454918739));
#9947=CARTESIAN_POINT('Ctrl Pts',(-20.5845907478322,360.74182173654,97.7394549187389));
#9948=CARTESIAN_POINT('Ctrl Pts',(-19.1760468827281,360.806119273113,103.739454918739));
#9949=CARTESIAN_POINT('Ctrl Pts',(-19.1760468827281,360.806119273113,97.7394549187389));
#9950=CARTESIAN_POINT('Ctrl Pts',(-18.4311059117315,360.840124511085,103.739454918739));
#9951=CARTESIAN_POINT('Ctrl Pts',(-18.4311059117315,360.840124511085,97.7394549187389));
#9952=CARTESIAN_POINT('',(-22.4010947346685,359.748718165718,98.7394549187389));
#9953=CARTESIAN_POINT('',(-22.4010947346685,359.748718165718,103.739454918739));
#9954=CARTESIAN_POINT('Ctrl Pts',(-22.4010947346685,359.748718165718,98.7394549187389));
#9955=CARTESIAN_POINT('Ctrl Pts',(-21.8193611786529,360.066758575171,98.7394549187389));
#9956=CARTESIAN_POINT('Ctrl Pts',(-20.5845907478322,360.74182173654,98.7394549187389));
#9957=CARTESIAN_POINT('Ctrl Pts',(-19.1760468827281,360.806119273113,98.7394549187389));
#9958=CARTESIAN_POINT('Ctrl Pts',(-18.4311059117315,360.840124511085,98.7394549187389));
#9959=CARTESIAN_POINT('Ctrl Pts',(-24.7339728474615,356.542715453468,103.739454918739));
#9960=CARTESIAN_POINT('Ctrl Pts',(-24.7339728474615,356.542715453468,97.7394549187389));
#9961=CARTESIAN_POINT('Ctrl Pts',(-24.4630381397496,357.194121995093,103.739454918739));
#9962=CARTESIAN_POINT('Ctrl Pts',(-24.4630381397496,357.194121995093,97.7394549187389));
#9963=CARTESIAN_POINT('Ctrl Pts',(-23.9404098224206,358.45067383233,103.739454918739));
#9964=CARTESIAN_POINT('Ctrl Pts',(-23.9404098224206,358.45067383233,97.7394549187389));
#9965=CARTESIAN_POINT('Ctrl Pts',(-22.901449635249,359.32678840712,103.739454918739));
#9966=CARTESIAN_POINT('Ctrl Pts',(-22.901449635249,359.32678840712,97.7394549187389));
#9967=CARTESIAN_POINT('Ctrl Pts',(-22.4010947346685,359.748718165718,103.739454918739));
#9968=CARTESIAN_POINT('Ctrl Pts',(-22.4010947346685,359.748718165718,97.7394549187389));
#9969=CARTESIAN_POINT('',(-24.7339728474615,356.542715453468,98.7394549187389));
#9970=CARTESIAN_POINT('',(-24.7339728474615,356.542715453468,103.739454918739));
#9971=CARTESIAN_POINT('Ctrl Pts',(-24.7339728474615,356.542715453468,98.7394549187389));
#9972=CARTESIAN_POINT('Ctrl Pts',(-24.4630381397496,357.194121995093,98.7394549187389));
#9973=CARTESIAN_POINT('Ctrl Pts',(-23.9404098224206,358.45067383233,98.7394549187389));
#9974=CARTESIAN_POINT('Ctrl Pts',(-22.901449635249,359.32678840712,98.7394549187389));
#9975=CARTESIAN_POINT('Ctrl Pts',(-22.4010947346685,359.748718165718,98.7394549187389));
#9976=CARTESIAN_POINT('Origin',(-20.9140542149541,355.901514911018,103.739454918739));
#9977=CARTESIAN_POINT('',(-20.9140542149541,355.901514911018,98.7394549187389));
#9978=CARTESIAN_POINT('',(-20.9140542149541,355.901514911018,103.739454918739));
#9979=CARTESIAN_POINT('',(-20.9140542149541,355.901514911018,98.7394549187389));
#9980=CARTESIAN_POINT('Ctrl Pts',(-19.9863579869268,357.484051608406,103.739454918739));
#9981=CARTESIAN_POINT('Ctrl Pts',(-19.9863579869268,357.484051608406,97.7394549187389));
#9982=CARTESIAN_POINT('Ctrl Pts',(-20.1824667777985,357.280316567745,103.739454918739));
#9983=CARTESIAN_POINT('Ctrl Pts',(-20.1824667777985,357.280316567745,97.7394549187389));
#9984=CARTESIAN_POINT('Ctrl Pts',(-20.6170396022657,356.828844139257,103.739454918739));
#9985=CARTESIAN_POINT('Ctrl Pts',(-20.6170396022657,356.828844139257,97.7394549187389));
#9986=CARTESIAN_POINT('Ctrl Pts',(-20.8088188155402,356.230077404421,103.739454918739));
#9987=CARTESIAN_POINT('Ctrl Pts',(-20.8088188155402,356.230077404421,97.7394549187389));
#9988=CARTESIAN_POINT('Ctrl Pts',(-20.9140542149541,355.901514911018,103.739454918739));
#9989=CARTESIAN_POINT('Ctrl Pts',(-20.9140542149541,355.901514911018,97.7394549187389));
#9990=CARTESIAN_POINT('Ctrl Pts',(-19.9863579869268,357.484051608406,98.7394549187389));
#9991=CARTESIAN_POINT('Ctrl Pts',(-20.1824667777985,357.280316567745,98.7394549187389));
#9992=CARTESIAN_POINT('Ctrl Pts',(-20.6170396022657,356.828844139257,98.7394549187389));
#9993=CARTESIAN_POINT('Ctrl Pts',(-20.8088188155402,356.230077404421,98.7394549187389));
#9994=CARTESIAN_POINT('Ctrl Pts',(-20.9140542149541,355.901514911018,98.7394549187389));
#9995=CARTESIAN_POINT('Origin',(-2.98022975186996E-7,350.519523047768,98.7394549187389));
#9996=CARTESIAN_POINT('Origin',(10.5184170603755,340.171636962257,103.739454918739));
#9997=CARTESIAN_POINT('',(10.5184170603755,340.171636962257,98.7394549187389));
#9998=CARTESIAN_POINT('',(10.5184170603755,340.171636962257,103.739454918739));
#9999=CARTESIAN_POINT('',(10.5184170603755,343.45949592527,98.7394549187389));
#10000=CARTESIAN_POINT('',(10.5184170603755,340.171636962257,98.7394549187389));
#10001=CARTESIAN_POINT('',(10.5184170603755,343.45949592527,103.739454918739));
#10002=CARTESIAN_POINT('Origin',(13.8199183344843,340.171636962257,103.739454918739));
#10003=CARTESIAN_POINT('',(13.8199183344843,340.171636962257,98.7394549187389));
#10004=CARTESIAN_POINT('',(13.8199183344843,340.171636962257,103.739454918739));
#10005=CARTESIAN_POINT('',(13.8199183344843,340.171636962257,98.7394549187389));
#10006=CARTESIAN_POINT('Origin',(13.8199183344843,343.45949592527,103.739454918739));
#10007=CARTESIAN_POINT('',(13.8199183344843,343.45949592527,98.7394549187389));
#10008=CARTESIAN_POINT('',(13.8199183344843,343.45949592527,103.739454918739));
#10009=CARTESIAN_POINT('',(13.8199183344843,343.45949592527,98.7394549187389));
#10010=CARTESIAN_POINT('Origin',(10.5184170603755,343.45949592527,103.739454918739));
#10011=CARTESIAN_POINT('',(10.5184170603755,343.45949592527,98.7394549187389));
#10012=CARTESIAN_POINT('Origin',(-2.98022975186996E-7,350.519523047768,
98.7394549187389));
#10013=CARTESIAN_POINT('Origin',(16.3983628153803,340.171636962257,103.739454918739));
#10014=CARTESIAN_POINT('',(16.3983628153803,340.171636962257,98.7394549187389));
#10015=CARTESIAN_POINT('',(16.3983628153803,340.171636962257,103.739454918739));
#10016=CARTESIAN_POINT('',(16.3983628153803,343.45949592527,98.7394549187389));
#10017=CARTESIAN_POINT('',(16.3983628153803,340.171636962257,98.7394549187389));
#10018=CARTESIAN_POINT('',(16.3983628153803,343.45949592527,103.739454918739));
#10019=CARTESIAN_POINT('Origin',(19.686221778393,340.171636962257,103.739454918739));
#10020=CARTESIAN_POINT('',(19.686221778393,340.171636962257,98.7394549187389));
#10021=CARTESIAN_POINT('',(19.686221778393,340.171636962257,103.739454918739));
#10022=CARTESIAN_POINT('',(19.686221778393,340.171636962257,98.7394549187389));
#10023=CARTESIAN_POINT('Origin',(19.686221778393,343.45949592527,103.739454918739));
#10024=CARTESIAN_POINT('',(19.686221778393,343.45949592527,98.7394549187389));
#10025=CARTESIAN_POINT('',(19.686221778393,343.45949592527,103.739454918739));
#10026=CARTESIAN_POINT('',(19.686221778393,343.45949592527,98.7394549187389));
#10027=CARTESIAN_POINT('Origin',(16.3983628153803,343.45949592527,103.739454918739));
#10028=CARTESIAN_POINT('',(16.3983628153803,343.45949592527,98.7394549187389));
#10029=CARTESIAN_POINT('Origin',(-2.98022975186996E-7,350.519523047768,
98.7394549187389));
#10030=CARTESIAN_POINT('Ctrl Pts',(32.9877230525019,360.867409133278,103.739454918739));
#10031=CARTESIAN_POINT('Ctrl Pts',(32.9877230525019,360.867409133278,97.7394549187389));
#10032=CARTESIAN_POINT('Ctrl Pts',(34.1385529286409,360.826387866301,103.739454918739));
#10033=CARTESIAN_POINT('Ctrl Pts',(34.1385529286409,360.826387866301,97.7394549187389));
#10034=CARTESIAN_POINT('Ctrl Pts',(36.2418290808957,360.751416704745,103.739454918739));
#10035=CARTESIAN_POINT('Ctrl Pts',(36.2418290808957,360.751416704745,97.7394549187389));
#10036=CARTESIAN_POINT('Ctrl Pts',(38.0116517655254,359.629299016516,103.739454918739));
#10037=CARTESIAN_POINT('Ctrl Pts',(38.0116517655254,359.629299016516,97.7394549187389));
#10038=CARTESIAN_POINT('Ctrl Pts',(38.8130971789363,359.121159934364,103.739454918739));
#10039=CARTESIAN_POINT('Ctrl Pts',(38.8130971789363,359.121159934364,97.7394549187389));
#10040=CARTESIAN_POINT('',(32.9877230525019,360.867409133278,98.7394549187389));
#10041=CARTESIAN_POINT('',(32.9877230525019,360.867409133278,103.739454918739));
#10042=CARTESIAN_POINT('',(38.8130971789363,359.121159934364,98.7394549187389));
#10043=CARTESIAN_POINT('Ctrl Pts',(32.9877230525019,360.867409133278,98.7394549187389));
#10044=CARTESIAN_POINT('Ctrl Pts',(34.1385529286409,360.826387866301,98.7394549187389));
#10045=CARTESIAN_POINT('Ctrl Pts',(36.2418290808957,360.751416704745,98.7394549187389));
#10046=CARTESIAN_POINT('Ctrl Pts',(38.0116517655254,359.629299016516,98.7394549187389));
#10047=CARTESIAN_POINT('Ctrl Pts',(38.8130971789363,359.121159934364,98.7394549187389));
#10048=CARTESIAN_POINT('',(38.8130971789363,359.121159934364,103.739454918739));
#10049=CARTESIAN_POINT('Ctrl Pts',(28.6357447505,360.144352340065,103.739454918739));
#10050=CARTESIAN_POINT('Ctrl Pts',(28.6357447505,360.144352340065,97.7394549187389));
#10051=CARTESIAN_POINT('Ctrl Pts',(29.28426334261,360.354870427429,103.739454918739));
#10052=CARTESIAN_POINT('Ctrl Pts',(29.28426334261,360.354870427429,97.7394549187389));
#10053=CARTESIAN_POINT('Ctrl Pts',(30.6969877591905,360.813460274767,103.739454918739));
#10054=CARTESIAN_POINT('Ctrl Pts',(30.6969877591905,360.813460274767,97.7394549187389));
#10055=CARTESIAN_POINT('Ctrl Pts',(32.1835662538791,360.848470523707,103.739454918739));
#10056=CARTESIAN_POINT('Ctrl Pts',(32.1835662538791,360.848470523707,97.7394549187389));
#10057=CARTESIAN_POINT('Ctrl Pts',(32.9877230525019,360.867409133278,103.739454918739));
#10058=CARTESIAN_POINT('Ctrl Pts',(32.9877230525019,360.867409133278,97.7394549187389));
#10059=CARTESIAN_POINT('',(28.6357447505,360.144352340065,98.7394549187389));
#10060=CARTESIAN_POINT('',(28.6357447505,360.144352340065,103.739454918739));
#10061=CARTESIAN_POINT('Ctrl Pts',(28.6357447505,360.144352340065,98.7394549187389));
#10062=CARTESIAN_POINT('Ctrl Pts',(29.28426334261,360.354870427429,98.7394549187389));
#10063=CARTESIAN_POINT('Ctrl Pts',(30.6969877591905,360.813460274767,98.7394549187389));
#10064=CARTESIAN_POINT('Ctrl Pts',(32.1835662538791,360.848470523707,98.7394549187389));
#10065=CARTESIAN_POINT('Ctrl Pts',(32.9877230525019,360.867409133278,98.7394549187389));
#10066=CARTESIAN_POINT('Ctrl Pts',(25.9345147013667,357.906972789131,103.739454918739));
#10067=CARTESIAN_POINT('Ctrl Pts',(25.9345147013667,357.906972789131,97.7394549187389));
#10068=CARTESIAN_POINT('Ctrl Pts',(26.2906077433964,358.377365194931,103.739454918739));
#10069=CARTESIAN_POINT('Ctrl Pts',(26.2906077433964,358.377365194931,97.7394549187389));
#10070=CARTESIAN_POINT('Ctrl Pts',(27.0150999679968,359.334406193459,103.739454918739));
#10071=CARTESIAN_POINT('Ctrl Pts',(27.0150999679968,359.334406193459,97.7394549187389));
#10072=CARTESIAN_POINT('Ctrl Pts',(28.0894469123122,359.871330248046,103.739454918739));
#10073=CARTESIAN_POINT('Ctrl Pts',(28.0894469123122,359.871330248046,97.7394549187389));
#10074=CARTESIAN_POINT('Ctrl Pts',(28.6357447505,360.144352340065,103.739454918739));
#10075=CARTESIAN_POINT('Ctrl Pts',(28.6357447505,360.144352340065,97.7394549187389));
#10076=CARTESIAN_POINT('',(25.9345147013667,357.906972789131,98.7394549187389));
#10077=CARTESIAN_POINT('',(25.9345147013667,357.906972789131,103.739454918739));
#10078=CARTESIAN_POINT('Ctrl Pts',(25.9345147013667,357.906972789131,98.7394549187389));
#10079=CARTESIAN_POINT('Ctrl Pts',(26.2906077433964,358.377365194931,98.7394549187389));
#10080=CARTESIAN_POINT('Ctrl Pts',(27.0150999679968,359.334406193459,98.7394549187389));
#10081=CARTESIAN_POINT('Ctrl Pts',(28.0894469123122,359.871330248046,98.7394549187389));
#10082=CARTESIAN_POINT('Ctrl Pts',(28.6357447505,360.144352340065,98.7394549187389));
#10083=CARTESIAN_POINT('Ctrl Pts',(24.9795362353327,354.687327765785,103.739454918739));
#10084=CARTESIAN_POINT('Ctrl Pts',(24.9795362353327,354.687327765785,97.7394549187389));
#10085=CARTESIAN_POINT('Ctrl Pts',(25.0207532786105,355.253449603057,103.739454918739));
#10086=CARTESIAN_POINT('Ctrl Pts',(25.0207532786105,355.253449603057,97.7394549187389));
#10087=CARTESIAN_POINT('Ctrl Pts',(25.1039428789494,356.396070364774,103.739454918739));
#10088=CARTESIAN_POINT('Ctrl Pts',(25.1039428789494,356.396070364774,97.7394549187389));
#10089=CARTESIAN_POINT('Ctrl Pts',(25.6559862392984,357.400298571161,103.739454918739));
#10090=CARTESIAN_POINT('Ctrl Pts',(25.6559862392984,357.400298571161,97.7394549187389));
#10091=CARTESIAN_POINT('Ctrl Pts',(25.9345147013667,357.906972789131,103.739454918739));
#10092=CARTESIAN_POINT('Ctrl Pts',(25.9345147013667,357.906972789131,97.7394549187389));
#10093=CARTESIAN_POINT('',(24.9795362353327,354.687327765785,98.7394549187389));
#10094=CARTESIAN_POINT('',(24.9795362353327,354.687327765785,103.739454918739));
#10095=CARTESIAN_POINT('Ctrl Pts',(24.9795362353327,354.687327765785,98.7394549187389));
#10096=CARTESIAN_POINT('Ctrl Pts',(25.0207532786105,355.253449603057,98.7394549187389));
#10097=CARTESIAN_POINT('Ctrl Pts',(25.1039428789494,356.396070364774,98.7394549187389));
#10098=CARTESIAN_POINT('Ctrl Pts',(25.6559862392984,357.400298571161,98.7394549187389));
#10099=CARTESIAN_POINT('Ctrl Pts',(25.9345147013667,357.906972789131,98.7394549187389));
#10100=CARTESIAN_POINT('Ctrl Pts',(25.7844492793086,351.508609675728,103.739454918739));
#10101=CARTESIAN_POINT('Ctrl Pts',(25.7844492793086,351.508609675728,97.7394549187389));
#10102=CARTESIAN_POINT('Ctrl Pts',(25.5499062191601,351.978499509756,103.739454918739));
#10103=CARTESIAN_POINT('Ctrl Pts',(25.5499062191601,351.978499509756,97.7394549187389));
#10104=CARTESIAN_POINT('Ctrl Pts',(25.0511871470327,352.977646625343,103.739454918739));
#10105=CARTESIAN_POINT('Ctrl Pts',(25.0511871470327,352.977646625343,97.7394549187389));
#10106=CARTESIAN_POINT('Ctrl Pts',(25.0043475789918,354.09529780669,103.739454918739));
#10107=CARTESIAN_POINT('Ctrl Pts',(25.0043475789918,354.09529780669,97.7394549187389));
#10108=CARTESIAN_POINT('Ctrl Pts',(24.9795362353327,354.687327765785,103.739454918739));
#10109=CARTESIAN_POINT('Ctrl Pts',(24.9795362353327,354.687327765785,97.7394549187389));
#10110=CARTESIAN_POINT('',(25.7844492793086,351.508609675728,98.7394549187389));
#10111=CARTESIAN_POINT('',(25.7844492793086,351.508609675728,103.739454918739));
#10112=CARTESIAN_POINT('Ctrl Pts',(25.7844492793086,351.508609675728,98.7394549187389));
#10113=CARTESIAN_POINT('Ctrl Pts',(25.5499062191601,351.978499509756,98.7394549187389));
#10114=CARTESIAN_POINT('Ctrl Pts',(25.0511871470327,352.977646625343,98.7394549187389));
#10115=CARTESIAN_POINT('Ctrl Pts',(25.0043475789918,354.09529780669,98.7394549187389));
#10116=CARTESIAN_POINT('Ctrl Pts',(24.9795362353327,354.687327765785,98.7394549187389));
#10117=CARTESIAN_POINT('Ctrl Pts',(27.99454420805,349.475868367516,103.739454918739));
#10118=CARTESIAN_POINT('Ctrl Pts',(27.99454420805,349.475868367516,97.7394549187389));
#10119=CARTESIAN_POINT('Ctrl Pts',(27.5496024835512,349.741731361001,103.739454918739));
#10120=CARTESIAN_POINT('Ctrl Pts',(27.5496024835512,349.741731361001,97.7394549187389));
#10121=CARTESIAN_POINT('Ctrl Pts',(26.6716572502828,350.266323987363,103.739454918739));
#10122=CARTESIAN_POINT('Ctrl Pts',(26.6716572502828,350.266323987363,97.7394549187389));
#10123=CARTESIAN_POINT('Ctrl Pts',(26.0774921360742,351.098285423751,103.739454918739));
#10124=CARTESIAN_POINT('Ctrl Pts',(26.0774921360742,351.098285423751,97.7394549187389));
#10125=CARTESIAN_POINT('Ctrl Pts',(25.7844492793086,351.508609675728,103.739454918739));
#10126=CARTESIAN_POINT('Ctrl Pts',(25.7844492793086,351.508609675728,97.7394549187389));
#10127=CARTESIAN_POINT('',(27.99454420805,349.475868367516,98.7394549187389));
#10128=CARTESIAN_POINT('',(27.99454420805,349.475868367516,103.739454918739));
#10129=CARTESIAN_POINT('Ctrl Pts',(27.99454420805,349.475868367516,98.7394549187389));
#10130=CARTESIAN_POINT('Ctrl Pts',(27.5496024835512,349.741731361001,98.7394549187389));
#10131=CARTESIAN_POINT('Ctrl Pts',(26.6716572502828,350.266323987363,98.7394549187389));
#10132=CARTESIAN_POINT('Ctrl Pts',(26.0774921360742,351.098285423751,98.7394549187389));
#10133=CARTESIAN_POINT('Ctrl Pts',(25.7844492793086,351.508609675728,98.7394549187389));
#10134=CARTESIAN_POINT('Ctrl Pts',(32.346522510052,348.029755973183,103.739454918739));
#10135=CARTESIAN_POINT('Ctrl Pts',(32.346522510052,348.029755973183,97.7394549187389));
#10136=CARTESIAN_POINT('Ctrl Pts',(31.4827483563587,348.2371224834,103.739454918739));
#10137=CARTESIAN_POINT('Ctrl Pts',(31.4827483563587,348.2371224834,97.7394549187389));
#10138=CARTESIAN_POINT('Ctrl Pts',(29.9897159367362,348.595555207017,103.739454918739));
#10139=CARTESIAN_POINT('Ctrl Pts',(29.9897159367362,348.595555207017,97.7394549187389));
#10140=CARTESIAN_POINT('Ctrl Pts',(28.5861117585139,349.214855898007,103.739454918739));
#10141=CARTESIAN_POINT('Ctrl Pts',(28.5861117585139,349.214855898007,97.7394549187389));
#10142=CARTESIAN_POINT('Ctrl Pts',(27.99454420805,349.475868367516,103.739454918739));
#10143=CARTESIAN_POINT('Ctrl Pts',(27.99454420805,349.475868367516,97.7394549187389));
#10144=CARTESIAN_POINT('',(32.346522510052,348.029755973183,98.7394549187389));
#10145=CARTESIAN_POINT('',(32.346522510052,348.029755973183,103.739454918739));
#10146=CARTESIAN_POINT('Ctrl Pts',(32.346522510052,348.029755973183,98.7394549187389));
#10147=CARTESIAN_POINT('Ctrl Pts',(31.4827483563587,348.2371224834,98.7394549187389));
#10148=CARTESIAN_POINT('Ctrl Pts',(29.9897159367362,348.595555207017,98.7394549187389));
#10149=CARTESIAN_POINT('Ctrl Pts',(28.5861117585139,349.214855898007,98.7394549187389));
#10150=CARTESIAN_POINT('Ctrl Pts',(27.99454420805,349.475868367516,98.7394549187389));
#10151=CARTESIAN_POINT('Ctrl Pts',(36.057300269604,346.692784451805,103.739454918739));
#10152=CARTESIAN_POINT('Ctrl Pts',(36.057300269604,346.692784451805,97.7394549187389));
#10153=CARTESIAN_POINT('Ctrl Pts',(35.6268297007635,346.926759876313,103.739454918739));
#10154=CARTESIAN_POINT('Ctrl Pts',(35.6268297007635,346.926759876313,97.7394549187389));
#10155=CARTESIAN_POINT('Ctrl Pts',(34.4625479871284,347.559586666142,103.739454918739));
#10156=CARTESIAN_POINT('Ctrl Pts',(34.4625479871284,347.559586666142,97.7394549187389));
#10157=CARTESIAN_POINT('Ctrl Pts',(33.1645873749251,347.847986427022,103.739454918739));
#10158=CARTESIAN_POINT('Ctrl Pts',(33.1645873749251,347.847986427022,97.7394549187389));
#10159=CARTESIAN_POINT('Ctrl Pts',(32.346522510052,348.029755973183,103.739454918739));
#10160=CARTESIAN_POINT('Ctrl Pts',(32.346522510052,348.029755973183,97.7394549187389));
#10161=CARTESIAN_POINT('',(36.057300269604,346.692784451805,98.7394549187389));
#10162=CARTESIAN_POINT('',(36.057300269604,346.692784451805,103.739454918739));
#10163=CARTESIAN_POINT('Ctrl Pts',(36.057300269604,346.692784451805,98.7394549187389));
#10164=CARTESIAN_POINT('Ctrl Pts',(35.6268297007635,346.926759876313,98.7394549187389));
#10165=CARTESIAN_POINT('Ctrl Pts',(34.4625479871284,347.559586666142,98.7394549187389));
#10166=CARTESIAN_POINT('Ctrl Pts',(33.1645873749251,347.847986427022,98.7394549187389));
#10167=CARTESIAN_POINT('Ctrl Pts',(32.346522510052,348.029755973183,98.7394549187389));
#10168=CARTESIAN_POINT('Ctrl Pts',(36.6575714945796,345.478596114479,103.739454918739));
#10169=CARTESIAN_POINT('Ctrl Pts',(36.6575714945796,345.478596114479,97.7394549187389));
#10170=CARTESIAN_POINT('Ctrl Pts',(36.6297883170595,345.708823300479,103.739454918739));
#10171=CARTESIAN_POINT('Ctrl Pts',(36.6297883170595,345.708823300479,97.7394549187389));
#10172=CARTESIAN_POINT('Ctrl Pts',(36.5725667698546,346.182993534682,103.739454918739));
#10173=CARTESIAN_POINT('Ctrl Pts',(36.5725667698546,346.182993534682,97.7394549187389));
#10174=CARTESIAN_POINT('Ctrl Pts',(36.2323362754647,346.519608501275,103.739454918739));
#10175=CARTESIAN_POINT('Ctrl Pts',(36.2323362754647,346.519608501275,97.7394549187389));
#10176=CARTESIAN_POINT('Ctrl Pts',(36.057300269604,346.692784451805,103.739454918739));
#10177=CARTESIAN_POINT('Ctrl Pts',(36.057300269604,346.692784451805,97.7394549187389));
#10178=CARTESIAN_POINT('',(36.6575714945796,345.478596114479,98.7394549187389));
#10179=CARTESIAN_POINT('',(36.6575714945796,345.478596114479,103.739454918739));
#10180=CARTESIAN_POINT('Ctrl Pts',(36.6575714945796,345.478596114479,98.7394549187389));
#10181=CARTESIAN_POINT('Ctrl Pts',(36.6297883170595,345.708823300479,98.7394549187389));
#10182=CARTESIAN_POINT('Ctrl Pts',(36.5725667698546,346.182993534682,98.7394549187389));
#10183=CARTESIAN_POINT('Ctrl Pts',(36.2323362754647,346.519608501275,98.7394549187389));
#10184=CARTESIAN_POINT('Ctrl Pts',(36.057300269604,346.692784451805,98.7394549187389));
#10185=CARTESIAN_POINT('Ctrl Pts',(36.0163709521296,344.237123154961,103.739454918739));
#10186=CARTESIAN_POINT('Ctrl Pts',(36.0163709521296,344.237123154961,97.7394549187389));
#10187=CARTESIAN_POINT('Ctrl Pts',(36.203386031265,344.404133844754,103.739454918739));
#10188=CARTESIAN_POINT('Ctrl Pts',(36.203386031265,344.404133844754,97.7394549187389));
#10189=CARTESIAN_POINT('Ctrl Pts',(36.5754850684516,344.736430668942,103.739454918739));
#10190=CARTESIAN_POINT('Ctrl Pts',(36.5754850684516,344.736430668942,97.7394549187389));
#10191=CARTESIAN_POINT('Ctrl Pts',(36.6303041860294,345.232065047733,103.739454918739));
#10192=CARTESIAN_POINT('Ctrl Pts',(36.6303041860294,345.232065047733,97.7394549187389));
#10193=CARTESIAN_POINT('Ctrl Pts',(36.6575714945796,345.478596114479,103.739454918739));
#10194=CARTESIAN_POINT('Ctrl Pts',(36.6575714945796,345.478596114479,97.7394549187389));
#10195=CARTESIAN_POINT('',(36.0163709521296,344.237123154961,98.7394549187389));
#10196=CARTESIAN_POINT('',(36.0163709521296,344.237123154961,103.739454918739));
#10197=CARTESIAN_POINT('Ctrl Pts',(36.0163709521296,344.237123154961,98.7394549187389));
#10198=CARTESIAN_POINT('Ctrl Pts',(36.203386031265,344.404133844754,98.7394549187389));
#10199=CARTESIAN_POINT('Ctrl Pts',(36.5754850684516,344.736430668942,98.7394549187389));
#10200=CARTESIAN_POINT('Ctrl Pts',(36.6303041860294,345.232065047733,98.7394549187389));
#10201=CARTESIAN_POINT('Ctrl Pts',(36.6575714945796,345.478596114479,98.7394549187389));
#10202=CARTESIAN_POINT('Ctrl Pts',(33.2605740427973,343.514067553841,103.739454918739));
#10203=CARTESIAN_POINT('Ctrl Pts',(33.2605740427973,343.514067553841,97.7394549187389));
#10204=CARTESIAN_POINT('Ctrl Pts',(33.7956263885587,343.530924268473,103.739454918739));
#10205=CARTESIAN_POINT('Ctrl Pts',(33.7956263885587,343.530924268473,97.7394549187389));
#10206=CARTESIAN_POINT('Ctrl Pts',(34.7727812042981,343.561709330926,103.739454918739));
#10207=CARTESIAN_POINT('Ctrl Pts',(34.7727812042981,343.561709330926,97.7394549187389));
#10208=CARTESIAN_POINT('Ctrl Pts',(35.6289893936987,344.026729928258,103.739454918739));
#10209=CARTESIAN_POINT('Ctrl Pts',(35.6289893936987,344.026729928258,97.7394549187389));
#10210=CARTESIAN_POINT('Ctrl Pts',(36.0163709521296,344.237123154961,103.739454918739));
#10211=CARTESIAN_POINT('Ctrl Pts',(36.0163709521296,344.237123154961,97.7394549187389));
#10212=CARTESIAN_POINT('',(33.2605740427973,343.514067553841,98.7394549187389));
#10213=CARTESIAN_POINT('',(33.2605740427973,343.514067553841,103.739454918739));
#10214=CARTESIAN_POINT('Ctrl Pts',(33.2605740427973,343.514067553841,98.7394549187389));
#10215=CARTESIAN_POINT('Ctrl Pts',(33.7956263885587,343.530924268473,98.7394549187389));
#10216=CARTESIAN_POINT('Ctrl Pts',(34.7727812042981,343.561709330926,98.7394549187389));
#10217=CARTESIAN_POINT('Ctrl Pts',(35.6289893936987,344.026729928258,98.7394549187389));
#10218=CARTESIAN_POINT('Ctrl Pts',(36.0163709521296,344.237123154961,98.7394549187389));
#10219=CARTESIAN_POINT('Ctrl Pts',(30.7094141840937,344.196196221672,103.739454918739));
#10220=CARTESIAN_POINT('Ctrl Pts',(30.7094141840937,344.196196221672,97.7394549187389));
#10221=CARTESIAN_POINT('Ctrl Pts',(31.0549731230518,343.997977897199,103.739454918739));
#10222=CARTESIAN_POINT('Ctrl Pts',(31.0549731230518,343.997977897199,97.7394549187389));
#10223=CARTESIAN_POINT('Ctrl Pts',(31.8407331121712,343.547252967463,103.739454918739));
#10224=CARTESIAN_POINT('Ctrl Pts',(31.8407331121712,343.547252967463,97.7394549187389));
#10225=CARTESIAN_POINT('Ctrl Pts',(32.7507572960186,343.525983310915,103.739454918739));
#10226=CARTESIAN_POINT('Ctrl Pts',(32.7507572960186,343.525983310915,97.7394549187389));
#10227=CARTESIAN_POINT('Ctrl Pts',(33.2605740427973,343.514067553841,103.739454918739));
#10228=CARTESIAN_POINT('Ctrl Pts',(33.2605740427973,343.514067553841,97.7394549187389));
#10229=CARTESIAN_POINT('',(30.7094141840937,344.196196221672,98.7394549187389));
#10230=CARTESIAN_POINT('',(30.7094141840937,344.196196221672,103.739454918739));
#10231=CARTESIAN_POINT('Ctrl Pts',(30.7094141840937,344.196196221672,98.7394549187389));
#10232=CARTESIAN_POINT('Ctrl Pts',(31.0549731230518,343.997977897199,98.7394549187389));
#10233=CARTESIAN_POINT('Ctrl Pts',(31.8407331121712,343.547252967463,98.7394549187389));
#10234=CARTESIAN_POINT('Ctrl Pts',(32.7507572960186,343.525983310915,98.7394549187389));
#10235=CARTESIAN_POINT('Ctrl Pts',(33.2605740427973,343.514067553841,98.7394549187389));
#10236=CARTESIAN_POINT('Ctrl Pts',(29.5907232165339,346.406291150413,103.739454918739));
#10237=CARTESIAN_POINT('Ctrl Pts',(29.5907232165339,346.406291150413,97.7394549187389));
#10238=CARTESIAN_POINT('Ctrl Pts',(29.685383372176,345.943046536833,103.739454918739));
#10239=CARTESIAN_POINT('Ctrl Pts',(29.685383372176,345.943046536833,97.7394549187389));
#10240=CARTESIAN_POINT('Ctrl Pts',(29.8576493151705,345.100017390576,103.739454918739));
#10241=CARTESIAN_POINT('Ctrl Pts',(29.8576493151705,345.100017390576,97.7394549187389));
#10242=CARTESIAN_POINT('Ctrl Pts',(30.4448709194351,344.476907262257,103.739454918739));
#10243=CARTESIAN_POINT('Ctrl Pts',(30.4448709194351,344.476907262257,97.7394549187389));
#10244=CARTESIAN_POINT('Ctrl Pts',(30.7094141840937,344.196196221672,103.739454918739));
#10245=CARTESIAN_POINT('Ctrl Pts',(30.7094141840937,344.196196221672,97.7394549187389));
#10246=CARTESIAN_POINT('',(29.5907232165339,346.406291150413,98.7394549187389));
#10247=CARTESIAN_POINT('',(29.5907232165339,346.406291150413,103.739454918739));
#10248=CARTESIAN_POINT('Ctrl Pts',(29.5907232165339,346.406291150413,98.7394549187389));
#10249=CARTESIAN_POINT('Ctrl Pts',(29.685383372176,345.943046536833,98.7394549187389));
#10250=CARTESIAN_POINT('Ctrl Pts',(29.8576493151705,345.100017390576,98.7394549187389));
#10251=CARTESIAN_POINT('Ctrl Pts',(30.4448709194351,344.476907262257,98.7394549187389));
#10252=CARTESIAN_POINT('Ctrl Pts',(30.7094141840937,344.196196221672,98.7394549187389));
#10253=CARTESIAN_POINT('Origin',(25.5525252223017,346.228937529884,103.739454918739));
#10254=CARTESIAN_POINT('',(25.5525252223017,346.228937529884,98.7394549187389));
#10255=CARTESIAN_POINT('',(25.5525252223017,346.228937529884,103.739454918739));
#10256=CARTESIAN_POINT('',(25.5525252223017,346.228937529884,98.7394549187389));
#10257=CARTESIAN_POINT('Ctrl Pts',(27.5579831004145,341.822389983498,103.739454918739));
#10258=CARTESIAN_POINT('Ctrl Pts',(27.5579831004145,341.822389983498,97.7394549187389));
#10259=CARTESIAN_POINT('Ctrl Pts',(26.9966446211548,342.42968748991,103.739454918739));
#10260=CARTESIAN_POINT('Ctrl Pts',(26.9966446211548,342.42968748991,97.7394549187389));
#10261=CARTESIAN_POINT('Ctrl Pts',(25.8451093361648,343.675503575851,103.739454918739));
#10262=CARTESIAN_POINT('Ctrl Pts',(25.8451093361648,343.675503575851,97.7394549187389));
#10263=CARTESIAN_POINT('Ctrl Pts',(25.6516691780969,345.363690474185,103.739454918739));
#10264=CARTESIAN_POINT('Ctrl Pts',(25.6516691780969,345.363690474185,97.7394549187389));
#10265=CARTESIAN_POINT('Ctrl Pts',(25.5525252223017,346.228937529884,103.739454918739));
#10266=CARTESIAN_POINT('Ctrl Pts',(25.5525252223017,346.228937529884,97.7394549187389));
#10267=CARTESIAN_POINT('',(27.5579831004145,341.822389983498,98.7394549187389));
#10268=CARTESIAN_POINT('',(27.5579831004145,341.822389983498,103.739454918739));
#10269=CARTESIAN_POINT('Ctrl Pts',(27.5579831004145,341.822389983498,98.7394549187389));
#10270=CARTESIAN_POINT('Ctrl Pts',(26.9966446211548,342.42968748991,98.7394549187389));
#10271=CARTESIAN_POINT('Ctrl Pts',(25.8451093361648,343.675503575851,98.7394549187389));
#10272=CARTESIAN_POINT('Ctrl Pts',(25.6516691780969,345.363690474185,98.7394549187389));
#10273=CARTESIAN_POINT('Ctrl Pts',(25.5525252223017,346.228937529884,98.7394549187389));
#10274=CARTESIAN_POINT('Ctrl Pts',(33.2196459174159,340.171639346443,103.739454918739));
#10275=CARTESIAN_POINT('Ctrl Pts',(33.2196459174159,340.171639346443,97.7394549187389));
#10276=CARTESIAN_POINT('Ctrl Pts',(32.0875772108087,340.204770401603,103.739454918739));
#10277=CARTESIAN_POINT('Ctrl Pts',(32.0875772108087,340.204770401603,97.7394549187389));
#10278=CARTESIAN_POINT('Ctrl Pts',(30.046737600497,340.264497491758,103.739454918739));
#10279=CARTESIAN_POINT('Ctrl Pts',(30.046737600497,340.264497491758,97.7394549187389));
#10280=CARTESIAN_POINT('Ctrl Pts',(28.3247649061449,341.342405469995,103.739454918739));
#10281=CARTESIAN_POINT('Ctrl Pts',(28.3247649061449,341.342405469995,97.7394549187389));
#10282=CARTESIAN_POINT('Ctrl Pts',(27.5579831004145,341.822389983498,103.739454918739));
#10283=CARTESIAN_POINT('Ctrl Pts',(27.5579831004145,341.822389983498,97.7394549187389));
#10284=CARTESIAN_POINT('',(33.2196459174159,340.171639346443,98.7394549187389));
#10285=CARTESIAN_POINT('',(33.2196459174159,340.171639346443,103.739454918739));
#10286=CARTESIAN_POINT('Ctrl Pts',(33.2196459174159,340.171639346443,98.7394549187389));
#10287=CARTESIAN_POINT('Ctrl Pts',(32.0875772108087,340.204770401603,98.7394549187389));
#10288=CARTESIAN_POINT('Ctrl Pts',(30.046737600497,340.264497491758,98.7394549187389));
#10289=CARTESIAN_POINT('Ctrl Pts',(28.3247649061449,341.342405469995,98.7394549187389));
#10290=CARTESIAN_POINT('Ctrl Pts',(27.5579831004145,341.822389983498,98.7394549187389));
#10291=CARTESIAN_POINT('Ctrl Pts',(37.1623465418818,340.867410325371,103.739454918739));
#10292=CARTESIAN_POINT('Ctrl Pts',(37.1623465418818,340.867410325371,97.7394549187389));
#10293=CARTESIAN_POINT('Ctrl Pts',(36.5662087208697,340.664717303146,103.739454918739));
#10294=CARTESIAN_POINT('Ctrl Pts',(36.5662087208697,340.664717303146,97.7394549187389));
#10295=CARTESIAN_POINT('Ctrl Pts',(35.2890730715092,340.230477978889,103.739454918739));
#10296=CARTESIAN_POINT('Ctrl Pts',(35.2890730715092,340.230477978889,97.7394549187389));
#10297=CARTESIAN_POINT('Ctrl Pts',(33.9393493563825,340.192102190971,103.739454918739));
#10298=CARTESIAN_POINT('Ctrl Pts',(33.9393493563825,340.192102190971,97.7394549187389));
#10299=CARTESIAN_POINT('Ctrl Pts',(33.2196459174159,340.171639346443,103.739454918739));
#10300=CARTESIAN_POINT('Ctrl Pts',(33.2196459174159,340.171639346443,97.7394549187389));
#10301=CARTESIAN_POINT('',(37.1623465418818,340.867410325371,98.7394549187389));
#10302=CARTESIAN_POINT('',(37.1623465418818,340.867410325371,103.739454918739));
#10303=CARTESIAN_POINT('Ctrl Pts',(37.1623465418818,340.867410325371,98.7394549187389));
#10304=CARTESIAN_POINT('Ctrl Pts',(36.5662087208697,340.664717303146,98.7394549187389));
#10305=CARTESIAN_POINT('Ctrl Pts',(35.2890730715092,340.230477978889,98.7394549187389));
#10306=CARTESIAN_POINT('Ctrl Pts',(33.9393493563825,340.192102190971,98.7394549187389));
#10307=CARTESIAN_POINT('Ctrl Pts',(33.2196459174159,340.171639346443,98.7394549187389));
#10308=CARTESIAN_POINT('Ctrl Pts',(39.6589371562007,342.900151633583,103.739454918739));
#10309=CARTESIAN_POINT('Ctrl Pts',(39.6589371562007,342.900151633583,97.7394549187389));
#10310=CARTESIAN_POINT('Ctrl Pts',(39.3296950741798,342.478295092915,103.739454918739));
#10311=CARTESIAN_POINT('Ctrl Pts',(39.3296950741798,342.478295092915,97.7394549187389));
#10312=CARTESIAN_POINT('Ctrl Pts',(38.6530220282813,341.611276671229,103.739454918739));
#10313=CARTESIAN_POINT('Ctrl Pts',(38.6530220282813,341.611276671229,97.7394549187389));
#10314=CARTESIAN_POINT('Ctrl Pts',(37.6680635551193,341.119769655156,103.739454918739));
#10315=CARTESIAN_POINT('Ctrl Pts',(37.6680635551193,341.119769655156,97.7394549187389));
#10316=CARTESIAN_POINT('Ctrl Pts',(37.1623465418818,340.867410325371,103.739454918739));
#10317=CARTESIAN_POINT('Ctrl Pts',(37.1623465418818,340.867410325371,97.7394549187389));
#10318=CARTESIAN_POINT('',(39.6589371562007,342.900151633583,98.7394549187389));
#10319=CARTESIAN_POINT('',(39.6589371562007,342.900151633583,103.739454918739));
#10320=CARTESIAN_POINT('Ctrl Pts',(39.6589371562007,342.900151633583,98.7394549187389));
#10321=CARTESIAN_POINT('Ctrl Pts',(39.3296950741798,342.478295092915,98.7394549187389));
#10322=CARTESIAN_POINT('Ctrl Pts',(38.6530220282813,341.611276671229,98.7394549187389));
#10323=CARTESIAN_POINT('Ctrl Pts',(37.6680635551193,341.119769655156,98.7394549187389));
#10324=CARTESIAN_POINT('Ctrl Pts',(37.1623465418818,340.867410325371,98.7394549187389));
#10325=CARTESIAN_POINT('Ctrl Pts',(40.5184182524684,345.751448296867,103.739454918739));
#10326=CARTESIAN_POINT('Ctrl Pts',(40.5184182524684,345.751448296867,97.7394549187389));
#10327=CARTESIAN_POINT('Ctrl Pts',(40.4813955831849,345.248797093954,103.739454918739));
#10328=CARTESIAN_POINT('Ctrl Pts',(40.4813955831849,345.248797093954,97.7394549187389));
#10329=CARTESIAN_POINT('Ctrl Pts',(40.4067106620448,344.234811171895,103.739454918739));
#10330=CARTESIAN_POINT('Ctrl Pts',(40.4067106620448,344.234811171895,97.7394549187389));
#10331=CARTESIAN_POINT('Ctrl Pts',(39.909613994412,343.347570846136,103.739454918739));
#10332=CARTESIAN_POINT('Ctrl Pts',(39.909613994412,343.347570846136,97.7394549187389));
#10333=CARTESIAN_POINT('Ctrl Pts',(39.6589371562007,342.900151633583,103.739454918739));
#10334=CARTESIAN_POINT('Ctrl Pts',(39.6589371562007,342.900151633583,97.7394549187389));
#10335=CARTESIAN_POINT('',(40.5184182524684,345.751448296867,98.7394549187389));
#10336=CARTESIAN_POINT('',(40.5184182524684,345.751448296867,103.739454918739));
#10337=CARTESIAN_POINT('Ctrl Pts',(40.5184182524684,345.751448296867,98.7394549187389));
#10338=CARTESIAN_POINT('Ctrl Pts',(40.4813955831849,345.248797093954,98.7394549187389));
#10339=CARTESIAN_POINT('Ctrl Pts',(40.4067106620448,344.234811171895,98.7394549187389));
#10340=CARTESIAN_POINT('Ctrl Pts',(39.909613994412,343.347570846136,98.7394549187389));
#10341=CARTESIAN_POINT('Ctrl Pts',(39.6589371562007,342.900151633583,98.7394549187389));
#10342=CARTESIAN_POINT('Ctrl Pts',(38.6766716837885,349.776003980003,103.739454918739));
#10343=CARTESIAN_POINT('Ctrl Pts',(38.6766716837885,349.776003980003,97.7394549187389));
#10344=CARTESIAN_POINT('Ctrl Pts',(39.213826584222,349.200365310507,103.739454918739));
#10345=CARTESIAN_POINT('Ctrl Pts',(39.213826584222,349.200365310507,97.7394549187389));
#10346=CARTESIAN_POINT('Ctrl Pts',(40.275691138848,348.062424841348,103.739454918739));
#10347=CARTESIAN_POINT('Ctrl Pts',(40.275691138848,348.062424841348,97.7394549187389));
#10348=CARTESIAN_POINT('Ctrl Pts',(40.4381438731529,346.515731301571,103.739454918739));
#10349=CARTESIAN_POINT('Ctrl Pts',(40.4381438731529,346.515731301571,97.7394549187389));
#10350=CARTESIAN_POINT('Ctrl Pts',(40.5184182524684,345.751448296867,103.739454918739));
#10351=CARTESIAN_POINT('Ctrl Pts',(40.5184182524684,345.751448296867,97.7394549187389));
#10352=CARTESIAN_POINT('',(38.6766716837885,349.776003980003,98.7394549187389));
#10353=CARTESIAN_POINT('',(38.6766716837885,349.776003980003,103.739454918739));
#10354=CARTESIAN_POINT('Ctrl Pts',(38.6766716837885,349.776003980003,98.7394549187389));
#10355=CARTESIAN_POINT('Ctrl Pts',(39.213826584222,349.200365310507,98.7394549187389));
#10356=CARTESIAN_POINT('Ctrl Pts',(40.275691138848,348.062424841348,98.7394549187389));
#10357=CARTESIAN_POINT('Ctrl Pts',(40.4381438731529,346.515731301571,98.7394549187389));
#10358=CARTESIAN_POINT('Ctrl Pts',(40.5184182524684,345.751448296867,98.7394549187389));
#10359=CARTESIAN_POINT('Ctrl Pts',(34.120055139065,351.754176043831,103.739454918739));
#10360=CARTESIAN_POINT('Ctrl Pts',(34.120055139065,351.754176043831,97.7394549187389));
#10361=CARTESIAN_POINT('Ctrl Pts',(35.0675460086939,351.513498041372,103.739454918739));
#10362=CARTESIAN_POINT('Ctrl Pts',(35.0675460086939,351.513498041372,97.7394549187389));
#10363=CARTESIAN_POINT('Ctrl Pts',(36.698305358907,351.099258795928,103.739454918739));
#10364=CARTESIAN_POINT('Ctrl Pts',(36.698305358907,351.099258795928,97.7394549187389));
#10365=CARTESIAN_POINT('Ctrl Pts',(38.0925147713909,350.166724564894,103.739454918739));
#10366=CARTESIAN_POINT('Ctrl Pts',(38.0925147713909,350.166724564894,97.7394549187389));
#10367=CARTESIAN_POINT('Ctrl Pts',(38.6766716837885,349.776003980003,103.739454918739));
#10368=CARTESIAN_POINT('Ctrl Pts',(38.6766716837885,349.776003980003,97.7394549187389));
#10369=CARTESIAN_POINT('',(34.120055139065,351.754176043831,98.7394549187389));
#10370=CARTESIAN_POINT('',(34.120055139065,351.754176043831,103.739454918739));
#10371=CARTESIAN_POINT('Ctrl Pts',(34.120055139065,351.754176043831,98.7394549187389));
#10372=CARTESIAN_POINT('Ctrl Pts',(35.0675460086939,351.513498041372,98.7394549187389));
#10373=CARTESIAN_POINT('Ctrl Pts',(36.698305358907,351.099258795928,98.7394549187389));
#10374=CARTESIAN_POINT('Ctrl Pts',(38.0925147713909,350.166724564894,98.7394549187389));
#10375=CARTESIAN_POINT('Ctrl Pts',(38.6766716837885,349.776003980003,98.7394549187389));
#10376=CARTESIAN_POINT('Ctrl Pts',(30.8867689967158,352.627300643288,103.739454918739));
#10377=CARTESIAN_POINT('Ctrl Pts',(30.8867689967158,352.627300643288,97.7394549187389));
#10378=CARTESIAN_POINT('Ctrl Pts',(31.2737915340681,352.511237357413,103.739454918739));
#10379=CARTESIAN_POINT('Ctrl Pts',(31.2737915340681,352.511237357413,97.7394549187389));
#10380=CARTESIAN_POINT('Ctrl Pts',(32.3433806133911,352.190480783566,103.739454918739));
#10381=CARTESIAN_POINT('Ctrl Pts',(32.3433806133911,352.190480783566,97.7394549187389));
#10382=CARTESIAN_POINT('Ctrl Pts',(33.4279370575095,351.924142120946,103.739454918739));
#10383=CARTESIAN_POINT('Ctrl Pts',(33.4279370575095,351.924142120946,97.7394549187389));
#10384=CARTESIAN_POINT('Ctrl Pts',(34.120055139065,351.754176043831,103.739454918739));
#10385=CARTESIAN_POINT('Ctrl Pts',(34.120055139065,351.754176043831,97.7394549187389));
#10386=CARTESIAN_POINT('',(30.8867689967158,352.627300643288,98.7394549187389));
#10387=CARTESIAN_POINT('',(30.8867689967158,352.627300643288,103.739454918739));
#10388=CARTESIAN_POINT('Ctrl Pts',(30.8867689967158,352.627300643288,98.7394549187389));
#10389=CARTESIAN_POINT('Ctrl Pts',(31.2737915340681,352.511237357413,98.7394549187389));
#10390=CARTESIAN_POINT('Ctrl Pts',(32.3433806133911,352.190480783566,98.7394549187389));
#10391=CARTESIAN_POINT('Ctrl Pts',(33.4279370575095,351.924142120946,98.7394549187389));
#10392=CARTESIAN_POINT('Ctrl Pts',(34.120055139065,351.754176043831,98.7394549187389));
#10393=CARTESIAN_POINT('Ctrl Pts',(29.44065541029,353.500424050652,103.739454918739));
#10394=CARTESIAN_POINT('Ctrl Pts',(29.44065541029,353.500424050652,97.7394549187389));
#10395=CARTESIAN_POINT('Ctrl Pts',(29.6219325558087,353.331692056356,103.739454918739));
#10396=CARTESIAN_POINT('Ctrl Pts',(29.6219325558087,353.331692056356,97.7394549187389));
#10397=CARTESIAN_POINT('Ctrl Pts',(30.0414500175691,352.941206991279,103.739454918739));
#10398=CARTESIAN_POINT('Ctrl Pts',(30.0414500175691,352.941206991279,97.7394549187389));
#10399=CARTESIAN_POINT('Ctrl Pts',(30.580593885372,352.740997736833,103.739454918739));
#10400=CARTESIAN_POINT('Ctrl Pts',(30.580593885372,352.740997736833,97.7394549187389));
#10401=CARTESIAN_POINT('Ctrl Pts',(30.8867689967158,352.627300643288,103.739454918739));
#10402=CARTESIAN_POINT('Ctrl Pts',(30.8867689967158,352.627300643288,97.7394549187389));
#10403=CARTESIAN_POINT('',(29.44065541029,353.500424050652,98.7394549187389));
#10404=CARTESIAN_POINT('',(29.44065541029,353.500424050652,103.739454918739));
#10405=CARTESIAN_POINT('Ctrl Pts',(29.44065541029,353.500424050652,98.7394549187389));
#10406=CARTESIAN_POINT('Ctrl Pts',(29.6219325558087,353.331692056356,98.7394549187389));
#10407=CARTESIAN_POINT('Ctrl Pts',(30.0414500175691,352.941206991279,98.7394549187389));
#10408=CARTESIAN_POINT('Ctrl Pts',(30.580593885372,352.740997736833,98.7394549187389));
#10409=CARTESIAN_POINT('Ctrl Pts',(30.8867689967158,352.627300643288,98.7394549187389));
#10410=CARTESIAN_POINT('Ctrl Pts',(29.0177342295649,354.700970076881,103.739454918739));
#10411=CARTESIAN_POINT('Ctrl Pts',(29.0177342295649,354.700970076881,97.7394549187389));
#10412=CARTESIAN_POINT('Ctrl Pts',(29.0335388235071,354.475740399267,103.739454918739));
#10413=CARTESIAN_POINT('Ctrl Pts',(29.0335388235071,354.475740399267,97.7394549187389));
#10414=CARTESIAN_POINT('Ctrl Pts',(29.0643823766109,354.036192028239,103.739454918739));
#10415=CARTESIAN_POINT('Ctrl Pts',(29.0643823766109,354.036192028239,97.7394549187389));
#10416=CARTESIAN_POINT('Ctrl Pts',(29.3173240034483,353.676033282518,103.739454918739));
#10417=CARTESIAN_POINT('Ctrl Pts',(29.3173240034483,353.676033282518,97.7394549187389));
#10418=CARTESIAN_POINT('Ctrl Pts',(29.44065541029,353.500424050652,103.739454918739));
#10419=CARTESIAN_POINT('Ctrl Pts',(29.44065541029,353.500424050652,97.7394549187389));
#10420=CARTESIAN_POINT('',(29.0177342295649,354.700970076881,98.7394549187389));
#10421=CARTESIAN_POINT('',(29.0177342295649,354.700970076881,103.739454918739));
#10422=CARTESIAN_POINT('Ctrl Pts',(29.0177342295649,354.700970076881,98.7394549187389));
#10423=CARTESIAN_POINT('Ctrl Pts',(29.0335388235071,354.475740399267,98.7394549187389));
#10424=CARTESIAN_POINT('Ctrl Pts',(29.0643823766109,354.036192028239,98.7394549187389));
#10425=CARTESIAN_POINT('Ctrl Pts',(29.3173240034483,353.676033282518,98.7394549187389));
#10426=CARTESIAN_POINT('Ctrl Pts',(29.44065541029,353.500424050652,98.7394549187389));
#10427=CARTESIAN_POINT('Ctrl Pts',(30.0136420130732,356.638214015327,103.739454918739));
#10428=CARTESIAN_POINT('Ctrl Pts',(30.0136420130732,356.638214015327,97.7394549187389));
#10429=CARTESIAN_POINT('Ctrl Pts',(29.7233550091365,356.358754982497,103.739454918739));
#10430=CARTESIAN_POINT('Ctrl Pts',(29.7233550091365,356.358754982497,97.7394549187389));
#10431=CARTESIAN_POINT('Ctrl Pts',(29.168482873477,355.824580085677,103.739454918739));
#10432=CARTESIAN_POINT('Ctrl Pts',(29.168482873477,355.824580085677,97.7394549187389));
#10433=CARTESIAN_POINT('Ctrl Pts',(29.066407725297,355.063759588935,103.739454918739));
#10434=CARTESIAN_POINT('Ctrl Pts',(29.066407725297,355.063759588935,97.7394549187389));
#10435=CARTESIAN_POINT('Ctrl Pts',(29.0177342295649,354.700970076881,103.739454918739));
#10436=CARTESIAN_POINT('Ctrl Pts',(29.0177342295649,354.700970076881,97.7394549187389));
#10437=CARTESIAN_POINT('',(30.0136420130732,356.638214015327,98.7394549187389));
#10438=CARTESIAN_POINT('',(30.0136420130732,356.638214015327,103.739454918739));
#10439=CARTESIAN_POINT('Ctrl Pts',(30.0136420130732,356.638214015327,98.7394549187389));
#10440=CARTESIAN_POINT('Ctrl Pts',(29.7233550091365,356.358754982497,98.7394549187389));
#10441=CARTESIAN_POINT('Ctrl Pts',(29.168482873477,355.824580085677,98.7394549187389));
#10442=CARTESIAN_POINT('Ctrl Pts',(29.066407725297,355.063759588935,98.7394549187389));
#10443=CARTESIAN_POINT('Ctrl Pts',(29.0177342295649,354.700970076881,98.7394549187389));
#10444=CARTESIAN_POINT('Ctrl Pts',(32.9467949271205,357.456766986214,103.739454918739));
#10445=CARTESIAN_POINT('Ctrl Pts',(32.9467949271205,357.456766986214,97.7394549187389));
#10446=CARTESIAN_POINT('Ctrl Pts',(32.3614102187512,357.441146938218,103.739454918739));
#10447=CARTESIAN_POINT('Ctrl Pts',(32.3614102187512,357.441146938218,97.7394549187389));
#10448=CARTESIAN_POINT('Ctrl Pts',(31.3101142143489,357.413094797786,103.739454918739));
#10449=CARTESIAN_POINT('Ctrl Pts',(31.3101142143489,357.413094797786,97.7394549187389));
#10450=CARTESIAN_POINT('Ctrl Pts',(30.411768915965,356.876168123196,103.739454918739));
#10451=CARTESIAN_POINT('Ctrl Pts',(30.411768915965,356.876168123196,97.7394549187389));
#10452=CARTESIAN_POINT('Ctrl Pts',(30.0136420130732,356.638214015327,103.739454918739));
#10453=CARTESIAN_POINT('Ctrl Pts',(30.0136420130732,356.638214015327,97.7394549187389));
#10454=CARTESIAN_POINT('',(32.9467949271205,357.456766986214,98.7394549187389));
#10455=CARTESIAN_POINT('',(32.9467949271205,357.456766986214,103.739454918739));
#10456=CARTESIAN_POINT('Ctrl Pts',(32.9467949271205,357.456766986214,98.7394549187389));
#10457=CARTESIAN_POINT('Ctrl Pts',(32.3614102187512,357.441146938218,98.7394549187389));
#10458=CARTESIAN_POINT('Ctrl Pts',(31.3101142143489,357.413094797786,98.7394549187389));
#10459=CARTESIAN_POINT('Ctrl Pts',(30.411768915965,356.876168123196,98.7394549187389));
#10460=CARTESIAN_POINT('Ctrl Pts',(30.0136420130732,356.638214015327,98.7394549187389));
#10461=CARTESIAN_POINT('Ctrl Pts',(35.8799454569819,356.529073142372,103.739454918739));
#10462=CARTESIAN_POINT('Ctrl Pts',(35.8799454569819,356.529073142372,97.7394549187389));
#10463=CARTESIAN_POINT('Ctrl Pts',(35.466259811975,356.799310133507,103.739454918739));
#10464=CARTESIAN_POINT('Ctrl Pts',(35.466259811975,356.799310133507,97.7394549187389));
#10465=CARTESIAN_POINT('Ctrl Pts',(34.5779860268698,357.379568206002,103.739454918739));
#10466=CARTESIAN_POINT('Ctrl Pts',(34.5779860268698,357.379568206002,97.7394549187389));
#10467=CARTESIAN_POINT('Ctrl Pts',(33.514823085996,357.429884126813,103.739454918739));
#10468=CARTESIAN_POINT('Ctrl Pts',(33.514823085996,357.429884126813,97.7394549187389));
#10469=CARTESIAN_POINT('Ctrl Pts',(32.9467949271205,357.456766986214,103.739454918739));
#10470=CARTESIAN_POINT('Ctrl Pts',(32.9467949271205,357.456766986214,97.7394549187389));
#10471=CARTESIAN_POINT('',(35.8799454569819,356.529073142372,98.7394549187389));
#10472=CARTESIAN_POINT('',(35.8799454569819,356.529073142372,103.739454918739));
#10473=CARTESIAN_POINT('Ctrl Pts',(35.8799454569819,356.529073142372,98.7394549187389));
#10474=CARTESIAN_POINT('Ctrl Pts',(35.466259811975,356.799310133507,98.7394549187389));
#10475=CARTESIAN_POINT('Ctrl Pts',(34.5779860268698,357.379568206002,98.7394549187389));
#10476=CARTESIAN_POINT('Ctrl Pts',(33.514823085996,357.429884126813,98.7394549187389));
#10477=CARTESIAN_POINT('Ctrl Pts',(32.9467949271205,357.456766986214,98.7394549187389));
#10478=CARTESIAN_POINT('Ctrl Pts',(37.3124155402186,353.623207234703,103.739454918739));
#10479=CARTESIAN_POINT('Ctrl Pts',(37.3124155402186,353.623207234703,97.7394549187389));
#10480=CARTESIAN_POINT('Ctrl Pts',(37.1836816966616,354.220593665198,103.739454918739));
#10481=CARTESIAN_POINT('Ctrl Pts',(37.1836816966616,354.220593665198,97.7394549187389));
#10482=CARTESIAN_POINT('Ctrl Pts',(36.9481848492117,355.313411351704,103.739454918739));
#10483=CARTESIAN_POINT('Ctrl Pts',(36.9481848492117,355.313411351704,97.7394549187389));
#10484=CARTESIAN_POINT('Ctrl Pts',(36.2131672647507,356.149865052436,103.739454918739));
#10485=CARTESIAN_POINT('Ctrl Pts',(36.2131672647507,356.149865052436,97.7394549187389));
#10486=CARTESIAN_POINT('Ctrl Pts',(35.8799454569819,356.529073142372,103.739454918739));
#10487=CARTESIAN_POINT('Ctrl Pts',(35.8799454569819,356.529073142372,97.7394549187389));
#10488=CARTESIAN_POINT('',(37.3124155402186,353.623207234703,98.7394549187389));
#10489=CARTESIAN_POINT('',(37.3124155402186,353.623207234703,103.739454918739));
#10490=CARTESIAN_POINT('Ctrl Pts',(37.3124155402186,353.623207234703,98.7394549187389));
#10491=CARTESIAN_POINT('Ctrl Pts',(37.1836816966616,354.220593665198,98.7394549187389));
#10492=CARTESIAN_POINT('Ctrl Pts',(36.9481848492117,355.313411351704,98.7394549187389));
#10493=CARTESIAN_POINT('Ctrl Pts',(36.2131672647507,356.149865052436,98.7394549187389));
#10494=CARTESIAN_POINT('Ctrl Pts',(35.8799454569819,356.529073142372,98.7394549187389));
#10495=CARTESIAN_POINT('Origin',(41.2414738535884,354.005199097954,103.739454918739));
#10496=CARTESIAN_POINT('',(41.2414738535884,354.005199097954,98.7394549187389));
#10497=CARTESIAN_POINT('',(41.2414738535884,354.005199097954,103.739454918739));
#10498=CARTESIAN_POINT('',(41.2414738535884,354.005199097954,98.7394549187389));
#10499=CARTESIAN_POINT('Ctrl Pts',(38.8130971789363,359.121159934364,103.739454918739));
#10500=CARTESIAN_POINT('Ctrl Pts',(38.8130971789363,359.121159934364,97.7394549187389));
#10501=CARTESIAN_POINT('Ctrl Pts',(39.425618674735,358.436453210195,103.739454918739));
#10502=CARTESIAN_POINT('Ctrl Pts',(39.425618674735,358.436453210195,97.7394549187389));
#10503=CARTESIAN_POINT('Ctrl Pts',(40.7330622740197,356.974928300389,103.739454918739));
#10504=CARTESIAN_POINT('Ctrl Pts',(40.7330622740197,356.974928300389,97.7394549187389));
#10505=CARTESIAN_POINT('Ctrl Pts',(41.0650293390715,355.03584522882,103.739454918739));
#10506=CARTESIAN_POINT('Ctrl Pts',(41.0650293390715,355.03584522882,97.7394549187389));
#10507=CARTESIAN_POINT('Ctrl Pts',(41.2414738535884,354.005199097954,103.739454918739));
#10508=CARTESIAN_POINT('Ctrl Pts',(41.2414738535884,354.005199097954,97.7394549187389));
#10509=CARTESIAN_POINT('Ctrl Pts',(38.8130971789363,359.121159934364,98.7394549187389));
#10510=CARTESIAN_POINT('Ctrl Pts',(39.425618674735,358.436453210195,98.7394549187389));
#10511=CARTESIAN_POINT('Ctrl Pts',(40.7330622740197,356.974928300389,98.7394549187389));
#10512=CARTESIAN_POINT('Ctrl Pts',(41.0650293390715,355.03584522882,98.7394549187389));
#10513=CARTESIAN_POINT('Ctrl Pts',(41.2414738535884,354.005199097954,98.7394549187389));
#10514=CARTESIAN_POINT('Origin',(-2.98022975186996E-7,350.519523047768,
98.7394549187389));
#10515=CARTESIAN_POINT('Origin',(0.,65.5712147090317,103.739454918739));
#10516=CARTESIAN_POINT('Origin',(0.,65.5712147090317,103.739454918739));
#10517=CARTESIAN_POINT('Origin',(0.,65.5712147090317,103.739454918739));
#10518=CARTESIAN_POINT('Origin',(0.,65.5712147090317,103.739454918739));
#10519=CARTESIAN_POINT('Origin',(-79.2601057439569,-47.3632597330033,103.739454918739));
#10520=CARTESIAN_POINT('',(-79.2601057439569,-47.3632597330033,98.7394549187389));
#10521=CARTESIAN_POINT('',(-79.2601057439569,-47.3632597330033,103.739454918739));
#10522=CARTESIAN_POINT('',(-180.462190203721,-144.100729727824,98.7394549187389));
#10523=CARTESIAN_POINT('',(-180.462190203721,-144.100729727824,98.7394549187389));
#10524=CARTESIAN_POINT('',(-180.462190203721,-144.100729727824,103.739454918739));
#10525=CARTESIAN_POINT('Origin',(-99.9895635999899,-25.6770987773396,103.739454918739));
#10526=CARTESIAN_POINT('',(-120.719021456023,-3.99093782167588,98.7394549187389));
#10527=CARTESIAN_POINT('',(-120.719021456023,-3.99093782167588,103.739454918739));
#10528=CARTESIAN_POINT('Origin',(-99.9895635999899,-25.6770987773396,98.7394549187389));
#10529=CARTESIAN_POINT('Origin',(-221.921105915787,-100.728407816496,103.739454918739));
#10530=CARTESIAN_POINT('',(-221.921105915787,-100.728407816496,98.7394549187389));
#10531=CARTESIAN_POINT('',(-221.921105915787,-100.728407816496,103.739454918739));
#10532=CARTESIAN_POINT('',(-120.719021456023,-3.99093782167588,98.7394549187389));
#10533=CARTESIAN_POINT('Origin',(-201.191648059754,-122.41456877216,103.739454918739));
#10534=CARTESIAN_POINT('Origin',(-201.191648059754,-122.41456877216,98.7394549187389));
#10535=CARTESIAN_POINT('Origin',(-150.590605829872,-74.0458337747499,98.7394549187389));
#10536=CARTESIAN_POINT('Origin',(-29.9999999999999,150.51270189222,103.739454918739));
#10537=CARTESIAN_POINT('',(-29.9999999999999,150.51270189222,98.7394549187389));
#10538=CARTESIAN_POINT('',(-29.9999999999999,150.51270189222,103.739454918739));
#10539=CARTESIAN_POINT('',(-29.9999999999999,290.51270189222,98.7394549187389));
#10540=CARTESIAN_POINT('',(-29.9999999999999,290.51270189222,98.7394549187389));
#10541=CARTESIAN_POINT('',(-29.9999999999999,290.51270189222,103.739454918739));
#10542=CARTESIAN_POINT('Origin',(8.03956949191765E-14,150.51270189222,103.739454918739));
#10543=CARTESIAN_POINT('',(30.0000000000001,150.51270189222,98.7394549187389));
#10544=CARTESIAN_POINT('',(30.0000000000001,150.51270189222,103.739454918739));
#10545=CARTESIAN_POINT('Origin',(8.03956949191765E-14,150.51270189222,98.7394549187389));
#10546=CARTESIAN_POINT('Origin',(30.0000000000001,290.51270189222,103.739454918739));
#10547=CARTESIAN_POINT('',(30.0000000000001,290.51270189222,98.7394549187389));
#10548=CARTESIAN_POINT('',(30.0000000000001,290.51270189222,103.739454918739));
#10549=CARTESIAN_POINT('',(30.0000000000001,150.51270189222,98.7394549187389));
#10550=CARTESIAN_POINT('Origin',(1.16589222786457E-13,290.51270189222,103.739454918739));
#10551=CARTESIAN_POINT('Origin',(1.16589222786457E-13,290.51270189222,98.7394549187389));
#10552=CARTESIAN_POINT('Origin',(9.76996261670138E-14,220.51270189222,98.7394549187389));
#10553=CARTESIAN_POINT('Origin',(120.719021456023,-3.99093782167581,103.739454918739));
#10554=CARTESIAN_POINT('',(120.719021456023,-3.99093782167581,98.7394549187389));
#10555=CARTESIAN_POINT('',(120.719021456023,-3.99093782167581,103.739454918739));
#10556=CARTESIAN_POINT('',(221.921105915787,-100.728407816496,98.7394549187389));
#10557=CARTESIAN_POINT('',(221.921105915787,-100.728407816496,98.7394549187389));
#10558=CARTESIAN_POINT('',(221.921105915787,-100.728407816496,103.739454918739));
#10559=CARTESIAN_POINT('Origin',(99.9895635999898,-25.6770987773395,103.739454918739));
#10560=CARTESIAN_POINT('',(79.2601057439568,-47.3632597330032,98.7394549187389));
#10561=CARTESIAN_POINT('',(79.2601057439568,-47.3632597330032,103.739454918739));
#10562=CARTESIAN_POINT('Origin',(99.9895635999898,-25.6770987773395,98.7394549187389));
#10563=CARTESIAN_POINT('Origin',(180.462190203721,-144.100729727824,103.739454918739));
#10564=CARTESIAN_POINT('',(180.462190203721,-144.100729727824,98.7394549187389));
#10565=CARTESIAN_POINT('',(180.462190203721,-144.100729727824,103.739454918739));
#10566=CARTESIAN_POINT('',(79.2601057439568,-47.3632597330032,98.7394549187389));
#10567=CARTESIAN_POINT('Origin',(201.191648059754,-122.41456877216,103.739454918739));
#10568=CARTESIAN_POINT('Origin',(201.191648059754,-122.41456877216,98.7394549187389));
#10569=CARTESIAN_POINT('Origin',(150.590605829872,-74.0458337747498,98.7394549187389));
#10570=CARTESIAN_POINT('Origin',(0.,65.5712147090317,103.739454918739));
#10571=UNCERTAINTY_MEASURE_WITH_UNIT(LENGTH_MEASURE(0.01),#10575,
'DISTANCE_ACCURACY_VALUE',
'Maximum model space distance between geometric entities at asserted c
onnectivities');
#10572=UNCERTAINTY_MEASURE_WITH_UNIT(LENGTH_MEASURE(0.01),#10575,
'DISTANCE_ACCURACY_VALUE',
'Maximum model space distance between geometric entities at asserted c
onnectivities');
#10573=(
GEOMETRIC_REPRESENTATION_CONTEXT(3)
GLOBAL_UNCERTAINTY_ASSIGNED_CONTEXT((#10571))
GLOBAL_UNIT_ASSIGNED_CONTEXT((#10575,#10577,#10578))
REPRESENTATION_CONTEXT('','3D')
);
#10574=(
GEOMETRIC_REPRESENTATION_CONTEXT(3)
GLOBAL_UNCERTAINTY_ASSIGNED_CONTEXT((#10572))
GLOBAL_UNIT_ASSIGNED_CONTEXT((#10575,#10577,#10578))
REPRESENTATION_CONTEXT('','3D')
);
#10575=(
LENGTH_UNIT()
NAMED_UNIT(*)
SI_UNIT(.MILLI.,.METRE.)
);
#10576=(
LENGTH_UNIT()
NAMED_UNIT(*)
SI_UNIT($,.METRE.)
);
#10577=(
NAMED_UNIT(*)
PLANE_ANGLE_UNIT()
SI_UNIT($,.RADIAN.)
);
#10578=(
NAMED_UNIT(*)
SI_UNIT($,.STERADIAN.)
SOLID_ANGLE_UNIT()
);
#10579=SHAPE_DEFINITION_REPRESENTATION(#10580,#10581);
#10580=PRODUCT_DEFINITION_SHAPE('',$,#10583);
#10581=SHAPE_REPRESENTATION('',(#5383),#10573);
#10582=PRODUCT_DEFINITION_CONTEXT('part definition',#10587,'design');
#10583=PRODUCT_DEFINITION('Oberplatte (1)','Oberplatte v2',#10584,#10582);
#10584=PRODUCT_DEFINITION_FORMATION('',$,#10589);
#10585=PRODUCT_RELATED_PRODUCT_CATEGORY('Oberplatte v2','Oberplatte v2',
(#10589));
#10586=APPLICATION_PROTOCOL_DEFINITION('international standard',
'automotive_design',2009,#10587);
#10587=APPLICATION_CONTEXT(
'Core Data for Automotive Mechanical Design Process');
#10588=PRODUCT_CONTEXT('part definition',#10587,'mechanical');
#10589=PRODUCT('Oberplatte (1)','Oberplatte v2',$,(#10588));
#10590=PRESENTATION_STYLE_ASSIGNMENT((#10591));
#10591=SURFACE_STYLE_USAGE(.BOTH.,#10592);
#10592=SURFACE_SIDE_STYLE('',(#10593));
#10593=SURFACE_STYLE_FILL_AREA(#10594);
#10594=FILL_AREA_STYLE('Cherry',(#10595));
#10595=FILL_AREA_STYLE_COLOUR('Cherry',#10596);
#10596=COLOUR_RGB('Cherry',0.,0.,0.);
ENDSEC;
END-ISO-10303-21;
