ISO-10303-21;
HEADER;
/* Generated by software containing ST-Developer
 * from STEP Tools, Inc. (www.steptools.com) 
 */

FILE_DESCRIPTION(
/* description */ (''),
/* implementation_level */ '2;1');

FILE_NAME(
/* name */ 'Unterplatte.step',
/* time_stamp */ '2026-01-30T15:16:34+01:00',
/* author */ (''),
/* organization */ (''),
/* preprocessor_version */ 'ST-DEVELOPER v20.1',
/* originating_system */ 'Autodesk Translation Framework v14.24.0.0',
/* authorisation */ '');

FILE_SCHEMA (('AUTOMOTIVE_DESIGN { 1 0 10303 214 3 1 1 }'));
ENDSEC;

DATA;
#10=MECHANICAL_DESIGN_GEOMETRIC_PRESENTATION_REPRESENTATION('',(#13),#7376);
#11=SHAPE_REPRESENTATION_RELATIONSHIP('SRR','None',#7383,#12);
#12=ADVANCED_BREP_SHAPE_REPRESENTATION('',(#14),#7375);
#13=STYLED_ITEM('',(#7392),#14);
#14=MANIFOLD_SOLID_BREP('Unterplatte',#4160);
#15=B_SPLINE_CURVE_WITH_KNOTS('',3,(#5972,#5973,#5974,#5975,#5976),
 .UNSPECIFIED.,.F.,.F.,(4,1,4),(0.,0.0918010830706114,0.179394923765045),
 .UNSPECIFIED.);
#16=B_SPLINE_CURVE_WITH_KNOTS('',3,(#5980,#5981,#5982,#5983,#5984),
 .UNSPECIFIED.,.F.,.F.,(4,1,4),(0.,0.0918010830706114,0.179394923765045),
 .UNSPECIFIED.);
#17=B_SPLINE_CURVE_WITH_KNOTS('',3,(#5997,#5998,#5999,#6000,#6001),
 .UNSPECIFIED.,.F.,.F.,(4,1,4),(0.,0.0864504816470595,0.177932718541673),
 .UNSPECIFIED.);
#18=B_SPLINE_CURVE_WITH_KNOTS('',3,(#6004,#6005,#6006,#6007,#6008),
 .UNSPECIFIED.,.F.,.F.,(4,1,4),(0.,0.0864504816470595,0.177932718541673),
 .UNSPECIFIED.);
#19=B_SPLINE_CURVE_WITH_KNOTS('',3,(#6020,#6021,#6022,#6023,#6024),
 .UNSPECIFIED.,.F.,.F.,(4,1,4),(0.,0.121005834921176,0.217498892754098),
 .UNSPECIFIED.);
#20=B_SPLINE_CURVE_WITH_KNOTS('',3,(#6027,#6028,#6029,#6030,#6031),
 .UNSPECIFIED.,.F.,.F.,(4,1,4),(0.,0.121005834921176,0.217498892754098),
 .UNSPECIFIED.);
#21=B_SPLINE_CURVE_WITH_KNOTS('',3,(#6043,#6044,#6045,#6046,#6047),
 .UNSPECIFIED.,.F.,.F.,(4,1,4),(0.,0.0988766273465512,0.221693408728656),
 .UNSPECIFIED.);
#22=B_SPLINE_CURVE_WITH_KNOTS('',3,(#6050,#6051,#6052,#6053,#6054),
 .UNSPECIFIED.,.F.,.F.,(4,1,4),(0.,0.0988766273465512,0.221693408728656),
 .UNSPECIFIED.);
#23=B_SPLINE_CURVE_WITH_KNOTS('',3,(#6066,#6067,#6068,#6069,#6070),
 .UNSPECIFIED.,.F.,.F.,(4,1,4),(0.,0.0895501970634891,0.177056104111525),
 .UNSPECIFIED.);
#24=B_SPLINE_CURVE_WITH_KNOTS('',3,(#6073,#6074,#6075,#6076,#6077),
 .UNSPECIFIED.,.F.,.F.,(4,1,4),(0.,0.0895501970634891,0.177056104111525),
 .UNSPECIFIED.);
#25=B_SPLINE_CURVE_WITH_KNOTS('',3,(#6089,#6090,#6091,#6092,#6093),
 .UNSPECIFIED.,.F.,.F.,(4,1,4),(0.,0.0884076102050863,0.178251966682899),
 .UNSPECIFIED.);
#26=B_SPLINE_CURVE_WITH_KNOTS('',3,(#6096,#6097,#6098,#6099,#6100),
 .UNSPECIFIED.,.F.,.F.,(4,1,4),(0.,0.0884076102050863,0.178251966682899),
 .UNSPECIFIED.);
#27=B_SPLINE_CURVE_WITH_KNOTS('',3,(#6112,#6113,#6114,#6115,#6116),
 .UNSPECIFIED.,.F.,.F.,(4,1,4),(0.,0.120534275409682,0.21924471490257),
 .UNSPECIFIED.);
#28=B_SPLINE_CURVE_WITH_KNOTS('',3,(#6119,#6120,#6121,#6122,#6123),
 .UNSPECIFIED.,.F.,.F.,(4,1,4),(0.,0.120534275409682,0.21924471490257),
 .UNSPECIFIED.);
#29=B_SPLINE_CURVE_WITH_KNOTS('',3,(#6134,#6135,#6136,#6137,#6138),
 .UNSPECIFIED.,.F.,.F.,(4,1,4),(0.,0.0971673032649497,0.218731613995338),
 .UNSPECIFIED.);
#30=B_SPLINE_CURVE_WITH_KNOTS('',3,(#6139,#6140,#6141,#6142,#6143),
 .UNSPECIFIED.,.F.,.F.,(4,1,4),(0.,0.0971673032649497,0.218731613995338),
 .UNSPECIFIED.);
#31=B_SPLINE_CURVE_WITH_KNOTS('',3,(#6156,#6157,#6158,#6159,#6160),
 .UNSPECIFIED.,.F.,.F.,(4,1,4),(0.,0.162448343102984,0.310471414643624),
 .UNSPECIFIED.);
#32=B_SPLINE_CURVE_WITH_KNOTS('',3,(#6164,#6165,#6166,#6167,#6168),
 .UNSPECIFIED.,.F.,.F.,(4,1,4),(0.,0.162448343102984,0.310471414643624),
 .UNSPECIFIED.);
#33=B_SPLINE_CURVE_WITH_KNOTS('',3,(#6181,#6182,#6183,#6184,#6185),
 .UNSPECIFIED.,.F.,.F.,(4,1,4),(0.,0.147794069442281,0.308651585433365),
 .UNSPECIFIED.);
#34=B_SPLINE_CURVE_WITH_KNOTS('',3,(#6188,#6189,#6190,#6191,#6192),
 .UNSPECIFIED.,.F.,.F.,(4,1,4),(0.,0.147794069442281,0.308651585433365),
 .UNSPECIFIED.);
#35=B_SPLINE_CURVE_WITH_KNOTS('',3,(#6204,#6205,#6206,#6207,#6208),
 .UNSPECIFIED.,.F.,.F.,(4,1,4),(0.,0.174710362916521,0.327422068472568),
 .UNSPECIFIED.);
#36=B_SPLINE_CURVE_WITH_KNOTS('',3,(#6211,#6212,#6213,#6214,#6215),
 .UNSPECIFIED.,.F.,.F.,(4,1,4),(0.,0.174710362916521,0.327422068472568),
 .UNSPECIFIED.);
#37=B_SPLINE_CURVE_WITH_KNOTS('',3,(#6227,#6228,#6229,#6230,#6231),
 .UNSPECIFIED.,.F.,.F.,(4,1,4),(0.,0.153486157721673,0.329451428269692),
 .UNSPECIFIED.);
#38=B_SPLINE_CURVE_WITH_KNOTS('',3,(#6234,#6235,#6236,#6237,#6238),
 .UNSPECIFIED.,.F.,.F.,(4,1,4),(0.,0.153486157721673,0.329451428269692),
 .UNSPECIFIED.);
#39=B_SPLINE_CURVE_WITH_KNOTS('',3,(#6250,#6251,#6252,#6253,#6254),
 .UNSPECIFIED.,.F.,.F.,(4,1,4),(0.,0.161418471450615,0.309893565502478),
 .UNSPECIFIED.);
#40=B_SPLINE_CURVE_WITH_KNOTS('',3,(#6257,#6258,#6259,#6260,#6261),
 .UNSPECIFIED.,.F.,.F.,(4,1,4),(0.,0.161418471450615,0.309893565502478),
 .UNSPECIFIED.);
#41=B_SPLINE_CURVE_WITH_KNOTS('',3,(#6273,#6274,#6275,#6276,#6277),
 .UNSPECIFIED.,.F.,.F.,(4,1,4),(0.,0.0839185202162305,0.176209243184804),
 .UNSPECIFIED.);
#42=B_SPLINE_CURVE_WITH_KNOTS('',3,(#6280,#6281,#6282,#6283,#6284),
 .UNSPECIFIED.,.F.,.F.,(4,1,4),(0.,0.0839185202162305,0.176209243184804),
 .UNSPECIFIED.);
#43=B_SPLINE_CURVE_WITH_KNOTS('',3,(#6296,#6297,#6298,#6299,#6300),
 .UNSPECIFIED.,.F.,.F.,(4,1,4),(0.,0.065227424393243,0.126897248397976),
 .UNSPECIFIED.);
#44=B_SPLINE_CURVE_WITH_KNOTS('',3,(#6303,#6304,#6305,#6306,#6307),
 .UNSPECIFIED.,.F.,.F.,(4,1,4),(0.,0.065227424393243,0.126897248397976),
 .UNSPECIFIED.);
#45=B_SPLINE_CURVE_WITH_KNOTS('',3,(#6319,#6320,#6321,#6322,#6323),
 .UNSPECIFIED.,.F.,.F.,(4,1,4),(0.,0.0663204517288201,0.132946593836632),
 .UNSPECIFIED.);
#46=B_SPLINE_CURVE_WITH_KNOTS('',3,(#6326,#6327,#6328,#6329,#6330),
 .UNSPECIFIED.,.F.,.F.,(4,1,4),(0.,0.0663204517288201,0.132946593836632),
 .UNSPECIFIED.);
#47=B_SPLINE_CURVE_WITH_KNOTS('',3,(#6342,#6343,#6344,#6345,#6346),
 .UNSPECIFIED.,.F.,.F.,(4,1,4),(0.,0.112785716645316,0.209523047006966),
 .UNSPECIFIED.);
#48=B_SPLINE_CURVE_WITH_KNOTS('',3,(#6349,#6350,#6351,#6352,#6353),
 .UNSPECIFIED.,.F.,.F.,(4,1,4),(0.,0.112785716645316,0.209523047006966),
 .UNSPECIFIED.);
#49=B_SPLINE_CURVE_WITH_KNOTS('',3,(#6364,#6365,#6366,#6367,#6368),
 .UNSPECIFIED.,.F.,.F.,(4,1,4),(0.,0.151778704605857,0.324331525735963),
 .UNSPECIFIED.);
#50=B_SPLINE_CURVE_WITH_KNOTS('',3,(#6369,#6370,#6371,#6372,#6373),
 .UNSPECIFIED.,.F.,.F.,(4,1,4),(0.,0.151778704605857,0.324331525735963),
 .UNSPECIFIED.);
#51=B_SPLINE_CURVE_WITH_KNOTS('',3,(#6566,#6567,#6568,#6569,#6570),
 .UNSPECIFIED.,.F.,.F.,(4,1,4),(0.,0.169048191061729,0.308955285154632),
 .UNSPECIFIED.);
#52=B_SPLINE_CURVE_WITH_KNOTS('',3,(#6574,#6575,#6576,#6577,#6578),
 .UNSPECIFIED.,.F.,.F.,(4,1,4),(0.,0.169048191061729,0.308955285154632),
 .UNSPECIFIED.);
#53=B_SPLINE_CURVE_WITH_KNOTS('',3,(#6591,#6592,#6593,#6594,#6595),
 .UNSPECIFIED.,.F.,.F.,(4,1,4),(0.,0.101735805851221,0.221619948471931),
 .UNSPECIFIED.);
#54=B_SPLINE_CURVE_WITH_KNOTS('',3,(#6598,#6599,#6600,#6601,#6602),
 .UNSPECIFIED.,.F.,.F.,(4,1,4),(0.,0.101735805851221,0.221619948471931),
 .UNSPECIFIED.);
#55=B_SPLINE_CURVE_WITH_KNOTS('',3,(#6614,#6615,#6616,#6617,#6618),
 .UNSPECIFIED.,.F.,.F.,(4,1,4),(0.,0.0872383336365721,0.177491569096799),
 .UNSPECIFIED.);
#56=B_SPLINE_CURVE_WITH_KNOTS('',3,(#6621,#6622,#6623,#6624,#6625),
 .UNSPECIFIED.,.F.,.F.,(4,1,4),(0.,0.0872383336365721,0.177491569096799),
 .UNSPECIFIED.);
#57=B_SPLINE_CURVE_WITH_KNOTS('',3,(#6637,#6638,#6639,#6640,#6641),
 .UNSPECIFIED.,.F.,.F.,(4,1,4),(0.,0.0840714452470555,0.169683980924671),
 .UNSPECIFIED.);
#58=B_SPLINE_CURVE_WITH_KNOTS('',3,(#6644,#6645,#6646,#6647,#6648),
 .UNSPECIFIED.,.F.,.F.,(4,1,4),(0.,0.0840714452470555,0.169683980924671),
 .UNSPECIFIED.);
#59=B_SPLINE_CURVE_WITH_KNOTS('',3,(#6660,#6661,#6662,#6663,#6664),
 .UNSPECIFIED.,.F.,.F.,(4,1,4),(0.,0.0778811483851711,0.165601939495747),
 .UNSPECIFIED.);
#60=B_SPLINE_CURVE_WITH_KNOTS('',3,(#6667,#6668,#6669,#6670,#6671),
 .UNSPECIFIED.,.F.,.F.,(4,1,4),(0.,0.0778811483851711,0.165601939495747),
 .UNSPECIFIED.);
#61=B_SPLINE_CURVE_WITH_KNOTS('',3,(#6683,#6684,#6685,#6686,#6687),
 .UNSPECIFIED.,.F.,.F.,(4,1,4),(0.,0.0768244829024535,0.151587690811605),
 .UNSPECIFIED.);
#62=B_SPLINE_CURVE_WITH_KNOTS('',3,(#6690,#6691,#6692,#6693,#6694),
 .UNSPECIFIED.,.F.,.F.,(4,1,4),(0.,0.0768244829024535,0.151587690811605),
 .UNSPECIFIED.);
#63=B_SPLINE_CURVE_WITH_KNOTS('',3,(#6706,#6707,#6708,#6709,#6710),
 .UNSPECIFIED.,.F.,.F.,(4,1,4),(0.,0.132890877261784,0.229701598985067),
 .UNSPECIFIED.);
#64=B_SPLINE_CURVE_WITH_KNOTS('',3,(#6713,#6714,#6715,#6716,#6717),
 .UNSPECIFIED.,.F.,.F.,(4,1,4),(0.,0.132890877261784,0.229701598985067),
 .UNSPECIFIED.);
#65=B_SPLINE_CURVE_WITH_KNOTS('',3,(#6729,#6730,#6731,#6732,#6733),
 .UNSPECIFIED.,.F.,.F.,(4,1,4),(0.,0.0732136834114644,0.198018928709271),
 .UNSPECIFIED.);
#66=B_SPLINE_CURVE_WITH_KNOTS('',3,(#6736,#6737,#6738,#6739,#6740),
 .UNSPECIFIED.,.F.,.F.,(4,1,4),(0.,0.0732136834114644,0.198018928709271),
 .UNSPECIFIED.);
#67=B_SPLINE_CURVE_WITH_KNOTS('',3,(#6752,#6753,#6754,#6755,#6756),
 .UNSPECIFIED.,.F.,.F.,(4,1,4),(0.,0.0337571512872007,0.0695254079765508),
 .UNSPECIFIED.);
#68=B_SPLINE_CURVE_WITH_KNOTS('',3,(#6759,#6760,#6761,#6762,#6763),
 .UNSPECIFIED.,.F.,.F.,(4,1,4),(0.,0.0337571512872007,0.0695254079765508),
 .UNSPECIFIED.);
#69=B_SPLINE_CURVE_WITH_KNOTS('',3,(#6775,#6776,#6777,#6778,#6779),
 .UNSPECIFIED.,.F.,.F.,(4,1,4),(0.,0.0362403690704073,0.0721064669769556),
 .UNSPECIFIED.);
#70=B_SPLINE_CURVE_WITH_KNOTS('',3,(#6782,#6783,#6784,#6785,#6786),
 .UNSPECIFIED.,.F.,.F.,(4,1,4),(0.,0.0362403690704073,0.0721064669769556),
 .UNSPECIFIED.);
#71=B_SPLINE_CURVE_WITH_KNOTS('',3,(#6798,#6799,#6800,#6801,#6802),
 .UNSPECIFIED.,.F.,.F.,(4,1,4),(0.,0.0789636829613019,0.144209763199257),
 .UNSPECIFIED.);
#72=B_SPLINE_CURVE_WITH_KNOTS('',3,(#6805,#6806,#6807,#6808,#6809),
 .UNSPECIFIED.,.F.,.F.,(4,1,4),(0.,0.0789636829613019,0.144209763199257),
 .UNSPECIFIED.);
#73=B_SPLINE_CURVE_WITH_KNOTS('',3,(#6821,#6822,#6823,#6824,#6825),
 .UNSPECIFIED.,.F.,.F.,(4,1,4),(0.,0.0588820195324584,0.133890719674772),
 .UNSPECIFIED.);
#74=B_SPLINE_CURVE_WITH_KNOTS('',3,(#6828,#6829,#6830,#6831,#6832),
 .UNSPECIFIED.,.F.,.F.,(4,1,4),(0.,0.0588820195324584,0.133890719674772),
 .UNSPECIFIED.);
#75=B_SPLINE_CURVE_WITH_KNOTS('',3,(#6844,#6845,#6846,#6847,#6848),
 .UNSPECIFIED.,.F.,.F.,(4,1,4),(0.,0.0692587077615622,0.126039477985136),
 .UNSPECIFIED.);
#76=B_SPLINE_CURVE_WITH_KNOTS('',3,(#6851,#6852,#6853,#6854,#6855),
 .UNSPECIFIED.,.F.,.F.,(4,1,4),(0.,0.0692587077615622,0.126039477985136),
 .UNSPECIFIED.);
#77=B_SPLINE_CURVE_WITH_KNOTS('',3,(#6873,#6874,#6875,#6876,#6877),
 .UNSPECIFIED.,.F.,.F.,(4,1,4),(0.,0.120771602205098,0.247752155591728),
 .UNSPECIFIED.);
#78=B_SPLINE_CURVE_WITH_KNOTS('',3,(#6880,#6881,#6882,#6883,#6884),
 .UNSPECIFIED.,.F.,.F.,(4,1,4),(0.,0.120771602205098,0.247752155591728),
 .UNSPECIFIED.);
#79=B_SPLINE_CURVE_WITH_KNOTS('',3,(#6896,#6897,#6898,#6899,#6900),
 .UNSPECIFIED.,.F.,.F.,(4,1,4),(0.,0.166190444085237,0.299600379781235),
 .UNSPECIFIED.);
#80=B_SPLINE_CURVE_WITH_KNOTS('',3,(#6903,#6904,#6905,#6906,#6907),
 .UNSPECIFIED.,.F.,.F.,(4,1,4),(0.,0.166190444085237,0.299600379781235),
 .UNSPECIFIED.);
#81=B_SPLINE_CURVE_WITH_KNOTS('',3,(#6919,#6920,#6921,#6922,#6923),
 .UNSPECIFIED.,.F.,.F.,(4,1,4),(0.,0.0939088263488001,0.201185534875925),
 .UNSPECIFIED.);
#82=B_SPLINE_CURVE_WITH_KNOTS('',3,(#6926,#6927,#6928,#6929,#6930),
 .UNSPECIFIED.,.F.,.F.,(4,1,4),(0.,0.0939088263488001,0.201185534875925),
 .UNSPECIFIED.);
#83=B_SPLINE_CURVE_WITH_KNOTS('',3,(#6942,#6943,#6944,#6945,#6946),
 .UNSPECIFIED.,.F.,.F.,(4,1,4),(0.,0.0792095083932399,0.162794918208528),
 .UNSPECIFIED.);
#84=B_SPLINE_CURVE_WITH_KNOTS('',3,(#6949,#6950,#6951,#6952,#6953),
 .UNSPECIFIED.,.F.,.F.,(4,1,4),(0.,0.0792095083932399,0.162794918208528),
 .UNSPECIFIED.);
#85=B_SPLINE_CURVE_WITH_KNOTS('',3,(#6965,#6966,#6967,#6968,#6969),
 .UNSPECIFIED.,.F.,.F.,(4,1,4),(0.,0.0746178603507646,0.150524772043239),
 .UNSPECIFIED.);
#86=B_SPLINE_CURVE_WITH_KNOTS('',3,(#6972,#6973,#6974,#6975,#6976),
 .UNSPECIFIED.,.F.,.F.,(4,1,4),(0.,0.0746178603507646,0.150524772043239),
 .UNSPECIFIED.);
#87=B_SPLINE_CURVE_WITH_KNOTS('',3,(#6988,#6989,#6990,#6991,#6992),
 .UNSPECIFIED.,.F.,.F.,(4,1,4),(0.,0.114700245370431,0.226743038709112),
 .UNSPECIFIED.);
#88=B_SPLINE_CURVE_WITH_KNOTS('',3,(#6995,#6996,#6997,#6998,#6999),
 .UNSPECIFIED.,.F.,.F.,(4,1,4),(0.,0.114700245370431,0.226743038709112),
 .UNSPECIFIED.);
#89=B_SPLINE_CURVE_WITH_KNOTS('',3,(#7011,#7012,#7013,#7014,#7015),
 .UNSPECIFIED.,.F.,.F.,(4,1,4),(0.,0.145229746661224,0.249959902686922),
 .UNSPECIFIED.);
#90=B_SPLINE_CURVE_WITH_KNOTS('',3,(#7018,#7019,#7020,#7021,#7022),
 .UNSPECIFIED.,.F.,.F.,(4,1,4),(0.,0.145229746661224,0.249959902686922),
 .UNSPECIFIED.);
#91=B_SPLINE_CURVE_WITH_KNOTS('',3,(#7034,#7035,#7036,#7037,#7038),
 .UNSPECIFIED.,.F.,.F.,(4,1,4),(0.,0.0606002837382458,0.167477130598146),
 .UNSPECIFIED.);
#92=B_SPLINE_CURVE_WITH_KNOTS('',3,(#7041,#7042,#7043,#7044,#7045),
 .UNSPECIFIED.,.F.,.F.,(4,1,4),(0.,0.0606002837382458,0.167477130598146),
 .UNSPECIFIED.);
#93=B_SPLINE_CURVE_WITH_KNOTS('',3,(#7057,#7058,#7059,#7060,#7061),
 .UNSPECIFIED.,.F.,.F.,(4,1,4),(0.,0.0368127611295042,0.0851935171236502),
 .UNSPECIFIED.);
#94=B_SPLINE_CURVE_WITH_KNOTS('',3,(#7064,#7065,#7066,#7067,#7068),
 .UNSPECIFIED.,.F.,.F.,(4,1,4),(0.,0.0368127611295042,0.0851935171236502),
 .UNSPECIFIED.);
#95=B_SPLINE_CURVE_WITH_KNOTS('',3,(#7080,#7081,#7082,#7083,#7084),
 .UNSPECIFIED.,.F.,.F.,(4,1,4),(0.,0.0331662240596053,0.0647256898841498),
 .UNSPECIFIED.);
#96=B_SPLINE_CURVE_WITH_KNOTS('',3,(#7087,#7088,#7089,#7090,#7091),
 .UNSPECIFIED.,.F.,.F.,(4,1,4),(0.,0.0331662240596053,0.0647256898841498),
 .UNSPECIFIED.);
#97=B_SPLINE_CURVE_WITH_KNOTS('',3,(#7103,#7104,#7105,#7106,#7107),
 .UNSPECIFIED.,.F.,.F.,(4,1,4),(0.,0.0584944963786199,0.111809966683531),
 .UNSPECIFIED.);
#98=B_SPLINE_CURVE_WITH_KNOTS('',3,(#7110,#7111,#7112,#7113,#7114),
 .UNSPECIFIED.,.F.,.F.,(4,1,4),(0.,0.0584944963786199,0.111809966683531),
 .UNSPECIFIED.);
#99=B_SPLINE_CURVE_WITH_KNOTS('',3,(#7126,#7127,#7128,#7129,#7130),
 .UNSPECIFIED.,.F.,.F.,(4,1,4),(0.,0.08604709690711,0.154532393489265),
 .UNSPECIFIED.);
#100=B_SPLINE_CURVE_WITH_KNOTS('',3,(#7133,#7134,#7135,#7136,#7137),
 .UNSPECIFIED.,.F.,.F.,(4,1,4),(0.,0.08604709690711,0.154532393489265),
 .UNSPECIFIED.);
#101=B_SPLINE_CURVE_WITH_KNOTS('',3,(#7149,#7150,#7151,#7152,#7153),
 .UNSPECIFIED.,.F.,.F.,(4,1,4),(0.,0.0727995671160711,0.156316573182918),
 .UNSPECIFIED.);
#102=B_SPLINE_CURVE_WITH_KNOTS('',3,(#7156,#7157,#7158,#7159,#7160),
 .UNSPECIFIED.,.F.,.F.,(4,1,4),(0.,0.0727995671160711,0.156316573182918),
 .UNSPECIFIED.);
#103=B_SPLINE_CURVE_WITH_KNOTS('',3,(#7172,#7173,#7174,#7175,#7176),
 .UNSPECIFIED.,.F.,.F.,(4,1,4),(0.,0.0898589235572364,0.164381602069975),
 .UNSPECIFIED.);
#104=B_SPLINE_CURVE_WITH_KNOTS('',3,(#7179,#7180,#7181,#7182,#7183),
 .UNSPECIFIED.,.F.,.F.,(4,1,4),(0.,0.0898589235572364,0.164381602069975),
 .UNSPECIFIED.);
#105=B_SPLINE_CURVE_WITH_KNOTS('',3,(#7200,#7201,#7202,#7203,#7204),
 .UNSPECIFIED.,.F.,.F.,(4,1,4),(0.,0.1350614641105,0.288292364329452),
 .UNSPECIFIED.);
#106=B_SPLINE_CURVE_WITH_KNOTS('',3,(#7205,#7206,#7207,#7208,#7209),
 .UNSPECIFIED.,.F.,.F.,(4,1,4),(0.,0.1350614641105,0.288292364329452),
 .UNSPECIFIED.);
#107=B_SPLINE_SURFACE_WITH_KNOTS('',3,1,((#5960,#5961),(#5962,#5963),(#5964,
#5965),(#5966,#5967),(#5968,#5969)),.UNSPECIFIED.,.F.,.F.,.F.,(4,1,4),(2,
2),(0.,0.0918010830706114,0.179394923765045),(0.,0.3),.UNSPECIFIED.);
#108=B_SPLINE_SURFACE_WITH_KNOTS('',3,1,((#5986,#5987),(#5988,#5989),(#5990,
#5991),(#5992,#5993),(#5994,#5995)),.UNSPECIFIED.,.F.,.F.,.F.,(4,1,4),(2,
2),(0.,0.0864504816470595,0.177932718541673),(0.,0.3),.UNSPECIFIED.);
#109=B_SPLINE_SURFACE_WITH_KNOTS('',3,1,((#6009,#6010),(#6011,#6012),(#6013,
#6014),(#6015,#6016),(#6017,#6018)),.UNSPECIFIED.,.F.,.F.,.F.,(4,1,4),(2,
2),(0.,0.121005834921176,0.217498892754098),(0.,0.3),.UNSPECIFIED.);
#110=B_SPLINE_SURFACE_WITH_KNOTS('',3,1,((#6032,#6033),(#6034,#6035),(#6036,
#6037),(#6038,#6039),(#6040,#6041)),.UNSPECIFIED.,.F.,.F.,.F.,(4,1,4),(2,
2),(0.,0.0988766273465512,0.221693408728656),(0.,0.3),.UNSPECIFIED.);
#111=B_SPLINE_SURFACE_WITH_KNOTS('',3,1,((#6055,#6056),(#6057,#6058),(#6059,
#6060),(#6061,#6062),(#6063,#6064)),.UNSPECIFIED.,.F.,.F.,.F.,(4,1,4),(2,
2),(0.,0.0895501970634891,0.177056104111525),(0.,0.3),.UNSPECIFIED.);
#112=B_SPLINE_SURFACE_WITH_KNOTS('',3,1,((#6078,#6079),(#6080,#6081),(#6082,
#6083),(#6084,#6085),(#6086,#6087)),.UNSPECIFIED.,.F.,.F.,.F.,(4,1,4),(2,
2),(0.,0.0884076102050863,0.178251966682899),(0.,0.3),.UNSPECIFIED.);
#113=B_SPLINE_SURFACE_WITH_KNOTS('',3,1,((#6101,#6102),(#6103,#6104),(#6105,
#6106),(#6107,#6108),(#6109,#6110)),.UNSPECIFIED.,.F.,.F.,.F.,(4,1,4),(2,
2),(0.,0.120534275409682,0.21924471490257),(0.,0.3),.UNSPECIFIED.);
#114=B_SPLINE_SURFACE_WITH_KNOTS('',3,1,((#6124,#6125),(#6126,#6127),(#6128,
#6129),(#6130,#6131),(#6132,#6133)),.UNSPECIFIED.,.F.,.F.,.F.,(4,1,4),(2,
2),(0.,0.0971673032649497,0.218731613995338),(0.,0.3),.UNSPECIFIED.);
#115=B_SPLINE_SURFACE_WITH_KNOTS('',3,1,((#6144,#6145),(#6146,#6147),(#6148,
#6149),(#6150,#6151),(#6152,#6153)),.UNSPECIFIED.,.F.,.F.,.F.,(4,1,4),(2,
2),(0.,0.162448343102984,0.310471414643624),(0.,0.3),.UNSPECIFIED.);
#116=B_SPLINE_SURFACE_WITH_KNOTS('',3,1,((#6170,#6171),(#6172,#6173),(#6174,
#6175),(#6176,#6177),(#6178,#6179)),.UNSPECIFIED.,.F.,.F.,.F.,(4,1,4),(2,
2),(0.,0.147794069442281,0.308651585433365),(0.,0.3),.UNSPECIFIED.);
#117=B_SPLINE_SURFACE_WITH_KNOTS('',3,1,((#6193,#6194),(#6195,#6196),(#6197,
#6198),(#6199,#6200),(#6201,#6202)),.UNSPECIFIED.,.F.,.F.,.F.,(4,1,4),(2,
2),(0.,0.174710362916521,0.327422068472568),(0.,0.3),.UNSPECIFIED.);
#118=B_SPLINE_SURFACE_WITH_KNOTS('',3,1,((#6216,#6217),(#6218,#6219),(#6220,
#6221),(#6222,#6223),(#6224,#6225)),.UNSPECIFIED.,.F.,.F.,.F.,(4,1,4),(2,
2),(0.,0.153486157721673,0.329451428269692),(0.,0.3),.UNSPECIFIED.);
#119=B_SPLINE_SURFACE_WITH_KNOTS('',3,1,((#6239,#6240),(#6241,#6242),(#6243,
#6244),(#6245,#6246),(#6247,#6248)),.UNSPECIFIED.,.F.,.F.,.F.,(4,1,4),(2,
2),(0.,0.161418471450615,0.309893565502478),(0.,0.3),.UNSPECIFIED.);
#120=B_SPLINE_SURFACE_WITH_KNOTS('',3,1,((#6262,#6263),(#6264,#6265),(#6266,
#6267),(#6268,#6269),(#6270,#6271)),.UNSPECIFIED.,.F.,.F.,.F.,(4,1,4),(2,
2),(0.,0.0839185202162305,0.176209243184804),(0.,0.3),.UNSPECIFIED.);
#121=B_SPLINE_SURFACE_WITH_KNOTS('',3,1,((#6285,#6286),(#6287,#6288),(#6289,
#6290),(#6291,#6292),(#6293,#6294)),.UNSPECIFIED.,.F.,.F.,.F.,(4,1,4),(2,
2),(0.,0.065227424393243,0.126897248397976),(0.,0.3),.UNSPECIFIED.);
#122=B_SPLINE_SURFACE_WITH_KNOTS('',3,1,((#6308,#6309),(#6310,#6311),(#6312,
#6313),(#6314,#6315),(#6316,#6317)),.UNSPECIFIED.,.F.,.F.,.F.,(4,1,4),(2,
2),(0.,0.0663204517288201,0.132946593836632),(0.,0.3),.UNSPECIFIED.);
#123=B_SPLINE_SURFACE_WITH_KNOTS('',3,1,((#6331,#6332),(#6333,#6334),(#6335,
#6336),(#6337,#6338),(#6339,#6340)),.UNSPECIFIED.,.F.,.F.,.F.,(4,1,4),(2,
2),(0.,0.112785716645316,0.209523047006966),(0.,0.3),.UNSPECIFIED.);
#124=B_SPLINE_SURFACE_WITH_KNOTS('',3,1,((#6354,#6355),(#6356,#6357),(#6358,
#6359),(#6360,#6361),(#6362,#6363)),.UNSPECIFIED.,.F.,.F.,.F.,(4,1,4),(2,
2),(0.,0.151778704605857,0.324331525735963),(0.,0.3),.UNSPECIFIED.);
#125=B_SPLINE_SURFACE_WITH_KNOTS('',3,1,((#6554,#6555),(#6556,#6557),(#6558,
#6559),(#6560,#6561),(#6562,#6563)),.UNSPECIFIED.,.F.,.F.,.F.,(4,1,4),(2,
2),(0.,0.169048191061729,0.308955285154632),(0.,0.3),.UNSPECIFIED.);
#126=B_SPLINE_SURFACE_WITH_KNOTS('',3,1,((#6580,#6581),(#6582,#6583),(#6584,
#6585),(#6586,#6587),(#6588,#6589)),.UNSPECIFIED.,.F.,.F.,.F.,(4,1,4),(2,
2),(0.,0.101735805851221,0.221619948471931),(0.,0.3),.UNSPECIFIED.);
#127=B_SPLINE_SURFACE_WITH_KNOTS('',3,1,((#6603,#6604),(#6605,#6606),(#6607,
#6608),(#6609,#6610),(#6611,#6612)),.UNSPECIFIED.,.F.,.F.,.F.,(4,1,4),(2,
2),(0.,0.0872383336365721,0.177491569096799),(0.,0.3),.UNSPECIFIED.);
#128=B_SPLINE_SURFACE_WITH_KNOTS('',3,1,((#6626,#6627),(#6628,#6629),(#6630,
#6631),(#6632,#6633),(#6634,#6635)),.UNSPECIFIED.,.F.,.F.,.F.,(4,1,4),(2,
2),(0.,0.0840714452470555,0.169683980924671),(0.,0.3),.UNSPECIFIED.);
#129=B_SPLINE_SURFACE_WITH_KNOTS('',3,1,((#6649,#6650),(#6651,#6652),(#6653,
#6654),(#6655,#6656),(#6657,#6658)),.UNSPECIFIED.,.F.,.F.,.F.,(4,1,4),(2,
2),(0.,0.0778811483851711,0.165601939495747),(0.,0.3),.UNSPECIFIED.);
#130=B_SPLINE_SURFACE_WITH_KNOTS('',3,1,((#6672,#6673),(#6674,#6675),(#6676,
#6677),(#6678,#6679),(#6680,#6681)),.UNSPECIFIED.,.F.,.F.,.F.,(4,1,4),(2,
2),(0.,0.0768244829024535,0.151587690811605),(0.,0.3),.UNSPECIFIED.);
#131=B_SPLINE_SURFACE_WITH_KNOTS('',3,1,((#6695,#6696),(#6697,#6698),(#6699,
#6700),(#6701,#6702),(#6703,#6704)),.UNSPECIFIED.,.F.,.F.,.F.,(4,1,4),(2,
2),(0.,0.132890877261784,0.229701598985067),(0.,0.3),.UNSPECIFIED.);
#132=B_SPLINE_SURFACE_WITH_KNOTS('',3,1,((#6718,#6719),(#6720,#6721),(#6722,
#6723),(#6724,#6725),(#6726,#6727)),.UNSPECIFIED.,.F.,.F.,.F.,(4,1,4),(2,
2),(0.,0.0732136834114644,0.198018928709271),(0.,0.3),.UNSPECIFIED.);
#133=B_SPLINE_SURFACE_WITH_KNOTS('',3,1,((#6741,#6742),(#6743,#6744),(#6745,
#6746),(#6747,#6748),(#6749,#6750)),.UNSPECIFIED.,.F.,.F.,.F.,(4,1,4),(2,
2),(0.,0.0337571512872007,0.0695254079765508),(0.,0.3),.UNSPECIFIED.);
#134=B_SPLINE_SURFACE_WITH_KNOTS('',3,1,((#6764,#6765),(#6766,#6767),(#6768,
#6769),(#6770,#6771),(#6772,#6773)),.UNSPECIFIED.,.F.,.F.,.F.,(4,1,4),(2,
2),(0.,0.0362403690704073,0.0721064669769556),(0.,0.3),.UNSPECIFIED.);
#135=B_SPLINE_SURFACE_WITH_KNOTS('',3,1,((#6787,#6788),(#6789,#6790),(#6791,
#6792),(#6793,#6794),(#6795,#6796)),.UNSPECIFIED.,.F.,.F.,.F.,(4,1,4),(2,
2),(0.,0.0789636829613019,0.144209763199257),(0.,0.3),.UNSPECIFIED.);
#136=B_SPLINE_SURFACE_WITH_KNOTS('',3,1,((#6810,#6811),(#6812,#6813),(#6814,
#6815),(#6816,#6817),(#6818,#6819)),.UNSPECIFIED.,.F.,.F.,.F.,(4,1,4),(2,
2),(0.,0.0588820195324584,0.133890719674772),(0.,0.3),.UNSPECIFIED.);
#137=B_SPLINE_SURFACE_WITH_KNOTS('',3,1,((#6833,#6834),(#6835,#6836),(#6837,
#6838),(#6839,#6840),(#6841,#6842)),.UNSPECIFIED.,.F.,.F.,.F.,(4,1,4),(2,
2),(0.,0.0692587077615622,0.126039477985136),(0.,0.3),.UNSPECIFIED.);
#138=B_SPLINE_SURFACE_WITH_KNOTS('',3,1,((#6862,#6863),(#6864,#6865),(#6866,
#6867),(#6868,#6869),(#6870,#6871)),.UNSPECIFIED.,.F.,.F.,.F.,(4,1,4),(2,
2),(0.,0.120771602205098,0.247752155591728),(0.,0.3),.UNSPECIFIED.);
#139=B_SPLINE_SURFACE_WITH_KNOTS('',3,1,((#6885,#6886),(#6887,#6888),(#6889,
#6890),(#6891,#6892),(#6893,#6894)),.UNSPECIFIED.,.F.,.F.,.F.,(4,1,4),(2,
2),(0.,0.166190444085237,0.299600379781235),(0.,0.3),.UNSPECIFIED.);
#140=B_SPLINE_SURFACE_WITH_KNOTS('',3,1,((#6908,#6909),(#6910,#6911),(#6912,
#6913),(#6914,#6915),(#6916,#6917)),.UNSPECIFIED.,.F.,.F.,.F.,(4,1,4),(2,
2),(0.,0.0939088263488001,0.201185534875925),(0.,0.3),.UNSPECIFIED.);
#141=B_SPLINE_SURFACE_WITH_KNOTS('',3,1,((#6931,#6932),(#6933,#6934),(#6935,
#6936),(#6937,#6938),(#6939,#6940)),.UNSPECIFIED.,.F.,.F.,.F.,(4,1,4),(2,
2),(0.,0.0792095083932399,0.162794918208528),(0.,0.3),.UNSPECIFIED.);
#142=B_SPLINE_SURFACE_WITH_KNOTS('',3,1,((#6954,#6955),(#6956,#6957),(#6958,
#6959),(#6960,#6961),(#6962,#6963)),.UNSPECIFIED.,.F.,.F.,.F.,(4,1,4),(2,
2),(0.,0.0746178603507646,0.150524772043239),(0.,0.3),.UNSPECIFIED.);
#143=B_SPLINE_SURFACE_WITH_KNOTS('',3,1,((#6977,#6978),(#6979,#6980),(#6981,
#6982),(#6983,#6984),(#6985,#6986)),.UNSPECIFIED.,.F.,.F.,.F.,(4,1,4),(2,
2),(0.,0.114700245370431,0.226743038709112),(0.,0.3),.UNSPECIFIED.);
#144=B_SPLINE_SURFACE_WITH_KNOTS('',3,1,((#7000,#7001),(#7002,#7003),(#7004,
#7005),(#7006,#7007),(#7008,#7009)),.UNSPECIFIED.,.F.,.F.,.F.,(4,1,4),(2,
2),(0.,0.145229746661224,0.249959902686922),(0.,0.3),.UNSPECIFIED.);
#145=B_SPLINE_SURFACE_WITH_KNOTS('',3,1,((#7023,#7024),(#7025,#7026),(#7027,
#7028),(#7029,#7030),(#7031,#7032)),.UNSPECIFIED.,.F.,.F.,.F.,(4,1,4),(2,
2),(0.,0.0606002837382458,0.167477130598146),(0.,0.3),.UNSPECIFIED.);
#146=B_SPLINE_SURFACE_WITH_KNOTS('',3,1,((#7046,#7047),(#7048,#7049),(#7050,
#7051),(#7052,#7053),(#7054,#7055)),.UNSPECIFIED.,.F.,.F.,.F.,(4,1,4),(2,
2),(0.,0.0368127611295042,0.0851935171236502),(0.,0.3),.UNSPECIFIED.);
#147=B_SPLINE_SURFACE_WITH_KNOTS('',3,1,((#7069,#7070),(#7071,#7072),(#7073,
#7074),(#7075,#7076),(#7077,#7078)),.UNSPECIFIED.,.F.,.F.,.F.,(4,1,4),(2,
2),(0.,0.0331662240596053,0.0647256898841498),(0.,0.3),.UNSPECIFIED.);
#148=B_SPLINE_SURFACE_WITH_KNOTS('',3,1,((#7092,#7093),(#7094,#7095),(#7096,
#7097),(#7098,#7099),(#7100,#7101)),.UNSPECIFIED.,.F.,.F.,.F.,(4,1,4),(2,
2),(0.,0.0584944963786199,0.111809966683531),(0.,0.3),.UNSPECIFIED.);
#149=B_SPLINE_SURFACE_WITH_KNOTS('',3,1,((#7115,#7116),(#7117,#7118),(#7119,
#7120),(#7121,#7122),(#7123,#7124)),.UNSPECIFIED.,.F.,.F.,.F.,(4,1,4),(2,
2),(0.,0.08604709690711,0.154532393489265),(0.,0.3),.UNSPECIFIED.);
#150=B_SPLINE_SURFACE_WITH_KNOTS('',3,1,((#7138,#7139),(#7140,#7141),(#7142,
#7143),(#7144,#7145),(#7146,#7147)),.UNSPECIFIED.,.F.,.F.,.F.,(4,1,4),(2,
2),(0.,0.0727995671160711,0.156316573182918),(0.,0.3),.UNSPECIFIED.);
#151=B_SPLINE_SURFACE_WITH_KNOTS('',3,1,((#7161,#7162),(#7163,#7164),(#7165,
#7166),(#7167,#7168),(#7169,#7170)),.UNSPECIFIED.,.F.,.F.,.F.,(4,1,4),(2,
2),(0.,0.0898589235572364,0.164381602069975),(0.,0.3),.UNSPECIFIED.);
#152=B_SPLINE_SURFACE_WITH_KNOTS('',3,1,((#7190,#7191),(#7192,#7193),(#7194,
#7195),(#7196,#7197),(#7198,#7199)),.UNSPECIFIED.,.F.,.F.,.F.,(4,1,4),(2,
2),(0.,0.1350614641105,0.288292364329452),(0.,0.3),.UNSPECIFIED.);
#153=CYLINDRICAL_SURFACE('',#4183,3.04999999999998);
#154=CYLINDRICAL_SURFACE('',#4186,3.04999999999998);
#155=CYLINDRICAL_SURFACE('',#4190,3.04999999999996);
#156=CYLINDRICAL_SURFACE('',#4193,3.04999999999998);
#157=CYLINDRICAL_SURFACE('',#4205,3.04999999999998);
#158=CYLINDRICAL_SURFACE('',#4208,3.04999999999996);
#159=CYLINDRICAL_SURFACE('',#4211,3.04999999999998);
#160=CYLINDRICAL_SURFACE('',#4214,3.04999999999998);
#161=CYLINDRICAL_SURFACE('',#4242,3.05);
#162=CYLINDRICAL_SURFACE('',#4245,3.05000000000007);
#163=CYLINDRICAL_SURFACE('',#4249,3.04999999999971);
#164=CYLINDRICAL_SURFACE('',#4252,3.05);
#165=CYLINDRICAL_SURFACE('',#4265,3.05);
#166=CYLINDRICAL_SURFACE('',#4268,3.04999999999971);
#167=CYLINDRICAL_SURFACE('',#4271,3.05);
#168=CYLINDRICAL_SURFACE('',#4274,3.05000000000007);
#169=CYLINDRICAL_SURFACE('',#4286,2.00000000007178);
#170=CYLINDRICAL_SURFACE('',#4289,2.00000000000001);
#171=CYLINDRICAL_SURFACE('',#4291,1.9999999997772);
#172=CYLINDRICAL_SURFACE('',#4294,2.);
#173=CYLINDRICAL_SURFACE('',#4307,10.);
#174=CYLINDRICAL_SURFACE('',#4311,10.);
#175=CYLINDRICAL_SURFACE('',#4315,6.50000004842877);
#176=CYLINDRICAL_SURFACE('',#4317,6.50000004842873);
#177=CYLINDRICAL_SURFACE('',#4319,10.);
#178=CYLINDRICAL_SURFACE('',#4323,10.);
#179=CYLINDRICAL_SURFACE('',#4327,6.50000004842877);
#180=CYLINDRICAL_SURFACE('',#4329,6.50000004842873);
#181=CYLINDRICAL_SURFACE('',#4331,10.);
#182=CYLINDRICAL_SURFACE('',#4335,10.);
#183=CYLINDRICAL_SURFACE('',#4339,6.50000004842877);
#184=CYLINDRICAL_SURFACE('',#4341,6.50000004842873);
#185=CYLINDRICAL_SURFACE('',#4343,10.);
#186=CYLINDRICAL_SURFACE('',#4347,10.);
#187=CYLINDRICAL_SURFACE('',#4351,6.50000004842877);
#188=CYLINDRICAL_SURFACE('',#4353,6.50000004842873);
#189=CYLINDRICAL_SURFACE('',#4414,10.25);
#190=CYLINDRICAL_SURFACE('',#4417,33.);
#191=CYLINDRICAL_SURFACE('',#4425,7.5);
#192=CYLINDRICAL_SURFACE('',#4429,7.5);
#193=CYLINDRICAL_SURFACE('',#4433,7.5);
#194=CYLINDRICAL_SURFACE('',#4437,7.5);
#195=CYLINDRICAL_SURFACE('',#4441,5.75000000000002);
#196=CYLINDRICAL_SURFACE('',#4442,5.75000000000002);
#197=CYLINDRICAL_SURFACE('',#4443,5.75000000000002);
#198=CYLINDRICAL_SURFACE('',#4444,5.75000000000002);
#199=CYLINDRICAL_SURFACE('',#4446,75.0000000000004);
#200=CYLINDRICAL_SURFACE('',#4448,75.);
#201=CYLINDRICAL_SURFACE('',#4450,75.);
#202=FACE_BOUND('',#606,.T.);
#203=FACE_BOUND('',#607,.T.);
#204=FACE_BOUND('',#621,.T.);
#205=FACE_BOUND('',#622,.T.);
#206=FACE_BOUND('',#637,.T.);
#207=FACE_BOUND('',#638,.T.);
#208=FACE_BOUND('',#639,.T.);
#209=FACE_BOUND('',#640,.T.);
#210=FACE_BOUND('',#641,.T.);
#211=FACE_BOUND('',#642,.T.);
#212=FACE_BOUND('',#643,.T.);
#213=FACE_BOUND('',#644,.T.);
#214=FACE_BOUND('',#645,.T.);
#215=FACE_BOUND('',#646,.T.);
#216=FACE_BOUND('',#647,.T.);
#217=FACE_BOUND('',#648,.T.);
#218=FACE_BOUND('',#649,.T.);
#219=FACE_BOUND('',#650,.T.);
#220=FACE_BOUND('',#651,.T.);
#221=FACE_BOUND('',#652,.T.);
#222=FACE_BOUND('',#653,.T.);
#223=FACE_BOUND('',#654,.T.);
#224=FACE_BOUND('',#655,.T.);
#225=FACE_BOUND('',#656,.T.);
#226=FACE_BOUND('',#658,.T.);
#227=FACE_BOUND('',#659,.T.);
#228=FACE_BOUND('',#674,.T.);
#229=FACE_BOUND('',#675,.T.);
#230=FACE_BOUND('',#689,.T.);
#231=FACE_BOUND('',#690,.T.);
#232=FACE_BOUND('',#711,.T.);
#233=FACE_BOUND('',#714,.T.);
#234=FACE_BOUND('',#719,.T.);
#235=FACE_BOUND('',#722,.T.);
#236=FACE_BOUND('',#727,.T.);
#237=FACE_BOUND('',#730,.T.);
#238=FACE_BOUND('',#735,.T.);
#239=FACE_BOUND('',#738,.T.);
#240=FACE_BOUND('',#760,.T.);
#241=FACE_BOUND('',#838,.T.);
#242=FACE_BOUND('',#839,.T.);
#243=FACE_BOUND('',#840,.T.);
#244=FACE_BOUND('',#841,.T.);
#245=FACE_BOUND('',#842,.T.);
#246=FACE_BOUND('',#843,.T.);
#247=FACE_BOUND('',#844,.T.);
#248=FACE_BOUND('',#845,.T.);
#249=FACE_BOUND('',#846,.T.);
#250=FACE_BOUND('',#847,.T.);
#251=FACE_BOUND('',#848,.T.);
#252=FACE_BOUND('',#849,.T.);
#253=FACE_BOUND('',#850,.T.);
#254=FACE_BOUND('',#851,.T.);
#255=FACE_BOUND('',#852,.T.);
#256=FACE_BOUND('',#853,.T.);
#257=FACE_BOUND('',#854,.T.);
#258=FACE_BOUND('',#855,.T.);
#259=FACE_BOUND('',#856,.T.);
#260=FACE_BOUND('',#857,.T.);
#261=FACE_BOUND('',#858,.T.);
#262=FACE_BOUND('',#859,.T.);
#263=FACE_BOUND('',#860,.T.);
#264=FACE_BOUND('',#861,.T.);
#265=FACE_BOUND('',#862,.T.);
#266=FACE_BOUND('',#863,.T.);
#267=FACE_BOUND('',#864,.T.);
#268=FACE_BOUND('',#865,.T.);
#269=FACE_BOUND('',#866,.T.);
#270=FACE_BOUND('',#867,.T.);
#271=FACE_BOUND('',#868,.T.);
#272=FACE_BOUND('',#869,.T.);
#273=FACE_BOUND('',#881,.T.);
#274=FACE_BOUND('',#884,.T.);
#275=FACE_BOUND('',#887,.T.);
#276=FACE_BOUND('',#890,.T.);
#277=CIRCLE('',#4179,3.04999999999996);
#278=CIRCLE('',#4180,3.04999999999998);
#279=CIRCLE('',#4181,3.04999999999998);
#280=CIRCLE('',#4182,3.04999999999998);
#281=CIRCLE('',#4184,3.04999999999998);
#282=CIRCLE('',#4187,3.04999999999998);
#283=CIRCLE('',#4191,3.04999999999996);
#284=CIRCLE('',#4194,3.04999999999998);
#285=CIRCLE('',#4200,3.04999999999996);
#286=CIRCLE('',#4201,3.04999999999998);
#287=CIRCLE('',#4202,3.04999999999998);
#288=CIRCLE('',#4203,3.04999999999998);
#289=CIRCLE('',#4206,3.04999999999998);
#290=CIRCLE('',#4209,3.04999999999996);
#291=CIRCLE('',#4212,3.04999999999998);
#292=CIRCLE('',#4215,3.04999999999998);
#293=CIRCLE('',#4222,75.);
#294=CIRCLE('',#4223,75.);
#295=CIRCLE('',#4224,75.0000000000004);
#296=CIRCLE('',#4225,10.);
#297=CIRCLE('',#4226,10.);
#298=CIRCLE('',#4227,10.);
#299=CIRCLE('',#4228,10.);
#300=CIRCLE('',#4229,10.);
#301=CIRCLE('',#4230,10.);
#302=CIRCLE('',#4231,10.);
#303=CIRCLE('',#4232,10.);
#304=CIRCLE('',#4233,7.5);
#305=CIRCLE('',#4234,7.5);
#306=CIRCLE('',#4235,7.5);
#307=CIRCLE('',#4236,7.5);
#308=CIRCLE('',#4238,3.04999999999971);
#309=CIRCLE('',#4239,3.05000000000007);
#310=CIRCLE('',#4240,3.05);
#311=CIRCLE('',#4241,3.05);
#312=CIRCLE('',#4243,3.05);
#313=CIRCLE('',#4246,3.05000000000007);
#314=CIRCLE('',#4250,3.04999999999971);
#315=CIRCLE('',#4253,3.05);
#316=CIRCLE('',#4260,3.04999999999971);
#317=CIRCLE('',#4261,3.05000000000007);
#318=CIRCLE('',#4262,3.05);
#319=CIRCLE('',#4263,3.05);
#320=CIRCLE('',#4266,3.05);
#321=CIRCLE('',#4269,3.04999999999971);
#322=CIRCLE('',#4272,3.05);
#323=CIRCLE('',#4275,3.05000000000007);
#324=CIRCLE('',#4281,2.);
#325=CIRCLE('',#4282,2.00000000000001);
#326=CIRCLE('',#4283,1.9999999997772);
#327=CIRCLE('',#4284,2.00000000007178);
#328=CIRCLE('',#4287,2.00000000007178);
#329=CIRCLE('',#4290,2.00000000000001);
#330=CIRCLE('',#4292,1.9999999997772);
#331=CIRCLE('',#4295,2.);
#332=CIRCLE('',#4308,10.);
#333=CIRCLE('',#4310,6.50000004842877);
#334=CIRCLE('',#4312,10.);
#335=CIRCLE('',#4314,6.50000004842873);
#336=CIRCLE('',#4316,6.50000004842877);
#337=CIRCLE('',#4318,6.50000004842873);
#338=CIRCLE('',#4320,10.);
#339=CIRCLE('',#4322,6.50000004842877);
#340=CIRCLE('',#4324,10.);
#341=CIRCLE('',#4326,6.50000004842873);
#342=CIRCLE('',#4328,6.50000004842877);
#343=CIRCLE('',#4330,6.50000004842873);
#344=CIRCLE('',#4332,10.);
#345=CIRCLE('',#4334,6.50000004842877);
#346=CIRCLE('',#4336,10.);
#347=CIRCLE('',#4338,6.50000004842873);
#348=CIRCLE('',#4340,6.50000004842877);
#349=CIRCLE('',#4342,6.50000004842873);
#350=CIRCLE('',#4344,10.);
#351=CIRCLE('',#4346,6.50000004842877);
#352=CIRCLE('',#4348,10.);
#353=CIRCLE('',#4350,6.50000004842873);
#354=CIRCLE('',#4352,6.50000004842877);
#355=CIRCLE('',#4354,6.50000004842873);
#356=CIRCLE('',#4405,75.);
#357=CIRCLE('',#4406,75.0000000000004);
#358=CIRCLE('',#4407,75.);
#359=CIRCLE('',#4408,5.75000000000002);
#360=CIRCLE('',#4409,5.75000000000002);
#361=CIRCLE('',#4410,5.75000000000002);
#362=CIRCLE('',#4411,5.75000000000002);
#363=CIRCLE('',#4412,33.);
#364=CIRCLE('',#4413,10.25);
#365=CIRCLE('',#4415,10.25);
#366=CIRCLE('',#4418,33.);
#367=CIRCLE('',#4426,7.5);
#368=CIRCLE('',#4428,5.75000000000002);
#369=CIRCLE('',#4430,7.5);
#370=CIRCLE('',#4432,5.75000000000002);
#371=CIRCLE('',#4434,7.5);
#372=CIRCLE('',#4436,5.75000000000002);
#373=CIRCLE('',#4438,7.5);
#374=CIRCLE('',#4440,5.75000000000002);
#375=FACE_OUTER_BOUND('',#601,.T.);
#376=FACE_OUTER_BOUND('',#602,.T.);
#377=FACE_OUTER_BOUND('',#603,.T.);
#378=FACE_OUTER_BOUND('',#604,.T.);
#379=FACE_OUTER_BOUND('',#605,.T.);
#380=FACE_OUTER_BOUND('',#608,.T.);
#381=FACE_OUTER_BOUND('',#609,.T.);
#382=FACE_OUTER_BOUND('',#610,.T.);
#383=FACE_OUTER_BOUND('',#611,.T.);
#384=FACE_OUTER_BOUND('',#612,.T.);
#385=FACE_OUTER_BOUND('',#613,.T.);
#386=FACE_OUTER_BOUND('',#614,.T.);
#387=FACE_OUTER_BOUND('',#615,.T.);
#388=FACE_OUTER_BOUND('',#616,.T.);
#389=FACE_OUTER_BOUND('',#617,.T.);
#390=FACE_OUTER_BOUND('',#618,.T.);
#391=FACE_OUTER_BOUND('',#619,.T.);
#392=FACE_OUTER_BOUND('',#620,.T.);
#393=FACE_OUTER_BOUND('',#623,.T.);
#394=FACE_OUTER_BOUND('',#624,.T.);
#395=FACE_OUTER_BOUND('',#625,.T.);
#396=FACE_OUTER_BOUND('',#626,.T.);
#397=FACE_OUTER_BOUND('',#627,.T.);
#398=FACE_OUTER_BOUND('',#628,.T.);
#399=FACE_OUTER_BOUND('',#629,.T.);
#400=FACE_OUTER_BOUND('',#630,.T.);
#401=FACE_OUTER_BOUND('',#631,.T.);
#402=FACE_OUTER_BOUND('',#632,.T.);
#403=FACE_OUTER_BOUND('',#633,.T.);
#404=FACE_OUTER_BOUND('',#634,.T.);
#405=FACE_OUTER_BOUND('',#635,.T.);
#406=FACE_OUTER_BOUND('',#636,.T.);
#407=FACE_OUTER_BOUND('',#657,.T.);
#408=FACE_OUTER_BOUND('',#660,.T.);
#409=FACE_OUTER_BOUND('',#661,.T.);
#410=FACE_OUTER_BOUND('',#662,.T.);
#411=FACE_OUTER_BOUND('',#663,.T.);
#412=FACE_OUTER_BOUND('',#664,.T.);
#413=FACE_OUTER_BOUND('',#665,.T.);
#414=FACE_OUTER_BOUND('',#666,.T.);
#415=FACE_OUTER_BOUND('',#667,.T.);
#416=FACE_OUTER_BOUND('',#668,.T.);
#417=FACE_OUTER_BOUND('',#669,.T.);
#418=FACE_OUTER_BOUND('',#670,.T.);
#419=FACE_OUTER_BOUND('',#671,.T.);
#420=FACE_OUTER_BOUND('',#672,.T.);
#421=FACE_OUTER_BOUND('',#673,.T.);
#422=FACE_OUTER_BOUND('',#676,.T.);
#423=FACE_OUTER_BOUND('',#677,.T.);
#424=FACE_OUTER_BOUND('',#678,.T.);
#425=FACE_OUTER_BOUND('',#679,.T.);
#426=FACE_OUTER_BOUND('',#680,.T.);
#427=FACE_OUTER_BOUND('',#681,.T.);
#428=FACE_OUTER_BOUND('',#682,.T.);
#429=FACE_OUTER_BOUND('',#683,.T.);
#430=FACE_OUTER_BOUND('',#684,.T.);
#431=FACE_OUTER_BOUND('',#685,.T.);
#432=FACE_OUTER_BOUND('',#686,.T.);
#433=FACE_OUTER_BOUND('',#687,.T.);
#434=FACE_OUTER_BOUND('',#688,.T.);
#435=FACE_OUTER_BOUND('',#691,.T.);
#436=FACE_OUTER_BOUND('',#692,.T.);
#437=FACE_OUTER_BOUND('',#693,.T.);
#438=FACE_OUTER_BOUND('',#694,.T.);
#439=FACE_OUTER_BOUND('',#695,.T.);
#440=FACE_OUTER_BOUND('',#696,.T.);
#441=FACE_OUTER_BOUND('',#697,.T.);
#442=FACE_OUTER_BOUND('',#698,.T.);
#443=FACE_OUTER_BOUND('',#699,.T.);
#444=FACE_OUTER_BOUND('',#700,.T.);
#445=FACE_OUTER_BOUND('',#701,.T.);
#446=FACE_OUTER_BOUND('',#702,.T.);
#447=FACE_OUTER_BOUND('',#703,.T.);
#448=FACE_OUTER_BOUND('',#704,.T.);
#449=FACE_OUTER_BOUND('',#705,.T.);
#450=FACE_OUTER_BOUND('',#706,.T.);
#451=FACE_OUTER_BOUND('',#707,.T.);
#452=FACE_OUTER_BOUND('',#708,.T.);
#453=FACE_OUTER_BOUND('',#709,.T.);
#454=FACE_OUTER_BOUND('',#710,.T.);
#455=FACE_OUTER_BOUND('',#712,.T.);
#456=FACE_OUTER_BOUND('',#713,.T.);
#457=FACE_OUTER_BOUND('',#715,.T.);
#458=FACE_OUTER_BOUND('',#716,.T.);
#459=FACE_OUTER_BOUND('',#717,.T.);
#460=FACE_OUTER_BOUND('',#718,.T.);
#461=FACE_OUTER_BOUND('',#720,.T.);
#462=FACE_OUTER_BOUND('',#721,.T.);
#463=FACE_OUTER_BOUND('',#723,.T.);
#464=FACE_OUTER_BOUND('',#724,.T.);
#465=FACE_OUTER_BOUND('',#725,.T.);
#466=FACE_OUTER_BOUND('',#726,.T.);
#467=FACE_OUTER_BOUND('',#728,.T.);
#468=FACE_OUTER_BOUND('',#729,.T.);
#469=FACE_OUTER_BOUND('',#731,.T.);
#470=FACE_OUTER_BOUND('',#732,.T.);
#471=FACE_OUTER_BOUND('',#733,.T.);
#472=FACE_OUTER_BOUND('',#734,.T.);
#473=FACE_OUTER_BOUND('',#736,.T.);
#474=FACE_OUTER_BOUND('',#737,.T.);
#475=FACE_OUTER_BOUND('',#739,.T.);
#476=FACE_OUTER_BOUND('',#740,.T.);
#477=FACE_OUTER_BOUND('',#741,.T.);
#478=FACE_OUTER_BOUND('',#742,.T.);
#479=FACE_OUTER_BOUND('',#743,.T.);
#480=FACE_OUTER_BOUND('',#744,.T.);
#481=FACE_OUTER_BOUND('',#745,.T.);
#482=FACE_OUTER_BOUND('',#746,.T.);
#483=FACE_OUTER_BOUND('',#747,.T.);
#484=FACE_OUTER_BOUND('',#748,.T.);
#485=FACE_OUTER_BOUND('',#749,.T.);
#486=FACE_OUTER_BOUND('',#750,.T.);
#487=FACE_OUTER_BOUND('',#751,.T.);
#488=FACE_OUTER_BOUND('',#752,.T.);
#489=FACE_OUTER_BOUND('',#753,.T.);
#490=FACE_OUTER_BOUND('',#754,.T.);
#491=FACE_OUTER_BOUND('',#755,.T.);
#492=FACE_OUTER_BOUND('',#756,.T.);
#493=FACE_OUTER_BOUND('',#757,.T.);
#494=FACE_OUTER_BOUND('',#758,.T.);
#495=FACE_OUTER_BOUND('',#759,.T.);
#496=FACE_OUTER_BOUND('',#761,.T.);
#497=FACE_OUTER_BOUND('',#762,.T.);
#498=FACE_OUTER_BOUND('',#763,.T.);
#499=FACE_OUTER_BOUND('',#764,.T.);
#500=FACE_OUTER_BOUND('',#765,.T.);
#501=FACE_OUTER_BOUND('',#766,.T.);
#502=FACE_OUTER_BOUND('',#767,.T.);
#503=FACE_OUTER_BOUND('',#768,.T.);
#504=FACE_OUTER_BOUND('',#769,.T.);
#505=FACE_OUTER_BOUND('',#770,.T.);
#506=FACE_OUTER_BOUND('',#771,.T.);
#507=FACE_OUTER_BOUND('',#772,.T.);
#508=FACE_OUTER_BOUND('',#773,.T.);
#509=FACE_OUTER_BOUND('',#774,.T.);
#510=FACE_OUTER_BOUND('',#775,.T.);
#511=FACE_OUTER_BOUND('',#776,.T.);
#512=FACE_OUTER_BOUND('',#777,.T.);
#513=FACE_OUTER_BOUND('',#778,.T.);
#514=FACE_OUTER_BOUND('',#779,.T.);
#515=FACE_OUTER_BOUND('',#780,.T.);
#516=FACE_OUTER_BOUND('',#781,.T.);
#517=FACE_OUTER_BOUND('',#782,.T.);
#518=FACE_OUTER_BOUND('',#783,.T.);
#519=FACE_OUTER_BOUND('',#784,.T.);
#520=FACE_OUTER_BOUND('',#785,.T.);
#521=FACE_OUTER_BOUND('',#786,.T.);
#522=FACE_OUTER_BOUND('',#787,.T.);
#523=FACE_OUTER_BOUND('',#788,.T.);
#524=FACE_OUTER_BOUND('',#789,.T.);
#525=FACE_OUTER_BOUND('',#790,.T.);
#526=FACE_OUTER_BOUND('',#791,.T.);
#527=FACE_OUTER_BOUND('',#792,.T.);
#528=FACE_OUTER_BOUND('',#793,.T.);
#529=FACE_OUTER_BOUND('',#794,.T.);
#530=FACE_OUTER_BOUND('',#795,.T.);
#531=FACE_OUTER_BOUND('',#796,.T.);
#532=FACE_OUTER_BOUND('',#797,.T.);
#533=FACE_OUTER_BOUND('',#798,.T.);
#534=FACE_OUTER_BOUND('',#799,.T.);
#535=FACE_OUTER_BOUND('',#800,.T.);
#536=FACE_OUTER_BOUND('',#801,.T.);
#537=FACE_OUTER_BOUND('',#802,.T.);
#538=FACE_OUTER_BOUND('',#803,.T.);
#539=FACE_OUTER_BOUND('',#804,.T.);
#540=FACE_OUTER_BOUND('',#805,.T.);
#541=FACE_OUTER_BOUND('',#806,.T.);
#542=FACE_OUTER_BOUND('',#807,.T.);
#543=FACE_OUTER_BOUND('',#808,.T.);
#544=FACE_OUTER_BOUND('',#809,.T.);
#545=FACE_OUTER_BOUND('',#810,.T.);
#546=FACE_OUTER_BOUND('',#811,.T.);
#547=FACE_OUTER_BOUND('',#812,.T.);
#548=FACE_OUTER_BOUND('',#813,.T.);
#549=FACE_OUTER_BOUND('',#814,.T.);
#550=FACE_OUTER_BOUND('',#815,.T.);
#551=FACE_OUTER_BOUND('',#816,.T.);
#552=FACE_OUTER_BOUND('',#817,.T.);
#553=FACE_OUTER_BOUND('',#818,.T.);
#554=FACE_OUTER_BOUND('',#819,.T.);
#555=FACE_OUTER_BOUND('',#820,.T.);
#556=FACE_OUTER_BOUND('',#821,.T.);
#557=FACE_OUTER_BOUND('',#822,.T.);
#558=FACE_OUTER_BOUND('',#823,.T.);
#559=FACE_OUTER_BOUND('',#824,.T.);
#560=FACE_OUTER_BOUND('',#825,.T.);
#561=FACE_OUTER_BOUND('',#826,.T.);
#562=FACE_OUTER_BOUND('',#827,.T.);
#563=FACE_OUTER_BOUND('',#828,.T.);
#564=FACE_OUTER_BOUND('',#829,.T.);
#565=FACE_OUTER_BOUND('',#830,.T.);
#566=FACE_OUTER_BOUND('',#831,.T.);
#567=FACE_OUTER_BOUND('',#832,.T.);
#568=FACE_OUTER_BOUND('',#833,.T.);
#569=FACE_OUTER_BOUND('',#834,.T.);
#570=FACE_OUTER_BOUND('',#835,.T.);
#571=FACE_OUTER_BOUND('',#836,.T.);
#572=FACE_OUTER_BOUND('',#837,.T.);
#573=FACE_OUTER_BOUND('',#870,.T.);
#574=FACE_OUTER_BOUND('',#871,.T.);
#575=FACE_OUTER_BOUND('',#872,.T.);
#576=FACE_OUTER_BOUND('',#873,.T.);
#577=FACE_OUTER_BOUND('',#874,.T.);
#578=FACE_OUTER_BOUND('',#875,.T.);
#579=FACE_OUTER_BOUND('',#876,.T.);
#580=FACE_OUTER_BOUND('',#877,.T.);
#581=FACE_OUTER_BOUND('',#878,.T.);
#582=FACE_OUTER_BOUND('',#879,.T.);
#583=FACE_OUTER_BOUND('',#880,.T.);
#584=FACE_OUTER_BOUND('',#882,.T.);
#585=FACE_OUTER_BOUND('',#883,.T.);
#586=FACE_OUTER_BOUND('',#885,.T.);
#587=FACE_OUTER_BOUND('',#886,.T.);
#588=FACE_OUTER_BOUND('',#888,.T.);
#589=FACE_OUTER_BOUND('',#889,.T.);
#590=FACE_OUTER_BOUND('',#891,.T.);
#591=FACE_OUTER_BOUND('',#892,.T.);
#592=FACE_OUTER_BOUND('',#893,.T.);
#593=FACE_OUTER_BOUND('',#894,.T.);
#594=FACE_OUTER_BOUND('',#895,.T.);
#595=FACE_OUTER_BOUND('',#896,.T.);
#596=FACE_OUTER_BOUND('',#897,.T.);
#597=FACE_OUTER_BOUND('',#898,.T.);
#598=FACE_OUTER_BOUND('',#899,.T.);
#599=FACE_OUTER_BOUND('',#900,.T.);
#600=FACE_OUTER_BOUND('',#901,.T.);
#601=EDGE_LOOP('',(#2645,#2646,#2647,#2648));
#602=EDGE_LOOP('',(#2649,#2650,#2651,#2652));
#603=EDGE_LOOP('',(#2653,#2654,#2655,#2656));
#604=EDGE_LOOP('',(#2657,#2658,#2659,#2660));
#605=EDGE_LOOP('',(#2661,#2662,#2663,#2664));
#606=EDGE_LOOP('',(#2665,#2666,#2667,#2668));
#607=EDGE_LOOP('',(#2669,#2670,#2671,#2672));
#608=EDGE_LOOP('',(#2673,#2674,#2675,#2676));
#609=EDGE_LOOP('',(#2677,#2678,#2679,#2680));
#610=EDGE_LOOP('',(#2681,#2682,#2683,#2684));
#611=EDGE_LOOP('',(#2685,#2686,#2687,#2688));
#612=EDGE_LOOP('',(#2689,#2690,#2691,#2692));
#613=EDGE_LOOP('',(#2693,#2694,#2695,#2696));
#614=EDGE_LOOP('',(#2697,#2698,#2699,#2700));
#615=EDGE_LOOP('',(#2701,#2702,#2703,#2704));
#616=EDGE_LOOP('',(#2705,#2706,#2707,#2708));
#617=EDGE_LOOP('',(#2709,#2710,#2711,#2712));
#618=EDGE_LOOP('',(#2713,#2714,#2715,#2716));
#619=EDGE_LOOP('',(#2717,#2718,#2719,#2720));
#620=EDGE_LOOP('',(#2721,#2722,#2723,#2724));
#621=EDGE_LOOP('',(#2725,#2726,#2727,#2728));
#622=EDGE_LOOP('',(#2729,#2730,#2731,#2732));
#623=EDGE_LOOP('',(#2733,#2734,#2735,#2736));
#624=EDGE_LOOP('',(#2737,#2738,#2739,#2740));
#625=EDGE_LOOP('',(#2741,#2742,#2743,#2744));
#626=EDGE_LOOP('',(#2745,#2746,#2747,#2748));
#627=EDGE_LOOP('',(#2749,#2750,#2751,#2752));
#628=EDGE_LOOP('',(#2753,#2754,#2755,#2756));
#629=EDGE_LOOP('',(#2757,#2758,#2759,#2760));
#630=EDGE_LOOP('',(#2761,#2762,#2763,#2764));
#631=EDGE_LOOP('',(#2765,#2766,#2767,#2768));
#632=EDGE_LOOP('',(#2769,#2770,#2771,#2772));
#633=EDGE_LOOP('',(#2773,#2774,#2775,#2776,#2777));
#634=EDGE_LOOP('',(#2778,#2779,#2780,#2781));
#635=EDGE_LOOP('',(#2782,#2783,#2784,#2785,#2786));
#636=EDGE_LOOP('',(#2787,#2788,#2789,#2790,#2791,#2792));
#637=EDGE_LOOP('',(#2793,#2794,#2795,#2796));
#638=EDGE_LOOP('',(#2797,#2798,#2799,#2800));
#639=EDGE_LOOP('',(#2801,#2802,#2803,#2804));
#640=EDGE_LOOP('',(#2805,#2806,#2807,#2808));
#641=EDGE_LOOP('',(#2809));
#642=EDGE_LOOP('',(#2810,#2811,#2812,#2813));
#643=EDGE_LOOP('',(#2814,#2815,#2816,#2817));
#644=EDGE_LOOP('',(#2818));
#645=EDGE_LOOP('',(#2819));
#646=EDGE_LOOP('',(#2820));
#647=EDGE_LOOP('',(#2821));
#648=EDGE_LOOP('',(#2822));
#649=EDGE_LOOP('',(#2823));
#650=EDGE_LOOP('',(#2824));
#651=EDGE_LOOP('',(#2825,#2826,#2827,#2828));
#652=EDGE_LOOP('',(#2829));
#653=EDGE_LOOP('',(#2830));
#654=EDGE_LOOP('',(#2831));
#655=EDGE_LOOP('',(#2832));
#656=EDGE_LOOP('',(#2833,#2834,#2835,#2836));
#657=EDGE_LOOP('',(#2837,#2838,#2839,#2840));
#658=EDGE_LOOP('',(#2841,#2842,#2843,#2844));
#659=EDGE_LOOP('',(#2845,#2846,#2847,#2848));
#660=EDGE_LOOP('',(#2849,#2850,#2851,#2852));
#661=EDGE_LOOP('',(#2853,#2854,#2855,#2856));
#662=EDGE_LOOP('',(#2857,#2858,#2859,#2860));
#663=EDGE_LOOP('',(#2861,#2862,#2863,#2864));
#664=EDGE_LOOP('',(#2865,#2866,#2867,#2868));
#665=EDGE_LOOP('',(#2869,#2870,#2871,#2872));
#666=EDGE_LOOP('',(#2873,#2874,#2875,#2876));
#667=EDGE_LOOP('',(#2877,#2878,#2879,#2880));
#668=EDGE_LOOP('',(#2881,#2882,#2883,#2884));
#669=EDGE_LOOP('',(#2885,#2886,#2887,#2888));
#670=EDGE_LOOP('',(#2889,#2890,#2891,#2892,#2893));
#671=EDGE_LOOP('',(#2894,#2895,#2896,#2897));
#672=EDGE_LOOP('',(#2898,#2899,#2900,#2901,#2902));
#673=EDGE_LOOP('',(#2903,#2904,#2905,#2906));
#674=EDGE_LOOP('',(#2907,#2908,#2909,#2910));
#675=EDGE_LOOP('',(#2911,#2912,#2913,#2914));
#676=EDGE_LOOP('',(#2915,#2916,#2917,#2918));
#677=EDGE_LOOP('',(#2919,#2920,#2921,#2922));
#678=EDGE_LOOP('',(#2923,#2924,#2925,#2926));
#679=EDGE_LOOP('',(#2927,#2928,#2929,#2930));
#680=EDGE_LOOP('',(#2931,#2932,#2933,#2934));
#681=EDGE_LOOP('',(#2935,#2936,#2937,#2938));
#682=EDGE_LOOP('',(#2939,#2940,#2941,#2942));
#683=EDGE_LOOP('',(#2943,#2944,#2945,#2946));
#684=EDGE_LOOP('',(#2947,#2948,#2949,#2950));
#685=EDGE_LOOP('',(#2951,#2952,#2953,#2954));
#686=EDGE_LOOP('',(#2955,#2956,#2957,#2958));
#687=EDGE_LOOP('',(#2959,#2960,#2961,#2962));
#688=EDGE_LOOP('',(#2963,#2964,#2965,#2966));
#689=EDGE_LOOP('',(#2967,#2968,#2969,#2970));
#690=EDGE_LOOP('',(#2971,#2972,#2973,#2974));
#691=EDGE_LOOP('',(#2975,#2976,#2977,#2978));
#692=EDGE_LOOP('',(#2979,#2980,#2981,#2982));
#693=EDGE_LOOP('',(#2983,#2984,#2985,#2986));
#694=EDGE_LOOP('',(#2987,#2988,#2989,#2990));
#695=EDGE_LOOP('',(#2991,#2992,#2993,#2994));
#696=EDGE_LOOP('',(#2995,#2996,#2997,#2998));
#697=EDGE_LOOP('',(#2999,#3000,#3001,#3002));
#698=EDGE_LOOP('',(#3003,#3004,#3005,#3006));
#699=EDGE_LOOP('',(#3007,#3008,#3009,#3010));
#700=EDGE_LOOP('',(#3011,#3012,#3013,#3014));
#701=EDGE_LOOP('',(#3015,#3016,#3017,#3018));
#702=EDGE_LOOP('',(#3019,#3020,#3021,#3022));
#703=EDGE_LOOP('',(#3023,#3024,#3025,#3026));
#704=EDGE_LOOP('',(#3027,#3028,#3029,#3030));
#705=EDGE_LOOP('',(#3031,#3032,#3033,#3034));
#706=EDGE_LOOP('',(#3035,#3036,#3037,#3038));
#707=EDGE_LOOP('',(#3039,#3040,#3041,#3042));
#708=EDGE_LOOP('',(#3043,#3044,#3045,#3046));
#709=EDGE_LOOP('',(#3047,#3048,#3049,#3050));
#710=EDGE_LOOP('',(#3051));
#711=EDGE_LOOP('',(#3052));
#712=EDGE_LOOP('',(#3053,#3054,#3055,#3056));
#713=EDGE_LOOP('',(#3057));
#714=EDGE_LOOP('',(#3058));
#715=EDGE_LOOP('',(#3059,#3060,#3061,#3062));
#716=EDGE_LOOP('',(#3063,#3064,#3065,#3066));
#717=EDGE_LOOP('',(#3067,#3068,#3069,#3070));
#718=EDGE_LOOP('',(#3071));
#719=EDGE_LOOP('',(#3072));
#720=EDGE_LOOP('',(#3073,#3074,#3075,#3076));
#721=EDGE_LOOP('',(#3077));
#722=EDGE_LOOP('',(#3078));
#723=EDGE_LOOP('',(#3079,#3080,#3081,#3082));
#724=EDGE_LOOP('',(#3083,#3084,#3085,#3086));
#725=EDGE_LOOP('',(#3087,#3088,#3089,#3090));
#726=EDGE_LOOP('',(#3091));
#727=EDGE_LOOP('',(#3092));
#728=EDGE_LOOP('',(#3093,#3094,#3095,#3096));
#729=EDGE_LOOP('',(#3097));
#730=EDGE_LOOP('',(#3098));
#731=EDGE_LOOP('',(#3099,#3100,#3101,#3102));
#732=EDGE_LOOP('',(#3103,#3104,#3105,#3106));
#733=EDGE_LOOP('',(#3107,#3108,#3109,#3110));
#734=EDGE_LOOP('',(#3111));
#735=EDGE_LOOP('',(#3112));
#736=EDGE_LOOP('',(#3113,#3114,#3115,#3116));
#737=EDGE_LOOP('',(#3117));
#738=EDGE_LOOP('',(#3118));
#739=EDGE_LOOP('',(#3119,#3120,#3121,#3122));
#740=EDGE_LOOP('',(#3123,#3124,#3125,#3126));
#741=EDGE_LOOP('',(#3127,#3128,#3129,#3130));
#742=EDGE_LOOP('',(#3131,#3132,#3133,#3134));
#743=EDGE_LOOP('',(#3135,#3136,#3137,#3138));
#744=EDGE_LOOP('',(#3139,#3140,#3141,#3142));
#745=EDGE_LOOP('',(#3143,#3144,#3145,#3146));
#746=EDGE_LOOP('',(#3147,#3148,#3149,#3150));
#747=EDGE_LOOP('',(#3151,#3152,#3153,#3154));
#748=EDGE_LOOP('',(#3155,#3156,#3157,#3158));
#749=EDGE_LOOP('',(#3159,#3160,#3161,#3162));
#750=EDGE_LOOP('',(#3163,#3164,#3165,#3166));
#751=EDGE_LOOP('',(#3167,#3168,#3169,#3170));
#752=EDGE_LOOP('',(#3171,#3172,#3173,#3174));
#753=EDGE_LOOP('',(#3175,#3176,#3177,#3178));
#754=EDGE_LOOP('',(#3179,#3180,#3181,#3182));
#755=EDGE_LOOP('',(#3183,#3184,#3185,#3186));
#756=EDGE_LOOP('',(#3187,#3188,#3189,#3190));
#757=EDGE_LOOP('',(#3191,#3192,#3193,#3194));
#758=EDGE_LOOP('',(#3195,#3196,#3197,#3198));
#759=EDGE_LOOP('',(#3199,#3200,#3201,#3202,#3203,#3204,#3205,#3206,#3207,
#3208));
#760=EDGE_LOOP('',(#3209,#3210,#3211,#3212,#3213,#3214,#3215,#3216));
#761=EDGE_LOOP('',(#3217,#3218,#3219,#3220));
#762=EDGE_LOOP('',(#3221,#3222,#3223,#3224));
#763=EDGE_LOOP('',(#3225,#3226,#3227,#3228));
#764=EDGE_LOOP('',(#3229,#3230,#3231,#3232));
#765=EDGE_LOOP('',(#3233,#3234,#3235,#3236));
#766=EDGE_LOOP('',(#3237,#3238,#3239,#3240));
#767=EDGE_LOOP('',(#3241,#3242,#3243,#3244));
#768=EDGE_LOOP('',(#3245,#3246,#3247,#3248));
#769=EDGE_LOOP('',(#3249,#3250,#3251,#3252));
#770=EDGE_LOOP('',(#3253,#3254,#3255,#3256));
#771=EDGE_LOOP('',(#3257,#3258,#3259,#3260));
#772=EDGE_LOOP('',(#3261,#3262,#3263,#3264));
#773=EDGE_LOOP('',(#3265,#3266,#3267,#3268));
#774=EDGE_LOOP('',(#3269,#3270,#3271,#3272,#3273,#3274,#3275,#3276,#3277,
#3278,#3279,#3280,#3281));
#775=EDGE_LOOP('',(#3282,#3283,#3284,#3285));
#776=EDGE_LOOP('',(#3286,#3287,#3288,#3289));
#777=EDGE_LOOP('',(#3290,#3291,#3292,#3293));
#778=EDGE_LOOP('',(#3294,#3295,#3296,#3297));
#779=EDGE_LOOP('',(#3298,#3299,#3300,#3301));
#780=EDGE_LOOP('',(#3302,#3303,#3304,#3305));
#781=EDGE_LOOP('',(#3306,#3307,#3308,#3309));
#782=EDGE_LOOP('',(#3310,#3311,#3312,#3313));
#783=EDGE_LOOP('',(#3314,#3315,#3316,#3317));
#784=EDGE_LOOP('',(#3318,#3319,#3320,#3321));
#785=EDGE_LOOP('',(#3322,#3323,#3324,#3325));
#786=EDGE_LOOP('',(#3326,#3327,#3328,#3329));
#787=EDGE_LOOP('',(#3330,#3331,#3332,#3333));
#788=EDGE_LOOP('',(#3334,#3335,#3336,#3337));
#789=EDGE_LOOP('',(#3338,#3339,#3340,#3341));
#790=EDGE_LOOP('',(#3342,#3343,#3344,#3345));
#791=EDGE_LOOP('',(#3346,#3347,#3348,#3349));
#792=EDGE_LOOP('',(#3350,#3351,#3352,#3353));
#793=EDGE_LOOP('',(#3354,#3355,#3356,#3357));
#794=EDGE_LOOP('',(#3358,#3359,#3360,#3361));
#795=EDGE_LOOP('',(#3362,#3363,#3364,#3365));
#796=EDGE_LOOP('',(#3366,#3367,#3368,#3369));
#797=EDGE_LOOP('',(#3370,#3371,#3372,#3373));
#798=EDGE_LOOP('',(#3374,#3375,#3376,#3377));
#799=EDGE_LOOP('',(#3378,#3379,#3380,#3381));
#800=EDGE_LOOP('',(#3382,#3383,#3384,#3385));
#801=EDGE_LOOP('',(#3386,#3387,#3388,#3389));
#802=EDGE_LOOP('',(#3390,#3391,#3392,#3393));
#803=EDGE_LOOP('',(#3394,#3395,#3396,#3397));
#804=EDGE_LOOP('',(#3398,#3399,#3400,#3401));
#805=EDGE_LOOP('',(#3402,#3403,#3404,#3405));
#806=EDGE_LOOP('',(#3406,#3407,#3408,#3409));
#807=EDGE_LOOP('',(#3410,#3411,#3412,#3413));
#808=EDGE_LOOP('',(#3414,#3415,#3416,#3417));
#809=EDGE_LOOP('',(#3418,#3419,#3420,#3421));
#810=EDGE_LOOP('',(#3422,#3423,#3424,#3425));
#811=EDGE_LOOP('',(#3426,#3427,#3428,#3429));
#812=EDGE_LOOP('',(#3430,#3431,#3432,#3433));
#813=EDGE_LOOP('',(#3434,#3435,#3436,#3437));
#814=EDGE_LOOP('',(#3438,#3439,#3440,#3441));
#815=EDGE_LOOP('',(#3442,#3443,#3444,#3445));
#816=EDGE_LOOP('',(#3446,#3447,#3448,#3449));
#817=EDGE_LOOP('',(#3450,#3451,#3452,#3453));
#818=EDGE_LOOP('',(#3454,#3455,#3456,#3457));
#819=EDGE_LOOP('',(#3458,#3459,#3460,#3461));
#820=EDGE_LOOP('',(#3462,#3463,#3464,#3465));
#821=EDGE_LOOP('',(#3466,#3467,#3468,#3469));
#822=EDGE_LOOP('',(#3470,#3471,#3472,#3473));
#823=EDGE_LOOP('',(#3474,#3475,#3476,#3477));
#824=EDGE_LOOP('',(#3478,#3479,#3480,#3481));
#825=EDGE_LOOP('',(#3482,#3483,#3484,#3485,#3486,#3487,#3488,#3489,#3490,
#3491,#3492,#3493,#3494,#3495,#3496,#3497,#3498,#3499,#3500,#3501,#3502,
#3503,#3504,#3505,#3506,#3507,#3508,#3509,#3510,#3511));
#826=EDGE_LOOP('',(#3512,#3513,#3514,#3515));
#827=EDGE_LOOP('',(#3516,#3517,#3518,#3519));
#828=EDGE_LOOP('',(#3520,#3521,#3522,#3523));
#829=EDGE_LOOP('',(#3524,#3525,#3526,#3527));
#830=EDGE_LOOP('',(#3528,#3529,#3530,#3531));
#831=EDGE_LOOP('',(#3532,#3533,#3534,#3535));
#832=EDGE_LOOP('',(#3536,#3537,#3538,#3539));
#833=EDGE_LOOP('',(#3540,#3541,#3542,#3543));
#834=EDGE_LOOP('',(#3544,#3545,#3546,#3547));
#835=EDGE_LOOP('',(#3548,#3549,#3550,#3551));
#836=EDGE_LOOP('',(#3552,#3553,#3554,#3555,#3556,#3557,#3558,#3559,#3560,
#3561));
#837=EDGE_LOOP('',(#3562,#3563,#3564,#3565,#3566,#3567));
#838=EDGE_LOOP('',(#3568,#3569,#3570,#3571));
#839=EDGE_LOOP('',(#3572,#3573,#3574,#3575));
#840=EDGE_LOOP('',(#3576,#3577,#3578,#3579));
#841=EDGE_LOOP('',(#3580,#3581,#3582,#3583));
#842=EDGE_LOOP('',(#3584,#3585,#3586,#3587));
#843=EDGE_LOOP('',(#3588,#3589,#3590,#3591));
#844=EDGE_LOOP('',(#3592,#3593,#3594,#3595));
#845=EDGE_LOOP('',(#3596,#3597,#3598,#3599));
#846=EDGE_LOOP('',(#3600,#3601,#3602,#3603));
#847=EDGE_LOOP('',(#3604,#3605,#3606,#3607));
#848=EDGE_LOOP('',(#3608));
#849=EDGE_LOOP('',(#3609));
#850=EDGE_LOOP('',(#3610));
#851=EDGE_LOOP('',(#3611));
#852=EDGE_LOOP('',(#3612));
#853=EDGE_LOOP('',(#3613));
#854=EDGE_LOOP('',(#3614));
#855=EDGE_LOOP('',(#3615));
#856=EDGE_LOOP('',(#3616));
#857=EDGE_LOOP('',(#3617));
#858=EDGE_LOOP('',(#3618));
#859=EDGE_LOOP('',(#3619));
#860=EDGE_LOOP('',(#3620));
#861=EDGE_LOOP('',(#3621));
#862=EDGE_LOOP('',(#3622,#3623,#3624,#3625,#3626,#3627,#3628,#3629,#3630,
#3631));
#863=EDGE_LOOP('',(#3632,#3633,#3634,#3635,#3636,#3637,#3638,#3639,#3640,
#3641,#3642,#3643,#3644,#3645,#3646,#3647,#3648,#3649,#3650,#3651,#3652,
#3653,#3654,#3655,#3656,#3657,#3658,#3659,#3660,#3661));
#864=EDGE_LOOP('',(#3662,#3663,#3664,#3665));
#865=EDGE_LOOP('',(#3666,#3667,#3668,#3669));
#866=EDGE_LOOP('',(#3670,#3671,#3672,#3673));
#867=EDGE_LOOP('',(#3674,#3675,#3676,#3677));
#868=EDGE_LOOP('',(#3678,#3679,#3680,#3681,#3682,#3683,#3684,#3685,#3686,
#3687,#3688,#3689,#3690));
#869=EDGE_LOOP('',(#3691,#3692,#3693,#3694,#3695,#3696,#3697,#3698,#3699,
#3700));
#870=EDGE_LOOP('',(#3701,#3702,#3703,#3704));
#871=EDGE_LOOP('',(#3705));
#872=EDGE_LOOP('',(#3706,#3707,#3708,#3709));
#873=EDGE_LOOP('',(#3710));
#874=EDGE_LOOP('',(#3711,#3712,#3713,#3714));
#875=EDGE_LOOP('',(#3715,#3716,#3717,#3718));
#876=EDGE_LOOP('',(#3719,#3720,#3721,#3722));
#877=EDGE_LOOP('',(#3723,#3724,#3725,#3726));
#878=EDGE_LOOP('',(#3727,#3728,#3729,#3730));
#879=EDGE_LOOP('',(#3731,#3732,#3733,#3734));
#880=EDGE_LOOP('',(#3735));
#881=EDGE_LOOP('',(#3736));
#882=EDGE_LOOP('',(#3737,#3738,#3739,#3740));
#883=EDGE_LOOP('',(#3741));
#884=EDGE_LOOP('',(#3742));
#885=EDGE_LOOP('',(#3743,#3744,#3745,#3746));
#886=EDGE_LOOP('',(#3747));
#887=EDGE_LOOP('',(#3748));
#888=EDGE_LOOP('',(#3749,#3750,#3751,#3752));
#889=EDGE_LOOP('',(#3753));
#890=EDGE_LOOP('',(#3754));
#891=EDGE_LOOP('',(#3755,#3756,#3757,#3758));
#892=EDGE_LOOP('',(#3759,#3760,#3761,#3762));
#893=EDGE_LOOP('',(#3763,#3764,#3765,#3766));
#894=EDGE_LOOP('',(#3767,#3768,#3769,#3770));
#895=EDGE_LOOP('',(#3771,#3772,#3773,#3774));
#896=EDGE_LOOP('',(#3775,#3776,#3777,#3778));
#897=EDGE_LOOP('',(#3779,#3780,#3781,#3782));
#898=EDGE_LOOP('',(#3783,#3784,#3785,#3786));
#899=EDGE_LOOP('',(#3787,#3788,#3789,#3790));
#900=EDGE_LOOP('',(#3791,#3792,#3793,#3794));
#901=EDGE_LOOP('',(#3795,#3796,#3797,#3798,#3799,#3800,#3801,#3802));
#902=LINE('',#5403,#1291);
#903=LINE('',#5405,#1292);
#904=LINE('',#5407,#1293);
#905=LINE('',#5408,#1294);
#906=LINE('',#5412,#1295);
#907=LINE('',#5414,#1296);
#908=LINE('',#5416,#1297);
#909=LINE('',#5417,#1298);
#910=LINE('',#5419,#1299);
#911=LINE('',#5420,#1300);
#912=LINE('',#5422,#1301);
#913=LINE('',#5423,#1302);
#914=LINE('',#5429,#1303);
#915=LINE('',#5432,#1304);
#916=LINE('',#5437,#1305);
#917=LINE('',#5440,#1306);
#918=LINE('',#5443,#1307);
#919=LINE('',#5446,#1308);
#920=LINE('',#5449,#1309);
#921=LINE('',#5450,#1310);
#922=LINE('',#5453,#1311);
#923=LINE('',#5456,#1312);
#924=LINE('',#5459,#1313);
#925=LINE('',#5460,#1314);
#926=LINE('',#5463,#1315);
#927=LINE('',#5464,#1316);
#928=LINE('',#5469,#1317);
#929=LINE('',#5470,#1318);
#930=LINE('',#5476,#1319);
#931=LINE('',#5478,#1320);
#932=LINE('',#5480,#1321);
#933=LINE('',#5481,#1322);
#934=LINE('',#5485,#1323);
#935=LINE('',#5487,#1324);
#936=LINE('',#5489,#1325);
#937=LINE('',#5490,#1326);
#938=LINE('',#5492,#1327);
#939=LINE('',#5493,#1328);
#940=LINE('',#5495,#1329);
#941=LINE('',#5496,#1330);
#942=LINE('',#5502,#1331);
#943=LINE('',#5505,#1332);
#944=LINE('',#5510,#1333);
#945=LINE('',#5513,#1334);
#946=LINE('',#5516,#1335);
#947=LINE('',#5518,#1336);
#948=LINE('',#5519,#1337);
#949=LINE('',#5522,#1338);
#950=LINE('',#5526,#1339);
#951=LINE('',#5528,#1340);
#952=LINE('',#5529,#1341);
#953=LINE('',#5532,#1342);
#954=LINE('',#5536,#1343);
#955=LINE('',#5537,#1344);
#956=LINE('',#5542,#1345);
#957=LINE('',#5543,#1346);
#958=LINE('',#5549,#1347);
#959=LINE('',#5551,#1348);
#960=LINE('',#5553,#1349);
#961=LINE('',#5554,#1350);
#962=LINE('',#5557,#1351);
#963=LINE('',#5559,#1352);
#964=LINE('',#5560,#1353);
#965=LINE('',#5563,#1354);
#966=LINE('',#5565,#1355);
#967=LINE('',#5566,#1356);
#968=LINE('',#5569,#1357);
#969=LINE('',#5571,#1358);
#970=LINE('',#5572,#1359);
#971=LINE('',#5574,#1360);
#972=LINE('',#5575,#1361);
#973=LINE('',#5581,#1362);
#974=LINE('',#5585,#1363);
#975=LINE('',#5588,#1364);
#976=LINE('',#5591,#1365);
#977=LINE('',#5593,#1366);
#978=LINE('',#5595,#1367);
#979=LINE('',#5596,#1368);
#980=LINE('',#5601,#1369);
#981=LINE('',#5603,#1370);
#982=LINE('',#5605,#1371);
#983=LINE('',#5606,#1372);
#984=LINE('',#5609,#1373);
#985=LINE('',#5611,#1374);
#986=LINE('',#5613,#1375);
#987=LINE('',#5614,#1376);
#988=LINE('',#5631,#1377);
#989=LINE('',#5633,#1378);
#990=LINE('',#5635,#1379);
#991=LINE('',#5636,#1380);
#992=LINE('',#5647,#1381);
#993=LINE('',#5649,#1382);
#994=LINE('',#5651,#1383);
#995=LINE('',#5652,#1384);
#996=LINE('',#5658,#1385);
#997=LINE('',#5661,#1386);
#998=LINE('',#5666,#1387);
#999=LINE('',#5669,#1388);
#1000=LINE('',#5672,#1389);
#1001=LINE('',#5675,#1390);
#1002=LINE('',#5678,#1391);
#1003=LINE('',#5679,#1392);
#1004=LINE('',#5682,#1393);
#1005=LINE('',#5685,#1394);
#1006=LINE('',#5688,#1395);
#1007=LINE('',#5689,#1396);
#1008=LINE('',#5692,#1397);
#1009=LINE('',#5693,#1398);
#1010=LINE('',#5698,#1399);
#1011=LINE('',#5699,#1400);
#1012=LINE('',#5705,#1401);
#1013=LINE('',#5707,#1402);
#1014=LINE('',#5709,#1403);
#1015=LINE('',#5710,#1404);
#1016=LINE('',#5712,#1405);
#1017=LINE('',#5713,#1406);
#1018=LINE('',#5716,#1407);
#1019=LINE('',#5717,#1408);
#1020=LINE('',#5720,#1409);
#1021=LINE('',#5721,#1410);
#1022=LINE('',#5723,#1411);
#1023=LINE('',#5729,#1412);
#1024=LINE('',#5732,#1413);
#1025=LINE('',#5737,#1414);
#1026=LINE('',#5740,#1415);
#1027=LINE('',#5743,#1416);
#1028=LINE('',#5745,#1417);
#1029=LINE('',#5746,#1418);
#1030=LINE('',#5749,#1419);
#1031=LINE('',#5753,#1420);
#1032=LINE('',#5755,#1421);
#1033=LINE('',#5756,#1422);
#1034=LINE('',#5759,#1423);
#1035=LINE('',#5763,#1424);
#1036=LINE('',#5764,#1425);
#1037=LINE('',#5769,#1426);
#1038=LINE('',#5770,#1427);
#1039=LINE('',#5775,#1428);
#1040=LINE('',#5777,#1429);
#1041=LINE('',#5778,#1430);
#1042=LINE('',#5781,#1431);
#1043=LINE('',#5782,#1432);
#1044=LINE('',#5785,#1433);
#1045=LINE('',#5786,#1434);
#1046=LINE('',#5788,#1435);
#1047=LINE('',#5792,#1436);
#1048=LINE('',#5796,#1437);
#1049=LINE('',#5800,#1438);
#1050=LINE('',#5804,#1439);
#1051=LINE('',#5808,#1440);
#1052=LINE('',#5810,#1441);
#1053=LINE('',#5811,#1442);
#1054=LINE('',#5814,#1443);
#1055=LINE('',#5818,#1444);
#1056=LINE('',#5820,#1445);
#1057=LINE('',#5821,#1446);
#1058=LINE('',#5824,#1447);
#1059=LINE('',#5829,#1448);
#1060=LINE('',#5831,#1449);
#1061=LINE('',#5835,#1450);
#1062=LINE('',#5837,#1451);
#1063=LINE('',#5840,#1452);
#1064=LINE('',#5842,#1453);
#1065=LINE('',#5843,#1454);
#1066=LINE('',#5846,#1455);
#1067=LINE('',#5847,#1456);
#1068=LINE('',#5850,#1457);
#1069=LINE('',#5851,#1458);
#1070=LINE('',#5853,#1459);
#1071=LINE('',#5857,#1460);
#1072=LINE('',#5859,#1461);
#1073=LINE('',#5860,#1462);
#1074=LINE('',#5863,#1463);
#1075=LINE('',#5864,#1464);
#1076=LINE('',#5867,#1465);
#1077=LINE('',#5868,#1466);
#1078=LINE('',#5870,#1467);
#1079=LINE('',#5874,#1468);
#1080=LINE('',#5881,#1469);
#1081=LINE('',#5889,#1470);
#1082=LINE('',#5893,#1471);
#1083=LINE('',#5896,#1472);
#1084=LINE('',#5903,#1473);
#1085=LINE('',#5911,#1474);
#1086=LINE('',#5915,#1475);
#1087=LINE('',#5918,#1476);
#1088=LINE('',#5925,#1477);
#1089=LINE('',#5933,#1478);
#1090=LINE('',#5937,#1479);
#1091=LINE('',#5940,#1480);
#1092=LINE('',#5947,#1481);
#1093=LINE('',#5955,#1482);
#1094=LINE('',#5959,#1483);
#1095=LINE('',#5978,#1484);
#1096=LINE('',#5985,#1485);
#1097=LINE('',#6003,#1486);
#1098=LINE('',#6026,#1487);
#1099=LINE('',#6049,#1488);
#1100=LINE('',#6072,#1489);
#1101=LINE('',#6095,#1490);
#1102=LINE('',#6118,#1491);
#1103=LINE('',#6162,#1492);
#1104=LINE('',#6169,#1493);
#1105=LINE('',#6187,#1494);
#1106=LINE('',#6210,#1495);
#1107=LINE('',#6233,#1496);
#1108=LINE('',#6256,#1497);
#1109=LINE('',#6279,#1498);
#1110=LINE('',#6302,#1499);
#1111=LINE('',#6325,#1500);
#1112=LINE('',#6348,#1501);
#1113=LINE('',#6378,#1502);
#1114=LINE('',#6380,#1503);
#1115=LINE('',#6382,#1504);
#1116=LINE('',#6383,#1505);
#1117=LINE('',#6386,#1506);
#1118=LINE('',#6388,#1507);
#1119=LINE('',#6389,#1508);
#1120=LINE('',#6392,#1509);
#1121=LINE('',#6394,#1510);
#1122=LINE('',#6395,#1511);
#1123=LINE('',#6398,#1512);
#1124=LINE('',#6400,#1513);
#1125=LINE('',#6401,#1514);
#1126=LINE('',#6404,#1515);
#1127=LINE('',#6406,#1516);
#1128=LINE('',#6407,#1517);
#1129=LINE('',#6410,#1518);
#1130=LINE('',#6412,#1519);
#1131=LINE('',#6413,#1520);
#1132=LINE('',#6416,#1521);
#1133=LINE('',#6418,#1522);
#1134=LINE('',#6419,#1523);
#1135=LINE('',#6422,#1524);
#1136=LINE('',#6424,#1525);
#1137=LINE('',#6425,#1526);
#1138=LINE('',#6428,#1527);
#1139=LINE('',#6430,#1528);
#1140=LINE('',#6431,#1529);
#1141=LINE('',#6434,#1530);
#1142=LINE('',#6436,#1531);
#1143=LINE('',#6437,#1532);
#1144=LINE('',#6440,#1533);
#1145=LINE('',#6442,#1534);
#1146=LINE('',#6443,#1535);
#1147=LINE('',#6446,#1536);
#1148=LINE('',#6448,#1537);
#1149=LINE('',#6449,#1538);
#1150=LINE('',#6451,#1539);
#1151=LINE('',#6452,#1540);
#1152=LINE('',#6457,#1541);
#1153=LINE('',#6459,#1542);
#1154=LINE('',#6461,#1543);
#1155=LINE('',#6462,#1544);
#1156=LINE('',#6465,#1545);
#1157=LINE('',#6467,#1546);
#1158=LINE('',#6468,#1547);
#1159=LINE('',#6471,#1548);
#1160=LINE('',#6473,#1549);
#1161=LINE('',#6474,#1550);
#1162=LINE('',#6476,#1551);
#1163=LINE('',#6477,#1552);
#1164=LINE('',#6482,#1553);
#1165=LINE('',#6484,#1554);
#1166=LINE('',#6486,#1555);
#1167=LINE('',#6487,#1556);
#1168=LINE('',#6490,#1557);
#1169=LINE('',#6492,#1558);
#1170=LINE('',#6493,#1559);
#1171=LINE('',#6496,#1560);
#1172=LINE('',#6498,#1561);
#1173=LINE('',#6499,#1562);
#1174=LINE('',#6501,#1563);
#1175=LINE('',#6502,#1564);
#1176=LINE('',#6507,#1565);
#1177=LINE('',#6509,#1566);
#1178=LINE('',#6511,#1567);
#1179=LINE('',#6512,#1568);
#1180=LINE('',#6515,#1569);
#1181=LINE('',#6517,#1570);
#1182=LINE('',#6518,#1571);
#1183=LINE('',#6521,#1572);
#1184=LINE('',#6523,#1573);
#1185=LINE('',#6524,#1574);
#1186=LINE('',#6526,#1575);
#1187=LINE('',#6527,#1576);
#1188=LINE('',#6532,#1577);
#1189=LINE('',#6534,#1578);
#1190=LINE('',#6536,#1579);
#1191=LINE('',#6537,#1580);
#1192=LINE('',#6540,#1581);
#1193=LINE('',#6542,#1582);
#1194=LINE('',#6543,#1583);
#1195=LINE('',#6546,#1584);
#1196=LINE('',#6548,#1585);
#1197=LINE('',#6549,#1586);
#1198=LINE('',#6551,#1587);
#1199=LINE('',#6552,#1588);
#1200=LINE('',#6572,#1589);
#1201=LINE('',#6579,#1590);
#1202=LINE('',#6597,#1591);
#1203=LINE('',#6620,#1592);
#1204=LINE('',#6643,#1593);
#1205=LINE('',#6666,#1594);
#1206=LINE('',#6689,#1595);
#1207=LINE('',#6712,#1596);
#1208=LINE('',#6735,#1597);
#1209=LINE('',#6758,#1598);
#1210=LINE('',#6781,#1599);
#1211=LINE('',#6804,#1600);
#1212=LINE('',#6827,#1601);
#1213=LINE('',#6850,#1602);
#1214=LINE('',#6858,#1603);
#1215=LINE('',#6860,#1604);
#1216=LINE('',#6861,#1605);
#1217=LINE('',#6879,#1606);
#1218=LINE('',#6902,#1607);
#1219=LINE('',#6925,#1608);
#1220=LINE('',#6948,#1609);
#1221=LINE('',#6971,#1610);
#1222=LINE('',#6994,#1611);
#1223=LINE('',#7017,#1612);
#1224=LINE('',#7040,#1613);
#1225=LINE('',#7063,#1614);
#1226=LINE('',#7086,#1615);
#1227=LINE('',#7109,#1616);
#1228=LINE('',#7132,#1617);
#1229=LINE('',#7155,#1618);
#1230=LINE('',#7178,#1619);
#1231=LINE('',#7186,#1620);
#1232=LINE('',#7188,#1621);
#1233=LINE('',#7189,#1622);
#1234=LINE('',#7214,#1623);
#1235=LINE('',#7216,#1624);
#1236=LINE('',#7218,#1625);
#1237=LINE('',#7219,#1626);
#1238=LINE('',#7222,#1627);
#1239=LINE('',#7224,#1628);
#1240=LINE('',#7225,#1629);
#1241=LINE('',#7228,#1630);
#1242=LINE('',#7230,#1631);
#1243=LINE('',#7231,#1632);
#1244=LINE('',#7234,#1633);
#1245=LINE('',#7236,#1634);
#1246=LINE('',#7237,#1635);
#1247=LINE('',#7240,#1636);
#1248=LINE('',#7242,#1637);
#1249=LINE('',#7243,#1638);
#1250=LINE('',#7246,#1639);
#1251=LINE('',#7248,#1640);
#1252=LINE('',#7249,#1641);
#1253=LINE('',#7252,#1642);
#1254=LINE('',#7254,#1643);
#1255=LINE('',#7255,#1644);
#1256=LINE('',#7258,#1645);
#1257=LINE('',#7260,#1646);
#1258=LINE('',#7261,#1647);
#1259=LINE('',#7264,#1648);
#1260=LINE('',#7266,#1649);
#1261=LINE('',#7267,#1650);
#1262=LINE('',#7269,#1651);
#1263=LINE('',#7270,#1652);
#1264=LINE('',#7277,#1653);
#1265=LINE('',#7281,#1654);
#1266=LINE('',#7284,#1655);
#1267=LINE('',#7299,#1656);
#1268=LINE('',#7304,#1657);
#1269=LINE('',#7309,#1658);
#1270=LINE('',#7311,#1659);
#1271=LINE('',#7312,#1660);
#1272=LINE('',#7315,#1661);
#1273=LINE('',#7316,#1662);
#1274=LINE('',#7319,#1663);
#1275=LINE('',#7320,#1664);
#1276=LINE('',#7322,#1665);
#1277=LINE('',#7326,#1666);
#1278=LINE('',#7333,#1667);
#1279=LINE('',#7340,#1668);
#1280=LINE('',#7347,#1669);
#1281=LINE('',#7353,#1670);
#1282=LINE('',#7355,#1671);
#1283=LINE('',#7357,#1672);
#1284=LINE('',#7359,#1673);
#1285=LINE('',#7361,#1674);
#1286=LINE('',#7362,#1675);
#1287=LINE('',#7364,#1676);
#1288=LINE('',#7366,#1677);
#1289=LINE('',#7368,#1678);
#1290=LINE('',#7370,#1679);
#1291=VECTOR('',#4456,10.);
#1292=VECTOR('',#4457,10.);
#1293=VECTOR('',#4458,10.);
#1294=VECTOR('',#4459,10.);
#1295=VECTOR('',#4462,10.);
#1296=VECTOR('',#4463,10.);
#1297=VECTOR('',#4464,10.);
#1298=VECTOR('',#4465,10.);
#1299=VECTOR('',#4468,10.);
#1300=VECTOR('',#4469,10.);
#1301=VECTOR('',#4472,10.);
#1302=VECTOR('',#4473,10.);
#1303=VECTOR('',#4478,10.);
#1304=VECTOR('',#4481,10.);
#1305=VECTOR('',#4484,10.);
#1306=VECTOR('',#4487,10.);
#1307=VECTOR('',#4490,10.);
#1308=VECTOR('',#4493,10.);
#1309=VECTOR('',#4496,10.);
#1310=VECTOR('',#4497,10.);
#1311=VECTOR('',#4500,10.);
#1312=VECTOR('',#4503,10.);
#1313=VECTOR('',#4506,10.);
#1314=VECTOR('',#4507,10.);
#1315=VECTOR('',#4510,10.);
#1316=VECTOR('',#4511,10.);
#1317=VECTOR('',#4518,10.);
#1318=VECTOR('',#4519,10.);
#1319=VECTOR('',#4526,10.);
#1320=VECTOR('',#4527,10.);
#1321=VECTOR('',#4528,10.);
#1322=VECTOR('',#4529,10.);
#1323=VECTOR('',#4532,10.);
#1324=VECTOR('',#4533,10.);
#1325=VECTOR('',#4534,10.);
#1326=VECTOR('',#4535,10.);
#1327=VECTOR('',#4538,10.);
#1328=VECTOR('',#4539,10.);
#1329=VECTOR('',#4542,10.);
#1330=VECTOR('',#4543,10.);
#1331=VECTOR('',#4548,10.);
#1332=VECTOR('',#4551,10.);
#1333=VECTOR('',#4554,10.);
#1334=VECTOR('',#4557,10.);
#1335=VECTOR('',#4560,10.);
#1336=VECTOR('',#4561,10.);
#1337=VECTOR('',#4562,10.);
#1338=VECTOR('',#4565,10.);
#1339=VECTOR('',#4570,10.);
#1340=VECTOR('',#4571,10.);
#1341=VECTOR('',#4572,10.);
#1342=VECTOR('',#4575,10.);
#1343=VECTOR('',#4580,10.);
#1344=VECTOR('',#4581,10.);
#1345=VECTOR('',#4588,10.);
#1346=VECTOR('',#4589,10.);
#1347=VECTOR('',#4596,10.);
#1348=VECTOR('',#4597,10.);
#1349=VECTOR('',#4598,10.);
#1350=VECTOR('',#4599,10.);
#1351=VECTOR('',#4602,10.);
#1352=VECTOR('',#4603,10.);
#1353=VECTOR('',#4604,10.);
#1354=VECTOR('',#4607,10.);
#1355=VECTOR('',#4608,10.);
#1356=VECTOR('',#4609,10.);
#1357=VECTOR('',#4612,10.);
#1358=VECTOR('',#4613,10.);
#1359=VECTOR('',#4614,10.);
#1360=VECTOR('',#4617,10.);
#1361=VECTOR('',#4618,10.);
#1362=VECTOR('',#4623,10.);
#1363=VECTOR('',#4626,10.);
#1364=VECTOR('',#4629,10.);
#1365=VECTOR('',#4630,10.);
#1366=VECTOR('',#4631,10.);
#1367=VECTOR('',#4632,10.);
#1368=VECTOR('',#4633,10.);
#1369=VECTOR('',#4636,10.);
#1370=VECTOR('',#4637,10.);
#1371=VECTOR('',#4638,10.);
#1372=VECTOR('',#4639,10.);
#1373=VECTOR('',#4640,10.);
#1374=VECTOR('',#4641,10.);
#1375=VECTOR('',#4642,10.);
#1376=VECTOR('',#4643,10.);
#1377=VECTOR('',#4658,10.);
#1378=VECTOR('',#4659,10.);
#1379=VECTOR('',#4660,10.);
#1380=VECTOR('',#4661,10.);
#1381=VECTOR('',#4670,10.);
#1382=VECTOR('',#4671,10.);
#1383=VECTOR('',#4672,10.);
#1384=VECTOR('',#4673,10.);
#1385=VECTOR('',#4678,10.);
#1386=VECTOR('',#4681,10.);
#1387=VECTOR('',#4684,10.);
#1388=VECTOR('',#4687,10.);
#1389=VECTOR('',#4690,10.);
#1390=VECTOR('',#4693,10.);
#1391=VECTOR('',#4696,10.);
#1392=VECTOR('',#4697,10.);
#1393=VECTOR('',#4700,10.);
#1394=VECTOR('',#4703,10.);
#1395=VECTOR('',#4706,10.);
#1396=VECTOR('',#4707,10.);
#1397=VECTOR('',#4710,10.);
#1398=VECTOR('',#4711,10.);
#1399=VECTOR('',#4718,10.);
#1400=VECTOR('',#4719,10.);
#1401=VECTOR('',#4726,10.);
#1402=VECTOR('',#4727,10.);
#1403=VECTOR('',#4728,10.);
#1404=VECTOR('',#4729,10.);
#1405=VECTOR('',#4732,10.);
#1406=VECTOR('',#4733,10.);
#1407=VECTOR('',#4736,10.);
#1408=VECTOR('',#4737,10.);
#1409=VECTOR('',#4740,10.);
#1410=VECTOR('',#4741,10.);
#1411=VECTOR('',#4744,10.);
#1412=VECTOR('',#4749,10.);
#1413=VECTOR('',#4752,10.);
#1414=VECTOR('',#4755,10.);
#1415=VECTOR('',#4758,10.);
#1416=VECTOR('',#4761,10.);
#1417=VECTOR('',#4762,10.);
#1418=VECTOR('',#4763,10.);
#1419=VECTOR('',#4766,10.);
#1420=VECTOR('',#4771,10.);
#1421=VECTOR('',#4772,10.);
#1422=VECTOR('',#4773,10.);
#1423=VECTOR('',#4776,10.);
#1424=VECTOR('',#4781,10.);
#1425=VECTOR('',#4782,10.);
#1426=VECTOR('',#4789,10.);
#1427=VECTOR('',#4790,10.);
#1428=VECTOR('',#4797,10.);
#1429=VECTOR('',#4798,10.);
#1430=VECTOR('',#4799,10.);
#1431=VECTOR('',#4802,10.);
#1432=VECTOR('',#4803,10.);
#1433=VECTOR('',#4806,10.);
#1434=VECTOR('',#4807,10.);
#1435=VECTOR('',#4810,10.);
#1436=VECTOR('',#4813,10.);
#1437=VECTOR('',#4816,10.);
#1438=VECTOR('',#4819,10.);
#1439=VECTOR('',#4822,10.);
#1440=VECTOR('',#4827,10.);
#1441=VECTOR('',#4828,10.);
#1442=VECTOR('',#4829,10.);
#1443=VECTOR('',#4832,10.);
#1444=VECTOR('',#4837,10.);
#1445=VECTOR('',#4838,10.);
#1446=VECTOR('',#4839,10.);
#1447=VECTOR('',#4842,10.);
#1448=VECTOR('',#4849,10.);
#1449=VECTOR('',#4852,10.);
#1450=VECTOR('',#4857,10.);
#1451=VECTOR('',#4860,10.);
#1452=VECTOR('',#4863,10.);
#1453=VECTOR('',#4864,10.);
#1454=VECTOR('',#4865,10.);
#1455=VECTOR('',#4868,10.);
#1456=VECTOR('',#4869,10.);
#1457=VECTOR('',#4872,10.);
#1458=VECTOR('',#4873,10.);
#1459=VECTOR('',#4876,10.);
#1460=VECTOR('',#4881,10.);
#1461=VECTOR('',#4882,10.);
#1462=VECTOR('',#4883,10.);
#1463=VECTOR('',#4886,10.);
#1464=VECTOR('',#4887,10.);
#1465=VECTOR('',#4890,10.);
#1466=VECTOR('',#4891,10.);
#1467=VECTOR('',#4894,10.);
#1468=VECTOR('',#4899,10.);
#1469=VECTOR('',#4908,10.);
#1470=VECTOR('',#4919,6.50000004842877);
#1471=VECTOR('',#4924,6.50000004842873);
#1472=VECTOR('',#4927,10.);
#1473=VECTOR('',#4936,10.);
#1474=VECTOR('',#4947,6.50000004842877);
#1475=VECTOR('',#4952,6.50000004842873);
#1476=VECTOR('',#4955,10.);
#1477=VECTOR('',#4964,10.);
#1478=VECTOR('',#4975,6.50000004842877);
#1479=VECTOR('',#4980,6.50000004842873);
#1480=VECTOR('',#4983,10.);
#1481=VECTOR('',#4992,10.);
#1482=VECTOR('',#5003,6.50000004842877);
#1483=VECTOR('',#5008,6.50000004842873);
#1484=VECTOR('',#5009,10.);
#1485=VECTOR('',#5010,10.);
#1486=VECTOR('',#5011,10.);
#1487=VECTOR('',#5012,10.);
#1488=VECTOR('',#5013,10.);
#1489=VECTOR('',#5014,10.);
#1490=VECTOR('',#5015,10.);
#1491=VECTOR('',#5016,10.);
#1492=VECTOR('',#5017,10.);
#1493=VECTOR('',#5018,10.);
#1494=VECTOR('',#5019,10.);
#1495=VECTOR('',#5020,10.);
#1496=VECTOR('',#5021,10.);
#1497=VECTOR('',#5022,10.);
#1498=VECTOR('',#5023,10.);
#1499=VECTOR('',#5024,10.);
#1500=VECTOR('',#5025,10.);
#1501=VECTOR('',#5026,10.);
#1502=VECTOR('',#5031,10.);
#1503=VECTOR('',#5032,10.);
#1504=VECTOR('',#5033,10.);
#1505=VECTOR('',#5034,10.);
#1506=VECTOR('',#5037,10.);
#1507=VECTOR('',#5038,10.);
#1508=VECTOR('',#5039,10.);
#1509=VECTOR('',#5042,10.);
#1510=VECTOR('',#5043,10.);
#1511=VECTOR('',#5044,10.);
#1512=VECTOR('',#5047,10.);
#1513=VECTOR('',#5048,10.);
#1514=VECTOR('',#5049,10.);
#1515=VECTOR('',#5052,10.);
#1516=VECTOR('',#5053,10.);
#1517=VECTOR('',#5054,10.);
#1518=VECTOR('',#5057,10.);
#1519=VECTOR('',#5058,10.);
#1520=VECTOR('',#5059,10.);
#1521=VECTOR('',#5062,10.);
#1522=VECTOR('',#5063,10.);
#1523=VECTOR('',#5064,10.);
#1524=VECTOR('',#5067,10.);
#1525=VECTOR('',#5068,10.);
#1526=VECTOR('',#5069,10.);
#1527=VECTOR('',#5072,10.);
#1528=VECTOR('',#5073,10.);
#1529=VECTOR('',#5074,10.);
#1530=VECTOR('',#5077,10.);
#1531=VECTOR('',#5078,10.);
#1532=VECTOR('',#5079,10.);
#1533=VECTOR('',#5082,10.);
#1534=VECTOR('',#5083,10.);
#1535=VECTOR('',#5084,10.);
#1536=VECTOR('',#5087,10.);
#1537=VECTOR('',#5088,10.);
#1538=VECTOR('',#5089,10.);
#1539=VECTOR('',#5092,10.);
#1540=VECTOR('',#5093,10.);
#1541=VECTOR('',#5098,10.);
#1542=VECTOR('',#5099,10.);
#1543=VECTOR('',#5100,10.);
#1544=VECTOR('',#5101,10.);
#1545=VECTOR('',#5104,10.);
#1546=VECTOR('',#5105,10.);
#1547=VECTOR('',#5106,10.);
#1548=VECTOR('',#5109,10.);
#1549=VECTOR('',#5110,10.);
#1550=VECTOR('',#5111,10.);
#1551=VECTOR('',#5114,10.);
#1552=VECTOR('',#5115,10.);
#1553=VECTOR('',#5120,10.);
#1554=VECTOR('',#5121,10.);
#1555=VECTOR('',#5122,10.);
#1556=VECTOR('',#5123,10.);
#1557=VECTOR('',#5126,10.);
#1558=VECTOR('',#5127,10.);
#1559=VECTOR('',#5128,10.);
#1560=VECTOR('',#5131,10.);
#1561=VECTOR('',#5132,10.);
#1562=VECTOR('',#5133,10.);
#1563=VECTOR('',#5136,10.);
#1564=VECTOR('',#5137,10.);
#1565=VECTOR('',#5142,10.);
#1566=VECTOR('',#5143,10.);
#1567=VECTOR('',#5144,10.);
#1568=VECTOR('',#5145,10.);
#1569=VECTOR('',#5148,10.);
#1570=VECTOR('',#5149,10.);
#1571=VECTOR('',#5150,10.);
#1572=VECTOR('',#5153,10.);
#1573=VECTOR('',#5154,10.);
#1574=VECTOR('',#5155,10.);
#1575=VECTOR('',#5158,10.);
#1576=VECTOR('',#5159,10.);
#1577=VECTOR('',#5164,10.);
#1578=VECTOR('',#5165,10.);
#1579=VECTOR('',#5166,10.);
#1580=VECTOR('',#5167,10.);
#1581=VECTOR('',#5170,10.);
#1582=VECTOR('',#5171,10.);
#1583=VECTOR('',#5172,10.);
#1584=VECTOR('',#5175,10.);
#1585=VECTOR('',#5176,10.);
#1586=VECTOR('',#5177,10.);
#1587=VECTOR('',#5180,10.);
#1588=VECTOR('',#5181,10.);
#1589=VECTOR('',#5184,10.);
#1590=VECTOR('',#5185,10.);
#1591=VECTOR('',#5186,10.);
#1592=VECTOR('',#5187,10.);
#1593=VECTOR('',#5188,10.);
#1594=VECTOR('',#5189,10.);
#1595=VECTOR('',#5190,10.);
#1596=VECTOR('',#5191,10.);
#1597=VECTOR('',#5192,10.);
#1598=VECTOR('',#5193,10.);
#1599=VECTOR('',#5194,10.);
#1600=VECTOR('',#5195,10.);
#1601=VECTOR('',#5196,10.);
#1602=VECTOR('',#5197,10.);
#1603=VECTOR('',#5200,10.);
#1604=VECTOR('',#5201,10.);
#1605=VECTOR('',#5202,10.);
#1606=VECTOR('',#5203,10.);
#1607=VECTOR('',#5204,10.);
#1608=VECTOR('',#5205,10.);
#1609=VECTOR('',#5206,10.);
#1610=VECTOR('',#5207,10.);
#1611=VECTOR('',#5208,10.);
#1612=VECTOR('',#5209,10.);
#1613=VECTOR('',#5210,10.);
#1614=VECTOR('',#5211,10.);
#1615=VECTOR('',#5212,10.);
#1616=VECTOR('',#5213,10.);
#1617=VECTOR('',#5214,10.);
#1618=VECTOR('',#5215,10.);
#1619=VECTOR('',#5216,10.);
#1620=VECTOR('',#5219,10.);
#1621=VECTOR('',#5220,10.);
#1622=VECTOR('',#5221,10.);
#1623=VECTOR('',#5226,10.);
#1624=VECTOR('',#5227,10.);
#1625=VECTOR('',#5228,10.);
#1626=VECTOR('',#5229,10.);
#1627=VECTOR('',#5232,10.);
#1628=VECTOR('',#5233,10.);
#1629=VECTOR('',#5234,10.);
#1630=VECTOR('',#5237,10.);
#1631=VECTOR('',#5238,10.);
#1632=VECTOR('',#5239,10.);
#1633=VECTOR('',#5242,10.);
#1634=VECTOR('',#5243,10.);
#1635=VECTOR('',#5244,10.);
#1636=VECTOR('',#5247,10.);
#1637=VECTOR('',#5248,10.);
#1638=VECTOR('',#5249,10.);
#1639=VECTOR('',#5252,10.);
#1640=VECTOR('',#5253,10.);
#1641=VECTOR('',#5254,10.);
#1642=VECTOR('',#5257,10.);
#1643=VECTOR('',#5258,10.);
#1644=VECTOR('',#5259,10.);
#1645=VECTOR('',#5262,10.);
#1646=VECTOR('',#5263,10.);
#1647=VECTOR('',#5264,10.);
#1648=VECTOR('',#5267,10.);
#1649=VECTOR('',#5268,10.);
#1650=VECTOR('',#5269,10.);
#1651=VECTOR('',#5272,10.);
#1652=VECTOR('',#5273,10.);
#1653=VECTOR('',#5280,10.);
#1654=VECTOR('',#5283,10.);
#1655=VECTOR('',#5286,10.);
#1656=VECTOR('',#5301,10.25);
#1657=VECTOR('',#5308,33.);
#1658=VECTOR('',#5315,10.);
#1659=VECTOR('',#5316,10.);
#1660=VECTOR('',#5317,10.);
#1661=VECTOR('',#5320,10.);
#1662=VECTOR('',#5321,10.);
#1663=VECTOR('',#5324,10.);
#1664=VECTOR('',#5325,10.);
#1665=VECTOR('',#5328,10.);
#1666=VECTOR('',#5333,7.5);
#1667=VECTOR('',#5342,7.5);
#1668=VECTOR('',#5351,7.5);
#1669=VECTOR('',#5360,7.5);
#1670=VECTOR('',#5369,5.75000000000002);
#1671=VECTOR('',#5372,5.75000000000002);
#1672=VECTOR('',#5375,5.75000000000002);
#1673=VECTOR('',#5378,5.75000000000002);
#1674=VECTOR('',#5381,10.);
#1675=VECTOR('',#5382,10.);
#1676=VECTOR('',#5385,10.);
#1677=VECTOR('',#5388,10.);
#1678=VECTOR('',#5391,10.);
#1679=VECTOR('',#5394,10.);
#1680=VERTEX_POINT('',#5401);
#1681=VERTEX_POINT('',#5402);
#1682=VERTEX_POINT('',#5404);
#1683=VERTEX_POINT('',#5406);
#1684=VERTEX_POINT('',#5410);
#1685=VERTEX_POINT('',#5411);
#1686=VERTEX_POINT('',#5413);
#1687=VERTEX_POINT('',#5415);
#1688=VERTEX_POINT('',#5425);
#1689=VERTEX_POINT('',#5426);
#1690=VERTEX_POINT('',#5428);
#1691=VERTEX_POINT('',#5430);
#1692=VERTEX_POINT('',#5433);
#1693=VERTEX_POINT('',#5434);
#1694=VERTEX_POINT('',#5436);
#1695=VERTEX_POINT('',#5438);
#1696=VERTEX_POINT('',#5442);
#1697=VERTEX_POINT('',#5444);
#1698=VERTEX_POINT('',#5448);
#1699=VERTEX_POINT('',#5452);
#1700=VERTEX_POINT('',#5454);
#1701=VERTEX_POINT('',#5458);
#1702=VERTEX_POINT('',#5462);
#1703=VERTEX_POINT('',#5468);
#1704=VERTEX_POINT('',#5474);
#1705=VERTEX_POINT('',#5475);
#1706=VERTEX_POINT('',#5477);
#1707=VERTEX_POINT('',#5479);
#1708=VERTEX_POINT('',#5483);
#1709=VERTEX_POINT('',#5484);
#1710=VERTEX_POINT('',#5486);
#1711=VERTEX_POINT('',#5488);
#1712=VERTEX_POINT('',#5498);
#1713=VERTEX_POINT('',#5499);
#1714=VERTEX_POINT('',#5501);
#1715=VERTEX_POINT('',#5503);
#1716=VERTEX_POINT('',#5506);
#1717=VERTEX_POINT('',#5507);
#1718=VERTEX_POINT('',#5509);
#1719=VERTEX_POINT('',#5511);
#1720=VERTEX_POINT('',#5515);
#1721=VERTEX_POINT('',#5517);
#1722=VERTEX_POINT('',#5521);
#1723=VERTEX_POINT('',#5525);
#1724=VERTEX_POINT('',#5527);
#1725=VERTEX_POINT('',#5531);
#1726=VERTEX_POINT('',#5535);
#1727=VERTEX_POINT('',#5541);
#1728=VERTEX_POINT('',#5547);
#1729=VERTEX_POINT('',#5548);
#1730=VERTEX_POINT('',#5550);
#1731=VERTEX_POINT('',#5552);
#1732=VERTEX_POINT('',#5556);
#1733=VERTEX_POINT('',#5558);
#1734=VERTEX_POINT('',#5562);
#1735=VERTEX_POINT('',#5564);
#1736=VERTEX_POINT('',#5568);
#1737=VERTEX_POINT('',#5570);
#1738=VERTEX_POINT('',#5577);
#1739=VERTEX_POINT('',#5578);
#1740=VERTEX_POINT('',#5580);
#1741=VERTEX_POINT('',#5582);
#1742=VERTEX_POINT('',#5584);
#1743=VERTEX_POINT('',#5586);
#1744=VERTEX_POINT('',#5589);
#1745=VERTEX_POINT('',#5590);
#1746=VERTEX_POINT('',#5592);
#1747=VERTEX_POINT('',#5594);
#1748=VERTEX_POINT('',#5597);
#1749=VERTEX_POINT('',#5599);
#1750=VERTEX_POINT('',#5600);
#1751=VERTEX_POINT('',#5602);
#1752=VERTEX_POINT('',#5604);
#1753=VERTEX_POINT('',#5607);
#1754=VERTEX_POINT('',#5608);
#1755=VERTEX_POINT('',#5610);
#1756=VERTEX_POINT('',#5612);
#1757=VERTEX_POINT('',#5615);
#1758=VERTEX_POINT('',#5617);
#1759=VERTEX_POINT('',#5619);
#1760=VERTEX_POINT('',#5621);
#1761=VERTEX_POINT('',#5623);
#1762=VERTEX_POINT('',#5625);
#1763=VERTEX_POINT('',#5627);
#1764=VERTEX_POINT('',#5629);
#1765=VERTEX_POINT('',#5630);
#1766=VERTEX_POINT('',#5632);
#1767=VERTEX_POINT('',#5634);
#1768=VERTEX_POINT('',#5637);
#1769=VERTEX_POINT('',#5639);
#1770=VERTEX_POINT('',#5641);
#1771=VERTEX_POINT('',#5643);
#1772=VERTEX_POINT('',#5645);
#1773=VERTEX_POINT('',#5646);
#1774=VERTEX_POINT('',#5648);
#1775=VERTEX_POINT('',#5650);
#1776=VERTEX_POINT('',#5654);
#1777=VERTEX_POINT('',#5655);
#1778=VERTEX_POINT('',#5657);
#1779=VERTEX_POINT('',#5659);
#1780=VERTEX_POINT('',#5662);
#1781=VERTEX_POINT('',#5663);
#1782=VERTEX_POINT('',#5665);
#1783=VERTEX_POINT('',#5667);
#1784=VERTEX_POINT('',#5671);
#1785=VERTEX_POINT('',#5673);
#1786=VERTEX_POINT('',#5677);
#1787=VERTEX_POINT('',#5681);
#1788=VERTEX_POINT('',#5683);
#1789=VERTEX_POINT('',#5687);
#1790=VERTEX_POINT('',#5691);
#1791=VERTEX_POINT('',#5697);
#1792=VERTEX_POINT('',#5703);
#1793=VERTEX_POINT('',#5704);
#1794=VERTEX_POINT('',#5706);
#1795=VERTEX_POINT('',#5708);
#1796=VERTEX_POINT('',#5715);
#1797=VERTEX_POINT('',#5719);
#1798=VERTEX_POINT('',#5725);
#1799=VERTEX_POINT('',#5726);
#1800=VERTEX_POINT('',#5728);
#1801=VERTEX_POINT('',#5730);
#1802=VERTEX_POINT('',#5733);
#1803=VERTEX_POINT('',#5734);
#1804=VERTEX_POINT('',#5736);
#1805=VERTEX_POINT('',#5738);
#1806=VERTEX_POINT('',#5742);
#1807=VERTEX_POINT('',#5744);
#1808=VERTEX_POINT('',#5748);
#1809=VERTEX_POINT('',#5752);
#1810=VERTEX_POINT('',#5754);
#1811=VERTEX_POINT('',#5758);
#1812=VERTEX_POINT('',#5762);
#1813=VERTEX_POINT('',#5768);
#1814=VERTEX_POINT('',#5774);
#1815=VERTEX_POINT('',#5776);
#1816=VERTEX_POINT('',#5780);
#1817=VERTEX_POINT('',#5784);
#1818=VERTEX_POINT('',#5790);
#1819=VERTEX_POINT('',#5791);
#1820=VERTEX_POINT('',#5793);
#1821=VERTEX_POINT('',#5795);
#1822=VERTEX_POINT('',#5798);
#1823=VERTEX_POINT('',#5799);
#1824=VERTEX_POINT('',#5801);
#1825=VERTEX_POINT('',#5803);
#1826=VERTEX_POINT('',#5807);
#1827=VERTEX_POINT('',#5809);
#1828=VERTEX_POINT('',#5813);
#1829=VERTEX_POINT('',#5817);
#1830=VERTEX_POINT('',#5819);
#1831=VERTEX_POINT('',#5823);
#1832=VERTEX_POINT('',#5827);
#1833=VERTEX_POINT('',#5833);
#1834=VERTEX_POINT('',#5839);
#1835=VERTEX_POINT('',#5841);
#1836=VERTEX_POINT('',#5845);
#1837=VERTEX_POINT('',#5849);
#1838=VERTEX_POINT('',#5856);
#1839=VERTEX_POINT('',#5858);
#1840=VERTEX_POINT('',#5862);
#1841=VERTEX_POINT('',#5866);
#1842=VERTEX_POINT('',#5873);
#1843=VERTEX_POINT('',#5877);
#1844=VERTEX_POINT('',#5880);
#1845=VERTEX_POINT('',#5884);
#1846=VERTEX_POINT('',#5887);
#1847=VERTEX_POINT('',#5891);
#1848=VERTEX_POINT('',#5895);
#1849=VERTEX_POINT('',#5899);
#1850=VERTEX_POINT('',#5902);
#1851=VERTEX_POINT('',#5906);
#1852=VERTEX_POINT('',#5909);
#1853=VERTEX_POINT('',#5913);
#1854=VERTEX_POINT('',#5917);
#1855=VERTEX_POINT('',#5921);
#1856=VERTEX_POINT('',#5924);
#1857=VERTEX_POINT('',#5928);
#1858=VERTEX_POINT('',#5931);
#1859=VERTEX_POINT('',#5935);
#1860=VERTEX_POINT('',#5939);
#1861=VERTEX_POINT('',#5943);
#1862=VERTEX_POINT('',#5946);
#1863=VERTEX_POINT('',#5950);
#1864=VERTEX_POINT('',#5953);
#1865=VERTEX_POINT('',#5957);
#1866=VERTEX_POINT('',#5970);
#1867=VERTEX_POINT('',#5971);
#1868=VERTEX_POINT('',#5977);
#1869=VERTEX_POINT('',#5979);
#1870=VERTEX_POINT('',#5996);
#1871=VERTEX_POINT('',#6002);
#1872=VERTEX_POINT('',#6019);
#1873=VERTEX_POINT('',#6025);
#1874=VERTEX_POINT('',#6042);
#1875=VERTEX_POINT('',#6048);
#1876=VERTEX_POINT('',#6065);
#1877=VERTEX_POINT('',#6071);
#1878=VERTEX_POINT('',#6088);
#1879=VERTEX_POINT('',#6094);
#1880=VERTEX_POINT('',#6111);
#1881=VERTEX_POINT('',#6117);
#1882=VERTEX_POINT('',#6154);
#1883=VERTEX_POINT('',#6155);
#1884=VERTEX_POINT('',#6161);
#1885=VERTEX_POINT('',#6163);
#1886=VERTEX_POINT('',#6180);
#1887=VERTEX_POINT('',#6186);
#1888=VERTEX_POINT('',#6203);
#1889=VERTEX_POINT('',#6209);
#1890=VERTEX_POINT('',#6226);
#1891=VERTEX_POINT('',#6232);
#1892=VERTEX_POINT('',#6249);
#1893=VERTEX_POINT('',#6255);
#1894=VERTEX_POINT('',#6272);
#1895=VERTEX_POINT('',#6278);
#1896=VERTEX_POINT('',#6295);
#1897=VERTEX_POINT('',#6301);
#1898=VERTEX_POINT('',#6318);
#1899=VERTEX_POINT('',#6324);
#1900=VERTEX_POINT('',#6341);
#1901=VERTEX_POINT('',#6347);
#1902=VERTEX_POINT('',#6376);
#1903=VERTEX_POINT('',#6377);
#1904=VERTEX_POINT('',#6379);
#1905=VERTEX_POINT('',#6381);
#1906=VERTEX_POINT('',#6385);
#1907=VERTEX_POINT('',#6387);
#1908=VERTEX_POINT('',#6391);
#1909=VERTEX_POINT('',#6393);
#1910=VERTEX_POINT('',#6397);
#1911=VERTEX_POINT('',#6399);
#1912=VERTEX_POINT('',#6403);
#1913=VERTEX_POINT('',#6405);
#1914=VERTEX_POINT('',#6409);
#1915=VERTEX_POINT('',#6411);
#1916=VERTEX_POINT('',#6415);
#1917=VERTEX_POINT('',#6417);
#1918=VERTEX_POINT('',#6421);
#1919=VERTEX_POINT('',#6423);
#1920=VERTEX_POINT('',#6427);
#1921=VERTEX_POINT('',#6429);
#1922=VERTEX_POINT('',#6433);
#1923=VERTEX_POINT('',#6435);
#1924=VERTEX_POINT('',#6439);
#1925=VERTEX_POINT('',#6441);
#1926=VERTEX_POINT('',#6445);
#1927=VERTEX_POINT('',#6447);
#1928=VERTEX_POINT('',#6455);
#1929=VERTEX_POINT('',#6456);
#1930=VERTEX_POINT('',#6458);
#1931=VERTEX_POINT('',#6460);
#1932=VERTEX_POINT('',#6464);
#1933=VERTEX_POINT('',#6466);
#1934=VERTEX_POINT('',#6470);
#1935=VERTEX_POINT('',#6472);
#1936=VERTEX_POINT('',#6480);
#1937=VERTEX_POINT('',#6481);
#1938=VERTEX_POINT('',#6483);
#1939=VERTEX_POINT('',#6485);
#1940=VERTEX_POINT('',#6489);
#1941=VERTEX_POINT('',#6491);
#1942=VERTEX_POINT('',#6495);
#1943=VERTEX_POINT('',#6497);
#1944=VERTEX_POINT('',#6505);
#1945=VERTEX_POINT('',#6506);
#1946=VERTEX_POINT('',#6508);
#1947=VERTEX_POINT('',#6510);
#1948=VERTEX_POINT('',#6514);
#1949=VERTEX_POINT('',#6516);
#1950=VERTEX_POINT('',#6520);
#1951=VERTEX_POINT('',#6522);
#1952=VERTEX_POINT('',#6530);
#1953=VERTEX_POINT('',#6531);
#1954=VERTEX_POINT('',#6533);
#1955=VERTEX_POINT('',#6535);
#1956=VERTEX_POINT('',#6539);
#1957=VERTEX_POINT('',#6541);
#1958=VERTEX_POINT('',#6545);
#1959=VERTEX_POINT('',#6547);
#1960=VERTEX_POINT('',#6564);
#1961=VERTEX_POINT('',#6565);
#1962=VERTEX_POINT('',#6571);
#1963=VERTEX_POINT('',#6573);
#1964=VERTEX_POINT('',#6590);
#1965=VERTEX_POINT('',#6596);
#1966=VERTEX_POINT('',#6613);
#1967=VERTEX_POINT('',#6619);
#1968=VERTEX_POINT('',#6636);
#1969=VERTEX_POINT('',#6642);
#1970=VERTEX_POINT('',#6659);
#1971=VERTEX_POINT('',#6665);
#1972=VERTEX_POINT('',#6682);
#1973=VERTEX_POINT('',#6688);
#1974=VERTEX_POINT('',#6705);
#1975=VERTEX_POINT('',#6711);
#1976=VERTEX_POINT('',#6728);
#1977=VERTEX_POINT('',#6734);
#1978=VERTEX_POINT('',#6751);
#1979=VERTEX_POINT('',#6757);
#1980=VERTEX_POINT('',#6774);
#1981=VERTEX_POINT('',#6780);
#1982=VERTEX_POINT('',#6797);
#1983=VERTEX_POINT('',#6803);
#1984=VERTEX_POINT('',#6820);
#1985=VERTEX_POINT('',#6826);
#1986=VERTEX_POINT('',#6843);
#1987=VERTEX_POINT('',#6849);
#1988=VERTEX_POINT('',#6857);
#1989=VERTEX_POINT('',#6859);
#1990=VERTEX_POINT('',#6872);
#1991=VERTEX_POINT('',#6878);
#1992=VERTEX_POINT('',#6895);
#1993=VERTEX_POINT('',#6901);
#1994=VERTEX_POINT('',#6918);
#1995=VERTEX_POINT('',#6924);
#1996=VERTEX_POINT('',#6941);
#1997=VERTEX_POINT('',#6947);
#1998=VERTEX_POINT('',#6964);
#1999=VERTEX_POINT('',#6970);
#2000=VERTEX_POINT('',#6987);
#2001=VERTEX_POINT('',#6993);
#2002=VERTEX_POINT('',#7010);
#2003=VERTEX_POINT('',#7016);
#2004=VERTEX_POINT('',#7033);
#2005=VERTEX_POINT('',#7039);
#2006=VERTEX_POINT('',#7056);
#2007=VERTEX_POINT('',#7062);
#2008=VERTEX_POINT('',#7079);
#2009=VERTEX_POINT('',#7085);
#2010=VERTEX_POINT('',#7102);
#2011=VERTEX_POINT('',#7108);
#2012=VERTEX_POINT('',#7125);
#2013=VERTEX_POINT('',#7131);
#2014=VERTEX_POINT('',#7148);
#2015=VERTEX_POINT('',#7154);
#2016=VERTEX_POINT('',#7171);
#2017=VERTEX_POINT('',#7177);
#2018=VERTEX_POINT('',#7185);
#2019=VERTEX_POINT('',#7187);
#2020=VERTEX_POINT('',#7212);
#2021=VERTEX_POINT('',#7213);
#2022=VERTEX_POINT('',#7215);
#2023=VERTEX_POINT('',#7217);
#2024=VERTEX_POINT('',#7221);
#2025=VERTEX_POINT('',#7223);
#2026=VERTEX_POINT('',#7227);
#2027=VERTEX_POINT('',#7229);
#2028=VERTEX_POINT('',#7233);
#2029=VERTEX_POINT('',#7235);
#2030=VERTEX_POINT('',#7239);
#2031=VERTEX_POINT('',#7241);
#2032=VERTEX_POINT('',#7245);
#2033=VERTEX_POINT('',#7247);
#2034=VERTEX_POINT('',#7251);
#2035=VERTEX_POINT('',#7253);
#2036=VERTEX_POINT('',#7257);
#2037=VERTEX_POINT('',#7259);
#2038=VERTEX_POINT('',#7263);
#2039=VERTEX_POINT('',#7265);
#2040=VERTEX_POINT('',#7273);
#2041=VERTEX_POINT('',#7274);
#2042=VERTEX_POINT('',#7276);
#2043=VERTEX_POINT('',#7278);
#2044=VERTEX_POINT('',#7280);
#2045=VERTEX_POINT('',#7282);
#2046=VERTEX_POINT('',#7285);
#2047=VERTEX_POINT('',#7287);
#2048=VERTEX_POINT('',#7289);
#2049=VERTEX_POINT('',#7291);
#2050=VERTEX_POINT('',#7293);
#2051=VERTEX_POINT('',#7295);
#2052=VERTEX_POINT('',#7298);
#2053=VERTEX_POINT('',#7303);
#2054=VERTEX_POINT('',#7308);
#2055=VERTEX_POINT('',#7310);
#2056=VERTEX_POINT('',#7314);
#2057=VERTEX_POINT('',#7318);
#2058=VERTEX_POINT('',#7325);
#2059=VERTEX_POINT('',#7329);
#2060=VERTEX_POINT('',#7332);
#2061=VERTEX_POINT('',#7336);
#2062=VERTEX_POINT('',#7339);
#2063=VERTEX_POINT('',#7343);
#2064=VERTEX_POINT('',#7346);
#2065=VERTEX_POINT('',#7350);
#2066=EDGE_CURVE('',#1680,#1681,#902,.F.);
#2067=EDGE_CURVE('',#1682,#1681,#903,.T.);
#2068=EDGE_CURVE('',#1682,#1683,#904,.F.);
#2069=EDGE_CURVE('',#1683,#1680,#905,.T.);
#2070=EDGE_CURVE('',#1684,#1685,#906,.F.);
#2071=EDGE_CURVE('',#1686,#1685,#907,.T.);
#2072=EDGE_CURVE('',#1686,#1687,#908,.F.);
#2073=EDGE_CURVE('',#1687,#1684,#909,.T.);
#2074=EDGE_CURVE('',#1687,#1680,#910,.T.);
#2075=EDGE_CURVE('',#1681,#1686,#911,.T.);
#2076=EDGE_CURVE('',#1683,#1684,#912,.T.);
#2077=EDGE_CURVE('',#1685,#1682,#913,.T.);
#2078=EDGE_CURVE('',#1688,#1689,#277,.T.);
#2079=EDGE_CURVE('',#1690,#1688,#914,.T.);
#2080=EDGE_CURVE('',#1691,#1690,#278,.T.);
#2081=EDGE_CURVE('',#1689,#1691,#915,.T.);
#2082=EDGE_CURVE('',#1692,#1693,#279,.T.);
#2083=EDGE_CURVE('',#1694,#1692,#916,.T.);
#2084=EDGE_CURVE('',#1695,#1694,#280,.T.);
#2085=EDGE_CURVE('',#1693,#1695,#917,.T.);
#2086=EDGE_CURVE('',#1694,#1696,#918,.T.);
#2087=EDGE_CURVE('',#1697,#1696,#281,.T.);
#2088=EDGE_CURVE('',#1695,#1697,#919,.T.);
#2089=EDGE_CURVE('',#1692,#1698,#920,.T.);
#2090=EDGE_CURVE('',#1696,#1698,#921,.T.);
#2091=EDGE_CURVE('',#1690,#1699,#922,.T.);
#2092=EDGE_CURVE('',#1700,#1699,#282,.T.);
#2093=EDGE_CURVE('',#1691,#1700,#923,.T.);
#2094=EDGE_CURVE('',#1688,#1701,#924,.T.);
#2095=EDGE_CURVE('',#1699,#1701,#925,.T.);
#2096=EDGE_CURVE('',#1702,#1700,#926,.T.);
#2097=EDGE_CURVE('',#1689,#1702,#927,.T.);
#2098=EDGE_CURVE('',#1701,#1702,#283,.T.);
#2099=EDGE_CURVE('',#1703,#1697,#928,.T.);
#2100=EDGE_CURVE('',#1693,#1703,#929,.T.);
#2101=EDGE_CURVE('',#1698,#1703,#284,.T.);
#2102=EDGE_CURVE('',#1704,#1705,#930,.F.);
#2103=EDGE_CURVE('',#1705,#1706,#931,.T.);
#2104=EDGE_CURVE('',#1706,#1707,#932,.F.);
#2105=EDGE_CURVE('',#1707,#1704,#933,.T.);
#2106=EDGE_CURVE('',#1708,#1709,#934,.F.);
#2107=EDGE_CURVE('',#1709,#1710,#935,.T.);
#2108=EDGE_CURVE('',#1710,#1711,#936,.F.);
#2109=EDGE_CURVE('',#1711,#1708,#937,.T.);
#2110=EDGE_CURVE('',#1707,#1708,#938,.T.);
#2111=EDGE_CURVE('',#1706,#1709,#939,.T.);
#2112=EDGE_CURVE('',#1711,#1704,#940,.T.);
#2113=EDGE_CURVE('',#1710,#1705,#941,.T.);
#2114=EDGE_CURVE('',#1712,#1713,#285,.T.);
#2115=EDGE_CURVE('',#1714,#1712,#942,.T.);
#2116=EDGE_CURVE('',#1715,#1714,#286,.T.);
#2117=EDGE_CURVE('',#1713,#1715,#943,.T.);
#2118=EDGE_CURVE('',#1716,#1717,#287,.T.);
#2119=EDGE_CURVE('',#1718,#1716,#944,.T.);
#2120=EDGE_CURVE('',#1719,#1718,#288,.T.);
#2121=EDGE_CURVE('',#1717,#1719,#945,.T.);
#2122=EDGE_CURVE('',#1716,#1720,#946,.T.);
#2123=EDGE_CURVE('',#1721,#1720,#947,.T.);
#2124=EDGE_CURVE('',#1718,#1721,#948,.T.);
#2125=EDGE_CURVE('',#1717,#1722,#949,.T.);
#2126=EDGE_CURVE('',#1720,#1722,#289,.T.);
#2127=EDGE_CURVE('',#1712,#1723,#950,.T.);
#2128=EDGE_CURVE('',#1724,#1723,#951,.T.);
#2129=EDGE_CURVE('',#1714,#1724,#952,.T.);
#2130=EDGE_CURVE('',#1713,#1725,#953,.T.);
#2131=EDGE_CURVE('',#1723,#1725,#290,.T.);
#2132=EDGE_CURVE('',#1719,#1726,#954,.T.);
#2133=EDGE_CURVE('',#1722,#1726,#955,.T.);
#2134=EDGE_CURVE('',#1726,#1721,#291,.T.);
#2135=EDGE_CURVE('',#1715,#1727,#956,.T.);
#2136=EDGE_CURVE('',#1725,#1727,#957,.T.);
#2137=EDGE_CURVE('',#1727,#1724,#292,.T.);
#2138=EDGE_CURVE('',#1728,#1729,#958,.F.);
#2139=EDGE_CURVE('',#1730,#1729,#959,.T.);
#2140=EDGE_CURVE('',#1730,#1731,#960,.F.);
#2141=EDGE_CURVE('',#1731,#1728,#961,.T.);
#2142=EDGE_CURVE('',#1731,#1732,#962,.F.);
#2143=EDGE_CURVE('',#1732,#1733,#963,.T.);
#2144=EDGE_CURVE('',#1733,#1728,#964,.F.);
#2145=EDGE_CURVE('',#1734,#1732,#965,.T.);
#2146=EDGE_CURVE('',#1735,#1730,#966,.T.);
#2147=EDGE_CURVE('',#1735,#1734,#967,.T.);
#2148=EDGE_CURVE('',#1736,#1734,#968,.T.);
#2149=EDGE_CURVE('',#1737,#1735,#969,.T.);
#2150=EDGE_CURVE('',#1737,#1736,#970,.T.);
#2151=EDGE_CURVE('',#1729,#1737,#971,.T.);
#2152=EDGE_CURVE('',#1733,#1736,#972,.T.);
#2153=EDGE_CURVE('',#1738,#1739,#293,.T.);
#2154=EDGE_CURVE('',#1739,#1740,#973,.T.);
#2155=EDGE_CURVE('',#1740,#1741,#294,.T.);
#2156=EDGE_CURVE('',#1741,#1742,#974,.T.);
#2157=EDGE_CURVE('',#1742,#1743,#295,.T.);
#2158=EDGE_CURVE('',#1743,#1738,#975,.T.);
#2159=EDGE_CURVE('',#1744,#1745,#976,.T.);
#2160=EDGE_CURVE('',#1746,#1744,#977,.T.);
#2161=EDGE_CURVE('',#1747,#1746,#978,.T.);
#2162=EDGE_CURVE('',#1745,#1747,#979,.T.);
#2163=EDGE_CURVE('',#1748,#1748,#296,.T.);
#2164=EDGE_CURVE('',#1749,#1750,#980,.T.);
#2165=EDGE_CURVE('',#1750,#1751,#981,.T.);
#2166=EDGE_CURVE('',#1751,#1752,#982,.T.);
#2167=EDGE_CURVE('',#1752,#1749,#983,.T.);
#2168=EDGE_CURVE('',#1753,#1754,#984,.T.);
#2169=EDGE_CURVE('',#1754,#1755,#985,.T.);
#2170=EDGE_CURVE('',#1755,#1756,#986,.T.);
#2171=EDGE_CURVE('',#1756,#1753,#987,.T.);
#2172=EDGE_CURVE('',#1757,#1757,#297,.T.);
#2173=EDGE_CURVE('',#1758,#1758,#298,.T.);
#2174=EDGE_CURVE('',#1759,#1759,#299,.T.);
#2175=EDGE_CURVE('',#1760,#1760,#300,.T.);
#2176=EDGE_CURVE('',#1761,#1761,#301,.T.);
#2177=EDGE_CURVE('',#1762,#1762,#302,.T.);
#2178=EDGE_CURVE('',#1763,#1763,#303,.T.);
#2179=EDGE_CURVE('',#1764,#1765,#988,.T.);
#2180=EDGE_CURVE('',#1765,#1766,#989,.T.);
#2181=EDGE_CURVE('',#1766,#1767,#990,.T.);
#2182=EDGE_CURVE('',#1767,#1764,#991,.T.);
#2183=EDGE_CURVE('',#1768,#1768,#304,.T.);
#2184=EDGE_CURVE('',#1769,#1769,#305,.T.);
#2185=EDGE_CURVE('',#1770,#1770,#306,.T.);
#2186=EDGE_CURVE('',#1771,#1771,#307,.T.);
#2187=EDGE_CURVE('',#1772,#1773,#992,.T.);
#2188=EDGE_CURVE('',#1774,#1772,#993,.T.);
#2189=EDGE_CURVE('',#1775,#1774,#994,.T.);
#2190=EDGE_CURVE('',#1773,#1775,#995,.T.);
#2191=EDGE_CURVE('',#1776,#1777,#308,.T.);
#2192=EDGE_CURVE('',#1778,#1776,#996,.T.);
#2193=EDGE_CURVE('',#1779,#1778,#309,.T.);
#2194=EDGE_CURVE('',#1777,#1779,#997,.T.);
#2195=EDGE_CURVE('',#1780,#1781,#310,.T.);
#2196=EDGE_CURVE('',#1782,#1780,#998,.T.);
#2197=EDGE_CURVE('',#1783,#1782,#311,.T.);
#2198=EDGE_CURVE('',#1781,#1783,#999,.T.);
#2199=EDGE_CURVE('',#1782,#1784,#1000,.T.);
#2200=EDGE_CURVE('',#1785,#1784,#312,.T.);
#2201=EDGE_CURVE('',#1783,#1785,#1001,.T.);
#2202=EDGE_CURVE('',#1780,#1786,#1002,.T.);
#2203=EDGE_CURVE('',#1784,#1786,#1003,.T.);
#2204=EDGE_CURVE('',#1778,#1787,#1004,.T.);
#2205=EDGE_CURVE('',#1788,#1787,#313,.T.);
#2206=EDGE_CURVE('',#1779,#1788,#1005,.T.);
#2207=EDGE_CURVE('',#1776,#1789,#1006,.T.);
#2208=EDGE_CURVE('',#1787,#1789,#1007,.T.);
#2209=EDGE_CURVE('',#1790,#1788,#1008,.T.);
#2210=EDGE_CURVE('',#1777,#1790,#1009,.T.);
#2211=EDGE_CURVE('',#1789,#1790,#314,.T.);
#2212=EDGE_CURVE('',#1791,#1785,#1010,.T.);
#2213=EDGE_CURVE('',#1781,#1791,#1011,.T.);
#2214=EDGE_CURVE('',#1786,#1791,#315,.T.);
#2215=EDGE_CURVE('',#1792,#1793,#1012,.F.);
#2216=EDGE_CURVE('',#1793,#1794,#1013,.T.);
#2217=EDGE_CURVE('',#1794,#1795,#1014,.F.);
#2218=EDGE_CURVE('',#1795,#1792,#1015,.T.);
#2219=EDGE_CURVE('',#1795,#1773,#1016,.F.);
#2220=EDGE_CURVE('',#1775,#1792,#1017,.F.);
#2221=EDGE_CURVE('',#1796,#1793,#1018,.T.);
#2222=EDGE_CURVE('',#1774,#1796,#1019,.T.);
#2223=EDGE_CURVE('',#1797,#1796,#1020,.T.);
#2224=EDGE_CURVE('',#1772,#1797,#1021,.T.);
#2225=EDGE_CURVE('',#1794,#1797,#1022,.T.);
#2226=EDGE_CURVE('',#1798,#1799,#316,.T.);
#2227=EDGE_CURVE('',#1800,#1798,#1023,.T.);
#2228=EDGE_CURVE('',#1801,#1800,#317,.T.);
#2229=EDGE_CURVE('',#1799,#1801,#1024,.T.);
#2230=EDGE_CURVE('',#1802,#1803,#318,.T.);
#2231=EDGE_CURVE('',#1804,#1802,#1025,.T.);
#2232=EDGE_CURVE('',#1805,#1804,#319,.T.);
#2233=EDGE_CURVE('',#1803,#1805,#1026,.T.);
#2234=EDGE_CURVE('',#1802,#1806,#1027,.T.);
#2235=EDGE_CURVE('',#1807,#1806,#1028,.T.);
#2236=EDGE_CURVE('',#1804,#1807,#1029,.T.);
#2237=EDGE_CURVE('',#1803,#1808,#1030,.T.);
#2238=EDGE_CURVE('',#1806,#1808,#320,.T.);
#2239=EDGE_CURVE('',#1798,#1809,#1031,.T.);
#2240=EDGE_CURVE('',#1810,#1809,#1032,.T.);
#2241=EDGE_CURVE('',#1800,#1810,#1033,.T.);
#2242=EDGE_CURVE('',#1799,#1811,#1034,.T.);
#2243=EDGE_CURVE('',#1809,#1811,#321,.T.);
#2244=EDGE_CURVE('',#1805,#1812,#1035,.T.);
#2245=EDGE_CURVE('',#1808,#1812,#1036,.T.);
#2246=EDGE_CURVE('',#1812,#1807,#322,.T.);
#2247=EDGE_CURVE('',#1801,#1813,#1037,.T.);
#2248=EDGE_CURVE('',#1811,#1813,#1038,.T.);
#2249=EDGE_CURVE('',#1813,#1810,#323,.T.);
#2250=EDGE_CURVE('',#1745,#1814,#1039,.T.);
#2251=EDGE_CURVE('',#1814,#1815,#1040,.T.);
#2252=EDGE_CURVE('',#1815,#1744,#1041,.T.);
#2253=EDGE_CURVE('',#1747,#1816,#1042,.T.);
#2254=EDGE_CURVE('',#1816,#1814,#1043,.T.);
#2255=EDGE_CURVE('',#1746,#1817,#1044,.T.);
#2256=EDGE_CURVE('',#1817,#1816,#1045,.T.);
#2257=EDGE_CURVE('',#1815,#1817,#1046,.T.);
#2258=EDGE_CURVE('',#1818,#1819,#1047,.T.);
#2259=EDGE_CURVE('',#1820,#1818,#324,.T.);
#2260=EDGE_CURVE('',#1821,#1820,#1048,.T.);
#2261=EDGE_CURVE('',#1819,#1821,#325,.T.);
#2262=EDGE_CURVE('',#1822,#1823,#1049,.T.);
#2263=EDGE_CURVE('',#1824,#1822,#326,.T.);
#2264=EDGE_CURVE('',#1825,#1824,#1050,.T.);
#2265=EDGE_CURVE('',#1823,#1825,#327,.T.);
#2266=EDGE_CURVE('',#1826,#1823,#1051,.T.);
#2267=EDGE_CURVE('',#1827,#1826,#1052,.T.);
#2268=EDGE_CURVE('',#1827,#1822,#1053,.T.);
#2269=EDGE_CURVE('',#1828,#1825,#1054,.T.);
#2270=EDGE_CURVE('',#1826,#1828,#328,.T.);
#2271=EDGE_CURVE('',#1829,#1819,#1055,.T.);
#2272=EDGE_CURVE('',#1830,#1829,#1056,.T.);
#2273=EDGE_CURVE('',#1830,#1818,#1057,.T.);
#2274=EDGE_CURVE('',#1831,#1821,#1058,.T.);
#2275=EDGE_CURVE('',#1829,#1831,#329,.T.);
#2276=EDGE_CURVE('',#1832,#1827,#330,.T.);
#2277=EDGE_CURVE('',#1832,#1824,#1059,.T.);
#2278=EDGE_CURVE('',#1828,#1832,#1060,.T.);
#2279=EDGE_CURVE('',#1833,#1830,#331,.T.);
#2280=EDGE_CURVE('',#1833,#1820,#1061,.T.);
#2281=EDGE_CURVE('',#1831,#1833,#1062,.T.);
#2282=EDGE_CURVE('',#1749,#1834,#1063,.T.);
#2283=EDGE_CURVE('',#1835,#1834,#1064,.T.);
#2284=EDGE_CURVE('',#1750,#1835,#1065,.T.);
#2285=EDGE_CURVE('',#1836,#1835,#1066,.T.);
#2286=EDGE_CURVE('',#1751,#1836,#1067,.T.);
#2287=EDGE_CURVE('',#1837,#1836,#1068,.T.);
#2288=EDGE_CURVE('',#1752,#1837,#1069,.T.);
#2289=EDGE_CURVE('',#1834,#1837,#1070,.T.);
#2290=EDGE_CURVE('',#1753,#1838,#1071,.T.);
#2291=EDGE_CURVE('',#1838,#1839,#1072,.T.);
#2292=EDGE_CURVE('',#1754,#1839,#1073,.T.);
#2293=EDGE_CURVE('',#1756,#1840,#1074,.T.);
#2294=EDGE_CURVE('',#1840,#1838,#1075,.T.);
#2295=EDGE_CURVE('',#1755,#1841,#1076,.T.);
#2296=EDGE_CURVE('',#1841,#1840,#1077,.T.);
#2297=EDGE_CURVE('',#1839,#1841,#1078,.T.);
#2298=EDGE_CURVE('',#1757,#1842,#1079,.T.);
#2299=EDGE_CURVE('',#1842,#1842,#332,.T.);
#2300=EDGE_CURVE('',#1843,#1843,#333,.T.);
#2301=EDGE_CURVE('',#1758,#1844,#1080,.T.);
#2302=EDGE_CURVE('',#1844,#1844,#334,.T.);
#2303=EDGE_CURVE('',#1845,#1845,#335,.T.);
#2304=EDGE_CURVE('',#1846,#1846,#336,.T.);
#2305=EDGE_CURVE('',#1846,#1843,#1081,.T.);
#2306=EDGE_CURVE('',#1847,#1847,#337,.T.);
#2307=EDGE_CURVE('',#1847,#1845,#1082,.T.);
#2308=EDGE_CURVE('',#1759,#1848,#1083,.T.);
#2309=EDGE_CURVE('',#1848,#1848,#338,.T.);
#2310=EDGE_CURVE('',#1849,#1849,#339,.T.);
#2311=EDGE_CURVE('',#1760,#1850,#1084,.T.);
#2312=EDGE_CURVE('',#1850,#1850,#340,.T.);
#2313=EDGE_CURVE('',#1851,#1851,#341,.T.);
#2314=EDGE_CURVE('',#1852,#1852,#342,.T.);
#2315=EDGE_CURVE('',#1852,#1849,#1085,.T.);
#2316=EDGE_CURVE('',#1853,#1853,#343,.T.);
#2317=EDGE_CURVE('',#1853,#1851,#1086,.T.);
#2318=EDGE_CURVE('',#1748,#1854,#1087,.T.);
#2319=EDGE_CURVE('',#1854,#1854,#344,.T.);
#2320=EDGE_CURVE('',#1855,#1855,#345,.T.);
#2321=EDGE_CURVE('',#1761,#1856,#1088,.T.);
#2322=EDGE_CURVE('',#1856,#1856,#346,.T.);
#2323=EDGE_CURVE('',#1857,#1857,#347,.T.);
#2324=EDGE_CURVE('',#1858,#1858,#348,.T.);
#2325=EDGE_CURVE('',#1858,#1855,#1089,.T.);
#2326=EDGE_CURVE('',#1859,#1859,#349,.T.);
#2327=EDGE_CURVE('',#1859,#1857,#1090,.T.);
#2328=EDGE_CURVE('',#1762,#1860,#1091,.T.);
#2329=EDGE_CURVE('',#1860,#1860,#350,.T.);
#2330=EDGE_CURVE('',#1861,#1861,#351,.T.);
#2331=EDGE_CURVE('',#1763,#1862,#1092,.T.);
#2332=EDGE_CURVE('',#1862,#1862,#352,.T.);
#2333=EDGE_CURVE('',#1863,#1863,#353,.T.);
#2334=EDGE_CURVE('',#1864,#1864,#354,.T.);
#2335=EDGE_CURVE('',#1864,#1861,#1093,.T.);
#2336=EDGE_CURVE('',#1865,#1865,#355,.T.);
#2337=EDGE_CURVE('',#1865,#1863,#1094,.T.);
#2338=EDGE_CURVE('',#1866,#1867,#15,.T.);
#2339=EDGE_CURVE('',#1866,#1868,#1095,.T.);
#2340=EDGE_CURVE('',#1868,#1869,#16,.T.);
#2341=EDGE_CURVE('',#1867,#1869,#1096,.T.);
#2342=EDGE_CURVE('',#1870,#1866,#17,.T.);
#2343=EDGE_CURVE('',#1870,#1871,#1097,.T.);
#2344=EDGE_CURVE('',#1871,#1868,#18,.T.);
#2345=EDGE_CURVE('',#1872,#1870,#19,.T.);
#2346=EDGE_CURVE('',#1872,#1873,#1098,.T.);
#2347=EDGE_CURVE('',#1873,#1871,#20,.T.);
#2348=EDGE_CURVE('',#1874,#1872,#21,.T.);
#2349=EDGE_CURVE('',#1874,#1875,#1099,.T.);
#2350=EDGE_CURVE('',#1875,#1873,#22,.T.);
#2351=EDGE_CURVE('',#1876,#1874,#23,.T.);
#2352=EDGE_CURVE('',#1876,#1877,#1100,.T.);
#2353=EDGE_CURVE('',#1877,#1875,#24,.T.);
#2354=EDGE_CURVE('',#1878,#1876,#25,.T.);
#2355=EDGE_CURVE('',#1878,#1879,#1101,.T.);
#2356=EDGE_CURVE('',#1879,#1877,#26,.T.);
#2357=EDGE_CURVE('',#1880,#1878,#27,.T.);
#2358=EDGE_CURVE('',#1880,#1881,#1102,.T.);
#2359=EDGE_CURVE('',#1881,#1879,#28,.T.);
#2360=EDGE_CURVE('',#1867,#1880,#29,.T.);
#2361=EDGE_CURVE('',#1869,#1881,#30,.T.);
#2362=EDGE_CURVE('',#1882,#1883,#31,.T.);
#2363=EDGE_CURVE('',#1882,#1884,#1103,.T.);
#2364=EDGE_CURVE('',#1884,#1885,#32,.T.);
#2365=EDGE_CURVE('',#1883,#1885,#1104,.T.);
#2366=EDGE_CURVE('',#1886,#1882,#33,.T.);
#2367=EDGE_CURVE('',#1886,#1887,#1105,.T.);
#2368=EDGE_CURVE('',#1887,#1884,#34,.T.);
#2369=EDGE_CURVE('',#1888,#1886,#35,.T.);
#2370=EDGE_CURVE('',#1888,#1889,#1106,.T.);
#2371=EDGE_CURVE('',#1889,#1887,#36,.T.);
#2372=EDGE_CURVE('',#1890,#1888,#37,.T.);
#2373=EDGE_CURVE('',#1890,#1891,#1107,.T.);
#2374=EDGE_CURVE('',#1891,#1889,#38,.T.);
#2375=EDGE_CURVE('',#1892,#1890,#39,.T.);
#2376=EDGE_CURVE('',#1892,#1893,#1108,.T.);
#2377=EDGE_CURVE('',#1893,#1891,#40,.T.);
#2378=EDGE_CURVE('',#1894,#1892,#41,.T.);
#2379=EDGE_CURVE('',#1894,#1895,#1109,.T.);
#2380=EDGE_CURVE('',#1895,#1893,#42,.T.);
#2381=EDGE_CURVE('',#1896,#1894,#43,.T.);
#2382=EDGE_CURVE('',#1896,#1897,#1110,.T.);
#2383=EDGE_CURVE('',#1897,#1895,#44,.T.);
#2384=EDGE_CURVE('',#1898,#1896,#45,.T.);
#2385=EDGE_CURVE('',#1898,#1899,#1111,.T.);
#2386=EDGE_CURVE('',#1899,#1897,#46,.T.);
#2387=EDGE_CURVE('',#1900,#1898,#47,.T.);
#2388=EDGE_CURVE('',#1900,#1901,#1112,.T.);
#2389=EDGE_CURVE('',#1901,#1899,#48,.T.);
#2390=EDGE_CURVE('',#1883,#1900,#49,.T.);
#2391=EDGE_CURVE('',#1885,#1901,#50,.T.);
#2392=EDGE_CURVE('',#1902,#1903,#1113,.T.);
#2393=EDGE_CURVE('',#1902,#1904,#1114,.T.);
#2394=EDGE_CURVE('',#1904,#1905,#1115,.T.);
#2395=EDGE_CURVE('',#1903,#1905,#1116,.T.);
#2396=EDGE_CURVE('',#1906,#1902,#1117,.T.);
#2397=EDGE_CURVE('',#1906,#1907,#1118,.T.);
#2398=EDGE_CURVE('',#1907,#1904,#1119,.T.);
#2399=EDGE_CURVE('',#1908,#1906,#1120,.T.);
#2400=EDGE_CURVE('',#1908,#1909,#1121,.T.);
#2401=EDGE_CURVE('',#1909,#1907,#1122,.T.);
#2402=EDGE_CURVE('',#1910,#1908,#1123,.T.);
#2403=EDGE_CURVE('',#1910,#1911,#1124,.T.);
#2404=EDGE_CURVE('',#1911,#1909,#1125,.T.);
#2405=EDGE_CURVE('',#1912,#1910,#1126,.T.);
#2406=EDGE_CURVE('',#1912,#1913,#1127,.T.);
#2407=EDGE_CURVE('',#1913,#1911,#1128,.T.);
#2408=EDGE_CURVE('',#1914,#1912,#1129,.T.);
#2409=EDGE_CURVE('',#1914,#1915,#1130,.T.);
#2410=EDGE_CURVE('',#1915,#1913,#1131,.T.);
#2411=EDGE_CURVE('',#1916,#1914,#1132,.T.);
#2412=EDGE_CURVE('',#1916,#1917,#1133,.T.);
#2413=EDGE_CURVE('',#1917,#1915,#1134,.T.);
#2414=EDGE_CURVE('',#1918,#1916,#1135,.T.);
#2415=EDGE_CURVE('',#1918,#1919,#1136,.T.);
#2416=EDGE_CURVE('',#1919,#1917,#1137,.T.);
#2417=EDGE_CURVE('',#1920,#1918,#1138,.T.);
#2418=EDGE_CURVE('',#1920,#1921,#1139,.T.);
#2419=EDGE_CURVE('',#1921,#1919,#1140,.T.);
#2420=EDGE_CURVE('',#1922,#1920,#1141,.T.);
#2421=EDGE_CURVE('',#1922,#1923,#1142,.T.);
#2422=EDGE_CURVE('',#1923,#1921,#1143,.T.);
#2423=EDGE_CURVE('',#1924,#1922,#1144,.T.);
#2424=EDGE_CURVE('',#1924,#1925,#1145,.T.);
#2425=EDGE_CURVE('',#1925,#1923,#1146,.T.);
#2426=EDGE_CURVE('',#1926,#1924,#1147,.T.);
#2427=EDGE_CURVE('',#1926,#1927,#1148,.T.);
#2428=EDGE_CURVE('',#1927,#1925,#1149,.T.);
#2429=EDGE_CURVE('',#1903,#1926,#1150,.T.);
#2430=EDGE_CURVE('',#1905,#1927,#1151,.T.);
#2431=EDGE_CURVE('',#1928,#1929,#1152,.T.);
#2432=EDGE_CURVE('',#1928,#1930,#1153,.T.);
#2433=EDGE_CURVE('',#1930,#1931,#1154,.T.);
#2434=EDGE_CURVE('',#1929,#1931,#1155,.T.);
#2435=EDGE_CURVE('',#1932,#1928,#1156,.T.);
#2436=EDGE_CURVE('',#1932,#1933,#1157,.T.);
#2437=EDGE_CURVE('',#1933,#1930,#1158,.T.);
#2438=EDGE_CURVE('',#1934,#1932,#1159,.T.);
#2439=EDGE_CURVE('',#1934,#1935,#1160,.T.);
#2440=EDGE_CURVE('',#1935,#1933,#1161,.T.);
#2441=EDGE_CURVE('',#1929,#1934,#1162,.T.);
#2442=EDGE_CURVE('',#1931,#1935,#1163,.T.);
#2443=EDGE_CURVE('',#1936,#1937,#1164,.T.);
#2444=EDGE_CURVE('',#1936,#1938,#1165,.T.);
#2445=EDGE_CURVE('',#1938,#1939,#1166,.T.);
#2446=EDGE_CURVE('',#1937,#1939,#1167,.T.);
#2447=EDGE_CURVE('',#1940,#1936,#1168,.T.);
#2448=EDGE_CURVE('',#1940,#1941,#1169,.T.);
#2449=EDGE_CURVE('',#1941,#1938,#1170,.T.);
#2450=EDGE_CURVE('',#1942,#1940,#1171,.T.);
#2451=EDGE_CURVE('',#1942,#1943,#1172,.T.);
#2452=EDGE_CURVE('',#1943,#1941,#1173,.T.);
#2453=EDGE_CURVE('',#1937,#1942,#1174,.T.);
#2454=EDGE_CURVE('',#1939,#1943,#1175,.T.);
#2455=EDGE_CURVE('',#1944,#1945,#1176,.T.);
#2456=EDGE_CURVE('',#1944,#1946,#1177,.T.);
#2457=EDGE_CURVE('',#1946,#1947,#1178,.T.);
#2458=EDGE_CURVE('',#1945,#1947,#1179,.T.);
#2459=EDGE_CURVE('',#1948,#1944,#1180,.T.);
#2460=EDGE_CURVE('',#1948,#1949,#1181,.T.);
#2461=EDGE_CURVE('',#1949,#1946,#1182,.T.);
#2462=EDGE_CURVE('',#1950,#1948,#1183,.T.);
#2463=EDGE_CURVE('',#1950,#1951,#1184,.T.);
#2464=EDGE_CURVE('',#1951,#1949,#1185,.T.);
#2465=EDGE_CURVE('',#1945,#1950,#1186,.T.);
#2466=EDGE_CURVE('',#1947,#1951,#1187,.T.);
#2467=EDGE_CURVE('',#1952,#1953,#1188,.T.);
#2468=EDGE_CURVE('',#1952,#1954,#1189,.T.);
#2469=EDGE_CURVE('',#1954,#1955,#1190,.T.);
#2470=EDGE_CURVE('',#1953,#1955,#1191,.T.);
#2471=EDGE_CURVE('',#1956,#1952,#1192,.T.);
#2472=EDGE_CURVE('',#1956,#1957,#1193,.T.);
#2473=EDGE_CURVE('',#1957,#1954,#1194,.T.);
#2474=EDGE_CURVE('',#1958,#1956,#1195,.T.);
#2475=EDGE_CURVE('',#1958,#1959,#1196,.T.);
#2476=EDGE_CURVE('',#1959,#1957,#1197,.T.);
#2477=EDGE_CURVE('',#1953,#1958,#1198,.T.);
#2478=EDGE_CURVE('',#1955,#1959,#1199,.T.);
#2479=EDGE_CURVE('',#1960,#1961,#51,.T.);
#2480=EDGE_CURVE('',#1960,#1962,#1200,.T.);
#2481=EDGE_CURVE('',#1962,#1963,#52,.T.);
#2482=EDGE_CURVE('',#1961,#1963,#1201,.T.);
#2483=EDGE_CURVE('',#1964,#1960,#53,.T.);
#2484=EDGE_CURVE('',#1964,#1965,#1202,.T.);
#2485=EDGE_CURVE('',#1965,#1962,#54,.T.);
#2486=EDGE_CURVE('',#1966,#1964,#55,.T.);
#2487=EDGE_CURVE('',#1966,#1967,#1203,.T.);
#2488=EDGE_CURVE('',#1967,#1965,#56,.T.);
#2489=EDGE_CURVE('',#1968,#1966,#57,.T.);
#2490=EDGE_CURVE('',#1968,#1969,#1204,.T.);
#2491=EDGE_CURVE('',#1969,#1967,#58,.T.);
#2492=EDGE_CURVE('',#1970,#1968,#59,.T.);
#2493=EDGE_CURVE('',#1970,#1971,#1205,.T.);
#2494=EDGE_CURVE('',#1971,#1969,#60,.T.);
#2495=EDGE_CURVE('',#1972,#1970,#61,.T.);
#2496=EDGE_CURVE('',#1972,#1973,#1206,.T.);
#2497=EDGE_CURVE('',#1973,#1971,#62,.T.);
#2498=EDGE_CURVE('',#1974,#1972,#63,.T.);
#2499=EDGE_CURVE('',#1974,#1975,#1207,.T.);
#2500=EDGE_CURVE('',#1975,#1973,#64,.T.);
#2501=EDGE_CURVE('',#1976,#1974,#65,.T.);
#2502=EDGE_CURVE('',#1976,#1977,#1208,.T.);
#2503=EDGE_CURVE('',#1977,#1975,#66,.T.);
#2504=EDGE_CURVE('',#1978,#1976,#67,.T.);
#2505=EDGE_CURVE('',#1978,#1979,#1209,.T.);
#2506=EDGE_CURVE('',#1979,#1977,#68,.T.);
#2507=EDGE_CURVE('',#1980,#1978,#69,.T.);
#2508=EDGE_CURVE('',#1980,#1981,#1210,.T.);
#2509=EDGE_CURVE('',#1981,#1979,#70,.T.);
#2510=EDGE_CURVE('',#1982,#1980,#71,.T.);
#2511=EDGE_CURVE('',#1982,#1983,#1211,.T.);
#2512=EDGE_CURVE('',#1983,#1981,#72,.T.);
#2513=EDGE_CURVE('',#1984,#1982,#73,.T.);
#2514=EDGE_CURVE('',#1984,#1985,#1212,.T.);
#2515=EDGE_CURVE('',#1985,#1983,#74,.T.);
#2516=EDGE_CURVE('',#1986,#1984,#75,.T.);
#2517=EDGE_CURVE('',#1986,#1987,#1213,.T.);
#2518=EDGE_CURVE('',#1987,#1985,#76,.T.);
#2519=EDGE_CURVE('',#1988,#1986,#1214,.T.);
#2520=EDGE_CURVE('',#1988,#1989,#1215,.T.);
#2521=EDGE_CURVE('',#1989,#1987,#1216,.T.);
#2522=EDGE_CURVE('',#1990,#1988,#77,.T.);
#2523=EDGE_CURVE('',#1990,#1991,#1217,.T.);
#2524=EDGE_CURVE('',#1991,#1989,#78,.T.);
#2525=EDGE_CURVE('',#1992,#1990,#79,.T.);
#2526=EDGE_CURVE('',#1992,#1993,#1218,.T.);
#2527=EDGE_CURVE('',#1993,#1991,#80,.T.);
#2528=EDGE_CURVE('',#1994,#1992,#81,.T.);
#2529=EDGE_CURVE('',#1994,#1995,#1219,.T.);
#2530=EDGE_CURVE('',#1995,#1993,#82,.T.);
#2531=EDGE_CURVE('',#1996,#1994,#83,.T.);
#2532=EDGE_CURVE('',#1996,#1997,#1220,.T.);
#2533=EDGE_CURVE('',#1997,#1995,#84,.T.);
#2534=EDGE_CURVE('',#1998,#1996,#85,.T.);
#2535=EDGE_CURVE('',#1998,#1999,#1221,.T.);
#2536=EDGE_CURVE('',#1999,#1997,#86,.T.);
#2537=EDGE_CURVE('',#2000,#1998,#87,.T.);
#2538=EDGE_CURVE('',#2000,#2001,#1222,.T.);
#2539=EDGE_CURVE('',#2001,#1999,#88,.T.);
#2540=EDGE_CURVE('',#2002,#2000,#89,.T.);
#2541=EDGE_CURVE('',#2002,#2003,#1223,.T.);
#2542=EDGE_CURVE('',#2003,#2001,#90,.T.);
#2543=EDGE_CURVE('',#2004,#2002,#91,.T.);
#2544=EDGE_CURVE('',#2004,#2005,#1224,.T.);
#2545=EDGE_CURVE('',#2005,#2003,#92,.T.);
#2546=EDGE_CURVE('',#2006,#2004,#93,.T.);
#2547=EDGE_CURVE('',#2006,#2007,#1225,.T.);
#2548=EDGE_CURVE('',#2007,#2005,#94,.T.);
#2549=EDGE_CURVE('',#2008,#2006,#95,.T.);
#2550=EDGE_CURVE('',#2008,#2009,#1226,.T.);
#2551=EDGE_CURVE('',#2009,#2007,#96,.T.);
#2552=EDGE_CURVE('',#2010,#2008,#97,.T.);
#2553=EDGE_CURVE('',#2010,#2011,#1227,.T.);
#2554=EDGE_CURVE('',#2011,#2009,#98,.T.);
#2555=EDGE_CURVE('',#2012,#2010,#99,.T.);
#2556=EDGE_CURVE('',#2012,#2013,#1228,.T.);
#2557=EDGE_CURVE('',#2013,#2011,#100,.T.);
#2558=EDGE_CURVE('',#2014,#2012,#101,.T.);
#2559=EDGE_CURVE('',#2014,#2015,#1229,.T.);
#2560=EDGE_CURVE('',#2015,#2013,#102,.T.);
#2561=EDGE_CURVE('',#2016,#2014,#103,.T.);
#2562=EDGE_CURVE('',#2016,#2017,#1230,.T.);
#2563=EDGE_CURVE('',#2017,#2015,#104,.T.);
#2564=EDGE_CURVE('',#2018,#2016,#1231,.T.);
#2565=EDGE_CURVE('',#2018,#2019,#1232,.T.);
#2566=EDGE_CURVE('',#2019,#2017,#1233,.T.);
#2567=EDGE_CURVE('',#1961,#2018,#105,.T.);
#2568=EDGE_CURVE('',#1963,#2019,#106,.T.);
#2569=EDGE_CURVE('',#2020,#2021,#1234,.T.);
#2570=EDGE_CURVE('',#2020,#2022,#1235,.T.);
#2571=EDGE_CURVE('',#2022,#2023,#1236,.T.);
#2572=EDGE_CURVE('',#2021,#2023,#1237,.T.);
#2573=EDGE_CURVE('',#2024,#2020,#1238,.T.);
#2574=EDGE_CURVE('',#2024,#2025,#1239,.T.);
#2575=EDGE_CURVE('',#2025,#2022,#1240,.T.);
#2576=EDGE_CURVE('',#2026,#2024,#1241,.T.);
#2577=EDGE_CURVE('',#2026,#2027,#1242,.T.);
#2578=EDGE_CURVE('',#2027,#2025,#1243,.T.);
#2579=EDGE_CURVE('',#2028,#2026,#1244,.T.);
#2580=EDGE_CURVE('',#2028,#2029,#1245,.T.);
#2581=EDGE_CURVE('',#2029,#2027,#1246,.T.);
#2582=EDGE_CURVE('',#2030,#2028,#1247,.T.);
#2583=EDGE_CURVE('',#2030,#2031,#1248,.T.);
#2584=EDGE_CURVE('',#2031,#2029,#1249,.T.);
#2585=EDGE_CURVE('',#2032,#2030,#1250,.T.);
#2586=EDGE_CURVE('',#2032,#2033,#1251,.T.);
#2587=EDGE_CURVE('',#2033,#2031,#1252,.T.);
#2588=EDGE_CURVE('',#2034,#2032,#1253,.T.);
#2589=EDGE_CURVE('',#2034,#2035,#1254,.T.);
#2590=EDGE_CURVE('',#2035,#2033,#1255,.T.);
#2591=EDGE_CURVE('',#2036,#2034,#1256,.T.);
#2592=EDGE_CURVE('',#2036,#2037,#1257,.T.);
#2593=EDGE_CURVE('',#2037,#2035,#1258,.T.);
#2594=EDGE_CURVE('',#2038,#2036,#1259,.T.);
#2595=EDGE_CURVE('',#2038,#2039,#1260,.T.);
#2596=EDGE_CURVE('',#2039,#2037,#1261,.T.);
#2597=EDGE_CURVE('',#2021,#2038,#1262,.T.);
#2598=EDGE_CURVE('',#2023,#2039,#1263,.T.);
#2599=EDGE_CURVE('',#2040,#2041,#356,.T.);
#2600=EDGE_CURVE('',#2041,#2042,#1264,.T.);
#2601=EDGE_CURVE('',#2042,#2043,#357,.T.);
#2602=EDGE_CURVE('',#2043,#2044,#1265,.T.);
#2603=EDGE_CURVE('',#2044,#2045,#358,.T.);
#2604=EDGE_CURVE('',#2045,#2040,#1266,.T.);
#2605=EDGE_CURVE('',#2046,#2046,#359,.T.);
#2606=EDGE_CURVE('',#2047,#2047,#360,.T.);
#2607=EDGE_CURVE('',#2048,#2048,#361,.T.);
#2608=EDGE_CURVE('',#2049,#2049,#362,.T.);
#2609=EDGE_CURVE('',#2050,#2050,#363,.T.);
#2610=EDGE_CURVE('',#2051,#2051,#364,.T.);
#2611=EDGE_CURVE('',#2051,#2052,#1267,.T.);
#2612=EDGE_CURVE('',#2052,#2052,#365,.T.);
#2613=EDGE_CURVE('',#2050,#2053,#1268,.T.);
#2614=EDGE_CURVE('',#2053,#2053,#366,.T.);
#2615=EDGE_CURVE('',#1764,#2054,#1269,.T.);
#2616=EDGE_CURVE('',#2054,#2055,#1270,.T.);
#2617=EDGE_CURVE('',#1765,#2055,#1271,.T.);
#2618=EDGE_CURVE('',#1767,#2056,#1272,.T.);
#2619=EDGE_CURVE('',#2056,#2054,#1273,.T.);
#2620=EDGE_CURVE('',#1766,#2057,#1274,.T.);
#2621=EDGE_CURVE('',#2057,#2056,#1275,.T.);
#2622=EDGE_CURVE('',#2055,#2057,#1276,.T.);
#2623=EDGE_CURVE('',#1768,#2058,#1277,.T.);
#2624=EDGE_CURVE('',#2058,#2058,#367,.T.);
#2625=EDGE_CURVE('',#2059,#2059,#368,.T.);
#2626=EDGE_CURVE('',#1769,#2060,#1278,.T.);
#2627=EDGE_CURVE('',#2060,#2060,#369,.T.);
#2628=EDGE_CURVE('',#2061,#2061,#370,.T.);
#2629=EDGE_CURVE('',#1770,#2062,#1279,.T.);
#2630=EDGE_CURVE('',#2062,#2062,#371,.T.);
#2631=EDGE_CURVE('',#2063,#2063,#372,.T.);
#2632=EDGE_CURVE('',#1771,#2064,#1280,.T.);
#2633=EDGE_CURVE('',#2064,#2064,#373,.T.);
#2634=EDGE_CURVE('',#2065,#2065,#374,.T.);
#2635=EDGE_CURVE('',#2049,#2065,#1281,.T.);
#2636=EDGE_CURVE('',#2048,#2061,#1282,.T.);
#2637=EDGE_CURVE('',#2047,#2063,#1283,.T.);
#2638=EDGE_CURVE('',#2046,#2059,#1284,.T.);
#2639=EDGE_CURVE('',#2041,#1738,#1285,.T.);
#2640=EDGE_CURVE('',#2042,#1743,#1286,.T.);
#2641=EDGE_CURVE('',#2043,#1742,#1287,.T.);
#2642=EDGE_CURVE('',#2044,#1741,#1288,.T.);
#2643=EDGE_CURVE('',#2045,#1740,#1289,.T.);
#2644=EDGE_CURVE('',#2040,#1739,#1290,.T.);
#2645=ORIENTED_EDGE('',*,*,#2066,.T.);
#2646=ORIENTED_EDGE('',*,*,#2067,.F.);
#2647=ORIENTED_EDGE('',*,*,#2068,.T.);
#2648=ORIENTED_EDGE('',*,*,#2069,.T.);
#2649=ORIENTED_EDGE('',*,*,#2070,.T.);
#2650=ORIENTED_EDGE('',*,*,#2071,.F.);
#2651=ORIENTED_EDGE('',*,*,#2072,.T.);
#2652=ORIENTED_EDGE('',*,*,#2073,.T.);
#2653=ORIENTED_EDGE('',*,*,#2074,.F.);
#2654=ORIENTED_EDGE('',*,*,#2072,.F.);
#2655=ORIENTED_EDGE('',*,*,#2075,.F.);
#2656=ORIENTED_EDGE('',*,*,#2066,.F.);
#2657=ORIENTED_EDGE('',*,*,#2076,.F.);
#2658=ORIENTED_EDGE('',*,*,#2068,.F.);
#2659=ORIENTED_EDGE('',*,*,#2077,.F.);
#2660=ORIENTED_EDGE('',*,*,#2070,.F.);
#2661=ORIENTED_EDGE('',*,*,#2077,.T.);
#2662=ORIENTED_EDGE('',*,*,#2067,.T.);
#2663=ORIENTED_EDGE('',*,*,#2075,.T.);
#2664=ORIENTED_EDGE('',*,*,#2071,.T.);
#2665=ORIENTED_EDGE('',*,*,#2078,.F.);
#2666=ORIENTED_EDGE('',*,*,#2079,.F.);
#2667=ORIENTED_EDGE('',*,*,#2080,.F.);
#2668=ORIENTED_EDGE('',*,*,#2081,.F.);
#2669=ORIENTED_EDGE('',*,*,#2082,.F.);
#2670=ORIENTED_EDGE('',*,*,#2083,.F.);
#2671=ORIENTED_EDGE('',*,*,#2084,.F.);
#2672=ORIENTED_EDGE('',*,*,#2085,.F.);
#2673=ORIENTED_EDGE('',*,*,#2084,.T.);
#2674=ORIENTED_EDGE('',*,*,#2086,.T.);
#2675=ORIENTED_EDGE('',*,*,#2087,.F.);
#2676=ORIENTED_EDGE('',*,*,#2088,.F.);
#2677=ORIENTED_EDGE('',*,*,#2083,.T.);
#2678=ORIENTED_EDGE('',*,*,#2089,.T.);
#2679=ORIENTED_EDGE('',*,*,#2090,.F.);
#2680=ORIENTED_EDGE('',*,*,#2086,.F.);
#2681=ORIENTED_EDGE('',*,*,#2080,.T.);
#2682=ORIENTED_EDGE('',*,*,#2091,.T.);
#2683=ORIENTED_EDGE('',*,*,#2092,.F.);
#2684=ORIENTED_EDGE('',*,*,#2093,.F.);
#2685=ORIENTED_EDGE('',*,*,#2079,.T.);
#2686=ORIENTED_EDGE('',*,*,#2094,.T.);
#2687=ORIENTED_EDGE('',*,*,#2095,.F.);
#2688=ORIENTED_EDGE('',*,*,#2091,.F.);
#2689=ORIENTED_EDGE('',*,*,#2081,.T.);
#2690=ORIENTED_EDGE('',*,*,#2093,.T.);
#2691=ORIENTED_EDGE('',*,*,#2096,.F.);
#2692=ORIENTED_EDGE('',*,*,#2097,.F.);
#2693=ORIENTED_EDGE('',*,*,#2078,.T.);
#2694=ORIENTED_EDGE('',*,*,#2097,.T.);
#2695=ORIENTED_EDGE('',*,*,#2098,.F.);
#2696=ORIENTED_EDGE('',*,*,#2094,.F.);
#2697=ORIENTED_EDGE('',*,*,#2085,.T.);
#2698=ORIENTED_EDGE('',*,*,#2088,.T.);
#2699=ORIENTED_EDGE('',*,*,#2099,.F.);
#2700=ORIENTED_EDGE('',*,*,#2100,.F.);
#2701=ORIENTED_EDGE('',*,*,#2082,.T.);
#2702=ORIENTED_EDGE('',*,*,#2100,.T.);
#2703=ORIENTED_EDGE('',*,*,#2101,.F.);
#2704=ORIENTED_EDGE('',*,*,#2089,.F.);
#2705=ORIENTED_EDGE('',*,*,#2102,.T.);
#2706=ORIENTED_EDGE('',*,*,#2103,.T.);
#2707=ORIENTED_EDGE('',*,*,#2104,.T.);
#2708=ORIENTED_EDGE('',*,*,#2105,.T.);
#2709=ORIENTED_EDGE('',*,*,#2106,.T.);
#2710=ORIENTED_EDGE('',*,*,#2107,.T.);
#2711=ORIENTED_EDGE('',*,*,#2108,.T.);
#2712=ORIENTED_EDGE('',*,*,#2109,.T.);
#2713=ORIENTED_EDGE('',*,*,#2110,.F.);
#2714=ORIENTED_EDGE('',*,*,#2104,.F.);
#2715=ORIENTED_EDGE('',*,*,#2111,.T.);
#2716=ORIENTED_EDGE('',*,*,#2106,.F.);
#2717=ORIENTED_EDGE('',*,*,#2112,.F.);
#2718=ORIENTED_EDGE('',*,*,#2108,.F.);
#2719=ORIENTED_EDGE('',*,*,#2113,.T.);
#2720=ORIENTED_EDGE('',*,*,#2102,.F.);
#2721=ORIENTED_EDGE('',*,*,#2113,.F.);
#2722=ORIENTED_EDGE('',*,*,#2107,.F.);
#2723=ORIENTED_EDGE('',*,*,#2111,.F.);
#2724=ORIENTED_EDGE('',*,*,#2103,.F.);
#2725=ORIENTED_EDGE('',*,*,#2114,.F.);
#2726=ORIENTED_EDGE('',*,*,#2115,.F.);
#2727=ORIENTED_EDGE('',*,*,#2116,.F.);
#2728=ORIENTED_EDGE('',*,*,#2117,.F.);
#2729=ORIENTED_EDGE('',*,*,#2118,.F.);
#2730=ORIENTED_EDGE('',*,*,#2119,.F.);
#2731=ORIENTED_EDGE('',*,*,#2120,.F.);
#2732=ORIENTED_EDGE('',*,*,#2121,.F.);
#2733=ORIENTED_EDGE('',*,*,#2119,.T.);
#2734=ORIENTED_EDGE('',*,*,#2122,.T.);
#2735=ORIENTED_EDGE('',*,*,#2123,.F.);
#2736=ORIENTED_EDGE('',*,*,#2124,.F.);
#2737=ORIENTED_EDGE('',*,*,#2118,.T.);
#2738=ORIENTED_EDGE('',*,*,#2125,.T.);
#2739=ORIENTED_EDGE('',*,*,#2126,.F.);
#2740=ORIENTED_EDGE('',*,*,#2122,.F.);
#2741=ORIENTED_EDGE('',*,*,#2115,.T.);
#2742=ORIENTED_EDGE('',*,*,#2127,.T.);
#2743=ORIENTED_EDGE('',*,*,#2128,.F.);
#2744=ORIENTED_EDGE('',*,*,#2129,.F.);
#2745=ORIENTED_EDGE('',*,*,#2114,.T.);
#2746=ORIENTED_EDGE('',*,*,#2130,.T.);
#2747=ORIENTED_EDGE('',*,*,#2131,.F.);
#2748=ORIENTED_EDGE('',*,*,#2127,.F.);
#2749=ORIENTED_EDGE('',*,*,#2121,.T.);
#2750=ORIENTED_EDGE('',*,*,#2132,.T.);
#2751=ORIENTED_EDGE('',*,*,#2133,.F.);
#2752=ORIENTED_EDGE('',*,*,#2125,.F.);
#2753=ORIENTED_EDGE('',*,*,#2120,.T.);
#2754=ORIENTED_EDGE('',*,*,#2124,.T.);
#2755=ORIENTED_EDGE('',*,*,#2134,.F.);
#2756=ORIENTED_EDGE('',*,*,#2132,.F.);
#2757=ORIENTED_EDGE('',*,*,#2117,.T.);
#2758=ORIENTED_EDGE('',*,*,#2135,.T.);
#2759=ORIENTED_EDGE('',*,*,#2136,.F.);
#2760=ORIENTED_EDGE('',*,*,#2130,.F.);
#2761=ORIENTED_EDGE('',*,*,#2116,.T.);
#2762=ORIENTED_EDGE('',*,*,#2129,.T.);
#2763=ORIENTED_EDGE('',*,*,#2137,.F.);
#2764=ORIENTED_EDGE('',*,*,#2135,.F.);
#2765=ORIENTED_EDGE('',*,*,#2138,.T.);
#2766=ORIENTED_EDGE('',*,*,#2139,.F.);
#2767=ORIENTED_EDGE('',*,*,#2140,.T.);
#2768=ORIENTED_EDGE('',*,*,#2141,.T.);
#2769=ORIENTED_EDGE('',*,*,#2141,.F.);
#2770=ORIENTED_EDGE('',*,*,#2142,.T.);
#2771=ORIENTED_EDGE('',*,*,#2143,.T.);
#2772=ORIENTED_EDGE('',*,*,#2144,.T.);
#2773=ORIENTED_EDGE('',*,*,#2145,.T.);
#2774=ORIENTED_EDGE('',*,*,#2142,.F.);
#2775=ORIENTED_EDGE('',*,*,#2140,.F.);
#2776=ORIENTED_EDGE('',*,*,#2146,.F.);
#2777=ORIENTED_EDGE('',*,*,#2147,.T.);
#2778=ORIENTED_EDGE('',*,*,#2148,.T.);
#2779=ORIENTED_EDGE('',*,*,#2147,.F.);
#2780=ORIENTED_EDGE('',*,*,#2149,.F.);
#2781=ORIENTED_EDGE('',*,*,#2150,.T.);
#2782=ORIENTED_EDGE('',*,*,#2151,.F.);
#2783=ORIENTED_EDGE('',*,*,#2138,.F.);
#2784=ORIENTED_EDGE('',*,*,#2144,.F.);
#2785=ORIENTED_EDGE('',*,*,#2152,.T.);
#2786=ORIENTED_EDGE('',*,*,#2150,.F.);
#2787=ORIENTED_EDGE('',*,*,#2153,.T.);
#2788=ORIENTED_EDGE('',*,*,#2154,.T.);
#2789=ORIENTED_EDGE('',*,*,#2155,.T.);
#2790=ORIENTED_EDGE('',*,*,#2156,.T.);
#2791=ORIENTED_EDGE('',*,*,#2157,.T.);
#2792=ORIENTED_EDGE('',*,*,#2158,.T.);
#2793=ORIENTED_EDGE('',*,*,#2076,.T.);
#2794=ORIENTED_EDGE('',*,*,#2073,.F.);
#2795=ORIENTED_EDGE('',*,*,#2074,.T.);
#2796=ORIENTED_EDGE('',*,*,#2069,.F.);
#2797=ORIENTED_EDGE('',*,*,#2110,.T.);
#2798=ORIENTED_EDGE('',*,*,#2109,.F.);
#2799=ORIENTED_EDGE('',*,*,#2112,.T.);
#2800=ORIENTED_EDGE('',*,*,#2105,.F.);
#2801=ORIENTED_EDGE('',*,*,#2145,.F.);
#2802=ORIENTED_EDGE('',*,*,#2148,.F.);
#2803=ORIENTED_EDGE('',*,*,#2152,.F.);
#2804=ORIENTED_EDGE('',*,*,#2143,.F.);
#2805=ORIENTED_EDGE('',*,*,#2159,.F.);
#2806=ORIENTED_EDGE('',*,*,#2160,.F.);
#2807=ORIENTED_EDGE('',*,*,#2161,.F.);
#2808=ORIENTED_EDGE('',*,*,#2162,.F.);
#2809=ORIENTED_EDGE('',*,*,#2163,.T.);
#2810=ORIENTED_EDGE('',*,*,#2164,.T.);
#2811=ORIENTED_EDGE('',*,*,#2165,.T.);
#2812=ORIENTED_EDGE('',*,*,#2166,.T.);
#2813=ORIENTED_EDGE('',*,*,#2167,.T.);
#2814=ORIENTED_EDGE('',*,*,#2168,.T.);
#2815=ORIENTED_EDGE('',*,*,#2169,.T.);
#2816=ORIENTED_EDGE('',*,*,#2170,.T.);
#2817=ORIENTED_EDGE('',*,*,#2171,.T.);
#2818=ORIENTED_EDGE('',*,*,#2172,.T.);
#2819=ORIENTED_EDGE('',*,*,#2173,.T.);
#2820=ORIENTED_EDGE('',*,*,#2174,.T.);
#2821=ORIENTED_EDGE('',*,*,#2175,.T.);
#2822=ORIENTED_EDGE('',*,*,#2176,.T.);
#2823=ORIENTED_EDGE('',*,*,#2177,.T.);
#2824=ORIENTED_EDGE('',*,*,#2178,.T.);
#2825=ORIENTED_EDGE('',*,*,#2179,.T.);
#2826=ORIENTED_EDGE('',*,*,#2180,.T.);
#2827=ORIENTED_EDGE('',*,*,#2181,.T.);
#2828=ORIENTED_EDGE('',*,*,#2182,.T.);
#2829=ORIENTED_EDGE('',*,*,#2183,.T.);
#2830=ORIENTED_EDGE('',*,*,#2184,.T.);
#2831=ORIENTED_EDGE('',*,*,#2185,.T.);
#2832=ORIENTED_EDGE('',*,*,#2186,.T.);
#2833=ORIENTED_EDGE('',*,*,#2187,.F.);
#2834=ORIENTED_EDGE('',*,*,#2188,.F.);
#2835=ORIENTED_EDGE('',*,*,#2189,.F.);
#2836=ORIENTED_EDGE('',*,*,#2190,.F.);
#2837=ORIENTED_EDGE('',*,*,#2139,.T.);
#2838=ORIENTED_EDGE('',*,*,#2151,.T.);
#2839=ORIENTED_EDGE('',*,*,#2149,.T.);
#2840=ORIENTED_EDGE('',*,*,#2146,.T.);
#2841=ORIENTED_EDGE('',*,*,#2191,.F.);
#2842=ORIENTED_EDGE('',*,*,#2192,.F.);
#2843=ORIENTED_EDGE('',*,*,#2193,.F.);
#2844=ORIENTED_EDGE('',*,*,#2194,.F.);
#2845=ORIENTED_EDGE('',*,*,#2195,.F.);
#2846=ORIENTED_EDGE('',*,*,#2196,.F.);
#2847=ORIENTED_EDGE('',*,*,#2197,.F.);
#2848=ORIENTED_EDGE('',*,*,#2198,.F.);
#2849=ORIENTED_EDGE('',*,*,#2197,.T.);
#2850=ORIENTED_EDGE('',*,*,#2199,.T.);
#2851=ORIENTED_EDGE('',*,*,#2200,.F.);
#2852=ORIENTED_EDGE('',*,*,#2201,.F.);
#2853=ORIENTED_EDGE('',*,*,#2196,.T.);
#2854=ORIENTED_EDGE('',*,*,#2202,.T.);
#2855=ORIENTED_EDGE('',*,*,#2203,.F.);
#2856=ORIENTED_EDGE('',*,*,#2199,.F.);
#2857=ORIENTED_EDGE('',*,*,#2193,.T.);
#2858=ORIENTED_EDGE('',*,*,#2204,.T.);
#2859=ORIENTED_EDGE('',*,*,#2205,.F.);
#2860=ORIENTED_EDGE('',*,*,#2206,.F.);
#2861=ORIENTED_EDGE('',*,*,#2192,.T.);
#2862=ORIENTED_EDGE('',*,*,#2207,.T.);
#2863=ORIENTED_EDGE('',*,*,#2208,.F.);
#2864=ORIENTED_EDGE('',*,*,#2204,.F.);
#2865=ORIENTED_EDGE('',*,*,#2194,.T.);
#2866=ORIENTED_EDGE('',*,*,#2206,.T.);
#2867=ORIENTED_EDGE('',*,*,#2209,.F.);
#2868=ORIENTED_EDGE('',*,*,#2210,.F.);
#2869=ORIENTED_EDGE('',*,*,#2191,.T.);
#2870=ORIENTED_EDGE('',*,*,#2210,.T.);
#2871=ORIENTED_EDGE('',*,*,#2211,.F.);
#2872=ORIENTED_EDGE('',*,*,#2207,.F.);
#2873=ORIENTED_EDGE('',*,*,#2198,.T.);
#2874=ORIENTED_EDGE('',*,*,#2201,.T.);
#2875=ORIENTED_EDGE('',*,*,#2212,.F.);
#2876=ORIENTED_EDGE('',*,*,#2213,.F.);
#2877=ORIENTED_EDGE('',*,*,#2195,.T.);
#2878=ORIENTED_EDGE('',*,*,#2213,.T.);
#2879=ORIENTED_EDGE('',*,*,#2214,.F.);
#2880=ORIENTED_EDGE('',*,*,#2202,.F.);
#2881=ORIENTED_EDGE('',*,*,#2215,.T.);
#2882=ORIENTED_EDGE('',*,*,#2216,.T.);
#2883=ORIENTED_EDGE('',*,*,#2217,.T.);
#2884=ORIENTED_EDGE('',*,*,#2218,.T.);
#2885=ORIENTED_EDGE('',*,*,#2218,.F.);
#2886=ORIENTED_EDGE('',*,*,#2219,.T.);
#2887=ORIENTED_EDGE('',*,*,#2190,.T.);
#2888=ORIENTED_EDGE('',*,*,#2220,.T.);
#2889=ORIENTED_EDGE('',*,*,#2221,.T.);
#2890=ORIENTED_EDGE('',*,*,#2215,.F.);
#2891=ORIENTED_EDGE('',*,*,#2220,.F.);
#2892=ORIENTED_EDGE('',*,*,#2189,.T.);
#2893=ORIENTED_EDGE('',*,*,#2222,.T.);
#2894=ORIENTED_EDGE('',*,*,#2223,.T.);
#2895=ORIENTED_EDGE('',*,*,#2222,.F.);
#2896=ORIENTED_EDGE('',*,*,#2188,.T.);
#2897=ORIENTED_EDGE('',*,*,#2224,.T.);
#2898=ORIENTED_EDGE('',*,*,#2187,.T.);
#2899=ORIENTED_EDGE('',*,*,#2219,.F.);
#2900=ORIENTED_EDGE('',*,*,#2217,.F.);
#2901=ORIENTED_EDGE('',*,*,#2225,.T.);
#2902=ORIENTED_EDGE('',*,*,#2224,.F.);
#2903=ORIENTED_EDGE('',*,*,#2216,.F.);
#2904=ORIENTED_EDGE('',*,*,#2221,.F.);
#2905=ORIENTED_EDGE('',*,*,#2223,.F.);
#2906=ORIENTED_EDGE('',*,*,#2225,.F.);
#2907=ORIENTED_EDGE('',*,*,#2226,.F.);
#2908=ORIENTED_EDGE('',*,*,#2227,.F.);
#2909=ORIENTED_EDGE('',*,*,#2228,.F.);
#2910=ORIENTED_EDGE('',*,*,#2229,.F.);
#2911=ORIENTED_EDGE('',*,*,#2230,.F.);
#2912=ORIENTED_EDGE('',*,*,#2231,.F.);
#2913=ORIENTED_EDGE('',*,*,#2232,.F.);
#2914=ORIENTED_EDGE('',*,*,#2233,.F.);
#2915=ORIENTED_EDGE('',*,*,#2231,.T.);
#2916=ORIENTED_EDGE('',*,*,#2234,.T.);
#2917=ORIENTED_EDGE('',*,*,#2235,.F.);
#2918=ORIENTED_EDGE('',*,*,#2236,.F.);
#2919=ORIENTED_EDGE('',*,*,#2230,.T.);
#2920=ORIENTED_EDGE('',*,*,#2237,.T.);
#2921=ORIENTED_EDGE('',*,*,#2238,.F.);
#2922=ORIENTED_EDGE('',*,*,#2234,.F.);
#2923=ORIENTED_EDGE('',*,*,#2227,.T.);
#2924=ORIENTED_EDGE('',*,*,#2239,.T.);
#2925=ORIENTED_EDGE('',*,*,#2240,.F.);
#2926=ORIENTED_EDGE('',*,*,#2241,.F.);
#2927=ORIENTED_EDGE('',*,*,#2226,.T.);
#2928=ORIENTED_EDGE('',*,*,#2242,.T.);
#2929=ORIENTED_EDGE('',*,*,#2243,.F.);
#2930=ORIENTED_EDGE('',*,*,#2239,.F.);
#2931=ORIENTED_EDGE('',*,*,#2233,.T.);
#2932=ORIENTED_EDGE('',*,*,#2244,.T.);
#2933=ORIENTED_EDGE('',*,*,#2245,.F.);
#2934=ORIENTED_EDGE('',*,*,#2237,.F.);
#2935=ORIENTED_EDGE('',*,*,#2232,.T.);
#2936=ORIENTED_EDGE('',*,*,#2236,.T.);
#2937=ORIENTED_EDGE('',*,*,#2246,.F.);
#2938=ORIENTED_EDGE('',*,*,#2244,.F.);
#2939=ORIENTED_EDGE('',*,*,#2229,.T.);
#2940=ORIENTED_EDGE('',*,*,#2247,.T.);
#2941=ORIENTED_EDGE('',*,*,#2248,.F.);
#2942=ORIENTED_EDGE('',*,*,#2242,.F.);
#2943=ORIENTED_EDGE('',*,*,#2228,.T.);
#2944=ORIENTED_EDGE('',*,*,#2241,.T.);
#2945=ORIENTED_EDGE('',*,*,#2249,.F.);
#2946=ORIENTED_EDGE('',*,*,#2247,.F.);
#2947=ORIENTED_EDGE('',*,*,#2159,.T.);
#2948=ORIENTED_EDGE('',*,*,#2250,.T.);
#2949=ORIENTED_EDGE('',*,*,#2251,.T.);
#2950=ORIENTED_EDGE('',*,*,#2252,.T.);
#2951=ORIENTED_EDGE('',*,*,#2162,.T.);
#2952=ORIENTED_EDGE('',*,*,#2253,.T.);
#2953=ORIENTED_EDGE('',*,*,#2254,.T.);
#2954=ORIENTED_EDGE('',*,*,#2250,.F.);
#2955=ORIENTED_EDGE('',*,*,#2161,.T.);
#2956=ORIENTED_EDGE('',*,*,#2255,.T.);
#2957=ORIENTED_EDGE('',*,*,#2256,.T.);
#2958=ORIENTED_EDGE('',*,*,#2253,.F.);
#2959=ORIENTED_EDGE('',*,*,#2257,.T.);
#2960=ORIENTED_EDGE('',*,*,#2255,.F.);
#2961=ORIENTED_EDGE('',*,*,#2160,.T.);
#2962=ORIENTED_EDGE('',*,*,#2252,.F.);
#2963=ORIENTED_EDGE('',*,*,#2257,.F.);
#2964=ORIENTED_EDGE('',*,*,#2251,.F.);
#2965=ORIENTED_EDGE('',*,*,#2254,.F.);
#2966=ORIENTED_EDGE('',*,*,#2256,.F.);
#2967=ORIENTED_EDGE('',*,*,#2258,.F.);
#2968=ORIENTED_EDGE('',*,*,#2259,.F.);
#2969=ORIENTED_EDGE('',*,*,#2260,.F.);
#2970=ORIENTED_EDGE('',*,*,#2261,.F.);
#2971=ORIENTED_EDGE('',*,*,#2262,.F.);
#2972=ORIENTED_EDGE('',*,*,#2263,.F.);
#2973=ORIENTED_EDGE('',*,*,#2264,.F.);
#2974=ORIENTED_EDGE('',*,*,#2265,.F.);
#2975=ORIENTED_EDGE('',*,*,#2262,.T.);
#2976=ORIENTED_EDGE('',*,*,#2266,.F.);
#2977=ORIENTED_EDGE('',*,*,#2267,.F.);
#2978=ORIENTED_EDGE('',*,*,#2268,.T.);
#2979=ORIENTED_EDGE('',*,*,#2265,.T.);
#2980=ORIENTED_EDGE('',*,*,#2269,.F.);
#2981=ORIENTED_EDGE('',*,*,#2270,.F.);
#2982=ORIENTED_EDGE('',*,*,#2266,.T.);
#2983=ORIENTED_EDGE('',*,*,#2258,.T.);
#2984=ORIENTED_EDGE('',*,*,#2271,.F.);
#2985=ORIENTED_EDGE('',*,*,#2272,.F.);
#2986=ORIENTED_EDGE('',*,*,#2273,.T.);
#2987=ORIENTED_EDGE('',*,*,#2261,.T.);
#2988=ORIENTED_EDGE('',*,*,#2274,.F.);
#2989=ORIENTED_EDGE('',*,*,#2275,.F.);
#2990=ORIENTED_EDGE('',*,*,#2271,.T.);
#2991=ORIENTED_EDGE('',*,*,#2263,.T.);
#2992=ORIENTED_EDGE('',*,*,#2268,.F.);
#2993=ORIENTED_EDGE('',*,*,#2276,.F.);
#2994=ORIENTED_EDGE('',*,*,#2277,.T.);
#2995=ORIENTED_EDGE('',*,*,#2264,.T.);
#2996=ORIENTED_EDGE('',*,*,#2277,.F.);
#2997=ORIENTED_EDGE('',*,*,#2278,.F.);
#2998=ORIENTED_EDGE('',*,*,#2269,.T.);
#2999=ORIENTED_EDGE('',*,*,#2259,.T.);
#3000=ORIENTED_EDGE('',*,*,#2273,.F.);
#3001=ORIENTED_EDGE('',*,*,#2279,.F.);
#3002=ORIENTED_EDGE('',*,*,#2280,.T.);
#3003=ORIENTED_EDGE('',*,*,#2260,.T.);
#3004=ORIENTED_EDGE('',*,*,#2280,.F.);
#3005=ORIENTED_EDGE('',*,*,#2281,.F.);
#3006=ORIENTED_EDGE('',*,*,#2274,.T.);
#3007=ORIENTED_EDGE('',*,*,#2164,.F.);
#3008=ORIENTED_EDGE('',*,*,#2282,.T.);
#3009=ORIENTED_EDGE('',*,*,#2283,.F.);
#3010=ORIENTED_EDGE('',*,*,#2284,.F.);
#3011=ORIENTED_EDGE('',*,*,#2165,.F.);
#3012=ORIENTED_EDGE('',*,*,#2284,.T.);
#3013=ORIENTED_EDGE('',*,*,#2285,.F.);
#3014=ORIENTED_EDGE('',*,*,#2286,.F.);
#3015=ORIENTED_EDGE('',*,*,#2166,.F.);
#3016=ORIENTED_EDGE('',*,*,#2286,.T.);
#3017=ORIENTED_EDGE('',*,*,#2287,.F.);
#3018=ORIENTED_EDGE('',*,*,#2288,.F.);
#3019=ORIENTED_EDGE('',*,*,#2167,.F.);
#3020=ORIENTED_EDGE('',*,*,#2288,.T.);
#3021=ORIENTED_EDGE('',*,*,#2289,.F.);
#3022=ORIENTED_EDGE('',*,*,#2282,.F.);
#3023=ORIENTED_EDGE('',*,*,#2289,.T.);
#3024=ORIENTED_EDGE('',*,*,#2287,.T.);
#3025=ORIENTED_EDGE('',*,*,#2285,.T.);
#3026=ORIENTED_EDGE('',*,*,#2283,.T.);
#3027=ORIENTED_EDGE('',*,*,#2168,.F.);
#3028=ORIENTED_EDGE('',*,*,#2290,.T.);
#3029=ORIENTED_EDGE('',*,*,#2291,.T.);
#3030=ORIENTED_EDGE('',*,*,#2292,.F.);
#3031=ORIENTED_EDGE('',*,*,#2171,.F.);
#3032=ORIENTED_EDGE('',*,*,#2293,.T.);
#3033=ORIENTED_EDGE('',*,*,#2294,.T.);
#3034=ORIENTED_EDGE('',*,*,#2290,.F.);
#3035=ORIENTED_EDGE('',*,*,#2170,.F.);
#3036=ORIENTED_EDGE('',*,*,#2295,.T.);
#3037=ORIENTED_EDGE('',*,*,#2296,.T.);
#3038=ORIENTED_EDGE('',*,*,#2293,.F.);
#3039=ORIENTED_EDGE('',*,*,#2169,.F.);
#3040=ORIENTED_EDGE('',*,*,#2292,.T.);
#3041=ORIENTED_EDGE('',*,*,#2297,.T.);
#3042=ORIENTED_EDGE('',*,*,#2295,.F.);
#3043=ORIENTED_EDGE('',*,*,#2297,.F.);
#3044=ORIENTED_EDGE('',*,*,#2291,.F.);
#3045=ORIENTED_EDGE('',*,*,#2294,.F.);
#3046=ORIENTED_EDGE('',*,*,#2296,.F.);
#3047=ORIENTED_EDGE('',*,*,#2172,.F.);
#3048=ORIENTED_EDGE('',*,*,#2298,.T.);
#3049=ORIENTED_EDGE('',*,*,#2299,.T.);
#3050=ORIENTED_EDGE('',*,*,#2298,.F.);
#3051=ORIENTED_EDGE('',*,*,#2299,.F.);
#3052=ORIENTED_EDGE('',*,*,#2300,.F.);
#3053=ORIENTED_EDGE('',*,*,#2173,.F.);
#3054=ORIENTED_EDGE('',*,*,#2301,.T.);
#3055=ORIENTED_EDGE('',*,*,#2302,.T.);
#3056=ORIENTED_EDGE('',*,*,#2301,.F.);
#3057=ORIENTED_EDGE('',*,*,#2302,.F.);
#3058=ORIENTED_EDGE('',*,*,#2303,.F.);
#3059=ORIENTED_EDGE('',*,*,#2304,.F.);
#3060=ORIENTED_EDGE('',*,*,#2305,.T.);
#3061=ORIENTED_EDGE('',*,*,#2300,.T.);
#3062=ORIENTED_EDGE('',*,*,#2305,.F.);
#3063=ORIENTED_EDGE('',*,*,#2306,.F.);
#3064=ORIENTED_EDGE('',*,*,#2307,.T.);
#3065=ORIENTED_EDGE('',*,*,#2303,.T.);
#3066=ORIENTED_EDGE('',*,*,#2307,.F.);
#3067=ORIENTED_EDGE('',*,*,#2174,.F.);
#3068=ORIENTED_EDGE('',*,*,#2308,.T.);
#3069=ORIENTED_EDGE('',*,*,#2309,.F.);
#3070=ORIENTED_EDGE('',*,*,#2308,.F.);
#3071=ORIENTED_EDGE('',*,*,#2309,.T.);
#3072=ORIENTED_EDGE('',*,*,#2310,.F.);
#3073=ORIENTED_EDGE('',*,*,#2175,.F.);
#3074=ORIENTED_EDGE('',*,*,#2311,.T.);
#3075=ORIENTED_EDGE('',*,*,#2312,.F.);
#3076=ORIENTED_EDGE('',*,*,#2311,.F.);
#3077=ORIENTED_EDGE('',*,*,#2312,.T.);
#3078=ORIENTED_EDGE('',*,*,#2313,.F.);
#3079=ORIENTED_EDGE('',*,*,#2314,.F.);
#3080=ORIENTED_EDGE('',*,*,#2315,.T.);
#3081=ORIENTED_EDGE('',*,*,#2310,.T.);
#3082=ORIENTED_EDGE('',*,*,#2315,.F.);
#3083=ORIENTED_EDGE('',*,*,#2316,.F.);
#3084=ORIENTED_EDGE('',*,*,#2317,.T.);
#3085=ORIENTED_EDGE('',*,*,#2313,.T.);
#3086=ORIENTED_EDGE('',*,*,#2317,.F.);
#3087=ORIENTED_EDGE('',*,*,#2163,.F.);
#3088=ORIENTED_EDGE('',*,*,#2318,.T.);
#3089=ORIENTED_EDGE('',*,*,#2319,.F.);
#3090=ORIENTED_EDGE('',*,*,#2318,.F.);
#3091=ORIENTED_EDGE('',*,*,#2319,.T.);
#3092=ORIENTED_EDGE('',*,*,#2320,.F.);
#3093=ORIENTED_EDGE('',*,*,#2176,.F.);
#3094=ORIENTED_EDGE('',*,*,#2321,.T.);
#3095=ORIENTED_EDGE('',*,*,#2322,.F.);
#3096=ORIENTED_EDGE('',*,*,#2321,.F.);
#3097=ORIENTED_EDGE('',*,*,#2322,.T.);
#3098=ORIENTED_EDGE('',*,*,#2323,.F.);
#3099=ORIENTED_EDGE('',*,*,#2324,.F.);
#3100=ORIENTED_EDGE('',*,*,#2325,.T.);
#3101=ORIENTED_EDGE('',*,*,#2320,.T.);
#3102=ORIENTED_EDGE('',*,*,#2325,.F.);
#3103=ORIENTED_EDGE('',*,*,#2326,.F.);
#3104=ORIENTED_EDGE('',*,*,#2327,.T.);
#3105=ORIENTED_EDGE('',*,*,#2323,.T.);
#3106=ORIENTED_EDGE('',*,*,#2327,.F.);
#3107=ORIENTED_EDGE('',*,*,#2177,.F.);
#3108=ORIENTED_EDGE('',*,*,#2328,.T.);
#3109=ORIENTED_EDGE('',*,*,#2329,.T.);
#3110=ORIENTED_EDGE('',*,*,#2328,.F.);
#3111=ORIENTED_EDGE('',*,*,#2329,.F.);
#3112=ORIENTED_EDGE('',*,*,#2330,.F.);
#3113=ORIENTED_EDGE('',*,*,#2178,.F.);
#3114=ORIENTED_EDGE('',*,*,#2331,.T.);
#3115=ORIENTED_EDGE('',*,*,#2332,.T.);
#3116=ORIENTED_EDGE('',*,*,#2331,.F.);
#3117=ORIENTED_EDGE('',*,*,#2332,.F.);
#3118=ORIENTED_EDGE('',*,*,#2333,.F.);
#3119=ORIENTED_EDGE('',*,*,#2334,.F.);
#3120=ORIENTED_EDGE('',*,*,#2335,.T.);
#3121=ORIENTED_EDGE('',*,*,#2330,.T.);
#3122=ORIENTED_EDGE('',*,*,#2335,.F.);
#3123=ORIENTED_EDGE('',*,*,#2336,.F.);
#3124=ORIENTED_EDGE('',*,*,#2337,.T.);
#3125=ORIENTED_EDGE('',*,*,#2333,.T.);
#3126=ORIENTED_EDGE('',*,*,#2337,.F.);
#3127=ORIENTED_EDGE('',*,*,#2338,.F.);
#3128=ORIENTED_EDGE('',*,*,#2339,.T.);
#3129=ORIENTED_EDGE('',*,*,#2340,.T.);
#3130=ORIENTED_EDGE('',*,*,#2341,.F.);
#3131=ORIENTED_EDGE('',*,*,#2342,.F.);
#3132=ORIENTED_EDGE('',*,*,#2343,.T.);
#3133=ORIENTED_EDGE('',*,*,#2344,.T.);
#3134=ORIENTED_EDGE('',*,*,#2339,.F.);
#3135=ORIENTED_EDGE('',*,*,#2345,.F.);
#3136=ORIENTED_EDGE('',*,*,#2346,.T.);
#3137=ORIENTED_EDGE('',*,*,#2347,.T.);
#3138=ORIENTED_EDGE('',*,*,#2343,.F.);
#3139=ORIENTED_EDGE('',*,*,#2348,.F.);
#3140=ORIENTED_EDGE('',*,*,#2349,.T.);
#3141=ORIENTED_EDGE('',*,*,#2350,.T.);
#3142=ORIENTED_EDGE('',*,*,#2346,.F.);
#3143=ORIENTED_EDGE('',*,*,#2351,.F.);
#3144=ORIENTED_EDGE('',*,*,#2352,.T.);
#3145=ORIENTED_EDGE('',*,*,#2353,.T.);
#3146=ORIENTED_EDGE('',*,*,#2349,.F.);
#3147=ORIENTED_EDGE('',*,*,#2354,.F.);
#3148=ORIENTED_EDGE('',*,*,#2355,.T.);
#3149=ORIENTED_EDGE('',*,*,#2356,.T.);
#3150=ORIENTED_EDGE('',*,*,#2352,.F.);
#3151=ORIENTED_EDGE('',*,*,#2357,.F.);
#3152=ORIENTED_EDGE('',*,*,#2358,.T.);
#3153=ORIENTED_EDGE('',*,*,#2359,.T.);
#3154=ORIENTED_EDGE('',*,*,#2355,.F.);
#3155=ORIENTED_EDGE('',*,*,#2360,.F.);
#3156=ORIENTED_EDGE('',*,*,#2341,.T.);
#3157=ORIENTED_EDGE('',*,*,#2361,.T.);
#3158=ORIENTED_EDGE('',*,*,#2358,.F.);
#3159=ORIENTED_EDGE('',*,*,#2362,.F.);
#3160=ORIENTED_EDGE('',*,*,#2363,.T.);
#3161=ORIENTED_EDGE('',*,*,#2364,.T.);
#3162=ORIENTED_EDGE('',*,*,#2365,.F.);
#3163=ORIENTED_EDGE('',*,*,#2366,.F.);
#3164=ORIENTED_EDGE('',*,*,#2367,.T.);
#3165=ORIENTED_EDGE('',*,*,#2368,.T.);
#3166=ORIENTED_EDGE('',*,*,#2363,.F.);
#3167=ORIENTED_EDGE('',*,*,#2369,.F.);
#3168=ORIENTED_EDGE('',*,*,#2370,.T.);
#3169=ORIENTED_EDGE('',*,*,#2371,.T.);
#3170=ORIENTED_EDGE('',*,*,#2367,.F.);
#3171=ORIENTED_EDGE('',*,*,#2372,.F.);
#3172=ORIENTED_EDGE('',*,*,#2373,.T.);
#3173=ORIENTED_EDGE('',*,*,#2374,.T.);
#3174=ORIENTED_EDGE('',*,*,#2370,.F.);
#3175=ORIENTED_EDGE('',*,*,#2375,.F.);
#3176=ORIENTED_EDGE('',*,*,#2376,.T.);
#3177=ORIENTED_EDGE('',*,*,#2377,.T.);
#3178=ORIENTED_EDGE('',*,*,#2373,.F.);
#3179=ORIENTED_EDGE('',*,*,#2378,.F.);
#3180=ORIENTED_EDGE('',*,*,#2379,.T.);
#3181=ORIENTED_EDGE('',*,*,#2380,.T.);
#3182=ORIENTED_EDGE('',*,*,#2376,.F.);
#3183=ORIENTED_EDGE('',*,*,#2381,.F.);
#3184=ORIENTED_EDGE('',*,*,#2382,.T.);
#3185=ORIENTED_EDGE('',*,*,#2383,.T.);
#3186=ORIENTED_EDGE('',*,*,#2379,.F.);
#3187=ORIENTED_EDGE('',*,*,#2384,.F.);
#3188=ORIENTED_EDGE('',*,*,#2385,.T.);
#3189=ORIENTED_EDGE('',*,*,#2386,.T.);
#3190=ORIENTED_EDGE('',*,*,#2382,.F.);
#3191=ORIENTED_EDGE('',*,*,#2387,.F.);
#3192=ORIENTED_EDGE('',*,*,#2388,.T.);
#3193=ORIENTED_EDGE('',*,*,#2389,.T.);
#3194=ORIENTED_EDGE('',*,*,#2385,.F.);
#3195=ORIENTED_EDGE('',*,*,#2390,.F.);
#3196=ORIENTED_EDGE('',*,*,#2365,.T.);
#3197=ORIENTED_EDGE('',*,*,#2391,.T.);
#3198=ORIENTED_EDGE('',*,*,#2388,.F.);
#3199=ORIENTED_EDGE('',*,*,#2391,.F.);
#3200=ORIENTED_EDGE('',*,*,#2364,.F.);
#3201=ORIENTED_EDGE('',*,*,#2368,.F.);
#3202=ORIENTED_EDGE('',*,*,#2371,.F.);
#3203=ORIENTED_EDGE('',*,*,#2374,.F.);
#3204=ORIENTED_EDGE('',*,*,#2377,.F.);
#3205=ORIENTED_EDGE('',*,*,#2380,.F.);
#3206=ORIENTED_EDGE('',*,*,#2383,.F.);
#3207=ORIENTED_EDGE('',*,*,#2386,.F.);
#3208=ORIENTED_EDGE('',*,*,#2389,.F.);
#3209=ORIENTED_EDGE('',*,*,#2361,.F.);
#3210=ORIENTED_EDGE('',*,*,#2340,.F.);
#3211=ORIENTED_EDGE('',*,*,#2344,.F.);
#3212=ORIENTED_EDGE('',*,*,#2347,.F.);
#3213=ORIENTED_EDGE('',*,*,#2350,.F.);
#3214=ORIENTED_EDGE('',*,*,#2353,.F.);
#3215=ORIENTED_EDGE('',*,*,#2356,.F.);
#3216=ORIENTED_EDGE('',*,*,#2359,.F.);
#3217=ORIENTED_EDGE('',*,*,#2392,.F.);
#3218=ORIENTED_EDGE('',*,*,#2393,.T.);
#3219=ORIENTED_EDGE('',*,*,#2394,.T.);
#3220=ORIENTED_EDGE('',*,*,#2395,.F.);
#3221=ORIENTED_EDGE('',*,*,#2396,.F.);
#3222=ORIENTED_EDGE('',*,*,#2397,.T.);
#3223=ORIENTED_EDGE('',*,*,#2398,.T.);
#3224=ORIENTED_EDGE('',*,*,#2393,.F.);
#3225=ORIENTED_EDGE('',*,*,#2399,.F.);
#3226=ORIENTED_EDGE('',*,*,#2400,.T.);
#3227=ORIENTED_EDGE('',*,*,#2401,.T.);
#3228=ORIENTED_EDGE('',*,*,#2397,.F.);
#3229=ORIENTED_EDGE('',*,*,#2402,.F.);
#3230=ORIENTED_EDGE('',*,*,#2403,.T.);
#3231=ORIENTED_EDGE('',*,*,#2404,.T.);
#3232=ORIENTED_EDGE('',*,*,#2400,.F.);
#3233=ORIENTED_EDGE('',*,*,#2405,.F.);
#3234=ORIENTED_EDGE('',*,*,#2406,.T.);
#3235=ORIENTED_EDGE('',*,*,#2407,.T.);
#3236=ORIENTED_EDGE('',*,*,#2403,.F.);
#3237=ORIENTED_EDGE('',*,*,#2408,.F.);
#3238=ORIENTED_EDGE('',*,*,#2409,.T.);
#3239=ORIENTED_EDGE('',*,*,#2410,.T.);
#3240=ORIENTED_EDGE('',*,*,#2406,.F.);
#3241=ORIENTED_EDGE('',*,*,#2411,.F.);
#3242=ORIENTED_EDGE('',*,*,#2412,.T.);
#3243=ORIENTED_EDGE('',*,*,#2413,.T.);
#3244=ORIENTED_EDGE('',*,*,#2409,.F.);
#3245=ORIENTED_EDGE('',*,*,#2414,.F.);
#3246=ORIENTED_EDGE('',*,*,#2415,.T.);
#3247=ORIENTED_EDGE('',*,*,#2416,.T.);
#3248=ORIENTED_EDGE('',*,*,#2412,.F.);
#3249=ORIENTED_EDGE('',*,*,#2417,.F.);
#3250=ORIENTED_EDGE('',*,*,#2418,.T.);
#3251=ORIENTED_EDGE('',*,*,#2419,.T.);
#3252=ORIENTED_EDGE('',*,*,#2415,.F.);
#3253=ORIENTED_EDGE('',*,*,#2420,.F.);
#3254=ORIENTED_EDGE('',*,*,#2421,.T.);
#3255=ORIENTED_EDGE('',*,*,#2422,.T.);
#3256=ORIENTED_EDGE('',*,*,#2418,.F.);
#3257=ORIENTED_EDGE('',*,*,#2423,.F.);
#3258=ORIENTED_EDGE('',*,*,#2424,.T.);
#3259=ORIENTED_EDGE('',*,*,#2425,.T.);
#3260=ORIENTED_EDGE('',*,*,#2421,.F.);
#3261=ORIENTED_EDGE('',*,*,#2426,.F.);
#3262=ORIENTED_EDGE('',*,*,#2427,.T.);
#3263=ORIENTED_EDGE('',*,*,#2428,.T.);
#3264=ORIENTED_EDGE('',*,*,#2424,.F.);
#3265=ORIENTED_EDGE('',*,*,#2429,.F.);
#3266=ORIENTED_EDGE('',*,*,#2395,.T.);
#3267=ORIENTED_EDGE('',*,*,#2430,.T.);
#3268=ORIENTED_EDGE('',*,*,#2427,.F.);
#3269=ORIENTED_EDGE('',*,*,#2430,.F.);
#3270=ORIENTED_EDGE('',*,*,#2394,.F.);
#3271=ORIENTED_EDGE('',*,*,#2398,.F.);
#3272=ORIENTED_EDGE('',*,*,#2401,.F.);
#3273=ORIENTED_EDGE('',*,*,#2404,.F.);
#3274=ORIENTED_EDGE('',*,*,#2407,.F.);
#3275=ORIENTED_EDGE('',*,*,#2410,.F.);
#3276=ORIENTED_EDGE('',*,*,#2413,.F.);
#3277=ORIENTED_EDGE('',*,*,#2416,.F.);
#3278=ORIENTED_EDGE('',*,*,#2419,.F.);
#3279=ORIENTED_EDGE('',*,*,#2422,.F.);
#3280=ORIENTED_EDGE('',*,*,#2425,.F.);
#3281=ORIENTED_EDGE('',*,*,#2428,.F.);
#3282=ORIENTED_EDGE('',*,*,#2431,.F.);
#3283=ORIENTED_EDGE('',*,*,#2432,.T.);
#3284=ORIENTED_EDGE('',*,*,#2433,.T.);
#3285=ORIENTED_EDGE('',*,*,#2434,.F.);
#3286=ORIENTED_EDGE('',*,*,#2435,.F.);
#3287=ORIENTED_EDGE('',*,*,#2436,.T.);
#3288=ORIENTED_EDGE('',*,*,#2437,.T.);
#3289=ORIENTED_EDGE('',*,*,#2432,.F.);
#3290=ORIENTED_EDGE('',*,*,#2438,.F.);
#3291=ORIENTED_EDGE('',*,*,#2439,.T.);
#3292=ORIENTED_EDGE('',*,*,#2440,.T.);
#3293=ORIENTED_EDGE('',*,*,#2436,.F.);
#3294=ORIENTED_EDGE('',*,*,#2441,.F.);
#3295=ORIENTED_EDGE('',*,*,#2434,.T.);
#3296=ORIENTED_EDGE('',*,*,#2442,.T.);
#3297=ORIENTED_EDGE('',*,*,#2439,.F.);
#3298=ORIENTED_EDGE('',*,*,#2442,.F.);
#3299=ORIENTED_EDGE('',*,*,#2433,.F.);
#3300=ORIENTED_EDGE('',*,*,#2437,.F.);
#3301=ORIENTED_EDGE('',*,*,#2440,.F.);
#3302=ORIENTED_EDGE('',*,*,#2443,.F.);
#3303=ORIENTED_EDGE('',*,*,#2444,.T.);
#3304=ORIENTED_EDGE('',*,*,#2445,.T.);
#3305=ORIENTED_EDGE('',*,*,#2446,.F.);
#3306=ORIENTED_EDGE('',*,*,#2447,.F.);
#3307=ORIENTED_EDGE('',*,*,#2448,.T.);
#3308=ORIENTED_EDGE('',*,*,#2449,.T.);
#3309=ORIENTED_EDGE('',*,*,#2444,.F.);
#3310=ORIENTED_EDGE('',*,*,#2450,.F.);
#3311=ORIENTED_EDGE('',*,*,#2451,.T.);
#3312=ORIENTED_EDGE('',*,*,#2452,.T.);
#3313=ORIENTED_EDGE('',*,*,#2448,.F.);
#3314=ORIENTED_EDGE('',*,*,#2453,.F.);
#3315=ORIENTED_EDGE('',*,*,#2446,.T.);
#3316=ORIENTED_EDGE('',*,*,#2454,.T.);
#3317=ORIENTED_EDGE('',*,*,#2451,.F.);
#3318=ORIENTED_EDGE('',*,*,#2454,.F.);
#3319=ORIENTED_EDGE('',*,*,#2445,.F.);
#3320=ORIENTED_EDGE('',*,*,#2449,.F.);
#3321=ORIENTED_EDGE('',*,*,#2452,.F.);
#3322=ORIENTED_EDGE('',*,*,#2455,.F.);
#3323=ORIENTED_EDGE('',*,*,#2456,.T.);
#3324=ORIENTED_EDGE('',*,*,#2457,.T.);
#3325=ORIENTED_EDGE('',*,*,#2458,.F.);
#3326=ORIENTED_EDGE('',*,*,#2459,.F.);
#3327=ORIENTED_EDGE('',*,*,#2460,.T.);
#3328=ORIENTED_EDGE('',*,*,#2461,.T.);
#3329=ORIENTED_EDGE('',*,*,#2456,.F.);
#3330=ORIENTED_EDGE('',*,*,#2462,.F.);
#3331=ORIENTED_EDGE('',*,*,#2463,.T.);
#3332=ORIENTED_EDGE('',*,*,#2464,.T.);
#3333=ORIENTED_EDGE('',*,*,#2460,.F.);
#3334=ORIENTED_EDGE('',*,*,#2465,.F.);
#3335=ORIENTED_EDGE('',*,*,#2458,.T.);
#3336=ORIENTED_EDGE('',*,*,#2466,.T.);
#3337=ORIENTED_EDGE('',*,*,#2463,.F.);
#3338=ORIENTED_EDGE('',*,*,#2466,.F.);
#3339=ORIENTED_EDGE('',*,*,#2457,.F.);
#3340=ORIENTED_EDGE('',*,*,#2461,.F.);
#3341=ORIENTED_EDGE('',*,*,#2464,.F.);
#3342=ORIENTED_EDGE('',*,*,#2467,.F.);
#3343=ORIENTED_EDGE('',*,*,#2468,.T.);
#3344=ORIENTED_EDGE('',*,*,#2469,.T.);
#3345=ORIENTED_EDGE('',*,*,#2470,.F.);
#3346=ORIENTED_EDGE('',*,*,#2471,.F.);
#3347=ORIENTED_EDGE('',*,*,#2472,.T.);
#3348=ORIENTED_EDGE('',*,*,#2473,.T.);
#3349=ORIENTED_EDGE('',*,*,#2468,.F.);
#3350=ORIENTED_EDGE('',*,*,#2474,.F.);
#3351=ORIENTED_EDGE('',*,*,#2475,.T.);
#3352=ORIENTED_EDGE('',*,*,#2476,.T.);
#3353=ORIENTED_EDGE('',*,*,#2472,.F.);
#3354=ORIENTED_EDGE('',*,*,#2477,.F.);
#3355=ORIENTED_EDGE('',*,*,#2470,.T.);
#3356=ORIENTED_EDGE('',*,*,#2478,.T.);
#3357=ORIENTED_EDGE('',*,*,#2475,.F.);
#3358=ORIENTED_EDGE('',*,*,#2478,.F.);
#3359=ORIENTED_EDGE('',*,*,#2469,.F.);
#3360=ORIENTED_EDGE('',*,*,#2473,.F.);
#3361=ORIENTED_EDGE('',*,*,#2476,.F.);
#3362=ORIENTED_EDGE('',*,*,#2479,.F.);
#3363=ORIENTED_EDGE('',*,*,#2480,.T.);
#3364=ORIENTED_EDGE('',*,*,#2481,.T.);
#3365=ORIENTED_EDGE('',*,*,#2482,.F.);
#3366=ORIENTED_EDGE('',*,*,#2483,.F.);
#3367=ORIENTED_EDGE('',*,*,#2484,.T.);
#3368=ORIENTED_EDGE('',*,*,#2485,.T.);
#3369=ORIENTED_EDGE('',*,*,#2480,.F.);
#3370=ORIENTED_EDGE('',*,*,#2486,.F.);
#3371=ORIENTED_EDGE('',*,*,#2487,.T.);
#3372=ORIENTED_EDGE('',*,*,#2488,.T.);
#3373=ORIENTED_EDGE('',*,*,#2484,.F.);
#3374=ORIENTED_EDGE('',*,*,#2489,.F.);
#3375=ORIENTED_EDGE('',*,*,#2490,.T.);
#3376=ORIENTED_EDGE('',*,*,#2491,.T.);
#3377=ORIENTED_EDGE('',*,*,#2487,.F.);
#3378=ORIENTED_EDGE('',*,*,#2492,.F.);
#3379=ORIENTED_EDGE('',*,*,#2493,.T.);
#3380=ORIENTED_EDGE('',*,*,#2494,.T.);
#3381=ORIENTED_EDGE('',*,*,#2490,.F.);
#3382=ORIENTED_EDGE('',*,*,#2495,.F.);
#3383=ORIENTED_EDGE('',*,*,#2496,.T.);
#3384=ORIENTED_EDGE('',*,*,#2497,.T.);
#3385=ORIENTED_EDGE('',*,*,#2493,.F.);
#3386=ORIENTED_EDGE('',*,*,#2498,.F.);
#3387=ORIENTED_EDGE('',*,*,#2499,.T.);
#3388=ORIENTED_EDGE('',*,*,#2500,.T.);
#3389=ORIENTED_EDGE('',*,*,#2496,.F.);
#3390=ORIENTED_EDGE('',*,*,#2501,.F.);
#3391=ORIENTED_EDGE('',*,*,#2502,.T.);
#3392=ORIENTED_EDGE('',*,*,#2503,.T.);
#3393=ORIENTED_EDGE('',*,*,#2499,.F.);
#3394=ORIENTED_EDGE('',*,*,#2504,.F.);
#3395=ORIENTED_EDGE('',*,*,#2505,.T.);
#3396=ORIENTED_EDGE('',*,*,#2506,.T.);
#3397=ORIENTED_EDGE('',*,*,#2502,.F.);
#3398=ORIENTED_EDGE('',*,*,#2507,.F.);
#3399=ORIENTED_EDGE('',*,*,#2508,.T.);
#3400=ORIENTED_EDGE('',*,*,#2509,.T.);
#3401=ORIENTED_EDGE('',*,*,#2505,.F.);
#3402=ORIENTED_EDGE('',*,*,#2510,.F.);
#3403=ORIENTED_EDGE('',*,*,#2511,.T.);
#3404=ORIENTED_EDGE('',*,*,#2512,.T.);
#3405=ORIENTED_EDGE('',*,*,#2508,.F.);
#3406=ORIENTED_EDGE('',*,*,#2513,.F.);
#3407=ORIENTED_EDGE('',*,*,#2514,.T.);
#3408=ORIENTED_EDGE('',*,*,#2515,.T.);
#3409=ORIENTED_EDGE('',*,*,#2511,.F.);
#3410=ORIENTED_EDGE('',*,*,#2516,.F.);
#3411=ORIENTED_EDGE('',*,*,#2517,.T.);
#3412=ORIENTED_EDGE('',*,*,#2518,.T.);
#3413=ORIENTED_EDGE('',*,*,#2514,.F.);
#3414=ORIENTED_EDGE('',*,*,#2519,.F.);
#3415=ORIENTED_EDGE('',*,*,#2520,.T.);
#3416=ORIENTED_EDGE('',*,*,#2521,.T.);
#3417=ORIENTED_EDGE('',*,*,#2517,.F.);
#3418=ORIENTED_EDGE('',*,*,#2522,.F.);
#3419=ORIENTED_EDGE('',*,*,#2523,.T.);
#3420=ORIENTED_EDGE('',*,*,#2524,.T.);
#3421=ORIENTED_EDGE('',*,*,#2520,.F.);
#3422=ORIENTED_EDGE('',*,*,#2525,.F.);
#3423=ORIENTED_EDGE('',*,*,#2526,.T.);
#3424=ORIENTED_EDGE('',*,*,#2527,.T.);
#3425=ORIENTED_EDGE('',*,*,#2523,.F.);
#3426=ORIENTED_EDGE('',*,*,#2528,.F.);
#3427=ORIENTED_EDGE('',*,*,#2529,.T.);
#3428=ORIENTED_EDGE('',*,*,#2530,.T.);
#3429=ORIENTED_EDGE('',*,*,#2526,.F.);
#3430=ORIENTED_EDGE('',*,*,#2531,.F.);
#3431=ORIENTED_EDGE('',*,*,#2532,.T.);
#3432=ORIENTED_EDGE('',*,*,#2533,.T.);
#3433=ORIENTED_EDGE('',*,*,#2529,.F.);
#3434=ORIENTED_EDGE('',*,*,#2534,.F.);
#3435=ORIENTED_EDGE('',*,*,#2535,.T.);
#3436=ORIENTED_EDGE('',*,*,#2536,.T.);
#3437=ORIENTED_EDGE('',*,*,#2532,.F.);
#3438=ORIENTED_EDGE('',*,*,#2537,.F.);
#3439=ORIENTED_EDGE('',*,*,#2538,.T.);
#3440=ORIENTED_EDGE('',*,*,#2539,.T.);
#3441=ORIENTED_EDGE('',*,*,#2535,.F.);
#3442=ORIENTED_EDGE('',*,*,#2540,.F.);
#3443=ORIENTED_EDGE('',*,*,#2541,.T.);
#3444=ORIENTED_EDGE('',*,*,#2542,.T.);
#3445=ORIENTED_EDGE('',*,*,#2538,.F.);
#3446=ORIENTED_EDGE('',*,*,#2543,.F.);
#3447=ORIENTED_EDGE('',*,*,#2544,.T.);
#3448=ORIENTED_EDGE('',*,*,#2545,.T.);
#3449=ORIENTED_EDGE('',*,*,#2541,.F.);
#3450=ORIENTED_EDGE('',*,*,#2546,.F.);
#3451=ORIENTED_EDGE('',*,*,#2547,.T.);
#3452=ORIENTED_EDGE('',*,*,#2548,.T.);
#3453=ORIENTED_EDGE('',*,*,#2544,.F.);
#3454=ORIENTED_EDGE('',*,*,#2549,.F.);
#3455=ORIENTED_EDGE('',*,*,#2550,.T.);
#3456=ORIENTED_EDGE('',*,*,#2551,.T.);
#3457=ORIENTED_EDGE('',*,*,#2547,.F.);
#3458=ORIENTED_EDGE('',*,*,#2552,.F.);
#3459=ORIENTED_EDGE('',*,*,#2553,.T.);
#3460=ORIENTED_EDGE('',*,*,#2554,.T.);
#3461=ORIENTED_EDGE('',*,*,#2550,.F.);
#3462=ORIENTED_EDGE('',*,*,#2555,.F.);
#3463=ORIENTED_EDGE('',*,*,#2556,.T.);
#3464=ORIENTED_EDGE('',*,*,#2557,.T.);
#3465=ORIENTED_EDGE('',*,*,#2553,.F.);
#3466=ORIENTED_EDGE('',*,*,#2558,.F.);
#3467=ORIENTED_EDGE('',*,*,#2559,.T.);
#3468=ORIENTED_EDGE('',*,*,#2560,.T.);
#3469=ORIENTED_EDGE('',*,*,#2556,.F.);
#3470=ORIENTED_EDGE('',*,*,#2561,.F.);
#3471=ORIENTED_EDGE('',*,*,#2562,.T.);
#3472=ORIENTED_EDGE('',*,*,#2563,.T.);
#3473=ORIENTED_EDGE('',*,*,#2559,.F.);
#3474=ORIENTED_EDGE('',*,*,#2564,.F.);
#3475=ORIENTED_EDGE('',*,*,#2565,.T.);
#3476=ORIENTED_EDGE('',*,*,#2566,.T.);
#3477=ORIENTED_EDGE('',*,*,#2562,.F.);
#3478=ORIENTED_EDGE('',*,*,#2567,.F.);
#3479=ORIENTED_EDGE('',*,*,#2482,.T.);
#3480=ORIENTED_EDGE('',*,*,#2568,.T.);
#3481=ORIENTED_EDGE('',*,*,#2565,.F.);
#3482=ORIENTED_EDGE('',*,*,#2568,.F.);
#3483=ORIENTED_EDGE('',*,*,#2481,.F.);
#3484=ORIENTED_EDGE('',*,*,#2485,.F.);
#3485=ORIENTED_EDGE('',*,*,#2488,.F.);
#3486=ORIENTED_EDGE('',*,*,#2491,.F.);
#3487=ORIENTED_EDGE('',*,*,#2494,.F.);
#3488=ORIENTED_EDGE('',*,*,#2497,.F.);
#3489=ORIENTED_EDGE('',*,*,#2500,.F.);
#3490=ORIENTED_EDGE('',*,*,#2503,.F.);
#3491=ORIENTED_EDGE('',*,*,#2506,.F.);
#3492=ORIENTED_EDGE('',*,*,#2509,.F.);
#3493=ORIENTED_EDGE('',*,*,#2512,.F.);
#3494=ORIENTED_EDGE('',*,*,#2515,.F.);
#3495=ORIENTED_EDGE('',*,*,#2518,.F.);
#3496=ORIENTED_EDGE('',*,*,#2521,.F.);
#3497=ORIENTED_EDGE('',*,*,#2524,.F.);
#3498=ORIENTED_EDGE('',*,*,#2527,.F.);
#3499=ORIENTED_EDGE('',*,*,#2530,.F.);
#3500=ORIENTED_EDGE('',*,*,#2533,.F.);
#3501=ORIENTED_EDGE('',*,*,#2536,.F.);
#3502=ORIENTED_EDGE('',*,*,#2539,.F.);
#3503=ORIENTED_EDGE('',*,*,#2542,.F.);
#3504=ORIENTED_EDGE('',*,*,#2545,.F.);
#3505=ORIENTED_EDGE('',*,*,#2548,.F.);
#3506=ORIENTED_EDGE('',*,*,#2551,.F.);
#3507=ORIENTED_EDGE('',*,*,#2554,.F.);
#3508=ORIENTED_EDGE('',*,*,#2557,.F.);
#3509=ORIENTED_EDGE('',*,*,#2560,.F.);
#3510=ORIENTED_EDGE('',*,*,#2563,.F.);
#3511=ORIENTED_EDGE('',*,*,#2566,.F.);
#3512=ORIENTED_EDGE('',*,*,#2569,.F.);
#3513=ORIENTED_EDGE('',*,*,#2570,.T.);
#3514=ORIENTED_EDGE('',*,*,#2571,.T.);
#3515=ORIENTED_EDGE('',*,*,#2572,.F.);
#3516=ORIENTED_EDGE('',*,*,#2573,.F.);
#3517=ORIENTED_EDGE('',*,*,#2574,.T.);
#3518=ORIENTED_EDGE('',*,*,#2575,.T.);
#3519=ORIENTED_EDGE('',*,*,#2570,.F.);
#3520=ORIENTED_EDGE('',*,*,#2576,.F.);
#3521=ORIENTED_EDGE('',*,*,#2577,.T.);
#3522=ORIENTED_EDGE('',*,*,#2578,.T.);
#3523=ORIENTED_EDGE('',*,*,#2574,.F.);
#3524=ORIENTED_EDGE('',*,*,#2579,.F.);
#3525=ORIENTED_EDGE('',*,*,#2580,.T.);
#3526=ORIENTED_EDGE('',*,*,#2581,.T.);
#3527=ORIENTED_EDGE('',*,*,#2577,.F.);
#3528=ORIENTED_EDGE('',*,*,#2582,.F.);
#3529=ORIENTED_EDGE('',*,*,#2583,.T.);
#3530=ORIENTED_EDGE('',*,*,#2584,.T.);
#3531=ORIENTED_EDGE('',*,*,#2580,.F.);
#3532=ORIENTED_EDGE('',*,*,#2585,.F.);
#3533=ORIENTED_EDGE('',*,*,#2586,.T.);
#3534=ORIENTED_EDGE('',*,*,#2587,.T.);
#3535=ORIENTED_EDGE('',*,*,#2583,.F.);
#3536=ORIENTED_EDGE('',*,*,#2588,.F.);
#3537=ORIENTED_EDGE('',*,*,#2589,.T.);
#3538=ORIENTED_EDGE('',*,*,#2590,.T.);
#3539=ORIENTED_EDGE('',*,*,#2586,.F.);
#3540=ORIENTED_EDGE('',*,*,#2591,.F.);
#3541=ORIENTED_EDGE('',*,*,#2592,.T.);
#3542=ORIENTED_EDGE('',*,*,#2593,.T.);
#3543=ORIENTED_EDGE('',*,*,#2589,.F.);
#3544=ORIENTED_EDGE('',*,*,#2594,.F.);
#3545=ORIENTED_EDGE('',*,*,#2595,.T.);
#3546=ORIENTED_EDGE('',*,*,#2596,.T.);
#3547=ORIENTED_EDGE('',*,*,#2592,.F.);
#3548=ORIENTED_EDGE('',*,*,#2597,.F.);
#3549=ORIENTED_EDGE('',*,*,#2572,.T.);
#3550=ORIENTED_EDGE('',*,*,#2598,.T.);
#3551=ORIENTED_EDGE('',*,*,#2595,.F.);
#3552=ORIENTED_EDGE('',*,*,#2598,.F.);
#3553=ORIENTED_EDGE('',*,*,#2571,.F.);
#3554=ORIENTED_EDGE('',*,*,#2575,.F.);
#3555=ORIENTED_EDGE('',*,*,#2578,.F.);
#3556=ORIENTED_EDGE('',*,*,#2581,.F.);
#3557=ORIENTED_EDGE('',*,*,#2584,.F.);
#3558=ORIENTED_EDGE('',*,*,#2587,.F.);
#3559=ORIENTED_EDGE('',*,*,#2590,.F.);
#3560=ORIENTED_EDGE('',*,*,#2593,.F.);
#3561=ORIENTED_EDGE('',*,*,#2596,.F.);
#3562=ORIENTED_EDGE('',*,*,#2599,.T.);
#3563=ORIENTED_EDGE('',*,*,#2600,.T.);
#3564=ORIENTED_EDGE('',*,*,#2601,.T.);
#3565=ORIENTED_EDGE('',*,*,#2602,.T.);
#3566=ORIENTED_EDGE('',*,*,#2603,.T.);
#3567=ORIENTED_EDGE('',*,*,#2604,.T.);
#3568=ORIENTED_EDGE('',*,*,#2095,.T.);
#3569=ORIENTED_EDGE('',*,*,#2098,.T.);
#3570=ORIENTED_EDGE('',*,*,#2096,.T.);
#3571=ORIENTED_EDGE('',*,*,#2092,.T.);
#3572=ORIENTED_EDGE('',*,*,#2090,.T.);
#3573=ORIENTED_EDGE('',*,*,#2101,.T.);
#3574=ORIENTED_EDGE('',*,*,#2099,.T.);
#3575=ORIENTED_EDGE('',*,*,#2087,.T.);
#3576=ORIENTED_EDGE('',*,*,#2133,.T.);
#3577=ORIENTED_EDGE('',*,*,#2134,.T.);
#3578=ORIENTED_EDGE('',*,*,#2123,.T.);
#3579=ORIENTED_EDGE('',*,*,#2126,.T.);
#3580=ORIENTED_EDGE('',*,*,#2136,.T.);
#3581=ORIENTED_EDGE('',*,*,#2137,.T.);
#3582=ORIENTED_EDGE('',*,*,#2128,.T.);
#3583=ORIENTED_EDGE('',*,*,#2131,.T.);
#3584=ORIENTED_EDGE('',*,*,#2208,.T.);
#3585=ORIENTED_EDGE('',*,*,#2211,.T.);
#3586=ORIENTED_EDGE('',*,*,#2209,.T.);
#3587=ORIENTED_EDGE('',*,*,#2205,.T.);
#3588=ORIENTED_EDGE('',*,*,#2203,.T.);
#3589=ORIENTED_EDGE('',*,*,#2214,.T.);
#3590=ORIENTED_EDGE('',*,*,#2212,.T.);
#3591=ORIENTED_EDGE('',*,*,#2200,.T.);
#3592=ORIENTED_EDGE('',*,*,#2245,.T.);
#3593=ORIENTED_EDGE('',*,*,#2246,.T.);
#3594=ORIENTED_EDGE('',*,*,#2235,.T.);
#3595=ORIENTED_EDGE('',*,*,#2238,.T.);
#3596=ORIENTED_EDGE('',*,*,#2248,.T.);
#3597=ORIENTED_EDGE('',*,*,#2249,.T.);
#3598=ORIENTED_EDGE('',*,*,#2240,.T.);
#3599=ORIENTED_EDGE('',*,*,#2243,.T.);
#3600=ORIENTED_EDGE('',*,*,#2276,.T.);
#3601=ORIENTED_EDGE('',*,*,#2267,.T.);
#3602=ORIENTED_EDGE('',*,*,#2270,.T.);
#3603=ORIENTED_EDGE('',*,*,#2278,.T.);
#3604=ORIENTED_EDGE('',*,*,#2275,.T.);
#3605=ORIENTED_EDGE('',*,*,#2281,.T.);
#3606=ORIENTED_EDGE('',*,*,#2279,.T.);
#3607=ORIENTED_EDGE('',*,*,#2272,.T.);
#3608=ORIENTED_EDGE('',*,*,#2304,.T.);
#3609=ORIENTED_EDGE('',*,*,#2306,.T.);
#3610=ORIENTED_EDGE('',*,*,#2314,.T.);
#3611=ORIENTED_EDGE('',*,*,#2316,.T.);
#3612=ORIENTED_EDGE('',*,*,#2324,.T.);
#3613=ORIENTED_EDGE('',*,*,#2326,.T.);
#3614=ORIENTED_EDGE('',*,*,#2334,.T.);
#3615=ORIENTED_EDGE('',*,*,#2336,.T.);
#3616=ORIENTED_EDGE('',*,*,#2605,.T.);
#3617=ORIENTED_EDGE('',*,*,#2606,.T.);
#3618=ORIENTED_EDGE('',*,*,#2607,.T.);
#3619=ORIENTED_EDGE('',*,*,#2608,.T.);
#3620=ORIENTED_EDGE('',*,*,#2609,.T.);
#3621=ORIENTED_EDGE('',*,*,#2610,.T.);
#3622=ORIENTED_EDGE('',*,*,#2569,.T.);
#3623=ORIENTED_EDGE('',*,*,#2597,.T.);
#3624=ORIENTED_EDGE('',*,*,#2594,.T.);
#3625=ORIENTED_EDGE('',*,*,#2591,.T.);
#3626=ORIENTED_EDGE('',*,*,#2588,.T.);
#3627=ORIENTED_EDGE('',*,*,#2585,.T.);
#3628=ORIENTED_EDGE('',*,*,#2582,.T.);
#3629=ORIENTED_EDGE('',*,*,#2579,.T.);
#3630=ORIENTED_EDGE('',*,*,#2576,.T.);
#3631=ORIENTED_EDGE('',*,*,#2573,.T.);
#3632=ORIENTED_EDGE('',*,*,#2479,.T.);
#3633=ORIENTED_EDGE('',*,*,#2567,.T.);
#3634=ORIENTED_EDGE('',*,*,#2564,.T.);
#3635=ORIENTED_EDGE('',*,*,#2561,.T.);
#3636=ORIENTED_EDGE('',*,*,#2558,.T.);
#3637=ORIENTED_EDGE('',*,*,#2555,.T.);
#3638=ORIENTED_EDGE('',*,*,#2552,.T.);
#3639=ORIENTED_EDGE('',*,*,#2549,.T.);
#3640=ORIENTED_EDGE('',*,*,#2546,.T.);
#3641=ORIENTED_EDGE('',*,*,#2543,.T.);
#3642=ORIENTED_EDGE('',*,*,#2540,.T.);
#3643=ORIENTED_EDGE('',*,*,#2537,.T.);
#3644=ORIENTED_EDGE('',*,*,#2534,.T.);
#3645=ORIENTED_EDGE('',*,*,#2531,.T.);
#3646=ORIENTED_EDGE('',*,*,#2528,.T.);
#3647=ORIENTED_EDGE('',*,*,#2525,.T.);
#3648=ORIENTED_EDGE('',*,*,#2522,.T.);
#3649=ORIENTED_EDGE('',*,*,#2519,.T.);
#3650=ORIENTED_EDGE('',*,*,#2516,.T.);
#3651=ORIENTED_EDGE('',*,*,#2513,.T.);
#3652=ORIENTED_EDGE('',*,*,#2510,.T.);
#3653=ORIENTED_EDGE('',*,*,#2507,.T.);
#3654=ORIENTED_EDGE('',*,*,#2504,.T.);
#3655=ORIENTED_EDGE('',*,*,#2501,.T.);
#3656=ORIENTED_EDGE('',*,*,#2498,.T.);
#3657=ORIENTED_EDGE('',*,*,#2495,.T.);
#3658=ORIENTED_EDGE('',*,*,#2492,.T.);
#3659=ORIENTED_EDGE('',*,*,#2489,.T.);
#3660=ORIENTED_EDGE('',*,*,#2486,.T.);
#3661=ORIENTED_EDGE('',*,*,#2483,.T.);
#3662=ORIENTED_EDGE('',*,*,#2467,.T.);
#3663=ORIENTED_EDGE('',*,*,#2477,.T.);
#3664=ORIENTED_EDGE('',*,*,#2474,.T.);
#3665=ORIENTED_EDGE('',*,*,#2471,.T.);
#3666=ORIENTED_EDGE('',*,*,#2455,.T.);
#3667=ORIENTED_EDGE('',*,*,#2465,.T.);
#3668=ORIENTED_EDGE('',*,*,#2462,.T.);
#3669=ORIENTED_EDGE('',*,*,#2459,.T.);
#3670=ORIENTED_EDGE('',*,*,#2443,.T.);
#3671=ORIENTED_EDGE('',*,*,#2453,.T.);
#3672=ORIENTED_EDGE('',*,*,#2450,.T.);
#3673=ORIENTED_EDGE('',*,*,#2447,.T.);
#3674=ORIENTED_EDGE('',*,*,#2431,.T.);
#3675=ORIENTED_EDGE('',*,*,#2441,.T.);
#3676=ORIENTED_EDGE('',*,*,#2438,.T.);
#3677=ORIENTED_EDGE('',*,*,#2435,.T.);
#3678=ORIENTED_EDGE('',*,*,#2392,.T.);
#3679=ORIENTED_EDGE('',*,*,#2429,.T.);
#3680=ORIENTED_EDGE('',*,*,#2426,.T.);
#3681=ORIENTED_EDGE('',*,*,#2423,.T.);
#3682=ORIENTED_EDGE('',*,*,#2420,.T.);
#3683=ORIENTED_EDGE('',*,*,#2417,.T.);
#3684=ORIENTED_EDGE('',*,*,#2414,.T.);
#3685=ORIENTED_EDGE('',*,*,#2411,.T.);
#3686=ORIENTED_EDGE('',*,*,#2408,.T.);
#3687=ORIENTED_EDGE('',*,*,#2405,.T.);
#3688=ORIENTED_EDGE('',*,*,#2402,.T.);
#3689=ORIENTED_EDGE('',*,*,#2399,.T.);
#3690=ORIENTED_EDGE('',*,*,#2396,.T.);
#3691=ORIENTED_EDGE('',*,*,#2362,.T.);
#3692=ORIENTED_EDGE('',*,*,#2390,.T.);
#3693=ORIENTED_EDGE('',*,*,#2387,.T.);
#3694=ORIENTED_EDGE('',*,*,#2384,.T.);
#3695=ORIENTED_EDGE('',*,*,#2381,.T.);
#3696=ORIENTED_EDGE('',*,*,#2378,.T.);
#3697=ORIENTED_EDGE('',*,*,#2375,.T.);
#3698=ORIENTED_EDGE('',*,*,#2372,.T.);
#3699=ORIENTED_EDGE('',*,*,#2369,.T.);
#3700=ORIENTED_EDGE('',*,*,#2366,.T.);
#3701=ORIENTED_EDGE('',*,*,#2610,.F.);
#3702=ORIENTED_EDGE('',*,*,#2611,.T.);
#3703=ORIENTED_EDGE('',*,*,#2612,.T.);
#3704=ORIENTED_EDGE('',*,*,#2611,.F.);
#3705=ORIENTED_EDGE('',*,*,#2612,.F.);
#3706=ORIENTED_EDGE('',*,*,#2609,.F.);
#3707=ORIENTED_EDGE('',*,*,#2613,.T.);
#3708=ORIENTED_EDGE('',*,*,#2614,.T.);
#3709=ORIENTED_EDGE('',*,*,#2613,.F.);
#3710=ORIENTED_EDGE('',*,*,#2614,.F.);
#3711=ORIENTED_EDGE('',*,*,#2179,.F.);
#3712=ORIENTED_EDGE('',*,*,#2615,.T.);
#3713=ORIENTED_EDGE('',*,*,#2616,.T.);
#3714=ORIENTED_EDGE('',*,*,#2617,.F.);
#3715=ORIENTED_EDGE('',*,*,#2182,.F.);
#3716=ORIENTED_EDGE('',*,*,#2618,.T.);
#3717=ORIENTED_EDGE('',*,*,#2619,.T.);
#3718=ORIENTED_EDGE('',*,*,#2615,.F.);
#3719=ORIENTED_EDGE('',*,*,#2181,.F.);
#3720=ORIENTED_EDGE('',*,*,#2620,.T.);
#3721=ORIENTED_EDGE('',*,*,#2621,.T.);
#3722=ORIENTED_EDGE('',*,*,#2618,.F.);
#3723=ORIENTED_EDGE('',*,*,#2180,.F.);
#3724=ORIENTED_EDGE('',*,*,#2617,.T.);
#3725=ORIENTED_EDGE('',*,*,#2622,.T.);
#3726=ORIENTED_EDGE('',*,*,#2620,.F.);
#3727=ORIENTED_EDGE('',*,*,#2622,.F.);
#3728=ORIENTED_EDGE('',*,*,#2616,.F.);
#3729=ORIENTED_EDGE('',*,*,#2619,.F.);
#3730=ORIENTED_EDGE('',*,*,#2621,.F.);
#3731=ORIENTED_EDGE('',*,*,#2183,.F.);
#3732=ORIENTED_EDGE('',*,*,#2623,.T.);
#3733=ORIENTED_EDGE('',*,*,#2624,.T.);
#3734=ORIENTED_EDGE('',*,*,#2623,.F.);
#3735=ORIENTED_EDGE('',*,*,#2624,.F.);
#3736=ORIENTED_EDGE('',*,*,#2625,.F.);
#3737=ORIENTED_EDGE('',*,*,#2184,.F.);
#3738=ORIENTED_EDGE('',*,*,#2626,.T.);
#3739=ORIENTED_EDGE('',*,*,#2627,.T.);
#3740=ORIENTED_EDGE('',*,*,#2626,.F.);
#3741=ORIENTED_EDGE('',*,*,#2627,.F.);
#3742=ORIENTED_EDGE('',*,*,#2628,.F.);
#3743=ORIENTED_EDGE('',*,*,#2185,.F.);
#3744=ORIENTED_EDGE('',*,*,#2629,.T.);
#3745=ORIENTED_EDGE('',*,*,#2630,.T.);
#3746=ORIENTED_EDGE('',*,*,#2629,.F.);
#3747=ORIENTED_EDGE('',*,*,#2630,.F.);
#3748=ORIENTED_EDGE('',*,*,#2631,.F.);
#3749=ORIENTED_EDGE('',*,*,#2186,.F.);
#3750=ORIENTED_EDGE('',*,*,#2632,.T.);
#3751=ORIENTED_EDGE('',*,*,#2633,.T.);
#3752=ORIENTED_EDGE('',*,*,#2632,.F.);
#3753=ORIENTED_EDGE('',*,*,#2633,.F.);
#3754=ORIENTED_EDGE('',*,*,#2634,.F.);
#3755=ORIENTED_EDGE('',*,*,#2608,.F.);
#3756=ORIENTED_EDGE('',*,*,#2635,.T.);
#3757=ORIENTED_EDGE('',*,*,#2634,.T.);
#3758=ORIENTED_EDGE('',*,*,#2635,.F.);
#3759=ORIENTED_EDGE('',*,*,#2607,.F.);
#3760=ORIENTED_EDGE('',*,*,#2636,.T.);
#3761=ORIENTED_EDGE('',*,*,#2628,.T.);
#3762=ORIENTED_EDGE('',*,*,#2636,.F.);
#3763=ORIENTED_EDGE('',*,*,#2606,.F.);
#3764=ORIENTED_EDGE('',*,*,#2637,.T.);
#3765=ORIENTED_EDGE('',*,*,#2631,.T.);
#3766=ORIENTED_EDGE('',*,*,#2637,.F.);
#3767=ORIENTED_EDGE('',*,*,#2605,.F.);
#3768=ORIENTED_EDGE('',*,*,#2638,.T.);
#3769=ORIENTED_EDGE('',*,*,#2625,.T.);
#3770=ORIENTED_EDGE('',*,*,#2638,.F.);
#3771=ORIENTED_EDGE('',*,*,#2600,.F.);
#3772=ORIENTED_EDGE('',*,*,#2639,.T.);
#3773=ORIENTED_EDGE('',*,*,#2158,.F.);
#3774=ORIENTED_EDGE('',*,*,#2640,.F.);
#3775=ORIENTED_EDGE('',*,*,#2601,.F.);
#3776=ORIENTED_EDGE('',*,*,#2640,.T.);
#3777=ORIENTED_EDGE('',*,*,#2157,.F.);
#3778=ORIENTED_EDGE('',*,*,#2641,.F.);
#3779=ORIENTED_EDGE('',*,*,#2602,.F.);
#3780=ORIENTED_EDGE('',*,*,#2641,.T.);
#3781=ORIENTED_EDGE('',*,*,#2156,.F.);
#3782=ORIENTED_EDGE('',*,*,#2642,.F.);
#3783=ORIENTED_EDGE('',*,*,#2603,.F.);
#3784=ORIENTED_EDGE('',*,*,#2642,.T.);
#3785=ORIENTED_EDGE('',*,*,#2155,.F.);
#3786=ORIENTED_EDGE('',*,*,#2643,.F.);
#3787=ORIENTED_EDGE('',*,*,#2604,.F.);
#3788=ORIENTED_EDGE('',*,*,#2643,.T.);
#3789=ORIENTED_EDGE('',*,*,#2154,.F.);
#3790=ORIENTED_EDGE('',*,*,#2644,.F.);
#3791=ORIENTED_EDGE('',*,*,#2599,.F.);
#3792=ORIENTED_EDGE('',*,*,#2644,.T.);
#3793=ORIENTED_EDGE('',*,*,#2153,.F.);
#3794=ORIENTED_EDGE('',*,*,#2639,.F.);
#3795=ORIENTED_EDGE('',*,*,#2338,.T.);
#3796=ORIENTED_EDGE('',*,*,#2360,.T.);
#3797=ORIENTED_EDGE('',*,*,#2357,.T.);
#3798=ORIENTED_EDGE('',*,*,#2354,.T.);
#3799=ORIENTED_EDGE('',*,*,#2351,.T.);
#3800=ORIENTED_EDGE('',*,*,#2348,.T.);
#3801=ORIENTED_EDGE('',*,*,#2345,.T.);
#3802=ORIENTED_EDGE('',*,*,#2342,.T.);
#3803=PLANE('',#4174);
#3804=PLANE('',#4175);
#3805=PLANE('',#4176);
#3806=PLANE('',#4177);
#3807=PLANE('',#4178);
#3808=PLANE('',#4185);
#3809=PLANE('',#4188);
#3810=PLANE('',#4189);
#3811=PLANE('',#4192);
#3812=PLANE('',#4195);
#3813=PLANE('',#4196);
#3814=PLANE('',#4197);
#3815=PLANE('',#4198);
#3816=PLANE('',#4199);
#3817=PLANE('',#4204);
#3818=PLANE('',#4207);
#3819=PLANE('',#4210);
#3820=PLANE('',#4213);
#3821=PLANE('',#4216);
#3822=PLANE('',#4217);
#3823=PLANE('',#4218);
#3824=PLANE('',#4219);
#3825=PLANE('',#4220);
#3826=PLANE('',#4221);
#3827=PLANE('',#4237);
#3828=PLANE('',#4244);
#3829=PLANE('',#4247);
#3830=PLANE('',#4248);
#3831=PLANE('',#4251);
#3832=PLANE('',#4254);
#3833=PLANE('',#4255);
#3834=PLANE('',#4256);
#3835=PLANE('',#4257);
#3836=PLANE('',#4258);
#3837=PLANE('',#4259);
#3838=PLANE('',#4264);
#3839=PLANE('',#4267);
#3840=PLANE('',#4270);
#3841=PLANE('',#4273);
#3842=PLANE('',#4276);
#3843=PLANE('',#4277);
#3844=PLANE('',#4278);
#3845=PLANE('',#4279);
#3846=PLANE('',#4280);
#3847=PLANE('',#4285);
#3848=PLANE('',#4288);
#3849=PLANE('',#4293);
#3850=PLANE('',#4296);
#3851=PLANE('',#4297);
#3852=PLANE('',#4298);
#3853=PLANE('',#4299);
#3854=PLANE('',#4300);
#3855=PLANE('',#4301);
#3856=PLANE('',#4302);
#3857=PLANE('',#4303);
#3858=PLANE('',#4304);
#3859=PLANE('',#4305);
#3860=PLANE('',#4306);
#3861=PLANE('',#4309);
#3862=PLANE('',#4313);
#3863=PLANE('',#4321);
#3864=PLANE('',#4325);
#3865=PLANE('',#4333);
#3866=PLANE('',#4337);
#3867=PLANE('',#4345);
#3868=PLANE('',#4349);
#3869=PLANE('',#4355);
#3870=PLANE('',#4356);
#3871=PLANE('',#4357);
#3872=PLANE('',#4358);
#3873=PLANE('',#4359);
#3874=PLANE('',#4360);
#3875=PLANE('',#4361);
#3876=PLANE('',#4362);
#3877=PLANE('',#4363);
#3878=PLANE('',#4364);
#3879=PLANE('',#4365);
#3880=PLANE('',#4366);
#3881=PLANE('',#4367);
#3882=PLANE('',#4368);
#3883=PLANE('',#4369);
#3884=PLANE('',#4370);
#3885=PLANE('',#4371);
#3886=PLANE('',#4372);
#3887=PLANE('',#4373);
#3888=PLANE('',#4374);
#3889=PLANE('',#4375);
#3890=PLANE('',#4376);
#3891=PLANE('',#4377);
#3892=PLANE('',#4378);
#3893=PLANE('',#4379);
#3894=PLANE('',#4380);
#3895=PLANE('',#4381);
#3896=PLANE('',#4382);
#3897=PLANE('',#4383);
#3898=PLANE('',#4384);
#3899=PLANE('',#4385);
#3900=PLANE('',#4386);
#3901=PLANE('',#4387);
#3902=PLANE('',#4388);
#3903=PLANE('',#4389);
#3904=PLANE('',#4390);
#3905=PLANE('',#4391);
#3906=PLANE('',#4392);
#3907=PLANE('',#4393);
#3908=PLANE('',#4394);
#3909=PLANE('',#4395);
#3910=PLANE('',#4396);
#3911=PLANE('',#4397);
#3912=PLANE('',#4398);
#3913=PLANE('',#4399);
#3914=PLANE('',#4400);
#3915=PLANE('',#4401);
#3916=PLANE('',#4402);
#3917=PLANE('',#4403);
#3918=PLANE('',#4404);
#3919=PLANE('',#4416);
#3920=PLANE('',#4419);
#3921=PLANE('',#4420);
#3922=PLANE('',#4421);
#3923=PLANE('',#4422);
#3924=PLANE('',#4423);
#3925=PLANE('',#4424);
#3926=PLANE('',#4427);
#3927=PLANE('',#4431);
#3928=PLANE('',#4435);
#3929=PLANE('',#4439);
#3930=PLANE('',#4445);
#3931=PLANE('',#4447);
#3932=PLANE('',#4449);
#3933=PLANE('',#4451);
#3934=ADVANCED_FACE('',(#375),#3803,.T.);
#3935=ADVANCED_FACE('',(#376),#3804,.T.);
#3936=ADVANCED_FACE('',(#377),#3805,.T.);
#3937=ADVANCED_FACE('',(#378),#3806,.T.);
#3938=ADVANCED_FACE('',(#379,#202,#203),#3807,.F.);
#3939=ADVANCED_FACE('',(#380),#153,.F.);
#3940=ADVANCED_FACE('',(#381),#3808,.T.);
#3941=ADVANCED_FACE('',(#382),#154,.F.);
#3942=ADVANCED_FACE('',(#383),#3809,.T.);
#3943=ADVANCED_FACE('',(#384),#3810,.T.);
#3944=ADVANCED_FACE('',(#385),#155,.F.);
#3945=ADVANCED_FACE('',(#386),#3811,.T.);
#3946=ADVANCED_FACE('',(#387),#156,.F.);
#3947=ADVANCED_FACE('',(#388),#3812,.T.);
#3948=ADVANCED_FACE('',(#389),#3813,.T.);
#3949=ADVANCED_FACE('',(#390),#3814,.F.);
#3950=ADVANCED_FACE('',(#391),#3815,.F.);
#3951=ADVANCED_FACE('',(#392,#204,#205),#3816,.T.);
#3952=ADVANCED_FACE('',(#393),#3817,.F.);
#3953=ADVANCED_FACE('',(#394),#157,.F.);
#3954=ADVANCED_FACE('',(#395),#3818,.F.);
#3955=ADVANCED_FACE('',(#396),#158,.F.);
#3956=ADVANCED_FACE('',(#397),#3819,.F.);
#3957=ADVANCED_FACE('',(#398),#159,.F.);
#3958=ADVANCED_FACE('',(#399),#3820,.F.);
#3959=ADVANCED_FACE('',(#400),#160,.F.);
#3960=ADVANCED_FACE('',(#401),#3821,.T.);
#3961=ADVANCED_FACE('',(#402),#3822,.T.);
#3962=ADVANCED_FACE('',(#403),#3823,.T.);
#3963=ADVANCED_FACE('',(#404),#3824,.T.);
#3964=ADVANCED_FACE('',(#405),#3825,.T.);
#3965=ADVANCED_FACE('',(#406,#206,#207,#208,#209,#210,#211,#212,#213,#214,
#215,#216,#217,#218,#219,#220,#221,#222,#223,#224,#225),#3826,.F.);
#3966=ADVANCED_FACE('',(#407,#226,#227),#3827,.F.);
#3967=ADVANCED_FACE('',(#408),#161,.F.);
#3968=ADVANCED_FACE('',(#409),#3828,.T.);
#3969=ADVANCED_FACE('',(#410),#162,.F.);
#3970=ADVANCED_FACE('',(#411),#3829,.T.);
#3971=ADVANCED_FACE('',(#412),#3830,.T.);
#3972=ADVANCED_FACE('',(#413),#163,.F.);
#3973=ADVANCED_FACE('',(#414),#3831,.T.);
#3974=ADVANCED_FACE('',(#415),#164,.F.);
#3975=ADVANCED_FACE('',(#416),#3832,.T.);
#3976=ADVANCED_FACE('',(#417),#3833,.T.);
#3977=ADVANCED_FACE('',(#418),#3834,.T.);
#3978=ADVANCED_FACE('',(#419),#3835,.T.);
#3979=ADVANCED_FACE('',(#420),#3836,.T.);
#3980=ADVANCED_FACE('',(#421,#228,#229),#3837,.T.);
#3981=ADVANCED_FACE('',(#422),#3838,.F.);
#3982=ADVANCED_FACE('',(#423),#165,.F.);
#3983=ADVANCED_FACE('',(#424),#3839,.F.);
#3984=ADVANCED_FACE('',(#425),#166,.F.);
#3985=ADVANCED_FACE('',(#426),#3840,.F.);
#3986=ADVANCED_FACE('',(#427),#167,.F.);
#3987=ADVANCED_FACE('',(#428),#3841,.F.);
#3988=ADVANCED_FACE('',(#429),#168,.F.);
#3989=ADVANCED_FACE('',(#430),#3842,.T.);
#3990=ADVANCED_FACE('',(#431),#3843,.T.);
#3991=ADVANCED_FACE('',(#432),#3844,.T.);
#3992=ADVANCED_FACE('',(#433),#3845,.T.);
#3993=ADVANCED_FACE('',(#434,#230,#231),#3846,.F.);
#3994=ADVANCED_FACE('',(#435),#3847,.F.);
#3995=ADVANCED_FACE('',(#436),#169,.F.);
#3996=ADVANCED_FACE('',(#437),#3848,.F.);
#3997=ADVANCED_FACE('',(#438),#170,.F.);
#3998=ADVANCED_FACE('',(#439),#171,.F.);
#3999=ADVANCED_FACE('',(#440),#3849,.F.);
#4000=ADVANCED_FACE('',(#441),#172,.F.);
#4001=ADVANCED_FACE('',(#442),#3850,.F.);
#4002=ADVANCED_FACE('',(#443),#3851,.T.);
#4003=ADVANCED_FACE('',(#444),#3852,.T.);
#4004=ADVANCED_FACE('',(#445),#3853,.T.);
#4005=ADVANCED_FACE('',(#446),#3854,.T.);
#4006=ADVANCED_FACE('',(#447),#3855,.T.);
#4007=ADVANCED_FACE('',(#448),#3856,.F.);
#4008=ADVANCED_FACE('',(#449),#3857,.F.);
#4009=ADVANCED_FACE('',(#450),#3858,.F.);
#4010=ADVANCED_FACE('',(#451),#3859,.F.);
#4011=ADVANCED_FACE('',(#452),#3860,.F.);
#4012=ADVANCED_FACE('',(#453),#173,.F.);
#4013=ADVANCED_FACE('',(#454,#232),#3861,.T.);
#4014=ADVANCED_FACE('',(#455),#174,.F.);
#4015=ADVANCED_FACE('',(#456,#233),#3862,.T.);
#4016=ADVANCED_FACE('',(#457),#175,.F.);
#4017=ADVANCED_FACE('',(#458),#176,.F.);
#4018=ADVANCED_FACE('',(#459),#177,.F.);
#4019=ADVANCED_FACE('',(#460,#234),#3863,.F.);
#4020=ADVANCED_FACE('',(#461),#178,.F.);
#4021=ADVANCED_FACE('',(#462,#235),#3864,.F.);
#4022=ADVANCED_FACE('',(#463),#179,.F.);
#4023=ADVANCED_FACE('',(#464),#180,.F.);
#4024=ADVANCED_FACE('',(#465),#181,.F.);
#4025=ADVANCED_FACE('',(#466,#236),#3865,.F.);
#4026=ADVANCED_FACE('',(#467),#182,.F.);
#4027=ADVANCED_FACE('',(#468,#237),#3866,.F.);
#4028=ADVANCED_FACE('',(#469),#183,.F.);
#4029=ADVANCED_FACE('',(#470),#184,.F.);
#4030=ADVANCED_FACE('',(#471),#185,.F.);
#4031=ADVANCED_FACE('',(#472,#238),#3867,.T.);
#4032=ADVANCED_FACE('',(#473),#186,.F.);
#4033=ADVANCED_FACE('',(#474,#239),#3868,.T.);
#4034=ADVANCED_FACE('',(#475),#187,.F.);
#4035=ADVANCED_FACE('',(#476),#188,.F.);
#4036=ADVANCED_FACE('',(#477),#107,.F.);
#4037=ADVANCED_FACE('',(#478),#108,.F.);
#4038=ADVANCED_FACE('',(#479),#109,.F.);
#4039=ADVANCED_FACE('',(#480),#110,.F.);
#4040=ADVANCED_FACE('',(#481),#111,.F.);
#4041=ADVANCED_FACE('',(#482),#112,.F.);
#4042=ADVANCED_FACE('',(#483),#113,.F.);
#4043=ADVANCED_FACE('',(#484),#114,.F.);
#4044=ADVANCED_FACE('',(#485),#115,.F.);
#4045=ADVANCED_FACE('',(#486),#116,.F.);
#4046=ADVANCED_FACE('',(#487),#117,.F.);
#4047=ADVANCED_FACE('',(#488),#118,.F.);
#4048=ADVANCED_FACE('',(#489),#119,.F.);
#4049=ADVANCED_FACE('',(#490),#120,.F.);
#4050=ADVANCED_FACE('',(#491),#121,.F.);
#4051=ADVANCED_FACE('',(#492),#122,.F.);
#4052=ADVANCED_FACE('',(#493),#123,.F.);
#4053=ADVANCED_FACE('',(#494),#124,.F.);
#4054=ADVANCED_FACE('',(#495,#240),#3869,.T.);
#4055=ADVANCED_FACE('',(#496),#3870,.F.);
#4056=ADVANCED_FACE('',(#497),#3871,.F.);
#4057=ADVANCED_FACE('',(#498),#3872,.F.);
#4058=ADVANCED_FACE('',(#499),#3873,.F.);
#4059=ADVANCED_FACE('',(#500),#3874,.F.);
#4060=ADVANCED_FACE('',(#501),#3875,.F.);
#4061=ADVANCED_FACE('',(#502),#3876,.F.);
#4062=ADVANCED_FACE('',(#503),#3877,.F.);
#4063=ADVANCED_FACE('',(#504),#3878,.F.);
#4064=ADVANCED_FACE('',(#505),#3879,.F.);
#4065=ADVANCED_FACE('',(#506),#3880,.F.);
#4066=ADVANCED_FACE('',(#507),#3881,.F.);
#4067=ADVANCED_FACE('',(#508),#3882,.F.);
#4068=ADVANCED_FACE('',(#509),#3883,.F.);
#4069=ADVANCED_FACE('',(#510),#3884,.F.);
#4070=ADVANCED_FACE('',(#511),#3885,.F.);
#4071=ADVANCED_FACE('',(#512),#3886,.F.);
#4072=ADVANCED_FACE('',(#513),#3887,.F.);
#4073=ADVANCED_FACE('',(#514),#3888,.F.);
#4074=ADVANCED_FACE('',(#515),#3889,.F.);
#4075=ADVANCED_FACE('',(#516),#3890,.F.);
#4076=ADVANCED_FACE('',(#517),#3891,.F.);
#4077=ADVANCED_FACE('',(#518),#3892,.F.);
#4078=ADVANCED_FACE('',(#519),#3893,.F.);
#4079=ADVANCED_FACE('',(#520),#3894,.F.);
#4080=ADVANCED_FACE('',(#521),#3895,.F.);
#4081=ADVANCED_FACE('',(#522),#3896,.F.);
#4082=ADVANCED_FACE('',(#523),#3897,.F.);
#4083=ADVANCED_FACE('',(#524),#3898,.F.);
#4084=ADVANCED_FACE('',(#525),#3899,.F.);
#4085=ADVANCED_FACE('',(#526),#3900,.F.);
#4086=ADVANCED_FACE('',(#527),#3901,.F.);
#4087=ADVANCED_FACE('',(#528),#3902,.F.);
#4088=ADVANCED_FACE('',(#529),#3903,.F.);
#4089=ADVANCED_FACE('',(#530),#125,.F.);
#4090=ADVANCED_FACE('',(#531),#126,.F.);
#4091=ADVANCED_FACE('',(#532),#127,.F.);
#4092=ADVANCED_FACE('',(#533),#128,.F.);
#4093=ADVANCED_FACE('',(#534),#129,.F.);
#4094=ADVANCED_FACE('',(#535),#130,.F.);
#4095=ADVANCED_FACE('',(#536),#131,.F.);
#4096=ADVANCED_FACE('',(#537),#132,.F.);
#4097=ADVANCED_FACE('',(#538),#133,.F.);
#4098=ADVANCED_FACE('',(#539),#134,.F.);
#4099=ADVANCED_FACE('',(#540),#135,.F.);
#4100=ADVANCED_FACE('',(#541),#136,.F.);
#4101=ADVANCED_FACE('',(#542),#137,.F.);
#4102=ADVANCED_FACE('',(#543),#3904,.F.);
#4103=ADVANCED_FACE('',(#544),#138,.F.);
#4104=ADVANCED_FACE('',(#545),#139,.F.);
#4105=ADVANCED_FACE('',(#546),#140,.F.);
#4106=ADVANCED_FACE('',(#547),#141,.F.);
#4107=ADVANCED_FACE('',(#548),#142,.F.);
#4108=ADVANCED_FACE('',(#549),#143,.F.);
#4109=ADVANCED_FACE('',(#550),#144,.F.);
#4110=ADVANCED_FACE('',(#551),#145,.F.);
#4111=ADVANCED_FACE('',(#552),#146,.F.);
#4112=ADVANCED_FACE('',(#553),#147,.F.);
#4113=ADVANCED_FACE('',(#554),#148,.F.);
#4114=ADVANCED_FACE('',(#555),#149,.F.);
#4115=ADVANCED_FACE('',(#556),#150,.F.);
#4116=ADVANCED_FACE('',(#557),#151,.F.);
#4117=ADVANCED_FACE('',(#558),#3905,.F.);
#4118=ADVANCED_FACE('',(#559),#152,.F.);
#4119=ADVANCED_FACE('',(#560),#3906,.T.);
#4120=ADVANCED_FACE('',(#561),#3907,.F.);
#4121=ADVANCED_FACE('',(#562),#3908,.F.);
#4122=ADVANCED_FACE('',(#563),#3909,.F.);
#4123=ADVANCED_FACE('',(#564),#3910,.F.);
#4124=ADVANCED_FACE('',(#565),#3911,.F.);
#4125=ADVANCED_FACE('',(#566),#3912,.F.);
#4126=ADVANCED_FACE('',(#567),#3913,.F.);
#4127=ADVANCED_FACE('',(#568),#3914,.F.);
#4128=ADVANCED_FACE('',(#569),#3915,.F.);
#4129=ADVANCED_FACE('',(#570),#3916,.F.);
#4130=ADVANCED_FACE('',(#571),#3917,.F.);
#4131=ADVANCED_FACE('',(#572,#241,#242,#243,#244,#245,#246,#247,#248,#249,
#250,#251,#252,#253,#254,#255,#256,#257,#258,#259,#260,#261,#262,#263,#264,
#265,#266,#267,#268,#269,#270,#271,#272),#3918,.T.);
#4132=ADVANCED_FACE('',(#573),#189,.F.);
#4133=ADVANCED_FACE('',(#574),#3919,.T.);
#4134=ADVANCED_FACE('',(#575),#190,.F.);
#4135=ADVANCED_FACE('',(#576),#3920,.T.);
#4136=ADVANCED_FACE('',(#577),#3921,.F.);
#4137=ADVANCED_FACE('',(#578),#3922,.F.);
#4138=ADVANCED_FACE('',(#579),#3923,.F.);
#4139=ADVANCED_FACE('',(#580),#3924,.F.);
#4140=ADVANCED_FACE('',(#581),#3925,.F.);
#4141=ADVANCED_FACE('',(#582),#191,.F.);
#4142=ADVANCED_FACE('',(#583,#273),#3926,.T.);
#4143=ADVANCED_FACE('',(#584),#192,.F.);
#4144=ADVANCED_FACE('',(#585,#274),#3927,.T.);
#4145=ADVANCED_FACE('',(#586),#193,.F.);
#4146=ADVANCED_FACE('',(#587,#275),#3928,.T.);
#4147=ADVANCED_FACE('',(#588),#194,.F.);
#4148=ADVANCED_FACE('',(#589,#276),#3929,.T.);
#4149=ADVANCED_FACE('',(#590),#195,.F.);
#4150=ADVANCED_FACE('',(#591),#196,.F.);
#4151=ADVANCED_FACE('',(#592),#197,.F.);
#4152=ADVANCED_FACE('',(#593),#198,.F.);
#4153=ADVANCED_FACE('',(#594),#3930,.T.);
#4154=ADVANCED_FACE('',(#595),#199,.T.);
#4155=ADVANCED_FACE('',(#596),#3931,.T.);
#4156=ADVANCED_FACE('',(#597),#200,.T.);
#4157=ADVANCED_FACE('',(#598),#3932,.T.);
#4158=ADVANCED_FACE('',(#599),#201,.T.);
#4159=ADVANCED_FACE('',(#600),#3933,.T.);
#4160=CLOSED_SHELL('',(#3934,#3935,#3936,#3937,#3938,#3939,#3940,#3941,
#3942,#3943,#3944,#3945,#3946,#3947,#3948,#3949,#3950,#3951,#3952,#3953,
#3954,#3955,#3956,#3957,#3958,#3959,#3960,#3961,#3962,#3963,#3964,#3965,
#3966,#3967,#3968,#3969,#3970,#3971,#3972,#3973,#3974,#3975,#3976,#3977,
#3978,#3979,#3980,#3981,#3982,#3983,#3984,#3985,#3986,#3987,#3988,#3989,
#3990,#3991,#3992,#3993,#3994,#3995,#3996,#3997,#3998,#3999,#4000,#4001,
#4002,#4003,#4004,#4005,#4006,#4007,#4008,#4009,#4010,#4011,#4012,#4013,
#4014,#4015,#4016,#4017,#4018,#4019,#4020,#4021,#4022,#4023,#4024,#4025,
#4026,#4027,#4028,#4029,#4030,#4031,#4032,#4033,#4034,#4035,#4036,#4037,
#4038,#4039,#4040,#4041,#4042,#4043,#4044,#4045,#4046,#4047,#4048,#4049,
#4050,#4051,#4052,#4053,#4054,#4055,#4056,#4057,#4058,#4059,#4060,#4061,
#4062,#4063,#4064,#4065,#4066,#4067,#4068,#4069,#4070,#4071,#4072,#4073,
#4074,#4075,#4076,#4077,#4078,#4079,#4080,#4081,#4082,#4083,#4084,#4085,
#4086,#4087,#4088,#4089,#4090,#4091,#4092,#4093,#4094,#4095,#4096,#4097,
#4098,#4099,#4100,#4101,#4102,#4103,#4104,#4105,#4106,#4107,#4108,#4109,
#4110,#4111,#4112,#4113,#4114,#4115,#4116,#4117,#4118,#4119,#4120,#4121,
#4122,#4123,#4124,#4125,#4126,#4127,#4128,#4129,#4130,#4131,#4132,#4133,
#4134,#4135,#4136,#4137,#4138,#4139,#4140,#4141,#4142,#4143,#4144,#4145,
#4146,#4147,#4148,#4149,#4150,#4151,#4152,#4153,#4154,#4155,#4156,#4157,
#4158,#4159));
#4161=DERIVED_UNIT_ELEMENT(#4163,1.);
#4162=DERIVED_UNIT_ELEMENT(#7378,-3.);
#4163=(
MASS_UNIT()
NAMED_UNIT(*)
SI_UNIT(.KILO.,.GRAM.)
);
#4164=DERIVED_UNIT((#4161,#4162));
#4165=MEASURE_REPRESENTATION_ITEM('density measure',
POSITIVE_RATIO_MEASURE(544.),#4164);
#4166=PROPERTY_DEFINITION_REPRESENTATION(#4171,#4168);
#4167=PROPERTY_DEFINITION_REPRESENTATION(#4172,#4169);
#4168=REPRESENTATION('material name',(#4170),#7375);
#4169=REPRESENTATION('density',(#4165),#7375);
#4170=DESCRIPTIVE_REPRESENTATION_ITEM('Cherry','Cherry');
#4171=PROPERTY_DEFINITION('material property','material name',#7385);
#4172=PROPERTY_DEFINITION('material property','density of part',#7385);
#4173=AXIS2_PLACEMENT_3D('',#5399,#4452,#4453);
#4174=AXIS2_PLACEMENT_3D('',#5400,#4454,#4455);
#4175=AXIS2_PLACEMENT_3D('',#5409,#4460,#4461);
#4176=AXIS2_PLACEMENT_3D('',#5418,#4466,#4467);
#4177=AXIS2_PLACEMENT_3D('',#5421,#4470,#4471);
#4178=AXIS2_PLACEMENT_3D('',#5424,#4474,#4475);
#4179=AXIS2_PLACEMENT_3D('',#5427,#4476,#4477);
#4180=AXIS2_PLACEMENT_3D('',#5431,#4479,#4480);
#4181=AXIS2_PLACEMENT_3D('',#5435,#4482,#4483);
#4182=AXIS2_PLACEMENT_3D('',#5439,#4485,#4486);
#4183=AXIS2_PLACEMENT_3D('',#5441,#4488,#4489);
#4184=AXIS2_PLACEMENT_3D('',#5445,#4491,#4492);
#4185=AXIS2_PLACEMENT_3D('',#5447,#4494,#4495);
#4186=AXIS2_PLACEMENT_3D('',#5451,#4498,#4499);
#4187=AXIS2_PLACEMENT_3D('',#5455,#4501,#4502);
#4188=AXIS2_PLACEMENT_3D('',#5457,#4504,#4505);
#4189=AXIS2_PLACEMENT_3D('',#5461,#4508,#4509);
#4190=AXIS2_PLACEMENT_3D('',#5465,#4512,#4513);
#4191=AXIS2_PLACEMENT_3D('',#5466,#4514,#4515);
#4192=AXIS2_PLACEMENT_3D('',#5467,#4516,#4517);
#4193=AXIS2_PLACEMENT_3D('',#5471,#4520,#4521);
#4194=AXIS2_PLACEMENT_3D('',#5472,#4522,#4523);
#4195=AXIS2_PLACEMENT_3D('',#5473,#4524,#4525);
#4196=AXIS2_PLACEMENT_3D('',#5482,#4530,#4531);
#4197=AXIS2_PLACEMENT_3D('',#5491,#4536,#4537);
#4198=AXIS2_PLACEMENT_3D('',#5494,#4540,#4541);
#4199=AXIS2_PLACEMENT_3D('',#5497,#4544,#4545);
#4200=AXIS2_PLACEMENT_3D('',#5500,#4546,#4547);
#4201=AXIS2_PLACEMENT_3D('',#5504,#4549,#4550);
#4202=AXIS2_PLACEMENT_3D('',#5508,#4552,#4553);
#4203=AXIS2_PLACEMENT_3D('',#5512,#4555,#4556);
#4204=AXIS2_PLACEMENT_3D('',#5514,#4558,#4559);
#4205=AXIS2_PLACEMENT_3D('',#5520,#4563,#4564);
#4206=AXIS2_PLACEMENT_3D('',#5523,#4566,#4567);
#4207=AXIS2_PLACEMENT_3D('',#5524,#4568,#4569);
#4208=AXIS2_PLACEMENT_3D('',#5530,#4573,#4574);
#4209=AXIS2_PLACEMENT_3D('',#5533,#4576,#4577);
#4210=AXIS2_PLACEMENT_3D('',#5534,#4578,#4579);
#4211=AXIS2_PLACEMENT_3D('',#5538,#4582,#4583);
#4212=AXIS2_PLACEMENT_3D('',#5539,#4584,#4585);
#4213=AXIS2_PLACEMENT_3D('',#5540,#4586,#4587);
#4214=AXIS2_PLACEMENT_3D('',#5544,#4590,#4591);
#4215=AXIS2_PLACEMENT_3D('',#5545,#4592,#4593);
#4216=AXIS2_PLACEMENT_3D('',#5546,#4594,#4595);
#4217=AXIS2_PLACEMENT_3D('',#5555,#4600,#4601);
#4218=AXIS2_PLACEMENT_3D('',#5561,#4605,#4606);
#4219=AXIS2_PLACEMENT_3D('',#5567,#4610,#4611);
#4220=AXIS2_PLACEMENT_3D('',#5573,#4615,#4616);
#4221=AXIS2_PLACEMENT_3D('',#5576,#4619,#4620);
#4222=AXIS2_PLACEMENT_3D('',#5579,#4621,#4622);
#4223=AXIS2_PLACEMENT_3D('',#5583,#4624,#4625);
#4224=AXIS2_PLACEMENT_3D('',#5587,#4627,#4628);
#4225=AXIS2_PLACEMENT_3D('',#5598,#4634,#4635);
#4226=AXIS2_PLACEMENT_3D('',#5616,#4644,#4645);
#4227=AXIS2_PLACEMENT_3D('',#5618,#4646,#4647);
#4228=AXIS2_PLACEMENT_3D('',#5620,#4648,#4649);
#4229=AXIS2_PLACEMENT_3D('',#5622,#4650,#4651);
#4230=AXIS2_PLACEMENT_3D('',#5624,#4652,#4653);
#4231=AXIS2_PLACEMENT_3D('',#5626,#4654,#4655);
#4232=AXIS2_PLACEMENT_3D('',#5628,#4656,#4657);
#4233=AXIS2_PLACEMENT_3D('',#5638,#4662,#4663);
#4234=AXIS2_PLACEMENT_3D('',#5640,#4664,#4665);
#4235=AXIS2_PLACEMENT_3D('',#5642,#4666,#4667);
#4236=AXIS2_PLACEMENT_3D('',#5644,#4668,#4669);
#4237=AXIS2_PLACEMENT_3D('',#5653,#4674,#4675);
#4238=AXIS2_PLACEMENT_3D('',#5656,#4676,#4677);
#4239=AXIS2_PLACEMENT_3D('',#5660,#4679,#4680);
#4240=AXIS2_PLACEMENT_3D('',#5664,#4682,#4683);
#4241=AXIS2_PLACEMENT_3D('',#5668,#4685,#4686);
#4242=AXIS2_PLACEMENT_3D('',#5670,#4688,#4689);
#4243=AXIS2_PLACEMENT_3D('',#5674,#4691,#4692);
#4244=AXIS2_PLACEMENT_3D('',#5676,#4694,#4695);
#4245=AXIS2_PLACEMENT_3D('',#5680,#4698,#4699);
#4246=AXIS2_PLACEMENT_3D('',#5684,#4701,#4702);
#4247=AXIS2_PLACEMENT_3D('',#5686,#4704,#4705);
#4248=AXIS2_PLACEMENT_3D('',#5690,#4708,#4709);
#4249=AXIS2_PLACEMENT_3D('',#5694,#4712,#4713);
#4250=AXIS2_PLACEMENT_3D('',#5695,#4714,#4715);
#4251=AXIS2_PLACEMENT_3D('',#5696,#4716,#4717);
#4252=AXIS2_PLACEMENT_3D('',#5700,#4720,#4721);
#4253=AXIS2_PLACEMENT_3D('',#5701,#4722,#4723);
#4254=AXIS2_PLACEMENT_3D('',#5702,#4724,#4725);
#4255=AXIS2_PLACEMENT_3D('',#5711,#4730,#4731);
#4256=AXIS2_PLACEMENT_3D('',#5714,#4734,#4735);
#4257=AXIS2_PLACEMENT_3D('',#5718,#4738,#4739);
#4258=AXIS2_PLACEMENT_3D('',#5722,#4742,#4743);
#4259=AXIS2_PLACEMENT_3D('',#5724,#4745,#4746);
#4260=AXIS2_PLACEMENT_3D('',#5727,#4747,#4748);
#4261=AXIS2_PLACEMENT_3D('',#5731,#4750,#4751);
#4262=AXIS2_PLACEMENT_3D('',#5735,#4753,#4754);
#4263=AXIS2_PLACEMENT_3D('',#5739,#4756,#4757);
#4264=AXIS2_PLACEMENT_3D('',#5741,#4759,#4760);
#4265=AXIS2_PLACEMENT_3D('',#5747,#4764,#4765);
#4266=AXIS2_PLACEMENT_3D('',#5750,#4767,#4768);
#4267=AXIS2_PLACEMENT_3D('',#5751,#4769,#4770);
#4268=AXIS2_PLACEMENT_3D('',#5757,#4774,#4775);
#4269=AXIS2_PLACEMENT_3D('',#5760,#4777,#4778);
#4270=AXIS2_PLACEMENT_3D('',#5761,#4779,#4780);
#4271=AXIS2_PLACEMENT_3D('',#5765,#4783,#4784);
#4272=AXIS2_PLACEMENT_3D('',#5766,#4785,#4786);
#4273=AXIS2_PLACEMENT_3D('',#5767,#4787,#4788);
#4274=AXIS2_PLACEMENT_3D('',#5771,#4791,#4792);
#4275=AXIS2_PLACEMENT_3D('',#5772,#4793,#4794);
#4276=AXIS2_PLACEMENT_3D('',#5773,#4795,#4796);
#4277=AXIS2_PLACEMENT_3D('',#5779,#4800,#4801);
#4278=AXIS2_PLACEMENT_3D('',#5783,#4804,#4805);
#4279=AXIS2_PLACEMENT_3D('',#5787,#4808,#4809);
#4280=AXIS2_PLACEMENT_3D('',#5789,#4811,#4812);
#4281=AXIS2_PLACEMENT_3D('',#5794,#4814,#4815);
#4282=AXIS2_PLACEMENT_3D('',#5797,#4817,#4818);
#4283=AXIS2_PLACEMENT_3D('',#5802,#4820,#4821);
#4284=AXIS2_PLACEMENT_3D('',#5805,#4823,#4824);
#4285=AXIS2_PLACEMENT_3D('',#5806,#4825,#4826);
#4286=AXIS2_PLACEMENT_3D('',#5812,#4830,#4831);
#4287=AXIS2_PLACEMENT_3D('',#5815,#4833,#4834);
#4288=AXIS2_PLACEMENT_3D('',#5816,#4835,#4836);
#4289=AXIS2_PLACEMENT_3D('',#5822,#4840,#4841);
#4290=AXIS2_PLACEMENT_3D('',#5825,#4843,#4844);
#4291=AXIS2_PLACEMENT_3D('',#5826,#4845,#4846);
#4292=AXIS2_PLACEMENT_3D('',#5828,#4847,#4848);
#4293=AXIS2_PLACEMENT_3D('',#5830,#4850,#4851);
#4294=AXIS2_PLACEMENT_3D('',#5832,#4853,#4854);
#4295=AXIS2_PLACEMENT_3D('',#5834,#4855,#4856);
#4296=AXIS2_PLACEMENT_3D('',#5836,#4858,#4859);
#4297=AXIS2_PLACEMENT_3D('',#5838,#4861,#4862);
#4298=AXIS2_PLACEMENT_3D('',#5844,#4866,#4867);
#4299=AXIS2_PLACEMENT_3D('',#5848,#4870,#4871);
#4300=AXIS2_PLACEMENT_3D('',#5852,#4874,#4875);
#4301=AXIS2_PLACEMENT_3D('',#5854,#4877,#4878);
#4302=AXIS2_PLACEMENT_3D('',#5855,#4879,#4880);
#4303=AXIS2_PLACEMENT_3D('',#5861,#4884,#4885);
#4304=AXIS2_PLACEMENT_3D('',#5865,#4888,#4889);
#4305=AXIS2_PLACEMENT_3D('',#5869,#4892,#4893);
#4306=AXIS2_PLACEMENT_3D('',#5871,#4895,#4896);
#4307=AXIS2_PLACEMENT_3D('',#5872,#4897,#4898);
#4308=AXIS2_PLACEMENT_3D('',#5875,#4900,#4901);
#4309=AXIS2_PLACEMENT_3D('',#5876,#4902,#4903);
#4310=AXIS2_PLACEMENT_3D('',#5878,#4904,#4905);
#4311=AXIS2_PLACEMENT_3D('',#5879,#4906,#4907);
#4312=AXIS2_PLACEMENT_3D('',#5882,#4909,#4910);
#4313=AXIS2_PLACEMENT_3D('',#5883,#4911,#4912);
#4314=AXIS2_PLACEMENT_3D('',#5885,#4913,#4914);
#4315=AXIS2_PLACEMENT_3D('',#5886,#4915,#4916);
#4316=AXIS2_PLACEMENT_3D('',#5888,#4917,#4918);
#4317=AXIS2_PLACEMENT_3D('',#5890,#4920,#4921);
#4318=AXIS2_PLACEMENT_3D('',#5892,#4922,#4923);
#4319=AXIS2_PLACEMENT_3D('',#5894,#4925,#4926);
#4320=AXIS2_PLACEMENT_3D('',#5897,#4928,#4929);
#4321=AXIS2_PLACEMENT_3D('',#5898,#4930,#4931);
#4322=AXIS2_PLACEMENT_3D('',#5900,#4932,#4933);
#4323=AXIS2_PLACEMENT_3D('',#5901,#4934,#4935);
#4324=AXIS2_PLACEMENT_3D('',#5904,#4937,#4938);
#4325=AXIS2_PLACEMENT_3D('',#5905,#4939,#4940);
#4326=AXIS2_PLACEMENT_3D('',#5907,#4941,#4942);
#4327=AXIS2_PLACEMENT_3D('',#5908,#4943,#4944);
#4328=AXIS2_PLACEMENT_3D('',#5910,#4945,#4946);
#4329=AXIS2_PLACEMENT_3D('',#5912,#4948,#4949);
#4330=AXIS2_PLACEMENT_3D('',#5914,#4950,#4951);
#4331=AXIS2_PLACEMENT_3D('',#5916,#4953,#4954);
#4332=AXIS2_PLACEMENT_3D('',#5919,#4956,#4957);
#4333=AXIS2_PLACEMENT_3D('',#5920,#4958,#4959);
#4334=AXIS2_PLACEMENT_3D('',#5922,#4960,#4961);
#4335=AXIS2_PLACEMENT_3D('',#5923,#4962,#4963);
#4336=AXIS2_PLACEMENT_3D('',#5926,#4965,#4966);
#4337=AXIS2_PLACEMENT_3D('',#5927,#4967,#4968);
#4338=AXIS2_PLACEMENT_3D('',#5929,#4969,#4970);
#4339=AXIS2_PLACEMENT_3D('',#5930,#4971,#4972);
#4340=AXIS2_PLACEMENT_3D('',#5932,#4973,#4974);
#4341=AXIS2_PLACEMENT_3D('',#5934,#4976,#4977);
#4342=AXIS2_PLACEMENT_3D('',#5936,#4978,#4979);
#4343=AXIS2_PLACEMENT_3D('',#5938,#4981,#4982);
#4344=AXIS2_PLACEMENT_3D('',#5941,#4984,#4985);
#4345=AXIS2_PLACEMENT_3D('',#5942,#4986,#4987);
#4346=AXIS2_PLACEMENT_3D('',#5944,#4988,#4989);
#4347=AXIS2_PLACEMENT_3D('',#5945,#4990,#4991);
#4348=AXIS2_PLACEMENT_3D('',#5948,#4993,#4994);
#4349=AXIS2_PLACEMENT_3D('',#5949,#4995,#4996);
#4350=AXIS2_PLACEMENT_3D('',#5951,#4997,#4998);
#4351=AXIS2_PLACEMENT_3D('',#5952,#4999,#5000);
#4352=AXIS2_PLACEMENT_3D('',#5954,#5001,#5002);
#4353=AXIS2_PLACEMENT_3D('',#5956,#5004,#5005);
#4354=AXIS2_PLACEMENT_3D('',#5958,#5006,#5007);
#4355=AXIS2_PLACEMENT_3D('',#6374,#5027,#5028);
#4356=AXIS2_PLACEMENT_3D('',#6375,#5029,#5030);
#4357=AXIS2_PLACEMENT_3D('',#6384,#5035,#5036);
#4358=AXIS2_PLACEMENT_3D('',#6390,#5040,#5041);
#4359=AXIS2_PLACEMENT_3D('',#6396,#5045,#5046);
#4360=AXIS2_PLACEMENT_3D('',#6402,#5050,#5051);
#4361=AXIS2_PLACEMENT_3D('',#6408,#5055,#5056);
#4362=AXIS2_PLACEMENT_3D('',#6414,#5060,#5061);
#4363=AXIS2_PLACEMENT_3D('',#6420,#5065,#5066);
#4364=AXIS2_PLACEMENT_3D('',#6426,#5070,#5071);
#4365=AXIS2_PLACEMENT_3D('',#6432,#5075,#5076);
#4366=AXIS2_PLACEMENT_3D('',#6438,#5080,#5081);
#4367=AXIS2_PLACEMENT_3D('',#6444,#5085,#5086);
#4368=AXIS2_PLACEMENT_3D('',#6450,#5090,#5091);
#4369=AXIS2_PLACEMENT_3D('',#6453,#5094,#5095);
#4370=AXIS2_PLACEMENT_3D('',#6454,#5096,#5097);
#4371=AXIS2_PLACEMENT_3D('',#6463,#5102,#5103);
#4372=AXIS2_PLACEMENT_3D('',#6469,#5107,#5108);
#4373=AXIS2_PLACEMENT_3D('',#6475,#5112,#5113);
#4374=AXIS2_PLACEMENT_3D('',#6478,#5116,#5117);
#4375=AXIS2_PLACEMENT_3D('',#6479,#5118,#5119);
#4376=AXIS2_PLACEMENT_3D('',#6488,#5124,#5125);
#4377=AXIS2_PLACEMENT_3D('',#6494,#5129,#5130);
#4378=AXIS2_PLACEMENT_3D('',#6500,#5134,#5135);
#4379=AXIS2_PLACEMENT_3D('',#6503,#5138,#5139);
#4380=AXIS2_PLACEMENT_3D('',#6504,#5140,#5141);
#4381=AXIS2_PLACEMENT_3D('',#6513,#5146,#5147);
#4382=AXIS2_PLACEMENT_3D('',#6519,#5151,#5152);
#4383=AXIS2_PLACEMENT_3D('',#6525,#5156,#5157);
#4384=AXIS2_PLACEMENT_3D('',#6528,#5160,#5161);
#4385=AXIS2_PLACEMENT_3D('',#6529,#5162,#5163);
#4386=AXIS2_PLACEMENT_3D('',#6538,#5168,#5169);
#4387=AXIS2_PLACEMENT_3D('',#6544,#5173,#5174);
#4388=AXIS2_PLACEMENT_3D('',#6550,#5178,#5179);
#4389=AXIS2_PLACEMENT_3D('',#6553,#5182,#5183);
#4390=AXIS2_PLACEMENT_3D('',#6856,#5198,#5199);
#4391=AXIS2_PLACEMENT_3D('',#7184,#5217,#5218);
#4392=AXIS2_PLACEMENT_3D('',#7210,#5222,#5223);
#4393=AXIS2_PLACEMENT_3D('',#7211,#5224,#5225);
#4394=AXIS2_PLACEMENT_3D('',#7220,#5230,#5231);
#4395=AXIS2_PLACEMENT_3D('',#7226,#5235,#5236);
#4396=AXIS2_PLACEMENT_3D('',#7232,#5240,#5241);
#4397=AXIS2_PLACEMENT_3D('',#7238,#5245,#5246);
#4398=AXIS2_PLACEMENT_3D('',#7244,#5250,#5251);
#4399=AXIS2_PLACEMENT_3D('',#7250,#5255,#5256);
#4400=AXIS2_PLACEMENT_3D('',#7256,#5260,#5261);
#4401=AXIS2_PLACEMENT_3D('',#7262,#5265,#5266);
#4402=AXIS2_PLACEMENT_3D('',#7268,#5270,#5271);
#4403=AXIS2_PLACEMENT_3D('',#7271,#5274,#5275);
#4404=AXIS2_PLACEMENT_3D('',#7272,#5276,#5277);
#4405=AXIS2_PLACEMENT_3D('',#7275,#5278,#5279);
#4406=AXIS2_PLACEMENT_3D('',#7279,#5281,#5282);
#4407=AXIS2_PLACEMENT_3D('',#7283,#5284,#5285);
#4408=AXIS2_PLACEMENT_3D('',#7286,#5287,#5288);
#4409=AXIS2_PLACEMENT_3D('',#7288,#5289,#5290);
#4410=AXIS2_PLACEMENT_3D('',#7290,#5291,#5292);
#4411=AXIS2_PLACEMENT_3D('',#7292,#5293,#5294);
#4412=AXIS2_PLACEMENT_3D('',#7294,#5295,#5296);
#4413=AXIS2_PLACEMENT_3D('',#7296,#5297,#5298);
#4414=AXIS2_PLACEMENT_3D('',#7297,#5299,#5300);
#4415=AXIS2_PLACEMENT_3D('',#7300,#5302,#5303);
#4416=AXIS2_PLACEMENT_3D('',#7301,#5304,#5305);
#4417=AXIS2_PLACEMENT_3D('',#7302,#5306,#5307);
#4418=AXIS2_PLACEMENT_3D('',#7305,#5309,#5310);
#4419=AXIS2_PLACEMENT_3D('',#7306,#5311,#5312);
#4420=AXIS2_PLACEMENT_3D('',#7307,#5313,#5314);
#4421=AXIS2_PLACEMENT_3D('',#7313,#5318,#5319);
#4422=AXIS2_PLACEMENT_3D('',#7317,#5322,#5323);
#4423=AXIS2_PLACEMENT_3D('',#7321,#5326,#5327);
#4424=AXIS2_PLACEMENT_3D('',#7323,#5329,#5330);
#4425=AXIS2_PLACEMENT_3D('',#7324,#5331,#5332);
#4426=AXIS2_PLACEMENT_3D('',#7327,#5334,#5335);
#4427=AXIS2_PLACEMENT_3D('',#7328,#5336,#5337);
#4428=AXIS2_PLACEMENT_3D('',#7330,#5338,#5339);
#4429=AXIS2_PLACEMENT_3D('',#7331,#5340,#5341);
#4430=AXIS2_PLACEMENT_3D('',#7334,#5343,#5344);
#4431=AXIS2_PLACEMENT_3D('',#7335,#5345,#5346);
#4432=AXIS2_PLACEMENT_3D('',#7337,#5347,#5348);
#4433=AXIS2_PLACEMENT_3D('',#7338,#5349,#5350);
#4434=AXIS2_PLACEMENT_3D('',#7341,#5352,#5353);
#4435=AXIS2_PLACEMENT_3D('',#7342,#5354,#5355);
#4436=AXIS2_PLACEMENT_3D('',#7344,#5356,#5357);
#4437=AXIS2_PLACEMENT_3D('',#7345,#5358,#5359);
#4438=AXIS2_PLACEMENT_3D('',#7348,#5361,#5362);
#4439=AXIS2_PLACEMENT_3D('',#7349,#5363,#5364);
#4440=AXIS2_PLACEMENT_3D('',#7351,#5365,#5366);
#4441=AXIS2_PLACEMENT_3D('',#7352,#5367,#5368);
#4442=AXIS2_PLACEMENT_3D('',#7354,#5370,#5371);
#4443=AXIS2_PLACEMENT_3D('',#7356,#5373,#5374);
#4444=AXIS2_PLACEMENT_3D('',#7358,#5376,#5377);
#4445=AXIS2_PLACEMENT_3D('',#7360,#5379,#5380);
#4446=AXIS2_PLACEMENT_3D('',#7363,#5383,#5384);
#4447=AXIS2_PLACEMENT_3D('',#7365,#5386,#5387);
#4448=AXIS2_PLACEMENT_3D('',#7367,#5389,#5390);
#4449=AXIS2_PLACEMENT_3D('',#7369,#5392,#5393);
#4450=AXIS2_PLACEMENT_3D('',#7371,#5395,#5396);
#4451=AXIS2_PLACEMENT_3D('',#7372,#5397,#5398);
#4452=DIRECTION('axis',(0.,0.,1.));
#4453=DIRECTION('refdir',(1.,0.,0.));
#4454=DIRECTION('center_axis',(0.447213595499973,0.774596669241476,-0.447213595499957));
#4455=DIRECTION('ref_axis',(-0.707106781186535,0.,-0.70710678118656));
#4456=DIRECTION('',(-0.223606797749983,-0.387298334620738,-0.894427190999916));
#4457=DIRECTION('',(-0.866025403784429,0.500000000000016,0.));
#4458=DIRECTION('',(0.223606797749985,0.387298334620737,0.894427190999916));
#4459=DIRECTION('',(-0.866025403784429,0.500000000000016,0.));
#4460=DIRECTION('center_axis',(-0.447213595499973,-0.774596669241475,-0.447213595499957));
#4461=DIRECTION('ref_axis',(-0.707106781186535,0.,0.70710678118656));
#4462=DIRECTION('',(0.223606797749985,0.387298334620737,-0.894427190999916));
#4463=DIRECTION('',(0.866025403784429,-0.500000000000017,0.));
#4464=DIRECTION('',(-0.223606797749983,-0.387298334620738,0.894427190999916));
#4465=DIRECTION('',(0.866025403784429,-0.500000000000017,0.));
#4466=DIRECTION('center_axis',(0.866025403784432,-0.500000000000011,0.));
#4467=DIRECTION('ref_axis',(0.500000000000011,0.866025403784432,0.));
#4468=DIRECTION('',(-0.500000000000011,-0.866025403784432,0.));
#4469=DIRECTION('',(0.500000000000011,0.866025403784432,0.));
#4470=DIRECTION('center_axis',(-0.86602540378443,0.500000000000015,0.));
#4471=DIRECTION('ref_axis',(-0.500000000000015,-0.86602540378443,0.));
#4472=DIRECTION('',(0.500000000000015,0.86602540378443,0.));
#4473=DIRECTION('',(-0.500000000000015,-0.86602540378443,0.));
#4474=DIRECTION('center_axis',(0.,0.,1.));
#4475=DIRECTION('ref_axis',(-1.,0.,0.));
#4476=DIRECTION('center_axis',(0.,0.,-1.));
#4477=DIRECTION('ref_axis',(0.500000000000017,0.866025403784429,0.));
#4478=DIRECTION('',(-0.866025403784427,0.500000000000019,0.));
#4479=DIRECTION('center_axis',(0.,0.,-1.));
#4480=DIRECTION('ref_axis',(-0.500000000000026,-0.866025403784424,0.));
#4481=DIRECTION('',(0.866025403784427,-0.500000000000019,0.));
#4482=DIRECTION('center_axis',(0.,0.,-1.));
#4483=DIRECTION('ref_axis',(-0.500000000000014,-0.86602540378443,0.));
#4484=DIRECTION('',(0.866025403784428,-0.500000000000018,0.));
#4485=DIRECTION('center_axis',(0.,0.,-1.));
#4486=DIRECTION('ref_axis',(0.500000000000014,0.86602540378443,0.));
#4487=DIRECTION('',(-0.866025403784428,0.500000000000018,0.));
#4488=DIRECTION('center_axis',(0.,0.,-1.));
#4489=DIRECTION('ref_axis',(0.500000000000014,0.86602540378443,0.));
#4490=DIRECTION('',(0.,0.,1.));
#4491=DIRECTION('center_axis',(0.,0.,-1.));
#4492=DIRECTION('ref_axis',(0.500000000000014,0.86602540378443,0.));
#4493=DIRECTION('',(0.,0.,1.));
#4494=DIRECTION('center_axis',(-0.500000000000018,-0.866025403784428,0.));
#4495=DIRECTION('ref_axis',(0.866025403784428,-0.500000000000018,0.));
#4496=DIRECTION('',(0.,0.,1.));
#4497=DIRECTION('',(0.866025403784428,-0.500000000000018,0.));
#4498=DIRECTION('center_axis',(0.,0.,-1.));
#4499=DIRECTION('ref_axis',(-0.500000000000026,-0.866025403784424,0.));
#4500=DIRECTION('',(0.,0.,1.));
#4501=DIRECTION('center_axis',(0.,0.,-1.));
#4502=DIRECTION('ref_axis',(-0.500000000000026,-0.866025403784424,0.));
#4503=DIRECTION('',(0.,0.,1.));
#4504=DIRECTION('center_axis',(0.500000000000019,0.866025403784428,0.));
#4505=DIRECTION('ref_axis',(-0.866025403784427,0.500000000000019,0.));
#4506=DIRECTION('',(0.,0.,1.));
#4507=DIRECTION('',(-0.866025403784427,0.500000000000019,0.));
#4508=DIRECTION('center_axis',(-0.500000000000019,-0.866025403784428,0.));
#4509=DIRECTION('ref_axis',(0.866025403784427,-0.500000000000019,0.));
#4510=DIRECTION('',(0.866025403784427,-0.500000000000019,0.));
#4511=DIRECTION('',(0.,0.,1.));
#4512=DIRECTION('center_axis',(0.,0.,-1.));
#4513=DIRECTION('ref_axis',(0.500000000000017,0.866025403784429,0.));
#4514=DIRECTION('center_axis',(0.,0.,-1.));
#4515=DIRECTION('ref_axis',(0.500000000000017,0.866025403784429,0.));
#4516=DIRECTION('center_axis',(0.500000000000018,0.866025403784428,0.));
#4517=DIRECTION('ref_axis',(-0.866025403784428,0.500000000000018,0.));
#4518=DIRECTION('',(-0.866025403784428,0.500000000000018,0.));
#4519=DIRECTION('',(0.,0.,1.));
#4520=DIRECTION('center_axis',(0.,0.,-1.));
#4521=DIRECTION('ref_axis',(-0.500000000000014,-0.86602540378443,0.));
#4522=DIRECTION('center_axis',(0.,0.,-1.));
#4523=DIRECTION('ref_axis',(-0.500000000000014,-0.86602540378443,0.));
#4524=DIRECTION('center_axis',(-0.447213595499972,0.774596669241475,-0.447213595499958));
#4525=DIRECTION('ref_axis',(-0.707106781186536,0.,0.707106781186559));
#4526=DIRECTION('',(0.223606797749986,-0.387298334620738,-0.894427190999916));
#4527=DIRECTION('',(0.866025403784429,0.500000000000016,0.));
#4528=DIRECTION('',(-0.223606797749984,0.387298334620739,0.894427190999916));
#4529=DIRECTION('',(-0.866025403784429,-0.500000000000016,0.));
#4530=DIRECTION('center_axis',(0.447213595499973,-0.774596669241475,-0.447213595499957));
#4531=DIRECTION('ref_axis',(-0.707106781186535,0.,-0.70710678118656));
#4532=DIRECTION('',(-0.223606797749983,0.387298334620738,-0.894427190999916));
#4533=DIRECTION('',(-0.866025403784429,-0.500000000000017,0.));
#4534=DIRECTION('',(0.223606797749985,-0.387298334620737,0.894427190999916));
#4535=DIRECTION('',(0.866025403784429,0.500000000000017,0.));
#4536=DIRECTION('center_axis',(0.866025403784432,0.500000000000011,0.));
#4537=DIRECTION('ref_axis',(-0.500000000000011,0.866025403784432,0.));
#4538=DIRECTION('',(-0.500000000000011,0.866025403784432,0.));
#4539=DIRECTION('',(-0.500000000000011,0.866025403784432,0.));
#4540=DIRECTION('center_axis',(-0.86602540378443,-0.500000000000015,0.));
#4541=DIRECTION('ref_axis',(0.500000000000015,-0.86602540378443,0.));
#4542=DIRECTION('',(0.500000000000015,-0.86602540378443,0.));
#4543=DIRECTION('',(0.500000000000015,-0.86602540378443,0.));
#4544=DIRECTION('center_axis',(0.,0.,-1.));
#4545=DIRECTION('ref_axis',(1.,0.,0.));
#4546=DIRECTION('center_axis',(0.,0.,-1.));
#4547=DIRECTION('ref_axis',(-0.500000000000017,0.866025403784429,0.));
#4548=DIRECTION('',(0.866025403784427,0.500000000000019,0.));
#4549=DIRECTION('center_axis',(0.,0.,-1.));
#4550=DIRECTION('ref_axis',(0.500000000000026,-0.866025403784424,0.));
#4551=DIRECTION('',(-0.866025403784427,-0.500000000000019,0.));
#4552=DIRECTION('center_axis',(0.,0.,-1.));
#4553=DIRECTION('ref_axis',(0.500000000000014,-0.86602540378443,0.));
#4554=DIRECTION('',(-0.866025403784428,-0.500000000000018,0.));
#4555=DIRECTION('center_axis',(0.,0.,-1.));
#4556=DIRECTION('ref_axis',(-0.500000000000014,0.86602540378443,0.));
#4557=DIRECTION('',(0.866025403784428,0.500000000000018,0.));
#4558=DIRECTION('center_axis',(0.500000000000018,-0.866025403784428,0.));
#4559=DIRECTION('ref_axis',(0.866025403784428,0.500000000000018,0.));
#4560=DIRECTION('',(0.,0.,1.));
#4561=DIRECTION('',(-0.866025403784428,-0.500000000000018,0.));
#4562=DIRECTION('',(0.,0.,1.));
#4563=DIRECTION('center_axis',(0.,0.,1.));
#4564=DIRECTION('ref_axis',(0.500000000000014,-0.86602540378443,0.));
#4565=DIRECTION('',(0.,0.,1.));
#4566=DIRECTION('center_axis',(0.,0.,-1.));
#4567=DIRECTION('ref_axis',(0.500000000000014,-0.86602540378443,0.));
#4568=DIRECTION('center_axis',(-0.500000000000019,0.866025403784428,0.));
#4569=DIRECTION('ref_axis',(-0.866025403784427,-0.500000000000019,0.));
#4570=DIRECTION('',(0.,0.,1.));
#4571=DIRECTION('',(0.866025403784427,0.500000000000019,0.));
#4572=DIRECTION('',(0.,0.,1.));
#4573=DIRECTION('center_axis',(0.,0.,1.));
#4574=DIRECTION('ref_axis',(-0.500000000000017,0.866025403784429,0.));
#4575=DIRECTION('',(0.,0.,1.));
#4576=DIRECTION('center_axis',(0.,0.,-1.));
#4577=DIRECTION('ref_axis',(-0.500000000000017,0.866025403784429,0.));
#4578=DIRECTION('center_axis',(-0.500000000000018,0.866025403784428,0.));
#4579=DIRECTION('ref_axis',(-0.866025403784428,-0.500000000000018,0.));
#4580=DIRECTION('',(0.,0.,1.));
#4581=DIRECTION('',(0.866025403784428,0.500000000000018,0.));
#4582=DIRECTION('center_axis',(0.,0.,1.));
#4583=DIRECTION('ref_axis',(-0.500000000000014,0.86602540378443,0.));
#4584=DIRECTION('center_axis',(0.,0.,-1.));
#4585=DIRECTION('ref_axis',(-0.500000000000014,0.86602540378443,0.));
#4586=DIRECTION('center_axis',(0.500000000000019,-0.866025403784428,0.));
#4587=DIRECTION('ref_axis',(0.866025403784427,0.500000000000019,0.));
#4588=DIRECTION('',(0.,0.,1.));
#4589=DIRECTION('',(-0.866025403784427,-0.500000000000019,0.));
#4590=DIRECTION('center_axis',(0.,0.,1.));
#4591=DIRECTION('ref_axis',(0.500000000000026,-0.866025403784424,0.));
#4592=DIRECTION('center_axis',(0.,0.,-1.));
#4593=DIRECTION('ref_axis',(0.500000000000026,-0.866025403784424,0.));
#4594=DIRECTION('center_axis',(0.,0.923879532511287,-0.382683432365089));
#4595=DIRECTION('ref_axis',(0.,0.382683432365089,0.923879532511287));
#4596=DIRECTION('',(-0.678598344545847,-0.28108463771482,-0.678598344545847));
#4597=DIRECTION('',(-1.,0.,0.));
#4598=DIRECTION('',(-0.678598344545847,0.28108463771482,0.678598344545847));
#4599=DIRECTION('',(-1.,0.,0.));
#4600=DIRECTION('center_axis',(0.,0.707106781186548,-0.707106781186548));
#4601=DIRECTION('ref_axis',(-1.,0.,0.));
#4602=DIRECTION('',(-0.577350269189626,0.577350269189626,0.577350269189626));
#4603=DIRECTION('',(-1.,0.,0.));
#4604=DIRECTION('',(-0.577350269189626,-0.577350269189626,-0.577350269189626));
#4605=DIRECTION('center_axis',(-0.707106781186548,0.,-0.707106781186548));
#4606=DIRECTION('ref_axis',(-0.707106781186548,0.,0.707106781186548));
#4607=DIRECTION('',(0.,-1.,0.));
#4608=DIRECTION('',(0.,-1.,0.));
#4609=DIRECTION('',(0.577350269189626,0.577350269189626,-0.577350269189626));
#4610=DIRECTION('center_axis',(0.,-0.707106781186548,-0.707106781186548));
#4611=DIRECTION('ref_axis',(-1.,0.,0.));
#4612=DIRECTION('',(1.,0.,0.));
#4613=DIRECTION('',(1.,0.,0.));
#4614=DIRECTION('',(-0.577350269189626,0.577350269189626,-0.577350269189626));
#4615=DIRECTION('center_axis',(0.707106781186548,0.,-0.707106781186548));
#4616=DIRECTION('ref_axis',(-0.707106781186548,0.,-0.707106781186548));
#4617=DIRECTION('',(0.,1.,0.));
#4618=DIRECTION('',(0.,1.,0.));
#4619=DIRECTION('center_axis',(0.,0.,1.));
#4620=DIRECTION('ref_axis',(1.,0.,0.));
#4621=DIRECTION('center_axis',(0.,0.,-1.));
#4622=DIRECTION('ref_axis',(-0.866025403784439,0.5,0.));
#4623=DIRECTION('',(0.5,0.866025403784439,0.));
#4624=DIRECTION('center_axis',(0.,0.,-1.));
#4625=DIRECTION('ref_axis',(0.866025403784439,0.5,0.));
#4626=DIRECTION('',(0.5,-0.866025403784439,0.));
#4627=DIRECTION('center_axis',(0.,0.,-1.));
#4628=DIRECTION('ref_axis',(2.84217094304039E-15,-1.,0.));
#4629=DIRECTION('',(-1.,-1.23188105868286E-16,0.));
#4630=DIRECTION('',(0.866025403784441,0.499999999999996,0.));
#4631=DIRECTION('',(-0.499999999999997,0.86602540378444,0.));
#4632=DIRECTION('',(-0.866025403784441,-0.499999999999996,0.));
#4633=DIRECTION('',(0.499999999999997,-0.86602540378444,0.));
#4634=DIRECTION('center_axis',(0.,0.,1.));
#4635=DIRECTION('ref_axis',(0.500000000000092,0.866025403784386,-4.79265607937455E-15));
#4636=DIRECTION('',(-0.866025403784434,-0.500000000000009,0.));
#4637=DIRECTION('',(0.499999999999994,-0.866025403784442,0.));
#4638=DIRECTION('',(0.866025403784433,0.50000000000001,0.));
#4639=DIRECTION('',(-0.499999999999994,0.866025403784442,0.));
#4640=DIRECTION('',(-0.866025403784434,0.500000000000009,0.));
#4641=DIRECTION('',(-0.499999999999994,-0.866025403784442,0.));
#4642=DIRECTION('',(0.866025403784433,-0.50000000000001,0.));
#4643=DIRECTION('',(0.499999999999994,0.866025403784442,0.));
#4644=DIRECTION('center_axis',(0.,0.,1.));
#4645=DIRECTION('ref_axis',(-0.500000000000092,0.866025403784386,-4.79265607937454E-15));
#4646=DIRECTION('center_axis',(0.,0.,1.));
#4647=DIRECTION('ref_axis',(-0.500000000000092,0.866025403784386,-4.79265607937454E-15));
#4648=DIRECTION('center_axis',(0.,0.,1.));
#4649=DIRECTION('ref_axis',(-1.,0.,0.));
#4650=DIRECTION('center_axis',(0.,0.,1.));
#4651=DIRECTION('ref_axis',(-1.,0.,0.));
#4652=DIRECTION('center_axis',(0.,0.,1.));
#4653=DIRECTION('ref_axis',(0.500000000000092,0.866025403784386,-4.79265607937455E-15));
#4654=DIRECTION('center_axis',(0.,0.,1.));
#4655=DIRECTION('ref_axis',(1.,0.,0.));
#4656=DIRECTION('center_axis',(0.,0.,1.));
#4657=DIRECTION('ref_axis',(1.,0.,0.));
#4658=DIRECTION('',(-6.93889390390723E-17,1.,0.));
#4659=DIRECTION('',(-1.,5.55111512312578E-16,0.));
#4660=DIRECTION('',(-6.93889390390723E-17,-1.,0.));
#4661=DIRECTION('',(1.,0.,0.));
#4662=DIRECTION('center_axis',(0.,0.,1.));
#4663=DIRECTION('ref_axis',(1.,0.,0.));
#4664=DIRECTION('center_axis',(0.,0.,1.));
#4665=DIRECTION('ref_axis',(1.,0.,0.));
#4666=DIRECTION('center_axis',(0.,0.,1.));
#4667=DIRECTION('ref_axis',(1.,0.,0.));
#4668=DIRECTION('center_axis',(0.,0.,1.));
#4669=DIRECTION('ref_axis',(1.,0.,0.));
#4670=DIRECTION('',(0.,-1.,0.));
#4671=DIRECTION('',(1.,0.,0.));
#4672=DIRECTION('',(0.,1.,0.));
#4673=DIRECTION('',(-1.,0.,0.));
#4674=DIRECTION('center_axis',(0.,0.,1.));
#4675=DIRECTION('ref_axis',(-1.,0.,0.));
#4676=DIRECTION('center_axis',(0.,0.,-1.));
#4677=DIRECTION('ref_axis',(2.32964831396776E-14,1.,0.));
#4678=DIRECTION('',(-1.,2.28952659300477E-14,0.));
#4679=DIRECTION('center_axis',(0.,0.,-1.));
#4680=DIRECTION('ref_axis',(-2.32964831396749E-14,-1.,0.));
#4681=DIRECTION('',(1.,-2.28952659300477E-14,0.));
#4682=DIRECTION('center_axis',(0.,0.,-1.));
#4683=DIRECTION('ref_axis',(2.32964831396754E-14,1.,0.));
#4684=DIRECTION('',(-1.,1.97372982155583E-14,0.));
#4685=DIRECTION('center_axis',(0.,0.,-1.));
#4686=DIRECTION('ref_axis',(-2.32964831396754E-14,-1.,0.));
#4687=DIRECTION('',(1.,-1.97372982155583E-14,0.));
#4688=DIRECTION('center_axis',(0.,0.,-1.));
#4689=DIRECTION('ref_axis',(-2.32964831396754E-14,-1.,0.));
#4690=DIRECTION('',(0.,0.,1.));
#4691=DIRECTION('center_axis',(0.,0.,-1.));
#4692=DIRECTION('ref_axis',(-2.32964831396754E-14,-1.,0.));
#4693=DIRECTION('',(0.,0.,1.));
#4694=DIRECTION('center_axis',(1.97372982155583E-14,1.,0.));
#4695=DIRECTION('ref_axis',(-1.,1.97372982155583E-14,0.));
#4696=DIRECTION('',(0.,0.,1.));
#4697=DIRECTION('',(-1.,1.97372982155583E-14,0.));
#4698=DIRECTION('center_axis',(0.,0.,-1.));
#4699=DIRECTION('ref_axis',(-2.32964831396749E-14,-1.,0.));
#4700=DIRECTION('',(0.,0.,1.));
#4701=DIRECTION('center_axis',(0.,0.,-1.));
#4702=DIRECTION('ref_axis',(-2.32964831396749E-14,-1.,0.));
#4703=DIRECTION('',(0.,0.,1.));
#4704=DIRECTION('center_axis',(2.28952659300477E-14,1.,0.));
#4705=DIRECTION('ref_axis',(-1.,2.28952659300477E-14,0.));
#4706=DIRECTION('',(0.,0.,1.));
#4707=DIRECTION('',(-1.,2.28952659300477E-14,0.));
#4708=DIRECTION('center_axis',(-2.28952659300477E-14,-1.,0.));
#4709=DIRECTION('ref_axis',(1.,-2.28952659300477E-14,0.));
#4710=DIRECTION('',(1.,-2.28952659300477E-14,0.));
#4711=DIRECTION('',(0.,0.,1.));
#4712=DIRECTION('center_axis',(0.,0.,-1.));
#4713=DIRECTION('ref_axis',(2.32964831396776E-14,1.,0.));
#4714=DIRECTION('center_axis',(0.,0.,-1.));
#4715=DIRECTION('ref_axis',(2.32964831396776E-14,1.,0.));
#4716=DIRECTION('center_axis',(-1.97372982155583E-14,-1.,0.));
#4717=DIRECTION('ref_axis',(1.,-1.97372982155583E-14,0.));
#4718=DIRECTION('',(1.,-1.97372982155583E-14,0.));
#4719=DIRECTION('',(0.,0.,1.));
#4720=DIRECTION('center_axis',(0.,0.,-1.));
#4721=DIRECTION('ref_axis',(2.32964831396754E-14,1.,0.));
#4722=DIRECTION('center_axis',(0.,0.,-1.));
#4723=DIRECTION('ref_axis',(2.32964831396754E-14,1.,0.));
#4724=DIRECTION('center_axis',(0.,0.923879532511287,-0.382683432365089));
#4725=DIRECTION('ref_axis',(0.,0.382683432365089,0.923879532511287));
#4726=DIRECTION('',(-0.678598344545847,-0.28108463771482,-0.678598344545847));
#4727=DIRECTION('',(1.,0.,0.));
#4728=DIRECTION('',(-0.678598344545847,0.28108463771482,0.678598344545847));
#4729=DIRECTION('',(-1.,0.,0.));
#4730=DIRECTION('center_axis',(0.,0.707106781186548,-0.707106781186548));
#4731=DIRECTION('ref_axis',(-1.,0.,0.));
#4732=DIRECTION('',(-0.577350269189626,0.577350269189626,0.577350269189626));
#4733=DIRECTION('',(-0.577350269189626,-0.577350269189626,-0.577350269189626));
#4734=DIRECTION('center_axis',(0.707106781186548,0.,-0.707106781186548));
#4735=DIRECTION('ref_axis',(-0.707106781186548,0.,-0.707106781186548));
#4736=DIRECTION('',(0.,-1.,0.));
#4737=DIRECTION('',(0.577350269189626,-0.577350269189626,0.577350269189626));
#4738=DIRECTION('center_axis',(0.,-0.707106781186548,-0.707106781186548));
#4739=DIRECTION('ref_axis',(-1.,0.,0.));
#4740=DIRECTION('',(-1.,0.,0.));
#4741=DIRECTION('',(-0.577350269189626,-0.577350269189626,0.577350269189626));
#4742=DIRECTION('center_axis',(-0.707106781186548,0.,-0.707106781186548));
#4743=DIRECTION('ref_axis',(-0.707106781186548,0.,0.707106781186548));
#4744=DIRECTION('',(0.,1.,0.));
#4745=DIRECTION('center_axis',(0.,0.,-1.));
#4746=DIRECTION('ref_axis',(1.,0.,0.));
#4747=DIRECTION('center_axis',(0.,0.,-1.));
#4748=DIRECTION('ref_axis',(-2.32964831396776E-14,1.,0.));
#4749=DIRECTION('',(1.,2.28952659300477E-14,0.));
#4750=DIRECTION('center_axis',(0.,0.,-1.));
#4751=DIRECTION('ref_axis',(2.32964831396749E-14,-1.,0.));
#4752=DIRECTION('',(-1.,-2.28952659300477E-14,0.));
#4753=DIRECTION('center_axis',(0.,0.,-1.));
#4754=DIRECTION('ref_axis',(-2.32964831396754E-14,1.,0.));
#4755=DIRECTION('',(1.,1.97372982155583E-14,0.));
#4756=DIRECTION('center_axis',(0.,0.,-1.));
#4757=DIRECTION('ref_axis',(2.32964831396754E-14,-1.,0.));
#4758=DIRECTION('',(-1.,-1.97372982155583E-14,0.));
#4759=DIRECTION('center_axis',(-1.97372982155583E-14,1.,0.));
#4760=DIRECTION('ref_axis',(-1.,-1.97372982155583E-14,0.));
#4761=DIRECTION('',(0.,0.,1.));
#4762=DIRECTION('',(1.,1.97372982155583E-14,0.));
#4763=DIRECTION('',(0.,0.,1.));
#4764=DIRECTION('center_axis',(0.,0.,1.));
#4765=DIRECTION('ref_axis',(-2.32964831396754E-14,1.,0.));
#4766=DIRECTION('',(0.,0.,1.));
#4767=DIRECTION('center_axis',(0.,0.,-1.));
#4768=DIRECTION('ref_axis',(-2.32964831396754E-14,1.,0.));
#4769=DIRECTION('center_axis',(-2.28952659300477E-14,1.,0.));
#4770=DIRECTION('ref_axis',(-1.,-2.28952659300477E-14,0.));
#4771=DIRECTION('',(0.,0.,1.));
#4772=DIRECTION('',(1.,2.28952659300477E-14,0.));
#4773=DIRECTION('',(0.,0.,1.));
#4774=DIRECTION('center_axis',(0.,0.,1.));
#4775=DIRECTION('ref_axis',(-2.32964831396776E-14,1.,0.));
#4776=DIRECTION('',(0.,0.,1.));
#4777=DIRECTION('center_axis',(0.,0.,-1.));
#4778=DIRECTION('ref_axis',(-2.32964831396776E-14,1.,0.));
#4779=DIRECTION('center_axis',(1.97372982155583E-14,-1.,0.));
#4780=DIRECTION('ref_axis',(1.,1.97372982155583E-14,0.));
#4781=DIRECTION('',(0.,0.,1.));
#4782=DIRECTION('',(-1.,-1.97372982155583E-14,0.));
#4783=DIRECTION('center_axis',(0.,0.,1.));
#4784=DIRECTION('ref_axis',(2.32964831396754E-14,-1.,0.));
#4785=DIRECTION('center_axis',(0.,0.,-1.));
#4786=DIRECTION('ref_axis',(2.32964831396754E-14,-1.,0.));
#4787=DIRECTION('center_axis',(2.28952659300477E-14,-1.,0.));
#4788=DIRECTION('ref_axis',(1.,2.28952659300477E-14,0.));
#4789=DIRECTION('',(0.,0.,1.));
#4790=DIRECTION('',(-1.,-2.28952659300477E-14,0.));
#4791=DIRECTION('center_axis',(0.,0.,1.));
#4792=DIRECTION('ref_axis',(2.32964831396749E-14,-1.,0.));
#4793=DIRECTION('center_axis',(0.,0.,-1.));
#4794=DIRECTION('ref_axis',(2.32964831396749E-14,-1.,0.));
#4795=DIRECTION('center_axis',(0.353553390593271,-0.612372435695796,-0.707106781186548));
#4796=DIRECTION('ref_axis',(-0.894427190999917,0.,-0.447213595499955));
#4797=DIRECTION('',(-0.21132486540519,-0.788675134594812,0.577350269189626));
#4798=DIRECTION('',(-0.866025403784441,-0.499999999999996,-2.06795153138255E-25));
#4799=DIRECTION('',(-0.788675134594812,0.211324865405191,-0.577350269189626));
#4800=DIRECTION('center_axis',(-0.612372435695796,-0.353553390593272,-0.707106781186547));
#4801=DIRECTION('ref_axis',(-0.755928946018453,0.,0.654653670707978));
#4802=DIRECTION('',(-0.78867513459481,0.211324865405194,0.577350269189627));
#4803=DIRECTION('',(-0.499999999999997,0.86602540378444,3.58179711994448E-25));
#4804=DIRECTION('center_axis',(-0.353553390593271,0.612372435695795,-0.707106781186548));
#4805=DIRECTION('ref_axis',(-0.894427190999918,0.,0.447213595499954));
#4806=DIRECTION('',(0.211324865405186,0.788675134594812,0.577350269189627));
#4807=DIRECTION('',(0.866025403784441,0.499999999999996,2.06795153138255E-25));
#4808=DIRECTION('center_axis',(0.612372435695796,0.353553390593272,-0.707106781186547));
#4809=DIRECTION('ref_axis',(-0.755928946018454,0.,-0.654653670707978));
#4810=DIRECTION('',(0.499999999999997,-0.86602540378444,-3.58179711994448E-25));
#4811=DIRECTION('center_axis',(0.,-4.13590306276514E-25,1.));
#4812=DIRECTION('ref_axis',(-1.,0.,0.));
#4813=DIRECTION('',(0.866025403785867,0.499999999997527,2.06795153137234E-25));
#4814=DIRECTION('center_axis',(0.,4.13590306276514E-25,-1.));
#4815=DIRECTION('ref_axis',(-0.500000000159675,0.86602540369225,0.));
#4816=DIRECTION('',(-0.866025403789385,-0.499999999991432,-2.06795153134713E-25));
#4817=DIRECTION('center_axis',(0.,4.13590306276514E-25,-1.));
#4818=DIRECTION('ref_axis',(0.500000000025372,-0.86602540376979,0.));
#4819=DIRECTION('',(-0.866025403783222,-0.500000000002107,-2.06795153139128E-25));
#4820=DIRECTION('center_axis',(0.,4.13590306276514E-25,-1.));
#4821=DIRECTION('ref_axis',(0.500000000149107,-0.866025403698352,0.));
#4822=DIRECTION('',(0.866025403785659,0.499999999997886,2.06795153137383E-25));
#4823=DIRECTION('center_axis',(0.,4.13590306276514E-25,-1.));
#4824=DIRECTION('ref_axis',(-0.500000000008335,0.866025403779626,0.));
#4825=DIRECTION('center_axis',(0.500000000002107,-0.866025403783223,0.));
#4826=DIRECTION('ref_axis',(-0.866025403783222,-0.500000000002107,-2.06795153139128E-25));
#4827=DIRECTION('',(0.,0.,-1.));
#4828=DIRECTION('',(-0.866025403783222,-0.500000000002107,0.));
#4829=DIRECTION('',(0.,0.,-1.));
#4830=DIRECTION('center_axis',(0.,0.,-1.));
#4831=DIRECTION('ref_axis',(-0.500000000008335,0.866025403779626,0.));
#4832=DIRECTION('',(0.,0.,-1.));
#4833=DIRECTION('center_axis',(0.,0.,-1.));
#4834=DIRECTION('ref_axis',(-0.500000000008335,0.866025403779626,0.));
#4835=DIRECTION('center_axis',(-0.499999999997527,0.866025403785867,0.));
#4836=DIRECTION('ref_axis',(0.866025403785867,0.499999999997527,2.06795153137234E-25));
#4837=DIRECTION('',(0.,0.,-1.));
#4838=DIRECTION('',(0.866025403785867,0.499999999997527,0.));
#4839=DIRECTION('',(0.,0.,-1.));
#4840=DIRECTION('center_axis',(0.,0.,-1.));
#4841=DIRECTION('ref_axis',(0.500000000025372,-0.86602540376979,0.));
#4842=DIRECTION('',(0.,0.,-1.));
#4843=DIRECTION('center_axis',(0.,0.,-1.));
#4844=DIRECTION('ref_axis',(0.500000000025372,-0.86602540376979,0.));
#4845=DIRECTION('center_axis',(0.,0.,-1.));
#4846=DIRECTION('ref_axis',(0.500000000149107,-0.866025403698352,0.));
#4847=DIRECTION('center_axis',(0.,0.,-1.));
#4848=DIRECTION('ref_axis',(0.500000000149107,-0.866025403698352,0.));
#4849=DIRECTION('',(0.,0.,-1.));
#4850=DIRECTION('center_axis',(-0.499999999997886,0.866025403785659,0.));
#4851=DIRECTION('ref_axis',(0.866025403785659,0.499999999997886,2.06795153137383E-25));
#4852=DIRECTION('',(0.866025403785659,0.499999999997886,0.));
#4853=DIRECTION('center_axis',(0.,0.,-1.));
#4854=DIRECTION('ref_axis',(-0.500000000159675,0.86602540369225,0.));
#4855=DIRECTION('center_axis',(0.,0.,-1.));
#4856=DIRECTION('ref_axis',(-0.500000000159675,0.86602540369225,0.));
#4857=DIRECTION('',(0.,0.,-1.));
#4858=DIRECTION('center_axis',(0.499999999991432,-0.866025403789385,0.));
#4859=DIRECTION('ref_axis',(-0.866025403789385,-0.499999999991432,-2.06795153134713E-25));
#4860=DIRECTION('',(-0.866025403789385,-0.499999999991432,0.));
#4861=DIRECTION('center_axis',(0.500000000000009,-0.866025403784434,0.));
#4862=DIRECTION('ref_axis',(0.866025403784434,0.500000000000009,0.));
#4863=DIRECTION('',(0.,0.,1.));
#4864=DIRECTION('',(0.866025403784434,0.500000000000009,0.));
#4865=DIRECTION('',(0.,0.,1.));
#4866=DIRECTION('center_axis',(0.866025403784442,0.499999999999994,0.));
#4867=DIRECTION('ref_axis',(-0.499999999999994,0.866025403784442,0.));
#4868=DIRECTION('',(-0.499999999999994,0.866025403784442,0.));
#4869=DIRECTION('',(0.,0.,1.));
#4870=DIRECTION('center_axis',(-0.50000000000001,0.866025403784433,0.));
#4871=DIRECTION('ref_axis',(-0.866025403784433,-0.50000000000001,0.));
#4872=DIRECTION('',(-0.866025403784433,-0.50000000000001,0.));
#4873=DIRECTION('',(0.,0.,1.));
#4874=DIRECTION('center_axis',(-0.866025403784442,-0.499999999999994,0.));
#4875=DIRECTION('ref_axis',(0.499999999999994,-0.866025403784442,0.));
#4876=DIRECTION('',(0.499999999999994,-0.866025403784442,0.));
#4877=DIRECTION('center_axis',(0.,0.,-1.));
#4878=DIRECTION('ref_axis',(-1.,0.,0.));
#4879=DIRECTION('center_axis',(0.500000000000009,0.866025403784434,0.));
#4880=DIRECTION('ref_axis',(-0.866025403784434,0.500000000000009,0.));
#4881=DIRECTION('',(0.,0.,1.));
#4882=DIRECTION('',(-0.866025403784434,0.500000000000009,0.));
#4883=DIRECTION('',(0.,0.,1.));
#4884=DIRECTION('center_axis',(0.866025403784442,-0.499999999999994,0.));
#4885=DIRECTION('ref_axis',(0.499999999999994,0.866025403784442,0.));
#4886=DIRECTION('',(0.,0.,1.));
#4887=DIRECTION('',(0.499999999999994,0.866025403784442,0.));
#4888=DIRECTION('center_axis',(-0.50000000000001,-0.866025403784433,0.));
#4889=DIRECTION('ref_axis',(0.866025403784433,-0.50000000000001,0.));
#4890=DIRECTION('',(0.,0.,1.));
#4891=DIRECTION('',(0.866025403784433,-0.50000000000001,0.));
#4892=DIRECTION('center_axis',(-0.866025403784442,0.499999999999994,0.));
#4893=DIRECTION('ref_axis',(-0.499999999999994,-0.866025403784442,0.));
#4894=DIRECTION('',(-0.499999999999994,-0.866025403784442,0.));
#4895=DIRECTION('center_axis',(0.,0.,1.));
#4896=DIRECTION('ref_axis',(1.,0.,0.));
#4897=DIRECTION('center_axis',(4.79265607937454E-15,8.30112383268158E-15,
1.));
#4898=DIRECTION('ref_axis',(-0.500000000000092,0.866025403784386,-4.79265607937454E-15));
#4899=DIRECTION('',(4.79265607937454E-15,8.30112383268158E-15,1.));
#4900=DIRECTION('center_axis',(4.79265607937454E-15,8.30112383268158E-15,
1.));
#4901=DIRECTION('ref_axis',(-0.500000000000092,0.866025403784386,-4.79265607937454E-15));
#4902=DIRECTION('center_axis',(-4.79265607937454E-15,-8.30112383268158E-15,
-1.));
#4903=DIRECTION('ref_axis',(-0.500000000000092,0.866025403784386,-4.79265607937454E-15));
#4904=DIRECTION('center_axis',(-4.79265607937454E-15,-8.30112383268158E-15,
-1.));
#4905=DIRECTION('ref_axis',(0.500000000000092,-0.866025403784386,4.79265607937454E-15));
#4906=DIRECTION('center_axis',(4.79265607937454E-15,8.30112383268158E-15,
1.));
#4907=DIRECTION('ref_axis',(-0.500000000000092,0.866025403784386,-4.79265607937454E-15));
#4908=DIRECTION('',(4.79265607937454E-15,8.30112383268158E-15,1.));
#4909=DIRECTION('center_axis',(4.79265607937454E-15,8.30112383268158E-15,
1.));
#4910=DIRECTION('ref_axis',(-0.500000000000092,0.866025403784386,-4.79265607937454E-15));
#4911=DIRECTION('center_axis',(-4.79265607937454E-15,-8.30112383268158E-15,
-1.));
#4912=DIRECTION('ref_axis',(-0.500000000000092,0.866025403784386,-4.79265607937454E-15));
#4913=DIRECTION('center_axis',(-4.79265607937454E-15,-8.30112383268158E-15,
-1.));
#4914=DIRECTION('ref_axis',(0.500000000000092,-0.866025403784386,4.79265607937454E-15));
#4915=DIRECTION('center_axis',(-4.79265607937454E-15,-8.30112383268158E-15,
-1.));
#4916=DIRECTION('ref_axis',(0.500000000000092,-0.866025403784386,4.79265607937454E-15));
#4917=DIRECTION('center_axis',(0.,0.,-1.));
#4918=DIRECTION('ref_axis',(0.500000000000092,-0.866025403784386,4.79265607937454E-15));
#4919=DIRECTION('',(-4.79265607937454E-15,-8.30112383268158E-15,-1.));
#4920=DIRECTION('center_axis',(-4.79265607937454E-15,-8.30112383268158E-15,
-1.));
#4921=DIRECTION('ref_axis',(0.500000000000092,-0.866025403784386,4.79265607937454E-15));
#4922=DIRECTION('center_axis',(0.,0.,-1.));
#4923=DIRECTION('ref_axis',(0.500000000000092,-0.866025403784386,4.79265607937454E-15));
#4924=DIRECTION('',(-4.79265607937454E-15,-8.30112383268158E-15,-1.));
#4925=DIRECTION('center_axis',(0.,0.,-1.));
#4926=DIRECTION('ref_axis',(-1.,0.,0.));
#4927=DIRECTION('',(0.,0.,1.));
#4928=DIRECTION('center_axis',(0.,0.,-1.));
#4929=DIRECTION('ref_axis',(-1.,0.,0.));
#4930=DIRECTION('center_axis',(0.,0.,1.));
#4931=DIRECTION('ref_axis',(-1.,0.,0.));
#4932=DIRECTION('center_axis',(0.,0.,-1.));
#4933=DIRECTION('ref_axis',(1.,0.,0.));
#4934=DIRECTION('center_axis',(0.,0.,-1.));
#4935=DIRECTION('ref_axis',(-1.,0.,0.));
#4936=DIRECTION('',(0.,0.,1.));
#4937=DIRECTION('center_axis',(0.,0.,-1.));
#4938=DIRECTION('ref_axis',(-1.,0.,0.));
#4939=DIRECTION('center_axis',(0.,0.,1.));
#4940=DIRECTION('ref_axis',(-1.,0.,0.));
#4941=DIRECTION('center_axis',(0.,0.,-1.));
#4942=DIRECTION('ref_axis',(1.,0.,0.));
#4943=DIRECTION('center_axis',(0.,0.,1.));
#4944=DIRECTION('ref_axis',(1.,0.,0.));
#4945=DIRECTION('center_axis',(0.,0.,-1.));
#4946=DIRECTION('ref_axis',(1.,0.,0.));
#4947=DIRECTION('',(0.,0.,-1.));
#4948=DIRECTION('center_axis',(0.,0.,1.));
#4949=DIRECTION('ref_axis',(1.,0.,0.));
#4950=DIRECTION('center_axis',(0.,0.,-1.));
#4951=DIRECTION('ref_axis',(1.,0.,0.));
#4952=DIRECTION('',(0.,0.,-1.));
#4953=DIRECTION('center_axis',(4.79265607937454E-15,-8.30112383268158E-15,
-1.));
#4954=DIRECTION('ref_axis',(0.500000000000092,0.866025403784386,-4.79265607937455E-15));
#4955=DIRECTION('',(-4.79265607937454E-15,8.30112383268158E-15,1.));
#4956=DIRECTION('center_axis',(4.79265607937454E-15,-8.30112383268158E-15,
-1.));
#4957=DIRECTION('ref_axis',(0.500000000000092,0.866025403784386,-4.79265607937455E-15));
#4958=DIRECTION('center_axis',(-4.79265607937454E-15,8.30112383268158E-15,
1.));
#4959=DIRECTION('ref_axis',(0.500000000000092,0.866025403784386,-4.79265607937455E-15));
#4960=DIRECTION('center_axis',(4.79265607937454E-15,-8.30112383268158E-15,
-1.));
#4961=DIRECTION('ref_axis',(-0.500000000000092,-0.866025403784386,4.79265607937454E-15));
#4962=DIRECTION('center_axis',(4.79265607937454E-15,-8.30112383268158E-15,
-1.));
#4963=DIRECTION('ref_axis',(0.500000000000092,0.866025403784386,-4.79265607937455E-15));
#4964=DIRECTION('',(-4.79265607937454E-15,8.30112383268158E-15,1.));
#4965=DIRECTION('center_axis',(4.79265607937454E-15,-8.30112383268158E-15,
-1.));
#4966=DIRECTION('ref_axis',(0.500000000000092,0.866025403784386,-4.79265607937455E-15));
#4967=DIRECTION('center_axis',(-4.79265607937454E-15,8.30112383268158E-15,
1.));
#4968=DIRECTION('ref_axis',(0.500000000000092,0.866025403784386,-4.79265607937455E-15));
#4969=DIRECTION('center_axis',(4.79265607937454E-15,-8.30112383268158E-15,
-1.));
#4970=DIRECTION('ref_axis',(-0.500000000000092,-0.866025403784386,4.79265607937454E-15));
#4971=DIRECTION('center_axis',(-4.79265607937454E-15,8.30112383268158E-15,
1.));
#4972=DIRECTION('ref_axis',(-0.500000000000092,-0.866025403784386,4.79265607937454E-15));
#4973=DIRECTION('center_axis',(0.,0.,-1.));
#4974=DIRECTION('ref_axis',(-0.500000000000092,-0.866025403784386,4.79265607937454E-15));
#4975=DIRECTION('',(4.79265607937454E-15,-8.30112383268158E-15,-1.));
#4976=DIRECTION('center_axis',(-4.79265607937454E-15,8.30112383268158E-15,
1.));
#4977=DIRECTION('ref_axis',(-0.500000000000092,-0.866025403784386,4.79265607937454E-15));
#4978=DIRECTION('center_axis',(0.,0.,-1.));
#4979=DIRECTION('ref_axis',(-0.500000000000092,-0.866025403784386,4.79265607937454E-15));
#4980=DIRECTION('',(4.79265607937454E-15,-8.30112383268158E-15,-1.));
#4981=DIRECTION('center_axis',(0.,0.,1.));
#4982=DIRECTION('ref_axis',(1.,0.,0.));
#4983=DIRECTION('',(0.,0.,1.));
#4984=DIRECTION('center_axis',(0.,0.,1.));
#4985=DIRECTION('ref_axis',(1.,0.,0.));
#4986=DIRECTION('center_axis',(0.,0.,-1.));
#4987=DIRECTION('ref_axis',(1.,0.,0.));
#4988=DIRECTION('center_axis',(0.,0.,-1.));
#4989=DIRECTION('ref_axis',(-1.,0.,0.));
#4990=DIRECTION('center_axis',(0.,0.,1.));
#4991=DIRECTION('ref_axis',(1.,0.,0.));
#4992=DIRECTION('',(0.,0.,1.));
#4993=DIRECTION('center_axis',(0.,0.,1.));
#4994=DIRECTION('ref_axis',(1.,0.,0.));
#4995=DIRECTION('center_axis',(0.,0.,-1.));
#4996=DIRECTION('ref_axis',(1.,0.,0.));
#4997=DIRECTION('center_axis',(0.,0.,-1.));
#4998=DIRECTION('ref_axis',(-1.,0.,0.));
#4999=DIRECTION('center_axis',(0.,0.,-1.));
#5000=DIRECTION('ref_axis',(-1.,0.,0.));
#5001=DIRECTION('center_axis',(0.,0.,-1.));
#5002=DIRECTION('ref_axis',(-1.,0.,0.));
#5003=DIRECTION('',(0.,0.,-1.));
#5004=DIRECTION('center_axis',(0.,0.,-1.));
#5005=DIRECTION('ref_axis',(-1.,0.,0.));
#5006=DIRECTION('center_axis',(0.,0.,-1.));
#5007=DIRECTION('ref_axis',(-1.,0.,0.));
#5008=DIRECTION('',(0.,0.,-1.));
#5009=DIRECTION('',(0.,0.,-1.));
#5010=DIRECTION('',(0.,0.,-1.));
#5011=DIRECTION('',(0.,0.,-1.));
#5012=DIRECTION('',(0.,0.,-1.));
#5013=DIRECTION('',(0.,0.,-1.));
#5014=DIRECTION('',(0.,0.,-1.));
#5015=DIRECTION('',(0.,0.,-1.));
#5016=DIRECTION('',(0.,0.,-1.));
#5017=DIRECTION('',(0.,0.,-1.));
#5018=DIRECTION('',(0.,0.,-1.));
#5019=DIRECTION('',(0.,0.,-1.));
#5020=DIRECTION('',(0.,0.,-1.));
#5021=DIRECTION('',(0.,0.,-1.));
#5022=DIRECTION('',(0.,0.,-1.));
#5023=DIRECTION('',(0.,0.,-1.));
#5024=DIRECTION('',(0.,0.,-1.));
#5025=DIRECTION('',(0.,0.,-1.));
#5026=DIRECTION('',(0.,0.,-1.));
#5027=DIRECTION('center_axis',(0.,0.,1.));
#5028=DIRECTION('ref_axis',(-1.,0.,0.));
#5029=DIRECTION('center_axis',(-0.966512467162292,0.256619661795154,0.));
#5030=DIRECTION('ref_axis',(0.256619661795154,0.966512467162292,0.));
#5031=DIRECTION('',(0.256619661795154,0.966512467162292,0.));
#5032=DIRECTION('',(0.,0.,-1.));
#5033=DIRECTION('',(0.256619661795154,0.966512467162292,0.));
#5034=DIRECTION('',(0.,0.,-1.));
#5035=DIRECTION('center_axis',(0.966293463755111,0.257443084786037,0.));
#5036=DIRECTION('ref_axis',(0.257443084786037,-0.966293463755111,0.));
#5037=DIRECTION('',(0.257443084786037,-0.966293463755111,0.));
#5038=DIRECTION('',(0.,0.,-1.));
#5039=DIRECTION('',(0.257443084786037,-0.966293463755111,0.));
#5040=DIRECTION('center_axis',(0.,1.,0.));
#5041=DIRECTION('ref_axis',(1.,0.,0.));
#5042=DIRECTION('',(1.,0.,0.));
#5043=DIRECTION('',(0.,0.,-1.));
#5044=DIRECTION('',(1.,0.,0.));
#5045=DIRECTION('center_axis',(-0.971758044765243,0.235979453414977,0.));
#5046=DIRECTION('ref_axis',(0.235979453414977,0.971758044765243,0.));
#5047=DIRECTION('',(0.235979453414977,0.971758044765243,0.));
#5048=DIRECTION('',(0.,0.,-1.));
#5049=DIRECTION('',(0.235979453414977,0.971758044765243,0.));
#5050=DIRECTION('center_axis',(0.,-1.,0.));
#5051=DIRECTION('ref_axis',(-1.,0.,0.));
#5052=DIRECTION('',(-1.,0.,0.));
#5053=DIRECTION('',(0.,0.,-1.));
#5054=DIRECTION('',(-1.,0.,0.));
#5055=DIRECTION('center_axis',(0.976700486512513,-0.214606988810289,0.));
#5056=DIRECTION('ref_axis',(-0.214606988810289,-0.976700486512513,0.));
#5057=DIRECTION('',(-0.214606988810289,-0.976700486512513,0.));
#5058=DIRECTION('',(0.,0.,-1.));
#5059=DIRECTION('',(-0.214606988810289,-0.976700486512513,0.));
#5060=DIRECTION('center_axis',(-0.969919232152724,-0.243426956396103,0.));
#5061=DIRECTION('ref_axis',(-0.243426956396103,0.969919232152724,0.));
#5062=DIRECTION('',(-0.243426956396103,0.969919232152724,0.));
#5063=DIRECTION('',(0.,0.,-1.));
#5064=DIRECTION('',(-0.243426956396103,0.969919232152724,0.));
#5065=DIRECTION('center_axis',(0.,-1.,0.));
#5066=DIRECTION('ref_axis',(-1.,0.,0.));
#5067=DIRECTION('',(-1.,0.,0.));
#5068=DIRECTION('',(0.,0.,-1.));
#5069=DIRECTION('',(-1.,0.,0.));
#5070=DIRECTION('center_axis',(0.966362250168012,-0.257184761310263,0.));
#5071=DIRECTION('ref_axis',(-0.257184761310263,-0.966362250168012,0.));
#5072=DIRECTION('',(-0.257184761310263,-0.966362250168012,0.));
#5073=DIRECTION('',(0.,0.,-1.));
#5074=DIRECTION('',(-0.257184761310263,-0.966362250168012,0.));
#5075=DIRECTION('center_axis',(-0.976754253399893,-0.214362143265126,0.));
#5076=DIRECTION('ref_axis',(-0.214362143265126,0.976754253399893,0.));
#5077=DIRECTION('',(-0.214362143265126,0.976754253399893,0.));
#5078=DIRECTION('',(0.,0.,-1.));
#5079=DIRECTION('',(-0.214362143265126,0.976754253399893,0.));
#5080=DIRECTION('center_axis',(0.,-1.,0.));
#5081=DIRECTION('ref_axis',(-1.,0.,0.));
#5082=DIRECTION('',(-1.,0.,0.));
#5083=DIRECTION('',(0.,0.,-1.));
#5084=DIRECTION('',(-1.,0.,0.));
#5085=DIRECTION('center_axis',(0.972663653142143,0.232218470101286,0.));
#5086=DIRECTION('ref_axis',(0.232218470101286,-0.972663653142143,0.));
#5087=DIRECTION('',(0.232218470101286,-0.972663653142143,0.));
#5088=DIRECTION('',(0.,0.,-1.));
#5089=DIRECTION('',(0.232218470101286,-0.972663653142143,0.));
#5090=DIRECTION('center_axis',(0.,1.,0.));
#5091=DIRECTION('ref_axis',(1.,0.,0.));
#5092=DIRECTION('',(1.,0.,0.));
#5093=DIRECTION('',(1.,0.,0.));
#5094=DIRECTION('center_axis',(0.,0.,-1.));
#5095=DIRECTION('ref_axis',(-1.,0.,0.));
#5096=DIRECTION('center_axis',(-0.707106781186548,-0.707106781186547,0.));
#5097=DIRECTION('ref_axis',(-0.707106781186547,0.707106781186548,0.));
#5098=DIRECTION('',(-0.707106781186547,0.707106781186548,0.));
#5099=DIRECTION('',(0.,0.,-1.));
#5100=DIRECTION('',(-0.707106781186547,0.707106781186548,0.));
#5101=DIRECTION('',(0.,0.,-1.));
#5102=DIRECTION('center_axis',(0.928476690885259,0.371390676354104,0.));
#5103=DIRECTION('ref_axis',(0.371390676354104,-0.928476690885259,0.));
#5104=DIRECTION('',(0.371390676354104,-0.928476690885259,0.));
#5105=DIRECTION('',(0.,0.,-1.));
#5106=DIRECTION('',(0.371390676354104,-0.928476690885259,0.));
#5107=DIRECTION('center_axis',(-0.928476690885259,0.371390676354104,0.));
#5108=DIRECTION('ref_axis',(0.371390676354104,0.928476690885259,0.));
#5109=DIRECTION('',(0.371390676354104,0.928476690885259,0.));
#5110=DIRECTION('',(0.,0.,-1.));
#5111=DIRECTION('',(0.371390676354104,0.928476690885259,0.));
#5112=DIRECTION('center_axis',(0.707106781186547,-0.707106781186548,0.));
#5113=DIRECTION('ref_axis',(-0.707106781186548,-0.707106781186547,0.));
#5114=DIRECTION('',(-0.707106781186548,-0.707106781186547,0.));
#5115=DIRECTION('',(-0.707106781186548,-0.707106781186547,0.));
#5116=DIRECTION('center_axis',(0.,0.,-1.));
#5117=DIRECTION('ref_axis',(-1.,0.,0.));
#5118=DIRECTION('center_axis',(-0.707106781186547,0.707106781186548,0.));
#5119=DIRECTION('ref_axis',(0.707106781186548,0.707106781186547,0.));
#5120=DIRECTION('',(0.707106781186548,0.707106781186547,0.));
#5121=DIRECTION('',(0.,0.,-1.));
#5122=DIRECTION('',(0.707106781186548,0.707106781186547,0.));
#5123=DIRECTION('',(0.,0.,-1.));
#5124=DIRECTION('center_axis',(0.371390676354103,-0.92847669088526,0.));
#5125=DIRECTION('ref_axis',(-0.928476690885259,-0.371390676354103,0.));
#5126=DIRECTION('',(-0.928476690885259,-0.371390676354103,0.));
#5127=DIRECTION('',(0.,0.,-1.));
#5128=DIRECTION('',(-0.928476690885259,-0.371390676354103,0.));
#5129=DIRECTION('center_axis',(0.371390676354104,0.928476690885259,0.));
#5130=DIRECTION('ref_axis',(0.928476690885259,-0.371390676354104,0.));
#5131=DIRECTION('',(0.928476690885259,-0.371390676354104,0.));
#5132=DIRECTION('',(0.,0.,-1.));
#5133=DIRECTION('',(0.928476690885259,-0.371390676354104,0.));
#5134=DIRECTION('center_axis',(-0.707106781186548,-0.707106781186547,0.));
#5135=DIRECTION('ref_axis',(-0.707106781186547,0.707106781186548,0.));
#5136=DIRECTION('',(-0.707106781186547,0.707106781186548,0.));
#5137=DIRECTION('',(-0.707106781186547,0.707106781186548,0.));
#5138=DIRECTION('center_axis',(0.,0.,-1.));
#5139=DIRECTION('ref_axis',(-1.,0.,0.));
#5140=DIRECTION('center_axis',(0.707106781186548,0.707106781186548,0.));
#5141=DIRECTION('ref_axis',(0.707106781186548,-0.707106781186548,0.));
#5142=DIRECTION('',(0.707106781186548,-0.707106781186548,0.));
#5143=DIRECTION('',(0.,0.,-1.));
#5144=DIRECTION('',(0.707106781186548,-0.707106781186548,0.));
#5145=DIRECTION('',(0.,0.,-1.));
#5146=DIRECTION('center_axis',(-0.928476690885259,-0.371390676354104,0.));
#5147=DIRECTION('ref_axis',(-0.371390676354104,0.928476690885259,0.));
#5148=DIRECTION('',(-0.371390676354104,0.928476690885259,0.));
#5149=DIRECTION('',(0.,0.,-1.));
#5150=DIRECTION('',(-0.371390676354104,0.928476690885259,0.));
#5151=DIRECTION('center_axis',(0.928476690885259,-0.371390676354104,0.));
#5152=DIRECTION('ref_axis',(-0.371390676354104,-0.928476690885259,0.));
#5153=DIRECTION('',(-0.371390676354104,-0.928476690885259,0.));
#5154=DIRECTION('',(0.,0.,-1.));
#5155=DIRECTION('',(-0.371390676354104,-0.928476690885259,0.));
#5156=DIRECTION('center_axis',(-0.707106781186548,0.707106781186548,0.));
#5157=DIRECTION('ref_axis',(0.707106781186548,0.707106781186548,0.));
#5158=DIRECTION('',(0.707106781186548,0.707106781186548,0.));
#5159=DIRECTION('',(0.707106781186548,0.707106781186548,0.));
#5160=DIRECTION('center_axis',(0.,0.,-1.));
#5161=DIRECTION('ref_axis',(-1.,0.,0.));
#5162=DIRECTION('center_axis',(0.707106781186548,-0.707106781186548,0.));
#5163=DIRECTION('ref_axis',(-0.707106781186548,-0.707106781186548,0.));
#5164=DIRECTION('',(-0.707106781186548,-0.707106781186548,0.));
#5165=DIRECTION('',(0.,0.,-1.));
#5166=DIRECTION('',(-0.707106781186547,-0.707106781186547,0.));
#5167=DIRECTION('',(0.,0.,-1.));
#5168=DIRECTION('center_axis',(-0.371390676354103,0.92847669088526,0.));
#5169=DIRECTION('ref_axis',(0.92847669088526,0.371390676354103,0.));
#5170=DIRECTION('',(0.92847669088526,0.371390676354103,0.));
#5171=DIRECTION('',(0.,0.,-1.));
#5172=DIRECTION('',(0.92847669088526,0.371390676354103,0.));
#5173=DIRECTION('center_axis',(-0.371390676354104,-0.928476690885259,0.));
#5174=DIRECTION('ref_axis',(-0.928476690885259,0.371390676354104,0.));
#5175=DIRECTION('',(-0.928476690885259,0.371390676354104,0.));
#5176=DIRECTION('',(0.,0.,-1.));
#5177=DIRECTION('',(-0.928476690885259,0.371390676354104,0.));
#5178=DIRECTION('center_axis',(0.707106781186548,0.707106781186548,0.));
#5179=DIRECTION('ref_axis',(0.707106781186548,-0.707106781186548,0.));
#5180=DIRECTION('',(0.707106781186548,-0.707106781186548,0.));
#5181=DIRECTION('',(0.707106781186547,-0.707106781186547,0.));
#5182=DIRECTION('center_axis',(0.,0.,-1.));
#5183=DIRECTION('ref_axis',(-1.,0.,0.));
#5184=DIRECTION('',(0.,0.,-1.));
#5185=DIRECTION('',(0.,0.,-1.));
#5186=DIRECTION('',(0.,0.,-1.));
#5187=DIRECTION('',(0.,0.,-1.));
#5188=DIRECTION('',(0.,0.,-1.));
#5189=DIRECTION('',(0.,0.,-1.));
#5190=DIRECTION('',(0.,0.,-1.));
#5191=DIRECTION('',(0.,0.,-1.));
#5192=DIRECTION('',(0.,0.,-1.));
#5193=DIRECTION('',(0.,0.,-1.));
#5194=DIRECTION('',(0.,0.,-1.));
#5195=DIRECTION('',(0.,0.,-1.));
#5196=DIRECTION('',(0.,0.,-1.));
#5197=DIRECTION('',(0.,0.,-1.));
#5198=DIRECTION('center_axis',(-0.043876704665781,0.999036953664714,0.));
#5199=DIRECTION('ref_axis',(0.999036953664714,0.043876704665781,1.2772008734615E-16));
#5200=DIRECTION('',(0.999036953664714,0.043876704665781,0.));
#5201=DIRECTION('',(0.,0.,-1.));
#5202=DIRECTION('',(0.999036953664714,0.043876704665781,1.2772008734615E-16));
#5203=DIRECTION('',(0.,0.,-1.));
#5204=DIRECTION('',(0.,0.,-1.));
#5205=DIRECTION('',(0.,0.,-1.));
#5206=DIRECTION('',(0.,0.,-1.));
#5207=DIRECTION('',(0.,0.,-1.));
#5208=DIRECTION('',(0.,0.,-1.));
#5209=DIRECTION('',(0.,0.,-1.));
#5210=DIRECTION('',(0.,0.,-1.));
#5211=DIRECTION('',(0.,0.,-1.));
#5212=DIRECTION('',(0.,0.,-1.));
#5213=DIRECTION('',(0.,0.,-1.));
#5214=DIRECTION('',(0.,0.,-1.));
#5215=DIRECTION('',(0.,0.,-1.));
#5216=DIRECTION('',(0.,0.,-1.));
#5217=DIRECTION('center_axis',(0.0967659875640739,-0.995307160453872,0.));
#5218=DIRECTION('ref_axis',(-0.995307160453872,-0.0967659875640739,-1.33740388515495E-16));
#5219=DIRECTION('',(-0.995307160453872,-0.0967659875640739,0.));
#5220=DIRECTION('',(0.,0.,-1.));
#5221=DIRECTION('',(-0.995307160453872,-0.0967659875640739,-1.33740388515495E-16));
#5222=DIRECTION('center_axis',(-1.27967513585892E-15,-6.82449174703519E-16,
1.));
#5223=DIRECTION('ref_axis',(-1.,0.,-1.27967513585892E-15));
#5224=DIRECTION('center_axis',(-1.,0.,0.));
#5225=DIRECTION('ref_axis',(0.,1.,0.));
#5226=DIRECTION('',(0.,1.,0.));
#5227=DIRECTION('',(0.,0.,-1.));
#5228=DIRECTION('',(0.,1.,0.));
#5229=DIRECTION('',(0.,0.,-1.));
#5230=DIRECTION('center_axis',(0.850587338040109,0.525833795382002,0.));
#5231=DIRECTION('ref_axis',(0.525833795382002,-0.850587338040109,0.));
#5232=DIRECTION('',(0.525833795382002,-0.850587338040109,0.));
#5233=DIRECTION('',(0.,0.,-1.));
#5234=DIRECTION('',(0.525833795382002,-0.850587338040109,0.));
#5235=DIRECTION('center_axis',(0.,1.,0.));
#5236=DIRECTION('ref_axis',(1.,0.,0.));
#5237=DIRECTION('',(1.,0.,0.));
#5238=DIRECTION('',(0.,0.,-1.));
#5239=DIRECTION('',(1.,0.,0.));
#5240=DIRECTION('center_axis',(-1.,0.,0.));
#5241=DIRECTION('ref_axis',(0.,1.,0.));
#5242=DIRECTION('',(0.,1.,0.));
#5243=DIRECTION('',(0.,0.,-1.));
#5244=DIRECTION('',(0.,1.,0.));
#5245=DIRECTION('center_axis',(0.,-1.,0.));
#5246=DIRECTION('ref_axis',(-1.,0.,0.));
#5247=DIRECTION('',(-1.,0.,0.));
#5248=DIRECTION('',(0.,0.,-1.));
#5249=DIRECTION('',(-1.,0.,0.));
#5250=DIRECTION('center_axis',(1.,0.,0.));
#5251=DIRECTION('ref_axis',(0.,-1.,0.));
#5252=DIRECTION('',(0.,-1.,0.));
#5253=DIRECTION('',(0.,0.,-1.));
#5254=DIRECTION('',(0.,-1.,0.));
#5255=DIRECTION('center_axis',(-0.852613768143423,-0.522541636974771,0.));
#5256=DIRECTION('ref_axis',(-0.522541636974771,0.852613768143423,0.));
#5257=DIRECTION('',(-0.522541636974771,0.852613768143423,0.));
#5258=DIRECTION('',(0.,0.,-1.));
#5259=DIRECTION('',(-0.522541636974771,0.852613768143423,0.));
#5260=DIRECTION('center_axis',(0.,-1.,0.));
#5261=DIRECTION('ref_axis',(-1.,0.,0.));
#5262=DIRECTION('',(-1.,0.,0.));
#5263=DIRECTION('',(0.,0.,-1.));
#5264=DIRECTION('',(-1.,0.,0.));
#5265=DIRECTION('center_axis',(1.,0.,0.));
#5266=DIRECTION('ref_axis',(0.,-1.,0.));
#5267=DIRECTION('',(0.,-1.,0.));
#5268=DIRECTION('',(0.,0.,-1.));
#5269=DIRECTION('',(0.,-1.,0.));
#5270=DIRECTION('center_axis',(0.,1.,0.));
#5271=DIRECTION('ref_axis',(1.,0.,0.));
#5272=DIRECTION('',(1.,0.,0.));
#5273=DIRECTION('',(1.,0.,0.));
#5274=DIRECTION('center_axis',(0.,0.,-1.));
#5275=DIRECTION('ref_axis',(-1.,0.,0.));
#5276=DIRECTION('center_axis',(0.,0.,1.));
#5277=DIRECTION('ref_axis',(1.,0.,0.));
#5278=DIRECTION('center_axis',(0.,0.,1.));
#5279=DIRECTION('ref_axis',(-0.866025403784439,0.5,0.));
#5280=DIRECTION('',(1.,1.23188105868286E-16,0.));
#5281=DIRECTION('center_axis',(0.,0.,1.));
#5282=DIRECTION('ref_axis',(2.84217094304039E-15,-1.,0.));
#5283=DIRECTION('',(-0.5,0.866025403784439,0.));
#5284=DIRECTION('center_axis',(0.,0.,1.));
#5285=DIRECTION('ref_axis',(0.866025403784439,0.5,0.));
#5286=DIRECTION('',(-0.5,-0.866025403784439,0.));
#5287=DIRECTION('center_axis',(0.,0.,-1.));
#5288=DIRECTION('ref_axis',(-1.,0.,0.));
#5289=DIRECTION('center_axis',(0.,0.,-1.));
#5290=DIRECTION('ref_axis',(-1.,0.,0.));
#5291=DIRECTION('center_axis',(0.,0.,-1.));
#5292=DIRECTION('ref_axis',(-1.,0.,0.));
#5293=DIRECTION('center_axis',(0.,0.,-1.));
#5294=DIRECTION('ref_axis',(-1.,0.,0.));
#5295=DIRECTION('center_axis',(0.,0.,-1.));
#5296=DIRECTION('ref_axis',(-1.,0.,0.));
#5297=DIRECTION('center_axis',(0.,0.,-1.));
#5298=DIRECTION('ref_axis',(-1.,0.,0.));
#5299=DIRECTION('center_axis',(0.,0.,-1.));
#5300=DIRECTION('ref_axis',(-1.,0.,0.));
#5301=DIRECTION('',(0.,0.,-1.));
#5302=DIRECTION('center_axis',(0.,0.,-1.));
#5303=DIRECTION('ref_axis',(-1.,0.,0.));
#5304=DIRECTION('center_axis',(0.,0.,1.));
#5305=DIRECTION('ref_axis',(-1.,0.,0.));
#5306=DIRECTION('center_axis',(0.,0.,-1.));
#5307=DIRECTION('ref_axis',(-1.,0.,0.));
#5308=DIRECTION('',(0.,0.,-1.));
#5309=DIRECTION('center_axis',(0.,0.,-1.));
#5310=DIRECTION('ref_axis',(-1.,0.,0.));
#5311=DIRECTION('center_axis',(0.,0.,1.));
#5312=DIRECTION('ref_axis',(-1.,0.,0.));
#5313=DIRECTION('center_axis',(1.,6.93889390390723E-17,0.));
#5314=DIRECTION('ref_axis',(-6.93889390390723E-17,1.,0.));
#5315=DIRECTION('',(0.,0.,1.));
#5316=DIRECTION('',(-6.93889390390723E-17,1.,0.));
#5317=DIRECTION('',(0.,0.,1.));
#5318=DIRECTION('center_axis',(0.,-1.,0.));
#5319=DIRECTION('ref_axis',(1.,0.,0.));
#5320=DIRECTION('',(0.,0.,1.));
#5321=DIRECTION('',(1.,0.,0.));
#5322=DIRECTION('center_axis',(-1.,6.93889390390723E-17,0.));
#5323=DIRECTION('ref_axis',(-6.93889390390723E-17,-1.,0.));
#5324=DIRECTION('',(0.,0.,1.));
#5325=DIRECTION('',(-6.93889390390723E-17,-1.,0.));
#5326=DIRECTION('center_axis',(5.55111512312578E-16,1.,0.));
#5327=DIRECTION('ref_axis',(-1.,5.55111512312578E-16,0.));
#5328=DIRECTION('',(-1.,5.55111512312578E-16,0.));
#5329=DIRECTION('center_axis',(0.,0.,1.));
#5330=DIRECTION('ref_axis',(1.,0.,0.));
#5331=DIRECTION('center_axis',(0.,0.,1.));
#5332=DIRECTION('ref_axis',(1.,0.,0.));
#5333=DIRECTION('',(0.,0.,1.));
#5334=DIRECTION('center_axis',(0.,0.,1.));
#5335=DIRECTION('ref_axis',(1.,0.,0.));
#5336=DIRECTION('center_axis',(0.,0.,-1.));
#5337=DIRECTION('ref_axis',(1.,0.,0.));
#5338=DIRECTION('center_axis',(0.,0.,-1.));
#5339=DIRECTION('ref_axis',(-1.,0.,0.));
#5340=DIRECTION('center_axis',(0.,0.,1.));
#5341=DIRECTION('ref_axis',(1.,0.,0.));
#5342=DIRECTION('',(0.,0.,1.));
#5343=DIRECTION('center_axis',(0.,0.,1.));
#5344=DIRECTION('ref_axis',(1.,0.,0.));
#5345=DIRECTION('center_axis',(0.,0.,-1.));
#5346=DIRECTION('ref_axis',(1.,0.,0.));
#5347=DIRECTION('center_axis',(0.,0.,-1.));
#5348=DIRECTION('ref_axis',(-1.,0.,0.));
#5349=DIRECTION('center_axis',(0.,0.,1.));
#5350=DIRECTION('ref_axis',(1.,0.,0.));
#5351=DIRECTION('',(0.,0.,1.));
#5352=DIRECTION('center_axis',(0.,0.,1.));
#5353=DIRECTION('ref_axis',(1.,0.,0.));
#5354=DIRECTION('center_axis',(0.,0.,-1.));
#5355=DIRECTION('ref_axis',(1.,0.,0.));
#5356=DIRECTION('center_axis',(0.,0.,-1.));
#5357=DIRECTION('ref_axis',(-1.,0.,0.));
#5358=DIRECTION('center_axis',(0.,0.,1.));
#5359=DIRECTION('ref_axis',(1.,0.,0.));
#5360=DIRECTION('',(0.,0.,1.));
#5361=DIRECTION('center_axis',(0.,0.,1.));
#5362=DIRECTION('ref_axis',(1.,0.,0.));
#5363=DIRECTION('center_axis',(0.,0.,-1.));
#5364=DIRECTION('ref_axis',(1.,0.,0.));
#5365=DIRECTION('center_axis',(0.,0.,-1.));
#5366=DIRECTION('ref_axis',(-1.,0.,0.));
#5367=DIRECTION('center_axis',(0.,0.,-1.));
#5368=DIRECTION('ref_axis',(-1.,0.,0.));
#5369=DIRECTION('',(0.,0.,-1.));
#5370=DIRECTION('center_axis',(0.,0.,-1.));
#5371=DIRECTION('ref_axis',(-1.,0.,0.));
#5372=DIRECTION('',(0.,0.,-1.));
#5373=DIRECTION('center_axis',(0.,0.,-1.));
#5374=DIRECTION('ref_axis',(-1.,0.,0.));
#5375=DIRECTION('',(0.,0.,-1.));
#5376=DIRECTION('center_axis',(0.,0.,-1.));
#5377=DIRECTION('ref_axis',(-1.,0.,0.));
#5378=DIRECTION('',(0.,0.,-1.));
#5379=DIRECTION('center_axis',(1.23188105868286E-16,-1.,0.));
#5380=DIRECTION('ref_axis',(-1.,-1.23188105868286E-16,0.));
#5381=DIRECTION('',(0.,0.,-1.));
#5382=DIRECTION('',(0.,0.,-1.));
#5383=DIRECTION('center_axis',(0.,0.,-1.));
#5384=DIRECTION('ref_axis',(2.84217094304039E-15,-1.,0.));
#5385=DIRECTION('',(0.,0.,-1.));
#5386=DIRECTION('center_axis',(0.866025403784439,0.5,0.));
#5387=DIRECTION('ref_axis',(0.5,-0.866025403784439,0.));
#5388=DIRECTION('',(0.,0.,-1.));
#5389=DIRECTION('center_axis',(0.,0.,-1.));
#5390=DIRECTION('ref_axis',(0.866025403784439,0.5,0.));
#5391=DIRECTION('',(0.,0.,-1.));
#5392=DIRECTION('center_axis',(-0.866025403784439,0.5,0.));
#5393=DIRECTION('ref_axis',(0.5,0.866025403784439,0.));
#5394=DIRECTION('',(0.,0.,-1.));
#5395=DIRECTION('center_axis',(0.,0.,-1.));
#5396=DIRECTION('ref_axis',(-0.866025403784439,0.5,0.));
#5397=DIRECTION('center_axis',(0.,0.,1.));
#5398=DIRECTION('ref_axis',(1.,0.,0.));
#5399=CARTESIAN_POINT('',(0.,0.,0.));
#5400=CARTESIAN_POINT('Origin',(-251.312930425768,-192.689355164345,-15.));
#5401=CARTESIAN_POINT('',(-356.175569786971,-137.920384793113,-25.));
#5402=CARTESIAN_POINT('',(-351.175569786971,-129.260130755269,-5.));
#5403=CARTESIAN_POINT('',(-354.425569786971,-134.889295879868,-18.0000000000001));
#5404=CARTESIAN_POINT('',(-317.811007486811,-148.523169780661,-5.));
#5405=CARTESIAN_POINT('',(-317.811007486811,-148.523169780661,-5.));
#5406=CARTESIAN_POINT('',(-322.811007486811,-157.183423818506,-25.));
#5407=CARTESIAN_POINT('',(-319.561007486811,-151.554258693907,-12.0000000000001));
#5408=CARTESIAN_POINT('',(-253.812930425768,-197.019482183267,-25.));
#5409=CARTESIAN_POINT('Origin',(-247.995211575848,-148.416819500271,-15.));
#5410=CARTESIAN_POINT('',(-297.81100748681,-113.882153629284,-25.));
#5411=CARTESIAN_POINT('',(-302.811007486811,-122.542407667128,-5.));
#5412=CARTESIAN_POINT('',(-299.56100748681,-116.91324254253,-18.));
#5413=CARTESIAN_POINT('',(-336.175569786971,-103.279368641736,-5.));
#5414=CARTESIAN_POINT('',(-302.811007486811,-122.542407667128,-5.));
#5415=CARTESIAN_POINT('',(-331.175569786971,-94.6191146038916,-25.));
#5416=CARTESIAN_POINT('',(-334.425569786971,-100.24827972849,-11.9999999999999));
#5417=CARTESIAN_POINT('',(-245.495211575848,-144.086692481349,-25.));
#5418=CARTESIAN_POINT('Origin',(-351.175569786971,-129.260130755269,-25.));
#5419=CARTESIAN_POINT('',(-261.26814310461,26.4641002363505,-25.));
#5420=CARTESIAN_POINT('',(-339.925569786971,-109.774559170119,-5.));
#5421=CARTESIAN_POINT('Origin',(-302.811007486811,-122.542407667128,-25.));
#5422=CARTESIAN_POINT('',(-220.403580804448,20.1914422677245,-25.));
#5423=CARTESIAN_POINT('',(-314.061007486811,-142.027979252278,-5.));
#5424=CARTESIAN_POINT('Origin',(-326.993288636891,-125.901269211199,-5.));
#5425=CARTESIAN_POINT('',(-337.07714149786,-114.940936651662,-5.));
#5426=CARTESIAN_POINT('',(-334.02714149786,-109.658181688577,-5.));
#5427=CARTESIAN_POINT('Origin',(-335.55214149786,-112.299559170119,-5.));
#5428=CARTESIAN_POINT('',(-312.459435775922,-129.153975677054,-5.));
#5429=CARTESIAN_POINT('',(-318.613862206407,-125.600715920706,-5.));
#5430=CARTESIAN_POINT('',(-309.409435775922,-123.871220713969,-5.));
#5431=CARTESIAN_POINT('Origin',(-310.934435775922,-126.512598195512,-5.));
#5432=CARTESIAN_POINT('',(-327.872715067375,-113.211441444925,-5.));
#5433=CARTESIAN_POINT('',(-316.909435775922,-136.861601770735,-5.));
#5434=CARTESIAN_POINT('',(-319.959435775922,-142.14435673382,-5.));
#5435=CARTESIAN_POINT('Origin',(-318.434435775922,-139.502979252278,-5.));
#5436=CARTESIAN_POINT('',(-341.52714149786,-122.648562745343,-5.));
#5437=CARTESIAN_POINT('',(-335.372715067375,-126.201822501691,-5.));
#5438=CARTESIAN_POINT('',(-344.57714149786,-127.931317708428,-5.));
#5439=CARTESIAN_POINT('Origin',(-343.05214149786,-125.289940226886,-5.));
#5440=CARTESIAN_POINT('',(-326.113862206407,-138.591096977472,-5.));
#5441=CARTESIAN_POINT('Origin',(-343.05214149786,-125.289940226886,-25.));
#5442=CARTESIAN_POINT('',(-341.52714149786,-122.648562745343,0.));
#5443=CARTESIAN_POINT('',(-341.52714149786,-122.648562745343,-25.));
#5444=CARTESIAN_POINT('',(-344.57714149786,-127.931317708428,0.));
#5445=CARTESIAN_POINT('Origin',(-343.05214149786,-125.289940226886,0.));
#5446=CARTESIAN_POINT('',(-344.57714149786,-127.931317708428,-25.));
#5447=CARTESIAN_POINT('Origin',(-341.52714149786,-122.648562745343,-25.));
#5448=CARTESIAN_POINT('',(-316.909435775922,-136.861601770735,0.));
#5449=CARTESIAN_POINT('',(-316.909435775922,-136.861601770735,-25.));
#5450=CARTESIAN_POINT('',(-258.033497431293,-170.853640622801,0.));
#5451=CARTESIAN_POINT('Origin',(-310.934435775922,-126.512598195512,-25.));
#5452=CARTESIAN_POINT('',(-312.459435775922,-129.153975677054,0.));
#5453=CARTESIAN_POINT('',(-312.459435775922,-129.153975677054,-25.));
#5454=CARTESIAN_POINT('',(-309.409435775922,-123.871220713969,0.));
#5455=CARTESIAN_POINT('Origin',(-310.934435775922,-126.512598195512,0.));
#5456=CARTESIAN_POINT('',(-309.409435775922,-123.871220713969,-25.));
#5457=CARTESIAN_POINT('Origin',(-312.459435775922,-129.153975677054,-25.));
#5458=CARTESIAN_POINT('',(-337.07714149786,-114.940936651662,0.));
#5459=CARTESIAN_POINT('',(-337.07714149786,-114.940936651662,-25.));
#5460=CARTESIAN_POINT('',(-241.274644570324,-170.252534041815,0.));
#5461=CARTESIAN_POINT('Origin',(-334.02714149786,-109.658181688577,-25.));
#5462=CARTESIAN_POINT('',(-334.02714149786,-109.658181688577,0.));
#5463=CARTESIAN_POINT('',(-250.533497431293,-157.863259566034,0.));
#5464=CARTESIAN_POINT('',(-334.02714149786,-109.658181688577,-25.));
#5465=CARTESIAN_POINT('Origin',(-335.55214149786,-112.299559170119,-25.));
#5466=CARTESIAN_POINT('Origin',(-335.55214149786,-112.299559170119,0.));
#5467=CARTESIAN_POINT('Origin',(-319.959435775922,-142.14435673382,-25.));
#5468=CARTESIAN_POINT('',(-319.959435775922,-142.14435673382,0.));
#5469=CARTESIAN_POINT('',(-248.774644570324,-183.242915098582,0.));
#5470=CARTESIAN_POINT('',(-319.959435775922,-142.14435673382,-25.));
#5471=CARTESIAN_POINT('Origin',(-318.434435775922,-139.502979252278,-25.));
#5472=CARTESIAN_POINT('Origin',(-318.434435775922,-139.502979252278,0.));
#5473=CARTESIAN_POINT('Origin',(251.312930425768,-192.689355164345,-15.));
#5474=CARTESIAN_POINT('',(322.811007486811,-157.183423818506,-25.));
#5475=CARTESIAN_POINT('',(317.811007486811,-148.523169780661,-5.));
#5476=CARTESIAN_POINT('',(319.561007486811,-151.554258693907,-12.));
#5477=CARTESIAN_POINT('',(351.175569786971,-129.260130755269,-5.));
#5478=CARTESIAN_POINT('',(317.811007486811,-148.523169780661,-5.));
#5479=CARTESIAN_POINT('',(356.175569786971,-137.920384793113,-25.));
#5480=CARTESIAN_POINT('',(354.425569786971,-134.889295879868,-18.0000000000001));
#5481=CARTESIAN_POINT('',(253.812930425768,-197.019482183267,-25.));
#5482=CARTESIAN_POINT('Origin',(247.995211575848,-148.416819500271,-15.));
#5483=CARTESIAN_POINT('',(331.175569786971,-94.6191146038916,-25.));
#5484=CARTESIAN_POINT('',(336.175569786971,-103.279368641736,-5.));
#5485=CARTESIAN_POINT('',(334.425569786971,-100.24827972849,-11.9999999999999));
#5486=CARTESIAN_POINT('',(302.811007486811,-122.542407667128,-5.));
#5487=CARTESIAN_POINT('',(302.811007486811,-122.542407667128,-5.));
#5488=CARTESIAN_POINT('',(297.81100748681,-113.882153629284,-25.));
#5489=CARTESIAN_POINT('',(299.56100748681,-116.91324254253,-18.));
#5490=CARTESIAN_POINT('',(245.495211575848,-144.086692481349,-25.));
#5491=CARTESIAN_POINT('Origin',(351.175569786971,-129.260130755269,-25.));
#5492=CARTESIAN_POINT('',(261.26814310461,26.4641002363506,-25.));
#5493=CARTESIAN_POINT('',(339.925569786971,-109.774559170119,-5.));
#5494=CARTESIAN_POINT('Origin',(302.811007486811,-122.542407667128,-25.));
#5495=CARTESIAN_POINT('',(220.403580804448,20.1914422677246,-25.));
#5496=CARTESIAN_POINT('',(314.061007486811,-142.027979252278,-5.));
#5497=CARTESIAN_POINT('Origin',(326.993288636891,-125.901269211199,-5.));
#5498=CARTESIAN_POINT('',(334.02714149786,-109.658181688577,-5.));
#5499=CARTESIAN_POINT('',(337.07714149786,-114.940936651662,-5.));
#5500=CARTESIAN_POINT('Origin',(335.55214149786,-112.299559170119,-5.));
#5501=CARTESIAN_POINT('',(309.409435775922,-123.871220713969,-5.));
#5502=CARTESIAN_POINT('',(327.872715067375,-113.211441444925,-5.));
#5503=CARTESIAN_POINT('',(312.459435775922,-129.153975677054,-5.));
#5504=CARTESIAN_POINT('Origin',(310.934435775922,-126.512598195512,-5.));
#5505=CARTESIAN_POINT('',(318.613862206407,-125.600715920706,-5.));
#5506=CARTESIAN_POINT('',(319.959435775922,-142.14435673382,-5.));
#5507=CARTESIAN_POINT('',(316.909435775922,-136.861601770735,-5.));
#5508=CARTESIAN_POINT('Origin',(318.434435775922,-139.502979252278,-5.));
#5509=CARTESIAN_POINT('',(344.57714149786,-127.931317708428,-5.));
#5510=CARTESIAN_POINT('',(326.113862206407,-138.591096977472,-5.));
#5511=CARTESIAN_POINT('',(341.52714149786,-122.648562745343,-5.));
#5512=CARTESIAN_POINT('Origin',(343.05214149786,-125.289940226886,-5.));
#5513=CARTESIAN_POINT('',(335.372715067375,-126.201822501691,-5.));
#5514=CARTESIAN_POINT('Origin',(319.959435775922,-142.14435673382,-25.));
#5515=CARTESIAN_POINT('',(319.959435775922,-142.14435673382,0.));
#5516=CARTESIAN_POINT('',(319.959435775922,-142.14435673382,-25.));
#5517=CARTESIAN_POINT('',(344.57714149786,-127.931317708428,0.));
#5518=CARTESIAN_POINT('',(248.774644570324,-183.242915098582,0.));
#5519=CARTESIAN_POINT('',(344.57714149786,-127.931317708428,-25.));
#5520=CARTESIAN_POINT('Origin',(318.434435775922,-139.502979252278,-25.));
#5521=CARTESIAN_POINT('',(316.909435775922,-136.861601770735,0.));
#5522=CARTESIAN_POINT('',(316.909435775922,-136.861601770735,-25.));
#5523=CARTESIAN_POINT('Origin',(318.434435775922,-139.502979252278,0.));
#5524=CARTESIAN_POINT('Origin',(334.02714149786,-109.658181688577,-25.));
#5525=CARTESIAN_POINT('',(334.02714149786,-109.658181688577,0.));
#5526=CARTESIAN_POINT('',(334.02714149786,-109.658181688577,-25.));
#5527=CARTESIAN_POINT('',(309.409435775922,-123.871220713969,0.));
#5528=CARTESIAN_POINT('',(250.533497431293,-157.863259566034,0.));
#5529=CARTESIAN_POINT('',(309.409435775922,-123.871220713969,-25.));
#5530=CARTESIAN_POINT('Origin',(335.55214149786,-112.299559170119,-25.));
#5531=CARTESIAN_POINT('',(337.07714149786,-114.940936651662,0.));
#5532=CARTESIAN_POINT('',(337.07714149786,-114.940936651662,-25.));
#5533=CARTESIAN_POINT('Origin',(335.55214149786,-112.299559170119,0.));
#5534=CARTESIAN_POINT('Origin',(341.52714149786,-122.648562745343,-25.));
#5535=CARTESIAN_POINT('',(341.52714149786,-122.648562745343,0.));
#5536=CARTESIAN_POINT('',(341.52714149786,-122.648562745343,-25.));
#5537=CARTESIAN_POINT('',(258.033497431293,-170.853640622801,0.));
#5538=CARTESIAN_POINT('Origin',(343.05214149786,-125.289940226886,-25.));
#5539=CARTESIAN_POINT('Origin',(343.05214149786,-125.289940226886,0.));
#5540=CARTESIAN_POINT('Origin',(312.459435775922,-129.153975677054,-25.));
#5541=CARTESIAN_POINT('',(312.459435775922,-129.153975677054,0.));
#5542=CARTESIAN_POINT('',(312.459435775922,-129.153975677054,-25.));
#5543=CARTESIAN_POINT('',(241.274644570324,-170.252534041815,0.));
#5544=CARTESIAN_POINT('Origin',(310.934435775922,-126.512598195512,-25.));
#5545=CARTESIAN_POINT('Origin',(310.934435775922,-126.512598195512,0.));
#5546=CARTESIAN_POINT('Origin',(-73.6499694651844,-233.998082068129,-13.5355339059327));
#5547=CARTESIAN_POINT('',(-185.271027098778,-237.533615974062,-22.0710678118655));
#5548=CARTESIAN_POINT('',(-168.199959286913,-230.462548162197,-5.));
#5549=CARTESIAN_POINT('',(-138.37764822671,-218.109742459752,24.8223110602022));
#5550=CARTESIAN_POINT('',(-98.1999592869125,-230.462548162197,-5.));
#5551=CARTESIAN_POINT('',(-98.1999592869125,-230.462548162197,-5.));
#5552=CARTESIAN_POINT('',(-81.1288914750471,-237.533615974062,-22.0710678118655));
#5553=CARTESIAN_POINT('',(-102.26876154791,-228.777195083077,-0.931197739002636));
#5554=CARTESIAN_POINT('',(-73.6499694651844,-237.533615974062,-22.0710678118655));
#5555=CARTESIAN_POINT('Origin',(-49.0999796434563,-235.462548162197,-20.));
#5556=CARTESIAN_POINT('',(-78.1999592869125,-240.462548162197,-25.));
#5557=CARTESIAN_POINT('',(-109.076272982607,-209.586234466502,5.87631369569492));
#5558=CARTESIAN_POINT('',(-188.199959286913,-240.462548162197,-25.));
#5559=CARTESIAN_POINT('',(-49.0999796434563,-240.462548162197,-25.));
#5560=CARTESIAN_POINT('',(-132.206985710066,-184.46957458535,30.992973576847));
#5561=CARTESIAN_POINT('Origin',(-88.1999592869125,-56.1046863445709,-15.));
#5562=CARTESIAN_POINT('',(-78.1999592869125,-175.462548162197,-25.));
#5563=CARTESIAN_POINT('',(-78.1999592869125,-56.1046863445709,-25.));
#5564=CARTESIAN_POINT('',(-98.1999592869125,-195.462548162197,-5.));
#5565=CARTESIAN_POINT('',(-98.1999592869125,-195.462548162197,-5.));
#5566=CARTESIAN_POINT('',(-98.1999592869125,-195.462548162197,-5.));
#5567=CARTESIAN_POINT('Origin',(-84.0999796434564,-185.462548162197,-15.));
#5568=CARTESIAN_POINT('',(-188.199959286913,-175.462548162197,-25.));
#5569=CARTESIAN_POINT('',(-84.0999796434564,-175.462548162197,-25.));
#5570=CARTESIAN_POINT('',(-168.199959286913,-195.462548162197,-5.));
#5571=CARTESIAN_POINT('',(-168.199959286913,-195.462548162197,-5.));
#5572=CARTESIAN_POINT('',(-168.199959286913,-195.462548162197,-5.));
#5573=CARTESIAN_POINT('Origin',(-178.199959286913,-73.6046863445709,-15.));
#5574=CARTESIAN_POINT('',(-168.199959286913,-230.462548162197,-5.));
#5575=CARTESIAN_POINT('',(-188.199959286913,-73.6046863445709,-25.));
#5576=CARTESIAN_POINT('Origin',(-1.4210854715202E-13,83.2531754730549,-25.));
#5577=CARTESIAN_POINT('',(-288.397459621556,-241.50635094611,-25.));
#5578=CARTESIAN_POINT('',(-353.349364905389,-129.00635094611,-25.));
#5579=CARTESIAN_POINT('Origin',(-288.397459621556,-166.50635094611,-25.));
#5580=CARTESIAN_POINT('',(-64.9519052838328,370.51270189222,-25.));
#5581=CARTESIAN_POINT('',(-64.9519052838328,370.51270189222,-25.));
#5582=CARTESIAN_POINT('',(64.951905283833,370.51270189222,-25.));
#5583=CARTESIAN_POINT('Origin',(1.06581410364015E-13,333.01270189222,-25.));
#5584=CARTESIAN_POINT('',(353.349364905389,-129.00635094611,-25.));
#5585=CARTESIAN_POINT('',(353.349364905389,-129.00635094611,-25.));
#5586=CARTESIAN_POINT('',(288.397459621556,-241.50635094611,-25.));
#5587=CARTESIAN_POINT('Origin',(288.397459621556,-166.506350946109,-25.));
#5588=CARTESIAN_POINT('',(-288.397459621556,-241.50635094611,-25.));
#5589=CARTESIAN_POINT('',(75.6639349882715,-82.3987758379109,-25.));
#5590=CARTESIAN_POINT('',(231.548507669471,7.60122416208846,-25.));
#5591=CARTESIAN_POINT('',(152.436691175864,-38.074004386575,-25.));
#5592=CARTESIAN_POINT('',(120.663934988271,-160.34106217851,-25.));
#5593=CARTESIAN_POINT('',(35.3412436092979,-12.5578256716086,-25.));
#5594=CARTESIAN_POINT('',(276.54850766947,-70.3410621785112,-25.));
#5595=CARTESIAN_POINT('',(136.814912910953,-151.016290727174,-25.));
#5596=CARTESIAN_POINT('',(203.725816290497,55.7915392337798,-25.));
#5597=CARTESIAN_POINT('',(213.761211716807,-149.553077253667,-24.9999999999998));
#5598=CARTESIAN_POINT('Origin',(218.761211716808,-140.892823215823,-24.9999999999999));
#5599=CARTESIAN_POINT('',(298.378825377802,-120.865643065927,-25.));
#5600=CARTESIAN_POINT('',(242.953199535598,-152.865643065928,-25.));
#5601=CARTESIAN_POINT('',(202.966973501332,-175.951701430689,-25.));
#5602=CARTESIAN_POINT('',(274.953199535598,-208.291268908132,-25.));
#5603=CARTESIAN_POINT('',(177.462825802067,-39.4329883527768,-25.));
#5604=CARTESIAN_POINT('',(330.378825377802,-176.291268908131,-25.));
#5605=CARTESIAN_POINT('',(262.679786422435,-215.377327272893,-25.));
#5606=CARTESIAN_POINT('',(216.888451644272,20.2798245683258,-25.));
#5607=CARTESIAN_POINT('',(-242.953199535598,-152.865643065928,-25.));
#5608=CARTESIAN_POINT('',(-298.378825377802,-120.865643065927,-25.));
#5609=CARTESIAN_POINT('',(-202.966973501332,-175.951701430689,-25.));
#5610=CARTESIAN_POINT('',(-330.378825377802,-176.291268908131,-25.));
#5611=CARTESIAN_POINT('',(-216.888451644272,20.2798245683257,-25.));
#5612=CARTESIAN_POINT('',(-274.953199535598,-208.291268908132,-25.));
#5613=CARTESIAN_POINT('',(-262.679786422435,-215.377327272893,-25.));
#5614=CARTESIAN_POINT('',(-177.462825802067,-39.4329883527769,-25.));
#5615=CARTESIAN_POINT('',(-213.761211716807,-149.553077253667,-24.9999999999998));
#5616=CARTESIAN_POINT('Origin',(-218.761211716808,-140.892823215823,-24.9999999999999));
#5617=CARTESIAN_POINT('',(-296.033625829137,-102.053077671587,-25.0000000000003));
#5618=CARTESIAN_POINT('Origin',(-301.033625829138,-93.3928236337432,-24.9999999999971));
#5619=CARTESIAN_POINT('',(-248.261358697031,-209.309084692016,-25.));
#5620=CARTESIAN_POINT('Origin',(-258.261358697031,-209.309084692016,-25.));
#5621=CARTESIAN_POINT('',(-330.533772071032,-161.809083831114,-25.));
#5622=CARTESIAN_POINT('Origin',(-340.533772071032,-161.809083831114,-25.));
#5623=CARTESIAN_POINT('',(296.033625829137,-102.053077671587,-25.0000000000003));
#5624=CARTESIAN_POINT('Origin',(301.033625829138,-93.3928236337432,-24.9999999999971));
#5625=CARTESIAN_POINT('',(248.261358697031,-209.309084692016,-25.));
#5626=CARTESIAN_POINT('Origin',(258.261358697031,-209.309084692016,-25.));
#5627=CARTESIAN_POINT('',(330.533772071032,-161.809083831114,-25.));
#5628=CARTESIAN_POINT('Origin',(340.533772071032,-161.809083831114,-25.));
#5629=CARTESIAN_POINT('',(32.0000000000001,221.012701892219,-25.));
#5630=CARTESIAN_POINT('',(32.0000000000001,285.012701892219,-25.));
#5631=CARTESIAN_POINT('',(32.0000000000001,152.132938682637,-25.));
#5632=CARTESIAN_POINT('',(-31.9999999999999,285.01270189222,-25.));
#5633=CARTESIAN_POINT('',(16.,285.012701892219,-25.));
#5634=CARTESIAN_POINT('',(-31.9999999999999,221.012701892219,-25.));
#5635=CARTESIAN_POINT('',(-31.9999999999999,184.132938682637,-25.));
#5636=CARTESIAN_POINT('',(-16.,221.012701892219,-25.));
#5637=CARTESIAN_POINT('',(19.5000000000002,306.012701892219,-25.));
#5638=CARTESIAN_POINT('Origin',(27.0000000000002,306.012701892219,-25.));
#5639=CARTESIAN_POINT('',(-34.5,306.012701892219,-25.));
#5640=CARTESIAN_POINT('Origin',(-27.,306.012701892219,-25.));
#5641=CARTESIAN_POINT('',(19.5000000000002,360.01270189222,-25.));
#5642=CARTESIAN_POINT('Origin',(27.0000000000002,360.01270189222,-25.));
#5643=CARTESIAN_POINT('',(-34.5,360.01270189222,-25.));
#5644=CARTESIAN_POINT('Origin',(-27.,360.01270189222,-25.));
#5645=CARTESIAN_POINT('',(188.199959286913,-175.462548162197,-25.));
#5646=CARTESIAN_POINT('',(188.199959286913,-240.462548162197,-25.));
#5647=CARTESIAN_POINT('',(188.199959286913,-73.6046863445709,-25.));
#5648=CARTESIAN_POINT('',(78.1999592869125,-175.462548162197,-25.));
#5649=CARTESIAN_POINT('',(84.0999796434562,-175.462548162197,-25.));
#5650=CARTESIAN_POINT('',(78.1999592869125,-240.462548162197,-25.));
#5651=CARTESIAN_POINT('',(78.1999592869125,-56.1046863445709,-25.));
#5652=CARTESIAN_POINT('',(49.0999796434562,-240.462548162197,-25.));
#5653=CARTESIAN_POINT('Origin',(-133.199959286913,-212.962548162197,-5.));
#5654=CARTESIAN_POINT('',(-155.699959286912,-208.512548162196,-5.));
#5655=CARTESIAN_POINT('',(-155.699959286912,-202.412548162196,-5.));
#5656=CARTESIAN_POINT('Origin',(-155.699959286912,-205.462548162196,-5.));
#5657=CARTESIAN_POINT('',(-110.699959286912,-208.512548162197,-5.));
#5658=CARTESIAN_POINT('',(-121.949959286912,-208.512548162197,-5.));
#5659=CARTESIAN_POINT('',(-110.699959286912,-202.412548162197,-5.));
#5660=CARTESIAN_POINT('Origin',(-110.699959286912,-205.462548162197,-5.));
#5661=CARTESIAN_POINT('',(-144.449959286912,-202.412548162197,-5.));
#5662=CARTESIAN_POINT('',(-155.699959286913,-223.512548162196,-5.));
#5663=CARTESIAN_POINT('',(-155.699959286913,-217.412548162196,-5.));
#5664=CARTESIAN_POINT('Origin',(-155.699959286913,-220.462548162196,-5.));
#5665=CARTESIAN_POINT('',(-110.699959286913,-223.512548162197,-5.));
#5666=CARTESIAN_POINT('',(-121.949959286913,-223.512548162197,-5.));
#5667=CARTESIAN_POINT('',(-110.699959286913,-217.412548162197,-5.));
#5668=CARTESIAN_POINT('Origin',(-110.699959286913,-220.462548162197,-5.));
#5669=CARTESIAN_POINT('',(-144.449959286913,-217.412548162196,-5.));
#5670=CARTESIAN_POINT('Origin',(-110.699959286913,-220.462548162197,-25.));
#5671=CARTESIAN_POINT('',(-110.699959286913,-223.512548162197,0.));
#5672=CARTESIAN_POINT('',(-110.699959286913,-223.512548162197,-25.));
#5673=CARTESIAN_POINT('',(-110.699959286913,-217.412548162197,0.));
#5674=CARTESIAN_POINT('Origin',(-110.699959286913,-220.462548162197,0.));
#5675=CARTESIAN_POINT('',(-110.699959286913,-217.412548162197,-25.));
#5676=CARTESIAN_POINT('Origin',(-110.699959286913,-223.512548162197,-25.));
#5677=CARTESIAN_POINT('',(-155.699959286913,-223.512548162196,0.));
#5678=CARTESIAN_POINT('',(-155.699959286913,-223.512548162196,-25.));
#5679=CARTESIAN_POINT('',(-55.3499796434595,-223.512548162198,0.));
#5680=CARTESIAN_POINT('Origin',(-110.699959286912,-205.462548162197,-25.));
#5681=CARTESIAN_POINT('',(-110.699959286912,-208.512548162197,0.));
#5682=CARTESIAN_POINT('',(-110.699959286912,-208.512548162197,-25.));
#5683=CARTESIAN_POINT('',(-110.699959286912,-202.412548162197,0.));
#5684=CARTESIAN_POINT('Origin',(-110.699959286912,-205.462548162197,0.));
#5685=CARTESIAN_POINT('',(-110.699959286912,-202.412548162197,-25.));
#5686=CARTESIAN_POINT('Origin',(-110.699959286912,-208.512548162197,-25.));
#5687=CARTESIAN_POINT('',(-155.699959286912,-208.512548162196,0.));
#5688=CARTESIAN_POINT('',(-155.699959286912,-208.512548162196,-25.));
#5689=CARTESIAN_POINT('',(-55.3499796434596,-208.512548162199,0.));
#5690=CARTESIAN_POINT('Origin',(-155.699959286912,-202.412548162196,-25.));
#5691=CARTESIAN_POINT('',(-155.699959286912,-202.412548162196,0.));
#5692=CARTESIAN_POINT('',(-77.8499796434595,-202.412548162198,0.));
#5693=CARTESIAN_POINT('',(-155.699959286912,-202.412548162196,-25.));
#5694=CARTESIAN_POINT('Origin',(-155.699959286912,-205.462548162196,-25.));
#5695=CARTESIAN_POINT('Origin',(-155.699959286912,-205.462548162196,0.));
#5696=CARTESIAN_POINT('Origin',(-155.699959286913,-217.412548162196,-25.));
#5697=CARTESIAN_POINT('',(-155.699959286913,-217.412548162196,0.));
#5698=CARTESIAN_POINT('',(-77.8499796434594,-217.412548162198,0.));
#5699=CARTESIAN_POINT('',(-155.699959286913,-217.412548162196,-25.));
#5700=CARTESIAN_POINT('Origin',(-155.699959286913,-220.462548162196,-25.));
#5701=CARTESIAN_POINT('Origin',(-155.699959286913,-220.462548162196,0.));
#5702=CARTESIAN_POINT('Origin',(73.6499694651844,-233.998082068129,-13.5355339059327));
#5703=CARTESIAN_POINT('',(81.1288914750471,-237.533615974062,-22.0710678118655));
#5704=CARTESIAN_POINT('',(98.1999592869125,-230.462548162197,-5.));
#5705=CARTESIAN_POINT('',(102.26876154791,-228.777195083077,-0.931197739002656));
#5706=CARTESIAN_POINT('',(168.199959286913,-230.462548162197,-5.));
#5707=CARTESIAN_POINT('',(98.1999592869125,-230.462548162197,-5.));
#5708=CARTESIAN_POINT('',(185.271027098778,-237.533615974062,-22.0710678118655));
#5709=CARTESIAN_POINT('',(138.37764822671,-218.109742459752,24.8223110602022));
#5710=CARTESIAN_POINT('',(73.6499694651844,-237.533615974062,-22.0710678118655));
#5711=CARTESIAN_POINT('Origin',(49.0999796434562,-235.462548162197,-20.));
#5712=CARTESIAN_POINT('',(132.206985710066,-184.46957458535,30.992973576847));
#5713=CARTESIAN_POINT('',(109.076272982607,-209.586234466502,5.8763136956949));
#5714=CARTESIAN_POINT('Origin',(88.1999592869125,-56.1046863445709,-15.));
#5715=CARTESIAN_POINT('',(98.1999592869125,-195.462548162197,-5.));
#5716=CARTESIAN_POINT('',(98.1999592869125,-195.462548162197,-5.));
#5717=CARTESIAN_POINT('',(78.1999592869125,-175.462548162197,-25.));
#5718=CARTESIAN_POINT('Origin',(84.0999796434562,-185.462548162197,-15.));
#5719=CARTESIAN_POINT('',(168.199959286913,-195.462548162197,-5.));
#5720=CARTESIAN_POINT('',(168.199959286913,-195.462548162197,-5.));
#5721=CARTESIAN_POINT('',(188.199959286913,-175.462548162197,-25.));
#5722=CARTESIAN_POINT('Origin',(178.199959286913,-73.6046863445709,-15.));
#5723=CARTESIAN_POINT('',(168.199959286913,-230.462548162197,-5.));
#5724=CARTESIAN_POINT('Origin',(133.199959286913,-212.962548162197,-5.));
#5725=CARTESIAN_POINT('',(155.699959286912,-202.412548162196,-5.));
#5726=CARTESIAN_POINT('',(155.699959286912,-208.512548162196,-5.));
#5727=CARTESIAN_POINT('Origin',(155.699959286912,-205.462548162196,-5.));
#5728=CARTESIAN_POINT('',(110.699959286912,-202.412548162197,-5.));
#5729=CARTESIAN_POINT('',(144.449959286912,-202.412548162197,-5.));
#5730=CARTESIAN_POINT('',(110.699959286912,-208.512548162197,-5.));
#5731=CARTESIAN_POINT('Origin',(110.699959286912,-205.462548162197,-5.));
#5732=CARTESIAN_POINT('',(121.949959286912,-208.512548162197,-5.));
#5733=CARTESIAN_POINT('',(155.699959286913,-217.412548162196,-5.));
#5734=CARTESIAN_POINT('',(155.699959286913,-223.512548162196,-5.));
#5735=CARTESIAN_POINT('Origin',(155.699959286913,-220.462548162196,-5.));
#5736=CARTESIAN_POINT('',(110.699959286913,-217.412548162197,-5.));
#5737=CARTESIAN_POINT('',(144.449959286913,-217.412548162196,-5.));
#5738=CARTESIAN_POINT('',(110.699959286913,-223.512548162197,-5.));
#5739=CARTESIAN_POINT('Origin',(110.699959286913,-220.462548162197,-5.));
#5740=CARTESIAN_POINT('',(121.949959286913,-223.512548162197,-5.));
#5741=CARTESIAN_POINT('Origin',(155.699959286913,-217.412548162196,-25.));
#5742=CARTESIAN_POINT('',(155.699959286913,-217.412548162196,0.));
#5743=CARTESIAN_POINT('',(155.699959286913,-217.412548162196,-25.));
#5744=CARTESIAN_POINT('',(110.699959286913,-217.412548162197,0.));
#5745=CARTESIAN_POINT('',(77.8499796434592,-217.412548162198,0.));
#5746=CARTESIAN_POINT('',(110.699959286913,-217.412548162197,-25.));
#5747=CARTESIAN_POINT('Origin',(155.699959286913,-220.462548162196,-25.));
#5748=CARTESIAN_POINT('',(155.699959286913,-223.512548162196,0.));
#5749=CARTESIAN_POINT('',(155.699959286913,-223.512548162196,-25.));
#5750=CARTESIAN_POINT('Origin',(155.699959286913,-220.462548162196,0.));
#5751=CARTESIAN_POINT('Origin',(155.699959286912,-202.412548162196,-25.));
#5752=CARTESIAN_POINT('',(155.699959286912,-202.412548162196,0.));
#5753=CARTESIAN_POINT('',(155.699959286912,-202.412548162196,-25.));
#5754=CARTESIAN_POINT('',(110.699959286912,-202.412548162197,0.));
#5755=CARTESIAN_POINT('',(77.8499796434593,-202.412548162198,0.));
#5756=CARTESIAN_POINT('',(110.699959286912,-202.412548162197,-25.));
#5757=CARTESIAN_POINT('Origin',(155.699959286912,-205.462548162196,-25.));
#5758=CARTESIAN_POINT('',(155.699959286912,-208.512548162196,0.));
#5759=CARTESIAN_POINT('',(155.699959286912,-208.512548162196,-25.));
#5760=CARTESIAN_POINT('Origin',(155.699959286912,-205.462548162196,0.));
#5761=CARTESIAN_POINT('Origin',(110.699959286913,-223.512548162197,-25.));
#5762=CARTESIAN_POINT('',(110.699959286913,-223.512548162197,0.));
#5763=CARTESIAN_POINT('',(110.699959286913,-223.512548162197,-25.));
#5764=CARTESIAN_POINT('',(55.3499796434594,-223.512548162198,0.));
#5765=CARTESIAN_POINT('Origin',(110.699959286913,-220.462548162197,-25.));
#5766=CARTESIAN_POINT('Origin',(110.699959286913,-220.462548162197,0.));
#5767=CARTESIAN_POINT('Origin',(110.699959286912,-208.512548162197,-25.));
#5768=CARTESIAN_POINT('',(110.699959286912,-208.512548162197,0.));
#5769=CARTESIAN_POINT('',(110.699959286912,-208.512548162197,-25.));
#5770=CARTESIAN_POINT('',(55.3499796434595,-208.512548162199,0.));
#5771=CARTESIAN_POINT('Origin',(110.699959286912,-205.462548162197,-25.));
#5772=CARTESIAN_POINT('Origin',(110.699959286912,-205.462548162197,0.));
#5773=CARTESIAN_POINT('Origin',(157.436691175864,-46.7342584244194,-15.));
#5774=CARTESIAN_POINT('',(224.227999593782,-19.7192839136003,-5.));
#5775=CARTESIAN_POINT('',(231.548507669471,7.60122416208847,-25.));
#5776=CARTESIAN_POINT('',(102.98444306396,-89.7192839135998,-5.));
#5777=CARTESIAN_POINT('',(224.227999593782,-19.7192839136003,-5.));
#5778=CARTESIAN_POINT('',(102.98444306396,-89.7192839135998,-5.));
#5779=CARTESIAN_POINT('Origin',(195.065562252653,50.7915392337799,-15.));
#5780=CARTESIAN_POINT('',(249.227999593782,-63.0205541028222,-5.));
#5781=CARTESIAN_POINT('',(276.54850766947,-70.3410621785112,-25.));
#5782=CARTESIAN_POINT('',(236.727999593782,-41.3699190082113,-5.));
#5783=CARTESIAN_POINT('Origin',(131.814912910953,-142.35603668933,-15.));
#5784=CARTESIAN_POINT('',(127.98444306396,-133.020554102822,-5.));
#5785=CARTESIAN_POINT('',(120.663934988271,-160.34106217851,-25.));
#5786=CARTESIAN_POINT('',(127.98444306396,-133.020554102822,-5.));
#5787=CARTESIAN_POINT('Origin',(44.0014976471423,-7.55782567160865,-15.));
#5788=CARTESIAN_POINT('',(115.48444306396,-111.369919008211,-5.));
#5789=CARTESIAN_POINT('Origin',(196.391569706294,-76.2051730462768,-5.));
#5790=CARTESIAN_POINT('',(123.193363576761,-93.0627652149364,-5.));
#5791=CARTESIAN_POINT('',(217.019079081095,-38.8924631116441,-5.));
#5792=CARTESIAN_POINT('',(154.292466641282,-75.107689688895,-5.));
#5793=CARTESIAN_POINT('',(125.19336357703,-96.526866829919,-5.));
#5794=CARTESIAN_POINT('Origin',(124.193363577081,-94.7948160223209,-5.));
#5795=CARTESIAN_POINT('',(219.019079081196,-42.3565647267232,-5.));
#5796=CARTESIAN_POINT('',(203.205324393488,-51.4866402523619,-5.));
#5797=CARTESIAN_POINT('Origin',(218.019079081146,-40.6245139191836,-5.));
#5798=CARTESIAN_POINT('',(229.019079081212,-59.6770728018635,-5.));
#5799=CARTESIAN_POINT('',(135.193363576532,-113.847374905399,-5.));
#5800=CARTESIAN_POINT('',(213.205324393653,-68.807148327676,-5.));
#5801=CARTESIAN_POINT('',(227.01907908123,-56.2129711873199,-5.));
#5802=CARTESIAN_POINT('Origin',(228.019079081025,-57.9450219946597,-5.));
#5803=CARTESIAN_POINT('',(133.193363577038,-110.383273290573,-5.));
#5804=CARTESIAN_POINT('',(164.292466641718,-92.4281977647259,-5.));
#5805=CARTESIAN_POINT('Origin',(134.193363577091,-112.115324098195,-5.));
#5806=CARTESIAN_POINT('Origin',(229.019079081212,-59.6770728018635,-1.34222836923017E-17));
#5807=CARTESIAN_POINT('',(135.193363576532,-113.847374905399,-1.34223060966135E-17));
#5808=CARTESIAN_POINT('',(135.193363576532,-113.847374905399,-1.34223060966135E-17));
#5809=CARTESIAN_POINT('',(229.019079081212,-59.6770728018635,-1.34222836923017E-17));
#5810=CARTESIAN_POINT('',(174.08223091991,-91.3948768763992,0.));
#5811=CARTESIAN_POINT('',(229.019079081212,-59.6770728018635,-1.34222836923017E-17));
#5812=CARTESIAN_POINT('Origin',(134.193363577091,-112.115324098195,-1.34223053802541E-17));
#5813=CARTESIAN_POINT('',(133.193363577038,-110.383273290573,-1.34223046638947E-17));
#5814=CARTESIAN_POINT('',(133.193363577038,-110.383273290573,-1.34223046638947E-17));
#5815=CARTESIAN_POINT('Origin',(134.193363577091,-112.115324098195,0.));
#5816=CARTESIAN_POINT('Origin',(123.19336357663,-93.0627652147094,-1.34222975003004E-17));
#5817=CARTESIAN_POINT('',(217.019079081095,-38.8924631116441,-1.34222750959886E-17));
#5818=CARTESIAN_POINT('',(217.019079081095,-38.8924631116441,-1.34222750959886E-17));
#5819=CARTESIAN_POINT('',(123.193363576761,-93.0627652149364,-1.34222975003005E-17));
#5820=CARTESIAN_POINT('',(115.169373167054,-97.6954182376226,0.));
#5821=CARTESIAN_POINT('',(123.193363576761,-93.0627652149364,-1.34222975003005E-17));
#5822=CARTESIAN_POINT('Origin',(218.019079081146,-40.6245139191836,-1.3422275812348E-17));
#5823=CARTESIAN_POINT('',(219.019079081196,-42.3565647267232,-1.34222765287075E-17));
#5824=CARTESIAN_POINT('',(219.019079081196,-42.3565647267232,-1.34222765287075E-17));
#5825=CARTESIAN_POINT('Origin',(218.019079081146,-40.6245139191836,0.));
#5826=CARTESIAN_POINT('Origin',(228.019079081025,-57.9450219946597,-1.34222829759423E-17));
#5827=CARTESIAN_POINT('',(227.01907908123,-56.2129711873199,-1.34222822595828E-17));
#5828=CARTESIAN_POINT('Origin',(228.019079081025,-57.9450219946597,0.));
#5829=CARTESIAN_POINT('',(227.01907908123,-56.2129711873199,-1.34222822595828E-17));
#5830=CARTESIAN_POINT('Origin',(133.193363577038,-110.383273290573,-1.34223046638947E-17));
#5831=CARTESIAN_POINT('',(125.169373167366,-115.015926313546,0.));
#5832=CARTESIAN_POINT('Origin',(124.193363577081,-94.7948160223209,-1.34222982166599E-17));
#5833=CARTESIAN_POINT('',(125.19336357703,-96.526866829919,-1.34222989330193E-17));
#5834=CARTESIAN_POINT('Origin',(124.193363577081,-94.7948160223209,0.));
#5835=CARTESIAN_POINT('',(125.19336357703,-96.526866829919,-1.34222989330193E-17));
#5836=CARTESIAN_POINT('Origin',(219.019079081196,-42.3565647267232,-1.34222765287075E-17));
#5837=CARTESIAN_POINT('',(164.082230918441,-74.0743688011946,-1.92592994438724E-33));
#5838=CARTESIAN_POINT('Origin',(242.953199535598,-152.865643065928,-25.));
#5839=CARTESIAN_POINT('',(298.378825377802,-120.865643065927,-23.));
#5840=CARTESIAN_POINT('',(298.378825377802,-120.865643065927,-25.));
#5841=CARTESIAN_POINT('',(242.953199535598,-152.865643065928,-23.));
#5842=CARTESIAN_POINT('',(298.378825377802,-120.865643065927,-23.));
#5843=CARTESIAN_POINT('',(242.953199535598,-152.865643065928,-25.));
#5844=CARTESIAN_POINT('Origin',(274.953199535598,-208.291268908132,-25.));
#5845=CARTESIAN_POINT('',(274.953199535598,-208.291268908132,-23.));
#5846=CARTESIAN_POINT('',(242.953199535598,-152.865643065928,-23.));
#5847=CARTESIAN_POINT('',(274.953199535598,-208.291268908132,-25.));
#5848=CARTESIAN_POINT('Origin',(330.378825377802,-176.291268908131,-25.));
#5849=CARTESIAN_POINT('',(330.378825377802,-176.291268908131,-23.));
#5850=CARTESIAN_POINT('',(274.953199535598,-208.291268908132,-23.));
#5851=CARTESIAN_POINT('',(330.378825377802,-176.291268908131,-25.));
#5852=CARTESIAN_POINT('Origin',(298.378825377802,-120.865643065927,-25.));
#5853=CARTESIAN_POINT('',(330.378825377802,-176.291268908131,-23.));
#5854=CARTESIAN_POINT('Origin',(286.6660124567,-164.57845598703,-23.));
#5855=CARTESIAN_POINT('Origin',(-242.953199535598,-152.865643065928,-25.));
#5856=CARTESIAN_POINT('',(-242.953199535598,-152.865643065928,-23.));
#5857=CARTESIAN_POINT('',(-242.953199535598,-152.865643065928,-25.));
#5858=CARTESIAN_POINT('',(-298.378825377802,-120.865643065927,-23.));
#5859=CARTESIAN_POINT('',(-298.378825377802,-120.865643065927,-23.));
#5860=CARTESIAN_POINT('',(-298.378825377802,-120.865643065927,-25.));
#5861=CARTESIAN_POINT('Origin',(-274.953199535598,-208.291268908132,-25.));
#5862=CARTESIAN_POINT('',(-274.953199535598,-208.291268908132,-23.));
#5863=CARTESIAN_POINT('',(-274.953199535598,-208.291268908132,-25.));
#5864=CARTESIAN_POINT('',(-242.953199535598,-152.865643065928,-23.));
#5865=CARTESIAN_POINT('Origin',(-330.378825377802,-176.291268908131,-25.));
#5866=CARTESIAN_POINT('',(-330.378825377802,-176.291268908131,-23.));
#5867=CARTESIAN_POINT('',(-330.378825377802,-176.291268908131,-25.));
#5868=CARTESIAN_POINT('',(-274.953199535598,-208.291268908132,-23.));
#5869=CARTESIAN_POINT('Origin',(-298.378825377802,-120.865643065927,-25.));
#5870=CARTESIAN_POINT('',(-330.378825377802,-176.291268908131,-23.));
#5871=CARTESIAN_POINT('Origin',(-286.6660124567,-164.57845598703,-23.));
#5872=CARTESIAN_POINT('Origin',(-218.761211716808,-140.892823215823,-25.0000000000004));
#5873=CARTESIAN_POINT('',(-213.761211716807,-149.553077253667,-15.0000000000003));
#5874=CARTESIAN_POINT('',(-213.761211716807,-149.553077253667,-25.0000000000003));
#5875=CARTESIAN_POINT('Origin',(-218.761211716808,-140.892823215823,-15.0000000000004));
#5876=CARTESIAN_POINT('Origin',(-218.761211716808,-140.892823215823,-15.0000000000004));
#5877=CARTESIAN_POINT('',(-222.011211741023,-135.263658049284,-15.0000000000004));
#5878=CARTESIAN_POINT('Origin',(-218.761211716808,-140.892823215823,-15.0000000000004));
#5879=CARTESIAN_POINT('Origin',(-301.033625829138,-93.3928236337432,-25.0000000000004));
#5880=CARTESIAN_POINT('',(-296.033625829137,-102.053077671587,-15.0000000000003));
#5881=CARTESIAN_POINT('',(-296.033625829137,-102.053077671587,-25.0000000000003));
#5882=CARTESIAN_POINT('Origin',(-301.033625829138,-93.3928236337432,-15.0000000000004));
#5883=CARTESIAN_POINT('Origin',(-301.033625829138,-93.3928236337432,-15.0000000000004));
#5884=CARTESIAN_POINT('',(-304.283625853353,-87.7636584672041,-15.0000000000004));
#5885=CARTESIAN_POINT('Origin',(-301.033625829138,-93.3928236337431,-15.0000000000004));
#5886=CARTESIAN_POINT('Origin',(-218.761211716808,-140.892823215823,-3.78446847562274E-13));
#5887=CARTESIAN_POINT('',(-222.011211741023,-135.263658049284,-4.09599112310311E-13));
#5888=CARTESIAN_POINT('Origin',(-218.761211716808,-140.892823215823,2.90911094298236E-12));
#5889=CARTESIAN_POINT('',(-222.011211741023,-135.263658049284,-4.09599112310311E-13));
#5890=CARTESIAN_POINT('Origin',(-301.033625829138,-93.392823633743,-3.78446840485165E-13));
#5891=CARTESIAN_POINT('',(-304.283625853353,-87.763658467204,-4.09599105233202E-13));
#5892=CARTESIAN_POINT('Origin',(-301.033625829138,-93.392823633743,2.90911095005947E-12));
#5893=CARTESIAN_POINT('',(-304.283625853353,-87.763658467204,-4.09599105233202E-13));
#5894=CARTESIAN_POINT('Origin',(-258.261358697031,-209.309084692016,-25.));
#5895=CARTESIAN_POINT('',(-248.261358697031,-209.309084692016,-15.));
#5896=CARTESIAN_POINT('',(-248.261358697031,-209.309084692016,-25.));
#5897=CARTESIAN_POINT('Origin',(-258.261358697031,-209.309084692016,-15.));
#5898=CARTESIAN_POINT('Origin',(-258.261358697031,-209.309084692016,-15.));
#5899=CARTESIAN_POINT('',(-264.76135874546,-209.309084692016,-15.));
#5900=CARTESIAN_POINT('Origin',(-258.261358697031,-209.309084692016,-15.));
#5901=CARTESIAN_POINT('Origin',(-340.533772071032,-161.809083831114,-25.));
#5902=CARTESIAN_POINT('',(-330.533772071032,-161.809083831114,-15.));
#5903=CARTESIAN_POINT('',(-330.533772071032,-161.809083831114,-25.));
#5904=CARTESIAN_POINT('Origin',(-340.533772071032,-161.809083831114,-15.));
#5905=CARTESIAN_POINT('Origin',(-340.533772071032,-161.809083831114,-15.));
#5906=CARTESIAN_POINT('',(-347.033772119461,-161.809083831114,-15.));
#5907=CARTESIAN_POINT('Origin',(-340.533772071032,-161.809083831114,-15.));
#5908=CARTESIAN_POINT('Origin',(-258.261358697031,-209.309084692016,0.));
#5909=CARTESIAN_POINT('',(-264.76135874546,-209.309084692016,0.));
#5910=CARTESIAN_POINT('Origin',(-258.261358697031,-209.309084692016,0.));
#5911=CARTESIAN_POINT('',(-264.76135874546,-209.309084692016,0.));
#5912=CARTESIAN_POINT('Origin',(-340.533772071032,-161.809083831114,0.));
#5913=CARTESIAN_POINT('',(-347.033772119461,-161.809083831114,0.));
#5914=CARTESIAN_POINT('Origin',(-340.533772071032,-161.809083831114,0.));
#5915=CARTESIAN_POINT('',(-347.033772119461,-161.809083831114,0.));
#5916=CARTESIAN_POINT('Origin',(218.761211716808,-140.892823215823,-25.0000000000004));
#5917=CARTESIAN_POINT('',(213.761211716807,-149.553077253667,-15.0000000000003));
#5918=CARTESIAN_POINT('',(213.761211716807,-149.553077253667,-25.0000000000003));
#5919=CARTESIAN_POINT('Origin',(218.761211716808,-140.892823215823,-15.0000000000004));
#5920=CARTESIAN_POINT('Origin',(218.761211716808,-140.892823215823,-15.0000000000004));
#5921=CARTESIAN_POINT('',(222.011211741023,-135.263658049284,-15.0000000000004));
#5922=CARTESIAN_POINT('Origin',(218.761211716808,-140.892823215823,-15.0000000000004));
#5923=CARTESIAN_POINT('Origin',(301.033625829138,-93.3928236337432,-25.0000000000004));
#5924=CARTESIAN_POINT('',(296.033625829137,-102.053077671587,-15.0000000000003));
#5925=CARTESIAN_POINT('',(296.033625829137,-102.053077671587,-25.0000000000003));
#5926=CARTESIAN_POINT('Origin',(301.033625829138,-93.3928236337432,-15.0000000000004));
#5927=CARTESIAN_POINT('Origin',(301.033625829138,-93.3928236337432,-15.0000000000004));
#5928=CARTESIAN_POINT('',(304.283625853353,-87.7636584672041,-15.0000000000004));
#5929=CARTESIAN_POINT('Origin',(301.033625829138,-93.3928236337431,-15.0000000000004));
#5930=CARTESIAN_POINT('Origin',(218.761211716808,-140.892823215823,-3.78446847562275E-13));
#5931=CARTESIAN_POINT('',(222.011211741023,-135.263658049284,-4.09599112310311E-13));
#5932=CARTESIAN_POINT('Origin',(218.761211716808,-140.892823215823,2.90911094298236E-12));
#5933=CARTESIAN_POINT('',(222.011211741023,-135.263658049284,-4.09599112310312E-13));
#5934=CARTESIAN_POINT('Origin',(301.033625829138,-93.392823633743,-3.78446840485166E-13));
#5935=CARTESIAN_POINT('',(304.283625853353,-87.763658467204,-4.09599105233203E-13));
#5936=CARTESIAN_POINT('Origin',(301.033625829138,-93.392823633743,2.90911095005947E-12));
#5937=CARTESIAN_POINT('',(304.283625853353,-87.763658467204,-4.09599105233203E-13));
#5938=CARTESIAN_POINT('Origin',(258.261358697031,-209.309084692016,-25.));
#5939=CARTESIAN_POINT('',(248.261358697031,-209.309084692016,-15.));
#5940=CARTESIAN_POINT('',(248.261358697031,-209.309084692016,-25.));
#5941=CARTESIAN_POINT('Origin',(258.261358697031,-209.309084692016,-15.));
#5942=CARTESIAN_POINT('Origin',(258.261358697031,-209.309084692016,-15.));
#5943=CARTESIAN_POINT('',(264.76135874546,-209.309084692016,-15.));
#5944=CARTESIAN_POINT('Origin',(258.261358697031,-209.309084692016,-15.));
#5945=CARTESIAN_POINT('Origin',(340.533772071032,-161.809083831114,-25.));
#5946=CARTESIAN_POINT('',(330.533772071032,-161.809083831114,-15.));
#5947=CARTESIAN_POINT('',(330.533772071032,-161.809083831114,-25.));
#5948=CARTESIAN_POINT('Origin',(340.533772071032,-161.809083831114,-15.));
#5949=CARTESIAN_POINT('Origin',(340.533772071032,-161.809083831114,-15.));
#5950=CARTESIAN_POINT('',(347.033772119461,-161.809083831114,-15.));
#5951=CARTESIAN_POINT('Origin',(340.533772071032,-161.809083831114,-15.));
#5952=CARTESIAN_POINT('Origin',(258.261358697031,-209.309084692016,0.));
#5953=CARTESIAN_POINT('',(264.76135874546,-209.309084692016,0.));
#5954=CARTESIAN_POINT('Origin',(258.261358697031,-209.309084692016,0.));
#5955=CARTESIAN_POINT('',(264.76135874546,-209.309084692016,0.));
#5956=CARTESIAN_POINT('Origin',(340.533772071032,-161.809083831114,0.));
#5957=CARTESIAN_POINT('',(347.033772119461,-161.809083831114,0.));
#5958=CARTESIAN_POINT('Origin',(340.533772071032,-161.809083831114,0.));
#5959=CARTESIAN_POINT('',(347.033772119461,-161.809083831114,0.));
#5960=CARTESIAN_POINT('Ctrl Pts',(19.4945421442389,77.2442024201155,0.));
#5961=CARTESIAN_POINT('Ctrl Pts',(19.4945421442389,77.2442024201155,-3.));
#5962=CARTESIAN_POINT('Ctrl Pts',(19.8087551581177,77.2700673873894,0.));
#5963=CARTESIAN_POINT('Ctrl Pts',(19.8087551581177,77.2700673873894,-3.));
#5964=CARTESIAN_POINT('Ctrl Pts',(20.4227808077651,77.3206119308425,0.));
#5965=CARTESIAN_POINT('Ctrl Pts',(20.4227808077651,77.3206119308425,-3.));
#5966=CARTESIAN_POINT('Ctrl Pts',(20.8807502010665,77.7312725010134,0.));
#5967=CARTESIAN_POINT('Ctrl Pts',(20.8807502010665,77.7312725010134,-3.));
#5968=CARTESIAN_POINT('Ctrl Pts',(21.1043646559119,77.9317872971296,0.));
#5969=CARTESIAN_POINT('Ctrl Pts',(21.1043646559119,77.9317872971296,-3.));
#5970=CARTESIAN_POINT('',(19.4945421442389,77.2442024201155,0.));
#5971=CARTESIAN_POINT('',(21.1043646559119,77.9317872971296,0.));
#5972=CARTESIAN_POINT('Ctrl Pts',(19.4945421442389,77.2442024201155,0.));
#5973=CARTESIAN_POINT('Ctrl Pts',(19.8087551581177,77.2700673873894,0.));
#5974=CARTESIAN_POINT('Ctrl Pts',(20.4227808077651,77.3206119308425,0.));
#5975=CARTESIAN_POINT('Ctrl Pts',(20.8807502010665,77.7312725010134,0.));
#5976=CARTESIAN_POINT('Ctrl Pts',(21.1043646559119,77.9317872971296,0.));
#5977=CARTESIAN_POINT('',(19.4945421442389,77.2442024201155,-3.));
#5978=CARTESIAN_POINT('',(19.4945421442389,77.2442024201155,0.));
#5979=CARTESIAN_POINT('',(21.1043646559119,77.9317872971296,-3.));
#5980=CARTESIAN_POINT('Ctrl Pts',(19.4945421442389,77.2442024201155,-3.));
#5981=CARTESIAN_POINT('Ctrl Pts',(19.8087551581177,77.2700673873894,-3.));
#5982=CARTESIAN_POINT('Ctrl Pts',(20.4227808077651,77.3206119308425,-3.));
#5983=CARTESIAN_POINT('Ctrl Pts',(20.8807502010665,77.7312725010134,-3.));
#5984=CARTESIAN_POINT('Ctrl Pts',(21.1043646559119,77.9317872971296,-3.));
#5985=CARTESIAN_POINT('',(21.1043646559119,77.9317872971296,0.));
#5986=CARTESIAN_POINT('Ctrl Pts',(17.8956335410476,77.9208736866713,0.));
#5987=CARTESIAN_POINT('Ctrl Pts',(17.8956335410476,77.9208736866713,-3.));
#5988=CARTESIAN_POINT('Ctrl Pts',(18.1167965438132,77.7235550883003,0.));
#5989=CARTESIAN_POINT('Ctrl Pts',(18.1167965438132,77.7235550883003,-3.));
#5990=CARTESIAN_POINT('Ctrl Pts',(18.5719950987917,77.3174331794564,0.));
#5991=CARTESIAN_POINT('Ctrl Pts',(18.5719950987917,77.3174331794564,-3.));
#5992=CARTESIAN_POINT('Ctrl Pts',(19.1812831151648,77.2690685737525,0.));
#5993=CARTESIAN_POINT('Ctrl Pts',(19.1812831151648,77.2690685737525,-3.));
#5994=CARTESIAN_POINT('Ctrl Pts',(19.4945421442389,77.2442024201155,0.));
#5995=CARTESIAN_POINT('Ctrl Pts',(19.4945421442389,77.2442024201155,-3.));
#5996=CARTESIAN_POINT('',(17.8956335410476,77.9208736866713,0.));
#5997=CARTESIAN_POINT('Ctrl Pts',(17.8956335410476,77.9208736866713,0.));
#5998=CARTESIAN_POINT('Ctrl Pts',(18.1167965438132,77.7235550883003,0.));
#5999=CARTESIAN_POINT('Ctrl Pts',(18.5719950987917,77.3174331794564,0.));
#6000=CARTESIAN_POINT('Ctrl Pts',(19.1812831151648,77.2690685737525,0.));
#6001=CARTESIAN_POINT('Ctrl Pts',(19.4945421442389,77.2442024201155,0.));
#6002=CARTESIAN_POINT('',(17.8956335410476,77.9208736866713,-3.));
#6003=CARTESIAN_POINT('',(17.8956335410476,77.9208736866713,0.));
#6004=CARTESIAN_POINT('Ctrl Pts',(17.8956335410476,77.9208736866713,-3.));
#6005=CARTESIAN_POINT('Ctrl Pts',(18.1167965438132,77.7235550883003,-3.));
#6006=CARTESIAN_POINT('Ctrl Pts',(18.5719950987917,77.3174331794564,-3.));
#6007=CARTESIAN_POINT('Ctrl Pts',(19.1812831151648,77.2690685737525,-3.));
#6008=CARTESIAN_POINT('Ctrl Pts',(19.4945421442389,77.2442024201155,-3.));
#6009=CARTESIAN_POINT('Ctrl Pts',(17.2899037227035,79.9727153033018,0.));
#6010=CARTESIAN_POINT('Ctrl Pts',(17.2899037227035,79.9727153033018,-3.));
#6011=CARTESIAN_POINT('Ctrl Pts',(17.3015968907818,79.5602020756112,0.));
#6012=CARTESIAN_POINT('Ctrl Pts',(17.3015968907818,79.5602020756112,-3.));
#6013=CARTESIAN_POINT('Ctrl Pts',(17.3226144814748,78.8187405557799,0.));
#6014=CARTESIAN_POINT('Ctrl Pts',(17.3226144814748,78.8187405557799,-3.));
#6015=CARTESIAN_POINT('Ctrl Pts',(17.7195387043763,78.1967977018098,0.));
#6016=CARTESIAN_POINT('Ctrl Pts',(17.7195387043763,78.1967977018098,-3.));
#6017=CARTESIAN_POINT('Ctrl Pts',(17.8956335410476,77.9208736866713,0.));
#6018=CARTESIAN_POINT('Ctrl Pts',(17.8956335410476,77.9208736866713,-3.));
#6019=CARTESIAN_POINT('',(17.2899037227035,79.9727153033018,0.));
#6020=CARTESIAN_POINT('Ctrl Pts',(17.2899037227035,79.9727153033018,0.));
#6021=CARTESIAN_POINT('Ctrl Pts',(17.3015968907818,79.5602020756112,0.));
#6022=CARTESIAN_POINT('Ctrl Pts',(17.3226144814748,78.8187405557799,0.));
#6023=CARTESIAN_POINT('Ctrl Pts',(17.7195387043763,78.1967977018098,0.));
#6024=CARTESIAN_POINT('Ctrl Pts',(17.8956335410476,77.9208736866713,0.));
#6025=CARTESIAN_POINT('',(17.2899037227035,79.9727153033018,-3.));
#6026=CARTESIAN_POINT('',(17.2899037227035,79.9727153033018,0.));
#6027=CARTESIAN_POINT('Ctrl Pts',(17.2899037227035,79.9727153033018,-3.));
#6028=CARTESIAN_POINT('Ctrl Pts',(17.3015968907818,79.5602020756112,-3.));
#6029=CARTESIAN_POINT('Ctrl Pts',(17.3226144814748,78.8187405557799,-3.));
#6030=CARTESIAN_POINT('Ctrl Pts',(17.7195387043763,78.1967977018098,-3.));
#6031=CARTESIAN_POINT('Ctrl Pts',(17.8956335410476,77.9208736866713,-3.));
#6032=CARTESIAN_POINT('Ctrl Pts',(17.9120045527816,82.062756344676,0.));
#6033=CARTESIAN_POINT('Ctrl Pts',(17.9120045527816,82.062756344676,-3.));
#6034=CARTESIAN_POINT('Ctrl Pts',(17.7311041006662,81.7802754773851,0.));
#6035=CARTESIAN_POINT('Ctrl Pts',(17.7311041006662,81.7802754773851,-3.));
#6036=CARTESIAN_POINT('Ctrl Pts',(17.3255033136424,81.1469190609,0.));
#6037=CARTESIAN_POINT('Ctrl Pts',(17.3255033136424,81.1469190609,-3.));
#6038=CARTESIAN_POINT('Ctrl Pts',(17.302594863062,80.391315188979,0.));
#6039=CARTESIAN_POINT('Ctrl Pts',(17.302594863062,80.391315188979,-3.));
#6040=CARTESIAN_POINT('Ctrl Pts',(17.2899037227035,79.9727153033018,0.));
#6041=CARTESIAN_POINT('Ctrl Pts',(17.2899037227035,79.9727153033018,-3.));
#6042=CARTESIAN_POINT('',(17.9120045527816,82.062756344676,0.));
#6043=CARTESIAN_POINT('Ctrl Pts',(17.9120045527816,82.062756344676,0.));
#6044=CARTESIAN_POINT('Ctrl Pts',(17.7311041006662,81.7802754773851,0.));
#6045=CARTESIAN_POINT('Ctrl Pts',(17.3255033136424,81.1469190609,0.));
#6046=CARTESIAN_POINT('Ctrl Pts',(17.302594863062,80.391315188979,0.));
#6047=CARTESIAN_POINT('Ctrl Pts',(17.2899037227035,79.9727153033018,0.));
#6048=CARTESIAN_POINT('',(17.9120045527816,82.062756344676,-3.));
#6049=CARTESIAN_POINT('',(17.9120045527816,82.062756344676,0.));
#6050=CARTESIAN_POINT('Ctrl Pts',(17.9120045527816,82.062756344676,-3.));
#6051=CARTESIAN_POINT('Ctrl Pts',(17.7311041006662,81.7802754773851,-3.));
#6052=CARTESIAN_POINT('Ctrl Pts',(17.3255033136424,81.1469190609,-3.));
#6053=CARTESIAN_POINT('Ctrl Pts',(17.302594863062,80.391315188979,-3.));
#6054=CARTESIAN_POINT('Ctrl Pts',(17.2899037227035,79.9727153033018,-3.));
#6055=CARTESIAN_POINT('Ctrl Pts',(19.4945421442389,82.7557986229658,0.));
#6056=CARTESIAN_POINT('Ctrl Pts',(19.4945421442389,82.7557986229658,-3.));
#6057=CARTESIAN_POINT('Ctrl Pts',(19.1883479995148,82.7282791734164,0.));
#6058=CARTESIAN_POINT('Ctrl Pts',(19.1883479995148,82.7282791734164,-3.));
#6059=CARTESIAN_POINT('Ctrl Pts',(18.5829496403332,82.6738685000254,0.));
#6060=CARTESIAN_POINT('Ctrl Pts',(18.5829496403332,82.6738685000254,-3.));
#6061=CARTESIAN_POINT('Ctrl Pts',(18.1339247680396,82.2648863603482,0.));
#6062=CARTESIAN_POINT('Ctrl Pts',(18.1339247680396,82.2648863603482,-3.));
#6063=CARTESIAN_POINT('Ctrl Pts',(17.9120045527816,82.062756344676,0.));
#6064=CARTESIAN_POINT('Ctrl Pts',(17.9120045527816,82.062756344676,-3.));
#6065=CARTESIAN_POINT('',(19.4945421442389,82.7557986229658,0.));
#6066=CARTESIAN_POINT('Ctrl Pts',(19.4945421442389,82.7557986229658,0.));
#6067=CARTESIAN_POINT('Ctrl Pts',(19.1883479995148,82.7282791734164,0.));
#6068=CARTESIAN_POINT('Ctrl Pts',(18.5829496403332,82.6738685000254,0.));
#6069=CARTESIAN_POINT('Ctrl Pts',(18.1339247680396,82.2648863603482,0.));
#6070=CARTESIAN_POINT('Ctrl Pts',(17.9120045527816,82.062756344676,0.));
#6071=CARTESIAN_POINT('',(19.4945421442389,82.7557986229658,-3.));
#6072=CARTESIAN_POINT('',(19.4945421442389,82.7557986229658,0.));
#6073=CARTESIAN_POINT('Ctrl Pts',(19.4945421442389,82.7557986229658,-3.));
#6074=CARTESIAN_POINT('Ctrl Pts',(19.1883479995148,82.7282791734164,-3.));
#6075=CARTESIAN_POINT('Ctrl Pts',(18.5829496403332,82.6738685000254,-3.));
#6076=CARTESIAN_POINT('Ctrl Pts',(18.1339247680396,82.2648863603482,-3.));
#6077=CARTESIAN_POINT('Ctrl Pts',(17.9120045527816,82.062756344676,-3.));
#6078=CARTESIAN_POINT('Ctrl Pts',(21.0879936441779,82.0572989434004,0.));
#6079=CARTESIAN_POINT('Ctrl Pts',(21.0879936441779,82.0572989434004,-3.));
#6080=CARTESIAN_POINT('Ctrl Pts',(20.8634318061317,82.2610242652362,0.));
#6081=CARTESIAN_POINT('Ctrl Pts',(20.8634318061317,82.2610242652362,-3.));
#6082=CARTESIAN_POINT('Ctrl Pts',(20.4106586887403,82.6717857279212,0.));
#6083=CARTESIAN_POINT('Ctrl Pts',(20.4106586887403,82.6717857279212,-3.));
#6084=CARTESIAN_POINT('Ctrl Pts',(19.8015508358504,82.7276442476945,0.));
#6085=CARTESIAN_POINT('Ctrl Pts',(19.8015508358504,82.7276442476945,-3.));
#6086=CARTESIAN_POINT('Ctrl Pts',(19.4945421442389,82.7557986229658,0.));
#6087=CARTESIAN_POINT('Ctrl Pts',(19.4945421442389,82.7557986229658,-3.));
#6088=CARTESIAN_POINT('',(21.0879936441779,82.0572989434004,0.));
#6089=CARTESIAN_POINT('Ctrl Pts',(21.0879936441779,82.0572989434004,0.));
#6090=CARTESIAN_POINT('Ctrl Pts',(20.8634318061317,82.2610242652362,0.));
#6091=CARTESIAN_POINT('Ctrl Pts',(20.4106586887403,82.6717857279212,0.));
#6092=CARTESIAN_POINT('Ctrl Pts',(19.8015508358504,82.7276442476945,0.));
#6093=CARTESIAN_POINT('Ctrl Pts',(19.4945421442389,82.7557986229658,0.));
#6094=CARTESIAN_POINT('',(21.0879936441779,82.0572989434004,-3.));
#6095=CARTESIAN_POINT('',(21.0879936441779,82.0572989434004,0.));
#6096=CARTESIAN_POINT('Ctrl Pts',(21.0879936441779,82.0572989434004,-3.));
#6097=CARTESIAN_POINT('Ctrl Pts',(20.8634318061317,82.2610242652362,-3.));
#6098=CARTESIAN_POINT('Ctrl Pts',(20.4106586887403,82.6717857279212,-3.));
#6099=CARTESIAN_POINT('Ctrl Pts',(19.8015508358504,82.7276442476945,-3.));
#6100=CARTESIAN_POINT('Ctrl Pts',(19.4945421442389,82.7557986229658,-3.));
#6101=CARTESIAN_POINT('Ctrl Pts',(21.7155515775084,79.994543120265,0.));
#6102=CARTESIAN_POINT('Ctrl Pts',(21.7155515775084,79.994543120265,-3.));
#6103=CARTESIAN_POINT('Ctrl Pts',(21.7015409495781,80.4053298344882,0.));
#6104=CARTESIAN_POINT('Ctrl Pts',(21.7015409495781,80.4053298344882,-3.));
#6105=CARTESIAN_POINT('Ctrl Pts',(21.676056446388,81.1525265612243,0.));
#6106=CARTESIAN_POINT('Ctrl Pts',(21.676056446388,81.1525265612243,-3.));
#6107=CARTESIAN_POINT('Ctrl Pts',(21.270560074862,81.7764087667481,0.));
#6108=CARTESIAN_POINT('Ctrl Pts',(21.270560074862,81.7764087667481,-3.));
#6109=CARTESIAN_POINT('Ctrl Pts',(21.0879936441779,82.0572989434004,0.));
#6110=CARTESIAN_POINT('Ctrl Pts',(21.0879936441779,82.0572989434004,-3.));
#6111=CARTESIAN_POINT('',(21.7155515775084,79.994543120265,0.));
#6112=CARTESIAN_POINT('Ctrl Pts',(21.7155515775084,79.994543120265,0.));
#6113=CARTESIAN_POINT('Ctrl Pts',(21.7015409495781,80.4053298344882,0.));
#6114=CARTESIAN_POINT('Ctrl Pts',(21.676056446388,81.1525265612243,0.));
#6115=CARTESIAN_POINT('Ctrl Pts',(21.270560074862,81.7764087667481,0.));
#6116=CARTESIAN_POINT('Ctrl Pts',(21.0879936441779,82.0572989434004,0.));
#6117=CARTESIAN_POINT('',(21.7155515775084,79.994543120265,-3.));
#6118=CARTESIAN_POINT('',(21.7155515775084,79.994543120265,0.));
#6119=CARTESIAN_POINT('Ctrl Pts',(21.7155515775084,79.994543120265,-3.));
#6120=CARTESIAN_POINT('Ctrl Pts',(21.7015409495781,80.4053298344882,-3.));
#6121=CARTESIAN_POINT('Ctrl Pts',(21.676056446388,81.1525265612243,-3.));
#6122=CARTESIAN_POINT('Ctrl Pts',(21.270560074862,81.7764087667481,-3.));
#6123=CARTESIAN_POINT('Ctrl Pts',(21.0879936441779,82.0572989434004,-3.));
#6124=CARTESIAN_POINT('Ctrl Pts',(21.1043646559119,77.9317872971296,0.));
#6125=CARTESIAN_POINT('Ctrl Pts',(21.1043646559119,77.9317872971296,-3.));
#6126=CARTESIAN_POINT('Ctrl Pts',(21.2820575553313,78.2094339104519,0.));
#6127=CARTESIAN_POINT('Ctrl Pts',(21.2820575553313,78.2094339104519,-3.));
#6128=CARTESIAN_POINT('Ctrl Pts',(21.6820589280104,78.8344393372952,0.));
#6129=CARTESIAN_POINT('Ctrl Pts',(21.6820589280104,78.8344393372952,-3.));
#6130=CARTESIAN_POINT('Ctrl Pts',(21.7035869592014,79.5801178906179,0.));
#6131=CARTESIAN_POINT('Ctrl Pts',(21.7035869592014,79.5801178906179,-3.));
#6132=CARTESIAN_POINT('Ctrl Pts',(21.7155515775084,79.994543120265,0.));
#6133=CARTESIAN_POINT('Ctrl Pts',(21.7155515775084,79.994543120265,-3.));
#6134=CARTESIAN_POINT('Ctrl Pts',(21.1043646559119,77.9317872971296,0.));
#6135=CARTESIAN_POINT('Ctrl Pts',(21.2820575553313,78.2094339104519,0.));
#6136=CARTESIAN_POINT('Ctrl Pts',(21.6820589280104,78.8344393372952,0.));
#6137=CARTESIAN_POINT('Ctrl Pts',(21.7035869592014,79.5801178906179,0.));
#6138=CARTESIAN_POINT('Ctrl Pts',(21.7155515775084,79.994543120265,0.));
#6139=CARTESIAN_POINT('Ctrl Pts',(21.1043646559119,77.9317872971296,-3.));
#6140=CARTESIAN_POINT('Ctrl Pts',(21.2820575553313,78.2094339104519,-3.));
#6141=CARTESIAN_POINT('Ctrl Pts',(21.6820589280104,78.8344393372952,-3.));
#6142=CARTESIAN_POINT('Ctrl Pts',(21.7035869592014,79.5801178906179,-3.));
#6143=CARTESIAN_POINT('Ctrl Pts',(21.7155515775084,79.994543120265,-3.));
#6144=CARTESIAN_POINT('Ctrl Pts',(19.4890850409865,84.1364257782698,0.));
#6145=CARTESIAN_POINT('Ctrl Pts',(19.4890850409865,84.1364257782698,-3.));
#6146=CARTESIAN_POINT('Ctrl Pts',(20.0443438863859,84.1002017385556,0.));
#6147=CARTESIAN_POINT('Ctrl Pts',(20.0443438863859,84.1002017385556,-3.));
#6148=CARTESIAN_POINT('Ctrl Pts',(21.1055550747035,84.0309703223446,0.));
#6149=CARTESIAN_POINT('Ctrl Pts',(21.1055550747035,84.0309703223446,-3.));
#6150=CARTESIAN_POINT('Ctrl Pts',(21.9324845209711,83.3670259579475,0.));
#6151=CARTESIAN_POINT('Ctrl Pts',(21.9324845209711,83.3670259579475,-3.));
#6152=CARTESIAN_POINT('Ctrl Pts',(22.3267386481166,83.0504780262709,0.));
#6153=CARTESIAN_POINT('Ctrl Pts',(22.3267386481166,83.0504780262709,-3.));
#6154=CARTESIAN_POINT('',(19.4890850409865,84.1364257782698,0.));
#6155=CARTESIAN_POINT('',(22.3267386481166,83.0504780262709,0.));
#6156=CARTESIAN_POINT('Ctrl Pts',(19.4890850409865,84.1364257782698,0.));
#6157=CARTESIAN_POINT('Ctrl Pts',(20.0443438863859,84.1002017385556,0.));
#6158=CARTESIAN_POINT('Ctrl Pts',(21.1055550747035,84.0309703223446,0.));
#6159=CARTESIAN_POINT('Ctrl Pts',(21.9324845209711,83.3670259579475,0.));
#6160=CARTESIAN_POINT('Ctrl Pts',(22.3267386481166,83.0504780262709,0.));
#6161=CARTESIAN_POINT('',(19.4890850409865,84.1364257782698,-3.));
#6162=CARTESIAN_POINT('',(19.4890850409865,84.1364257782698,0.));
#6163=CARTESIAN_POINT('',(22.3267386481166,83.0504780262709,-3.));
#6164=CARTESIAN_POINT('Ctrl Pts',(19.4890850409865,84.1364257782698,-3.));
#6165=CARTESIAN_POINT('Ctrl Pts',(20.0443438863859,84.1002017385556,-3.));
#6166=CARTESIAN_POINT('Ctrl Pts',(21.1055550747035,84.0309703223446,-3.));
#6167=CARTESIAN_POINT('Ctrl Pts',(21.9324845209711,83.3670259579475,-3.));
#6168=CARTESIAN_POINT('Ctrl Pts',(22.3267386481166,83.0504780262709,-3.));
#6169=CARTESIAN_POINT('',(22.3267386481166,83.0504780262709,0.));
#6170=CARTESIAN_POINT('Ctrl Pts',(16.6732596978545,83.0450206249952,0.));
#6171=CARTESIAN_POINT('Ctrl Pts',(16.6732596978545,83.0450206249952,-3.));
#6172=CARTESIAN_POINT('Ctrl Pts',(17.0654129923439,83.3631909652895,0.));
#6173=CARTESIAN_POINT('Ctrl Pts',(17.0654129923439,83.3631909652895,-3.));
#6174=CARTESIAN_POINT('Ctrl Pts',(17.8843818219718,84.0276545688718,0.));
#6175=CARTESIAN_POINT('Ctrl Pts',(17.8843818219718,84.0276545688718,-3.));
#6176=CARTESIAN_POINT('Ctrl Pts',(18.9393010795458,84.0991599052504,0.));
#6177=CARTESIAN_POINT('Ctrl Pts',(18.9393010795458,84.0991599052504,-3.));
#6178=CARTESIAN_POINT('Ctrl Pts',(19.4890850409865,84.1364257782698,0.));
#6179=CARTESIAN_POINT('Ctrl Pts',(19.4890850409865,84.1364257782698,-3.));
#6180=CARTESIAN_POINT('',(16.6732596978545,83.0450206249952,0.));
#6181=CARTESIAN_POINT('Ctrl Pts',(16.6732596978545,83.0450206249952,0.));
#6182=CARTESIAN_POINT('Ctrl Pts',(17.0654129923439,83.3631909652895,0.));
#6183=CARTESIAN_POINT('Ctrl Pts',(17.8843818219718,84.0276545688718,0.));
#6184=CARTESIAN_POINT('Ctrl Pts',(18.9393010795458,84.0991599052504,0.));
#6185=CARTESIAN_POINT('Ctrl Pts',(19.4890850409865,84.1364257782698,0.));
#6186=CARTESIAN_POINT('',(16.6732596978545,83.0450206249952,-3.));
#6187=CARTESIAN_POINT('',(16.6732596978545,83.0450206249952,0.));
#6188=CARTESIAN_POINT('Ctrl Pts',(16.6732596978545,83.0450206249952,-3.));
#6189=CARTESIAN_POINT('Ctrl Pts',(17.0654129923439,83.3631909652895,-3.));
#6190=CARTESIAN_POINT('Ctrl Pts',(17.8843818219718,84.0276545688718,-3.));
#6191=CARTESIAN_POINT('Ctrl Pts',(18.9393010795458,84.0991599052504,-3.));
#6192=CARTESIAN_POINT('Ctrl Pts',(19.4890850409865,84.1364257782698,-3.));
#6193=CARTESIAN_POINT('Ctrl Pts',(15.6200539693236,80.010914131999,0.));
#6194=CARTESIAN_POINT('Ctrl Pts',(15.6200539693236,80.010914131999,-3.));
#6195=CARTESIAN_POINT('Ctrl Pts',(15.6508698011758,80.6072555568279,0.));
#6196=CARTESIAN_POINT('Ctrl Pts',(15.6508698011758,80.6072555568279,-3.));
#6197=CARTESIAN_POINT('Ctrl Pts',(15.7086212890572,81.7248500691046,0.));
#6198=CARTESIAN_POINT('Ctrl Pts',(15.7086212890572,81.7248500691046,-3.));
#6199=CARTESIAN_POINT('Ctrl Pts',(16.366446087522,82.6251261953171,0.));
#6200=CARTESIAN_POINT('Ctrl Pts',(16.366446087522,82.6251261953171,-3.));
#6201=CARTESIAN_POINT('Ctrl Pts',(16.6732596978545,83.0450206249952,0.));
#6202=CARTESIAN_POINT('Ctrl Pts',(16.6732596978545,83.0450206249952,-3.));
#6203=CARTESIAN_POINT('',(15.6200539693236,80.010914131999,0.));
#6204=CARTESIAN_POINT('Ctrl Pts',(15.6200539693236,80.010914131999,0.));
#6205=CARTESIAN_POINT('Ctrl Pts',(15.6508698011758,80.6072555568279,0.));
#6206=CARTESIAN_POINT('Ctrl Pts',(15.7086212890572,81.7248500691046,0.));
#6207=CARTESIAN_POINT('Ctrl Pts',(16.366446087522,82.6251261953171,0.));
#6208=CARTESIAN_POINT('Ctrl Pts',(16.6732596978545,83.0450206249952,0.));
#6209=CARTESIAN_POINT('',(15.6200539693236,80.010914131999,-3.));
#6210=CARTESIAN_POINT('',(15.6200539693236,80.010914131999,0.));
#6211=CARTESIAN_POINT('Ctrl Pts',(15.6200539693236,80.010914131999,-3.));
#6212=CARTESIAN_POINT('Ctrl Pts',(15.6508698011758,80.6072555568279,-3.));
#6213=CARTESIAN_POINT('Ctrl Pts',(15.7086212890572,81.7248500691046,-3.));
#6214=CARTESIAN_POINT('Ctrl Pts',(16.366446087522,82.6251261953171,-3.));
#6215=CARTESIAN_POINT('Ctrl Pts',(16.6732596978545,83.0450206249952,-3.));
#6216=CARTESIAN_POINT('Ctrl Pts',(16.6841739043593,76.9604372233152,0.));
#6217=CARTESIAN_POINT('Ctrl Pts',(16.6841739043593,76.9604372233152,-3.));
#6218=CARTESIAN_POINT('Ctrl Pts',(16.3741919917806,77.3814453989275,0.));
#6219=CARTESIAN_POINT('Ctrl Pts',(16.3741919917806,77.3814453989275,-3.));
#6220=CARTESIAN_POINT('Ctrl Pts',(15.7088291645866,78.2851213188121,0.));
#6221=CARTESIAN_POINT('Ctrl Pts',(15.7088291645866,78.2851213188121,-3.));
#6222=CARTESIAN_POINT('Ctrl Pts',(15.6509618346335,79.410064179885,0.));
#6223=CARTESIAN_POINT('Ctrl Pts',(15.6509618346335,79.410064179885,-3.));
#6224=CARTESIAN_POINT('Ctrl Pts',(15.6200539693236,80.010914131999,0.));
#6225=CARTESIAN_POINT('Ctrl Pts',(15.6200539693236,80.010914131999,-3.));
#6226=CARTESIAN_POINT('',(16.6841739043593,76.9604372233152,0.));
#6227=CARTESIAN_POINT('Ctrl Pts',(16.6841739043593,76.9604372233152,0.));
#6228=CARTESIAN_POINT('Ctrl Pts',(16.3741919917806,77.3814453989275,0.));
#6229=CARTESIAN_POINT('Ctrl Pts',(15.7088291645866,78.2851213188121,0.));
#6230=CARTESIAN_POINT('Ctrl Pts',(15.6509618346335,79.410064179885,0.));
#6231=CARTESIAN_POINT('Ctrl Pts',(15.6200539693236,80.010914131999,0.));
#6232=CARTESIAN_POINT('',(16.6841739043593,76.9604372233152,-3.));
#6233=CARTESIAN_POINT('',(16.6841739043593,76.9604372233152,0.));
#6234=CARTESIAN_POINT('Ctrl Pts',(16.6841739043593,76.9604372233152,-3.));
#6235=CARTESIAN_POINT('Ctrl Pts',(16.3741919917806,77.3814453989275,-3.));
#6236=CARTESIAN_POINT('Ctrl Pts',(15.7088291645866,78.2851213188121,-3.));
#6237=CARTESIAN_POINT('Ctrl Pts',(15.6509618346335,79.410064179885,-3.));
#6238=CARTESIAN_POINT('Ctrl Pts',(15.6200539693236,80.010914131999,-3.));
#6239=CARTESIAN_POINT('Ctrl Pts',(19.510913155973,75.8635746687651,0.));
#6240=CARTESIAN_POINT('Ctrl Pts',(19.510913155973,75.8635746687651,-3.));
#6241=CARTESIAN_POINT('Ctrl Pts',(18.9592331460433,75.901142581771,0.));
#6242=CARTESIAN_POINT('Ctrl Pts',(18.9592331460433,75.901142581771,-3.));
#6243=CARTESIAN_POINT('Ctrl Pts',(17.9001097151424,75.9732660160054,0.));
#6244=CARTESIAN_POINT('Ctrl Pts',(17.9001097151424,75.9732660160054,-3.));
#6245=CARTESIAN_POINT('Ctrl Pts',(17.078040675361,76.6406720413041,0.));
#6246=CARTESIAN_POINT('Ctrl Pts',(17.078040675361,76.6406720413041,-3.));
#6247=CARTESIAN_POINT('Ctrl Pts',(16.6841739043593,76.9604372233152,0.));
#6248=CARTESIAN_POINT('Ctrl Pts',(16.6841739043593,76.9604372233152,-3.));
#6249=CARTESIAN_POINT('',(19.510913155973,75.8635746687651,0.));
#6250=CARTESIAN_POINT('Ctrl Pts',(19.510913155973,75.8635746687651,0.));
#6251=CARTESIAN_POINT('Ctrl Pts',(18.9592331460433,75.901142581771,0.));
#6252=CARTESIAN_POINT('Ctrl Pts',(17.9001097151424,75.9732660160054,0.));
#6253=CARTESIAN_POINT('Ctrl Pts',(17.078040675361,76.6406720413041,0.));
#6254=CARTESIAN_POINT('Ctrl Pts',(16.6841739043593,76.9604372233152,0.));
#6255=CARTESIAN_POINT('',(19.510913155973,75.8635746687651,-3.));
#6256=CARTESIAN_POINT('',(19.510913155973,75.8635746687651,0.));
#6257=CARTESIAN_POINT('Ctrl Pts',(19.510913155973,75.8635746687651,-3.));
#6258=CARTESIAN_POINT('Ctrl Pts',(18.9592331460433,75.901142581771,-3.));
#6259=CARTESIAN_POINT('Ctrl Pts',(17.9001097151424,75.9732660160054,-3.));
#6260=CARTESIAN_POINT('Ctrl Pts',(17.078040675361,76.6406720413041,-3.));
#6261=CARTESIAN_POINT('Ctrl Pts',(16.6841739043593,76.9604372233152,-3.));
#6262=CARTESIAN_POINT('Ctrl Pts',(21.2353333458304,76.1800824850798,0.));
#6263=CARTESIAN_POINT('Ctrl Pts',(21.2353333458304,76.1800824850798,-3.));
#6264=CARTESIAN_POINT('Ctrl Pts',(20.9695047848562,76.0878245468747,0.));
#6265=CARTESIAN_POINT('Ctrl Pts',(20.9695047848562,76.0878245468747,-3.));
#6266=CARTESIAN_POINT('Ctrl Pts',(20.4113270497689,75.8941044785632,0.));
#6267=CARTESIAN_POINT('Ctrl Pts',(20.4113270497689,75.8941044785632,-3.));
#6268=CARTESIAN_POINT('Ctrl Pts',(19.8204098401621,75.8740685926889,0.));
#6269=CARTESIAN_POINT('Ctrl Pts',(19.8204098401621,75.8740685926889,-3.));
#6270=CARTESIAN_POINT('Ctrl Pts',(19.510913155973,75.8635746687651,0.));
#6271=CARTESIAN_POINT('Ctrl Pts',(19.510913155973,75.8635746687651,-3.));
#6272=CARTESIAN_POINT('',(21.2353333458304,76.1800824850798,0.));
#6273=CARTESIAN_POINT('Ctrl Pts',(21.2353333458304,76.1800824850798,0.));
#6274=CARTESIAN_POINT('Ctrl Pts',(20.9695047848562,76.0878245468747,0.));
#6275=CARTESIAN_POINT('Ctrl Pts',(20.4113270497689,75.8941044785632,0.));
#6276=CARTESIAN_POINT('Ctrl Pts',(19.8204098401621,75.8740685926889,0.));
#6277=CARTESIAN_POINT('Ctrl Pts',(19.510913155973,75.8635746687651,0.));
#6278=CARTESIAN_POINT('',(21.2353333458304,76.1800824850798,-3.));
#6279=CARTESIAN_POINT('',(21.2353333458304,76.1800824850798,0.));
#6280=CARTESIAN_POINT('Ctrl Pts',(21.2353333458304,76.1800824850798,-3.));
#6281=CARTESIAN_POINT('Ctrl Pts',(20.9695047848562,76.0878245468747,-3.));
#6282=CARTESIAN_POINT('Ctrl Pts',(20.4113270497689,75.8941044785632,-3.));
#6283=CARTESIAN_POINT('Ctrl Pts',(19.8204098401621,75.8740685926889,-3.));
#6284=CARTESIAN_POINT('Ctrl Pts',(19.510913155973,75.8635746687651,-3.));
#6285=CARTESIAN_POINT('Ctrl Pts',(22.2721683606505,76.9004093855619,0.));
#6286=CARTESIAN_POINT('Ctrl Pts',(22.2721683606505,76.9004093855619,-3.));
#6287=CARTESIAN_POINT('Ctrl Pts',(22.1130485972291,76.7501535174972,0.));
#6288=CARTESIAN_POINT('Ctrl Pts',(22.1130485972291,76.7501535174972,-3.));
#6289=CARTESIAN_POINT('Ctrl Pts',(21.8034876980867,76.4578369590798,0.));
#6290=CARTESIAN_POINT('Ctrl Pts',(21.8034876980867,76.4578369590798,-3.));
#6291=CARTESIAN_POINT('Ctrl Pts',(21.4211451021711,76.2709205582908,0.));
#6292=CARTESIAN_POINT('Ctrl Pts',(21.4211451021711,76.2709205582908,-3.));
#6293=CARTESIAN_POINT('Ctrl Pts',(21.2353333458304,76.1800824850798,0.));
#6294=CARTESIAN_POINT('Ctrl Pts',(21.2353333458304,76.1800824850798,-3.));
#6295=CARTESIAN_POINT('',(22.2721683606505,76.9004093855619,0.));
#6296=CARTESIAN_POINT('Ctrl Pts',(22.2721683606505,76.9004093855619,0.));
#6297=CARTESIAN_POINT('Ctrl Pts',(22.1130485972291,76.7501535174972,0.));
#6298=CARTESIAN_POINT('Ctrl Pts',(21.8034876980867,76.4578369590798,0.));
#6299=CARTESIAN_POINT('Ctrl Pts',(21.4211451021711,76.2709205582908,0.));
#6300=CARTESIAN_POINT('Ctrl Pts',(21.2353333458304,76.1800824850798,0.));
#6301=CARTESIAN_POINT('',(22.2721683606505,76.9004093855619,-3.));
#6302=CARTESIAN_POINT('',(22.2721683606505,76.9004093855619,0.));
#6303=CARTESIAN_POINT('Ctrl Pts',(22.2721683606505,76.9004093855619,-3.));
#6304=CARTESIAN_POINT('Ctrl Pts',(22.1130485972291,76.7501535174972,-3.));
#6305=CARTESIAN_POINT('Ctrl Pts',(21.8034876980867,76.4578369590798,-3.));
#6306=CARTESIAN_POINT('Ctrl Pts',(21.4211451021711,76.2709205582908,-3.));
#6307=CARTESIAN_POINT('Ctrl Pts',(21.2353333458304,76.1800824850798,-3.));
#6308=CARTESIAN_POINT('Ctrl Pts',(23.014323823154,77.9972719401121,0.));
#6309=CARTESIAN_POINT('Ctrl Pts',(23.014323823154,77.9972719401121,-3.));
#6310=CARTESIAN_POINT('Ctrl Pts',(22.9150087653451,77.7985871664093,0.));
#6311=CARTESIAN_POINT('Ctrl Pts',(22.9150087653451,77.7985871664093,-3.));
#6312=CARTESIAN_POINT('Ctrl Pts',(22.715920877549,77.4003018227118,0.));
#6313=CARTESIAN_POINT('Ctrl Pts',(22.715920877549,77.4003018227118,-3.));
#6314=CARTESIAN_POINT('Ctrl Pts',(22.4203124350987,77.0672954303844,0.));
#6315=CARTESIAN_POINT('Ctrl Pts',(22.4203124350987,77.0672954303844,-3.));
#6316=CARTESIAN_POINT('Ctrl Pts',(22.2721683606505,76.9004093855619,0.));
#6317=CARTESIAN_POINT('Ctrl Pts',(22.2721683606505,76.9004093855619,-3.));
#6318=CARTESIAN_POINT('',(23.014323823154,77.9972719401121,0.));
#6319=CARTESIAN_POINT('Ctrl Pts',(23.014323823154,77.9972719401121,0.));
#6320=CARTESIAN_POINT('Ctrl Pts',(22.9150087653451,77.7985871664093,0.));
#6321=CARTESIAN_POINT('Ctrl Pts',(22.715920877549,77.4003018227118,0.));
#6322=CARTESIAN_POINT('Ctrl Pts',(22.4203124350987,77.0672954303844,0.));
#6323=CARTESIAN_POINT('Ctrl Pts',(22.2721683606505,76.9004093855619,0.));
#6324=CARTESIAN_POINT('',(23.014323823154,77.9972719401121,-3.));
#6325=CARTESIAN_POINT('',(23.014323823154,77.9972719401121,0.));
#6326=CARTESIAN_POINT('Ctrl Pts',(23.014323823154,77.9972719401121,-3.));
#6327=CARTESIAN_POINT('Ctrl Pts',(22.9150087653451,77.7985871664093,-3.));
#6328=CARTESIAN_POINT('Ctrl Pts',(22.715920877549,77.4003018227118,-3.));
#6329=CARTESIAN_POINT('Ctrl Pts',(22.4203124350987,77.0672954303844,-3.));
#6330=CARTESIAN_POINT('Ctrl Pts',(22.2721683606505,76.9004093855619,-3.));
#6331=CARTESIAN_POINT('Ctrl Pts',(23.3799445256591,80.0491135567427,0.));
#6332=CARTESIAN_POINT('Ctrl Pts',(23.3799445256591,80.0491135567427,-3.));
#6333=CARTESIAN_POINT('Ctrl Pts',(23.3699584883595,79.6705802743296,0.));
#6334=CARTESIAN_POINT('Ctrl Pts',(23.3699584883595,79.6705802743296,-3.));
#6335=CARTESIAN_POINT('Ctrl Pts',(23.3514073364516,78.9673755682394,0.));
#6336=CARTESIAN_POINT('Ctrl Pts',(23.3514073364516,78.9673755682394,-3.));
#6337=CARTESIAN_POINT('Ctrl Pts',(23.1207971432273,78.303694977808,0.));
#6338=CARTESIAN_POINT('Ctrl Pts',(23.1207971432273,78.303694977808,-3.));
#6339=CARTESIAN_POINT('Ctrl Pts',(23.014323823154,77.9972719401121,0.));
#6340=CARTESIAN_POINT('Ctrl Pts',(23.014323823154,77.9972719401121,-3.));
#6341=CARTESIAN_POINT('',(23.3799445256591,80.0491135567427,0.));
#6342=CARTESIAN_POINT('Ctrl Pts',(23.3799445256591,80.0491135567427,0.));
#6343=CARTESIAN_POINT('Ctrl Pts',(23.3699584883595,79.6705802743296,0.));
#6344=CARTESIAN_POINT('Ctrl Pts',(23.3514073364516,78.9673755682394,0.));
#6345=CARTESIAN_POINT('Ctrl Pts',(23.1207971432273,78.303694977808,0.));
#6346=CARTESIAN_POINT('Ctrl Pts',(23.014323823154,77.9972719401121,0.));
#6347=CARTESIAN_POINT('',(23.3799445256591,80.0491135567427,-3.));
#6348=CARTESIAN_POINT('',(23.3799445256591,80.0491135567427,0.));
#6349=CARTESIAN_POINT('Ctrl Pts',(23.3799445256591,80.0491135567427,-3.));
#6350=CARTESIAN_POINT('Ctrl Pts',(23.3699584883595,79.6705802743296,-3.));
#6351=CARTESIAN_POINT('Ctrl Pts',(23.3514073364516,78.9673755682394,-3.));
#6352=CARTESIAN_POINT('Ctrl Pts',(23.1207971432273,78.303694977808,-3.));
#6353=CARTESIAN_POINT('Ctrl Pts',(23.014323823154,77.9972719401121,-3.));
#6354=CARTESIAN_POINT('Ctrl Pts',(22.3267386481166,83.0504780262709,0.));
#6355=CARTESIAN_POINT('Ctrl Pts',(22.3267386481166,83.0504780262709,-3.));
#6356=CARTESIAN_POINT('Ctrl Pts',(22.6335853092678,82.6343722811848,0.));
#6357=CARTESIAN_POINT('Ctrl Pts',(22.6335853092678,82.6343722811848,-3.));
#6358=CARTESIAN_POINT('Ctrl Pts',(23.2892770681123,81.745207944714,0.));
#6359=CARTESIAN_POINT('Ctrl Pts',(23.2892770681123,81.745207944714,-3.));
#6360=CARTESIAN_POINT('Ctrl Pts',(23.3484584752671,80.6381155516602,0.));
#6361=CARTESIAN_POINT('Ctrl Pts',(23.3484584752671,80.6381155516602,-3.));
#6362=CARTESIAN_POINT('Ctrl Pts',(23.3799445256591,80.0491135567427,0.));
#6363=CARTESIAN_POINT('Ctrl Pts',(23.3799445256591,80.0491135567427,-3.));
#6364=CARTESIAN_POINT('Ctrl Pts',(22.3267386481166,83.0504780262709,0.));
#6365=CARTESIAN_POINT('Ctrl Pts',(22.6335853092678,82.6343722811848,0.));
#6366=CARTESIAN_POINT('Ctrl Pts',(23.2892770681123,81.745207944714,0.));
#6367=CARTESIAN_POINT('Ctrl Pts',(23.3484584752671,80.6381155516602,0.));
#6368=CARTESIAN_POINT('Ctrl Pts',(23.3799445256591,80.0491135567427,0.));
#6369=CARTESIAN_POINT('Ctrl Pts',(22.3267386481166,83.0504780262709,-3.));
#6370=CARTESIAN_POINT('Ctrl Pts',(22.6335853092678,82.6343722811848,-3.));
#6371=CARTESIAN_POINT('Ctrl Pts',(23.2892770681123,81.745207944714,-3.));
#6372=CARTESIAN_POINT('Ctrl Pts',(23.3484584752671,80.6381155516602,-3.));
#6373=CARTESIAN_POINT('Ctrl Pts',(23.3799445256591,80.0491135567427,-3.));
#6374=CARTESIAN_POINT('Origin',(19.4999992474914,80.0000002235174,-3.));
#6375=CARTESIAN_POINT('Origin',(-19.5136421173811,77.893587872386,0.));
#6376=CARTESIAN_POINT('',(-19.5136421173811,77.893587872386,0.));
#6377=CARTESIAN_POINT('',(-17.9256474226713,83.8744883984327,0.));
#6378=CARTESIAN_POINT('',(-18.2064610186197,82.8168537669544,0.));
#6379=CARTESIAN_POINT('',(-19.5136421173811,77.893587872386,-3.));
#6380=CARTESIAN_POINT('',(-19.5136421173811,77.893587872386,0.));
#6381=CARTESIAN_POINT('',(-17.9256474226713,83.8744883984327,-3.));
#6382=CARTESIAN_POINT('',(-19.5136421173811,77.893587872386,-3.));
#6383=CARTESIAN_POINT('',(-17.9256474226713,83.8744883984327,0.));
#6384=CARTESIAN_POINT('Origin',(-21.1070933192968,83.8744883984327,0.));
#6385=CARTESIAN_POINT('',(-21.1070933192968,83.8744883984327,0.));
#6386=CARTESIAN_POINT('',(-20.330355888401,80.9590622445224,0.));
#6387=CARTESIAN_POINT('',(-21.1070933192968,83.8744883984327,-3.));
#6388=CARTESIAN_POINT('',(-21.1070933192968,83.8744883984327,0.));
#6389=CARTESIAN_POINT('',(-21.1070933192968,83.8744883984327,-3.));
#6390=CARTESIAN_POINT('Origin',(-22.8205993026495,83.8744883984327,0.));
#6391=CARTESIAN_POINT('',(-22.8205993026495,83.8744883984327,0.));
#6392=CARTESIAN_POINT('',(-11.4102996513248,83.8744883984327,0.));
#6393=CARTESIAN_POINT('',(-22.8205993026495,83.8744883984327,-3.));
#6394=CARTESIAN_POINT('',(-22.8205993026495,83.8744883984327,0.));
#6395=CARTESIAN_POINT('',(-22.8205993026495,83.8744883984327,-3.));
#6396=CARTESIAN_POINT('Origin',(-24.7633006423712,75.8744882792234,0.));
#6397=CARTESIAN_POINT('',(-24.7633006423712,75.8744882792234,0.));
#6398=CARTESIAN_POINT('',(-23.2277907409599,82.1976832774298,0.));
#6399=CARTESIAN_POINT('',(-24.7633006423712,75.8744882792234,-3.));
#6400=CARTESIAN_POINT('',(-24.7633006423712,75.8744882792234,0.));
#6401=CARTESIAN_POINT('',(-24.7633006423712,75.8744882792234,-3.));
#6402=CARTESIAN_POINT('Origin',(-23.1371071189642,75.8744882792234,0.));
#6403=CARTESIAN_POINT('',(-23.1371071189642,75.8744882792234,0.));
#6404=CARTESIAN_POINT('',(-11.5685535594822,75.8744882792234,0.));
#6405=CARTESIAN_POINT('',(-23.1371071189642,75.8744882792234,-3.));
#6406=CARTESIAN_POINT('',(-23.1371071189642,75.8744882792234,0.));
#6407=CARTESIAN_POINT('',(-23.1371071189642,75.8744882792234,-3.));
#6408=CARTESIAN_POINT('Origin',(-21.909276470542,81.4624833315611,0.));
#6409=CARTESIAN_POINT('',(-21.909276470542,81.4624833315611,0.));
#6410=CARTESIAN_POINT('',(-21.217077322757,84.6127593228186,0.));
#6411=CARTESIAN_POINT('',(-21.909276470542,81.4624833315611,-3.));
#6412=CARTESIAN_POINT('',(-21.909276470542,81.4624833315611,0.));
#6413=CARTESIAN_POINT('',(-21.909276470542,81.4624833315611,-3.));
#6414=CARTESIAN_POINT('Origin',(-20.5068209022284,75.8744882792234,0.));
#6415=CARTESIAN_POINT('',(-20.5068209022284,75.8744882792234,0.));
#6416=CARTESIAN_POINT('',(-20.7703083843922,76.9243374009711,0.));
#6417=CARTESIAN_POINT('',(-20.5068209022284,75.8744882792234,-3.));
#6418=CARTESIAN_POINT('',(-20.5068209022284,75.8744882792234,0.));
#6419=CARTESIAN_POINT('',(-20.5068209022284,75.8744882792234,-3.));
#6420=CARTESIAN_POINT('Origin',(-18.5859473794699,75.8744882792234,0.));
#6421=CARTESIAN_POINT('',(-18.5859473794699,75.8744882792234,0.));
#6422=CARTESIAN_POINT('',(-9.29297368973501,75.8744882792234,0.));
#6423=CARTESIAN_POINT('',(-18.5859473794699,75.8744882792234,-3.));
#6424=CARTESIAN_POINT('',(-18.5859473794699,75.8744882792234,0.));
#6425=CARTESIAN_POINT('',(-18.5859473794699,75.8744882792234,-3.));
#6426=CARTESIAN_POINT('Origin',(-17.1234645694494,81.3697134703398,0.));
#6427=CARTESIAN_POINT('',(-17.1234645694494,81.3697134703398,0.));
#6428=CARTESIAN_POINT('',(-16.3231054987462,84.3770331442069,0.));
#6429=CARTESIAN_POINT('',(-17.1234645694494,81.3697134703398,-3.));
#6430=CARTESIAN_POINT('',(-17.1234645694494,81.3697134703398,0.));
#6431=CARTESIAN_POINT('',(-17.1234645694494,81.3697134703398,-3.));
#6432=CARTESIAN_POINT('Origin',(-15.917461887002,75.8744882792234,0.));
#6433=CARTESIAN_POINT('',(-15.917461887002,75.8744882792234,0.));
#6434=CARTESIAN_POINT('',(-16.3242207907828,77.7279101723083,0.));
#6435=CARTESIAN_POINT('',(-15.917461887002,75.8744882792234,-3.));
#6436=CARTESIAN_POINT('',(-15.917461887002,75.8744882792234,0.));
#6437=CARTESIAN_POINT('',(-15.917461887002,75.8744882792234,-3.));
#6438=CARTESIAN_POINT('Origin',(-14.2639830708504,75.8744882792234,0.));
#6439=CARTESIAN_POINT('',(-14.2639830708504,75.8744882792234,0.));
#6440=CARTESIAN_POINT('',(-7.13199153542526,75.8744882792234,0.));
#6441=CARTESIAN_POINT('',(-14.2639830708504,75.8744882792234,-3.));
#6442=CARTESIAN_POINT('',(-14.2639830708504,75.8744882792234,0.));
#6443=CARTESIAN_POINT('',(-14.2639830708504,75.8744882792234,-3.));
#6444=CARTESIAN_POINT('Origin',(-16.1739421635866,83.8744883984327,0.));
#6445=CARTESIAN_POINT('',(-16.1739421635866,83.8744883984327,0.));
#6446=CARTESIAN_POINT('',(-15.6676807489857,81.7539762929318,0.));
#6447=CARTESIAN_POINT('',(-16.1739421635866,83.8744883984327,-3.));
#6448=CARTESIAN_POINT('',(-16.1739421635866,83.8744883984327,0.));
#6449=CARTESIAN_POINT('',(-16.1739421635866,83.8744883984327,-3.));
#6450=CARTESIAN_POINT('Origin',(-17.9256474226713,83.8744883984327,0.));
#6451=CARTESIAN_POINT('',(-8.96282371133573,83.8744883984327,0.));
#6452=CARTESIAN_POINT('',(-17.9256474226713,83.8744883984327,-3.));
#6453=CARTESIAN_POINT('Origin',(-19.5136418566108,79.8744883388281,-3.));
#6454=CARTESIAN_POINT('Origin',(10.0000001490116,100.000001490116,0.));
#6455=CARTESIAN_POINT('',(10.0000001490116,100.000001490116,0.));
#6456=CARTESIAN_POINT('',(4.44089209850063E-15,110.000001639128,0.));
#6457=CARTESIAN_POINT('',(11.686706616024,98.3132950231037,0.));
#6458=CARTESIAN_POINT('',(10.0000001490116,100.000001490116,-3.));
#6459=CARTESIAN_POINT('',(10.0000001490116,100.000001490116,0.));
#6460=CARTESIAN_POINT('',(4.44089209850063E-15,110.000001639128,-3.));
#6461=CARTESIAN_POINT('',(10.0000001490116,100.000001490116,-3.));
#6462=CARTESIAN_POINT('',(4.44089209850063E-15,110.000001639128,0.));
#6463=CARTESIAN_POINT('Origin',(4.44089209850063E-15,125.000001862645,0.));
#6464=CARTESIAN_POINT('',(4.44089209850063E-15,125.000001862645,0.));
#6465=CARTESIAN_POINT('',(7.19772868786039,107.005680142994,0.));
#6466=CARTESIAN_POINT('',(4.44089209850063E-15,125.000001862645,-3.));
#6467=CARTESIAN_POINT('',(4.44089209850063E-15,125.000001862645,0.));
#6468=CARTESIAN_POINT('',(10.0000001490116,100.000001490116,-3.));
#6469=CARTESIAN_POINT('Origin',(-10.0000001490116,100.000001490116,0.));
#6470=CARTESIAN_POINT('',(-10.0000001490116,100.000001490116,0.));
#6471=CARTESIAN_POINT('',(-12.1977287623662,94.5056799567296,0.));
#6472=CARTESIAN_POINT('',(-10.0000001490116,100.000001490116,-3.));
#6473=CARTESIAN_POINT('',(-10.0000001490116,100.000001490116,0.));
#6474=CARTESIAN_POINT('',(-10.0000001490116,100.000001490116,-3.));
#6475=CARTESIAN_POINT('Origin',(4.44089209850063E-15,110.000001639128,0.));
#6476=CARTESIAN_POINT('',(-6.68670654151825,103.313295097609,0.));
#6477=CARTESIAN_POINT('',(-10.0000001490116,100.000001490116,-3.));
#6478=CARTESIAN_POINT('Origin',(2.22044604925031E-15,112.500001676381,-3.));
#6479=CARTESIAN_POINT('Origin',(22.0000015199184,71.9999998807907,0.));
#6480=CARTESIAN_POINT('',(22.0000015199184,71.9999998807907,0.));
#6481=CARTESIAN_POINT('',(30.0000016391277,80.,0.));
#6482=CARTESIAN_POINT('',(19.3132950380048,69.3132933988771,0.));
#6483=CARTESIAN_POINT('',(22.0000015199184,71.9999998807907,-3.));
#6484=CARTESIAN_POINT('',(22.0000015199184,71.9999998807907,0.));
#6485=CARTESIAN_POINT('',(30.0000016391277,80.,-3.));
#6486=CARTESIAN_POINT('',(22.0000015199184,71.9999998807907,-3.));
#6487=CARTESIAN_POINT('',(30.0000016391277,80.,0.));
#6488=CARTESIAN_POINT('Origin',(42.0000018179417,80.,0.));
#6489=CARTESIAN_POINT('',(42.0000018179417,80.,0.));
#6490=CARTESIAN_POINT('',(24.4574450814245,72.9829773053931,0.));
#6491=CARTESIAN_POINT('',(42.0000018179417,80.,-3.));
#6492=CARTESIAN_POINT('',(42.0000018179417,80.,0.));
#6493=CARTESIAN_POINT('',(22.0000015199184,71.9999998807907,-3.));
#6494=CARTESIAN_POINT('Origin',(22.0000015199184,88.0000001192093,0.));
#6495=CARTESIAN_POINT('',(22.0000015199184,88.0000001192093,0.));
#6496=CARTESIAN_POINT('',(13.3356602865319,91.4657366125639,0.));
#6497=CARTESIAN_POINT('',(22.0000015199184,88.0000001192093,-3.));
#6498=CARTESIAN_POINT('',(22.0000015199184,88.0000001192093,0.));
#6499=CARTESIAN_POINT('',(22.0000015199184,88.0000001192093,-3.));
#6500=CARTESIAN_POINT('Origin',(30.0000016391277,80.,0.));
#6501=CARTESIAN_POINT('',(21.6867073610821,88.3132942780457,0.));
#6502=CARTESIAN_POINT('',(22.0000015199184,88.0000001192093,-3.));
#6503=CARTESIAN_POINT('Origin',(32.0000016689301,80.,-3.));
#6504=CARTESIAN_POINT('Origin',(-10.0000001490116,59.9999985098839,0.));
#6505=CARTESIAN_POINT('',(-10.0000001490116,59.9999985098839,0.));
#6506=CARTESIAN_POINT('',(0.,49.9999983608723,0.));
#6507=CARTESIAN_POINT('',(-13.3132943525515,63.3132927134238,0.));
#6508=CARTESIAN_POINT('',(-10.0000001490116,59.9999985098839,-3.));
#6509=CARTESIAN_POINT('',(-10.0000001490116,59.9999985098839,0.));
#6510=CARTESIAN_POINT('',(0.,49.9999983608723,-3.));
#6511=CARTESIAN_POINT('',(-10.0000001490116,59.9999985098839,-3.));
#6512=CARTESIAN_POINT('',(0.,49.9999983608723,0.));
#6513=CARTESIAN_POINT('Origin',(0.,34.9999981373549,0.));
#6514=CARTESIAN_POINT('',(0.,34.9999981373549,0.));
#6515=CARTESIAN_POINT('',(-8.31951333374139,55.7987814717083,0.));
#6516=CARTESIAN_POINT('',(0.,34.9999981373549,-3.));
#6517=CARTESIAN_POINT('',(0.,34.9999981373549,0.));
#6518=CARTESIAN_POINT('',(-10.0000001490116,59.9999985098839,-3.));
#6519=CARTESIAN_POINT('Origin',(10.0000001490116,59.9999985098839,0.));
#6520=CARTESIAN_POINT('',(10.0000001490116,59.9999985098839,0.));
#6521=CARTESIAN_POINT('',(13.3195134082472,68.2987816579728,0.));
#6522=CARTESIAN_POINT('',(10.0000001490116,59.9999985098839,-3.));
#6523=CARTESIAN_POINT('',(10.0000001490116,59.9999985098839,0.));
#6524=CARTESIAN_POINT('',(10.0000001490116,59.9999985098839,-3.));
#6525=CARTESIAN_POINT('Origin',(0.,49.9999983608723,0.));
#6526=CARTESIAN_POINT('',(8.31329427804561,58.3132926389179,0.));
#6527=CARTESIAN_POINT('',(10.0000001490116,59.9999985098839,-3.));
#6528=CARTESIAN_POINT('Origin',(0.,47.4999983236194,-3.));
#6529=CARTESIAN_POINT('Origin',(-22.0000015199184,88.0000001192093,0.));
#6530=CARTESIAN_POINT('',(-22.0000015199184,88.0000001192093,0.));
#6531=CARTESIAN_POINT('',(-30.0000016391277,80.,0.));
#6532=CARTESIAN_POINT('',(-17.6867073014775,92.3132943376503,0.));
#6533=CARTESIAN_POINT('',(-22.0000015199184,88.0000001192093,-3.));
#6534=CARTESIAN_POINT('',(-22.0000015199184,88.0000001192093,0.));
#6535=CARTESIAN_POINT('',(-30.0000016391277,80.,-3.));
#6536=CARTESIAN_POINT('',(-22.0000015199184,88.0000001192093,-3.));
#6537=CARTESIAN_POINT('',(-30.0000016391277,80.,0.));
#6538=CARTESIAN_POINT('Origin',(-42.0000018179417,80.,0.));
#6539=CARTESIAN_POINT('',(-42.0000018179417,80.,0.));
#6540=CARTESIAN_POINT('',(-23.3356604355436,87.4657365529592,0.));
#6541=CARTESIAN_POINT('',(-42.0000018179417,80.,-3.));
#6542=CARTESIAN_POINT('',(-42.0000018179417,80.,0.));
#6543=CARTESIAN_POINT('',(-22.0000015199184,88.0000001192093,-3.));
#6544=CARTESIAN_POINT('Origin',(-22.0000015199184,71.9999998807907,0.));
#6545=CARTESIAN_POINT('',(-22.0000015199184,71.9999998807907,0.));
#6546=CARTESIAN_POINT('',(-14.457444932413,68.9829772457885,0.));
#6547=CARTESIAN_POINT('',(-22.0000015199184,71.9999998807907,-3.));
#6548=CARTESIAN_POINT('',(-22.0000015199184,71.9999998807907,0.));
#6549=CARTESIAN_POINT('',(-22.0000015199184,71.9999998807907,-3.));
#6550=CARTESIAN_POINT('Origin',(-30.0000016391277,80.,0.));
#6551=CARTESIAN_POINT('',(-23.3132950976095,73.3132934584818,0.));
#6552=CARTESIAN_POINT('',(-22.0000015199184,71.9999998807907,-3.));
#6553=CARTESIAN_POINT('Origin',(-32.0000016689301,80.,-3.));
#6554=CARTESIAN_POINT('Ctrl Pts',(-0.0613916665315628,104.677355512977,
6.26524693336094E-16));
#6555=CARTESIAN_POINT('Ctrl Pts',(-0.0613916665315628,104.677355512977,
-3.));
#6556=CARTESIAN_POINT('Ctrl Pts',(0.514023479578159,104.656844912989,6.94480900960223E-16));
#6557=CARTESIAN_POINT('Ctrl Pts',(0.514023479578159,104.656844912989,-3.));
#6558=CARTESIAN_POINT('Ctrl Pts',(1.56566176941769,104.619359399374,8.1867879608513E-16));
#6559=CARTESIAN_POINT('Ctrl Pts',(1.56566176941769,104.619359399374,-3.));
#6560=CARTESIAN_POINT('Ctrl Pts',(2.45057328446715,104.058300452516,8.5833929718829E-16));
#6561=CARTESIAN_POINT('Ctrl Pts',(2.45057328446715,104.058300452516,-3.));
#6562=CARTESIAN_POINT('Ctrl Pts',(2.85129599273205,103.80423091352,8.76299130621255E-16));
#6563=CARTESIAN_POINT('Ctrl Pts',(2.85129599273205,103.80423091352,-3.));
#6564=CARTESIAN_POINT('',(-0.0613916665315628,104.677355512977,6.26524693336094E-16));
#6565=CARTESIAN_POINT('',(2.85129599273205,103.80423091352,8.76299130621255E-16));
#6566=CARTESIAN_POINT('Ctrl Pts',(-0.0613916665315628,104.677355512977,
6.26524693336094E-16));
#6567=CARTESIAN_POINT('Ctrl Pts',(0.514023479578159,104.656844912989,6.94480900960223E-16));
#6568=CARTESIAN_POINT('Ctrl Pts',(1.56566176941769,104.619359399374,8.1867879608513E-16));
#6569=CARTESIAN_POINT('Ctrl Pts',(2.45057328446715,104.058300452516,8.5833929718829E-16));
#6570=CARTESIAN_POINT('Ctrl Pts',(2.85129599273205,103.80423091352,8.76299130621255E-16));
#6571=CARTESIAN_POINT('',(-0.0613916665315628,104.677355512977,-3.));
#6572=CARTESIAN_POINT('',(-0.0613916665315628,104.677355512977,6.26524693336094E-16));
#6573=CARTESIAN_POINT('',(2.85129599273205,103.80423091352,-3.));
#6574=CARTESIAN_POINT('Ctrl Pts',(-0.0613916665315628,104.677355512977,
-3.));
#6575=CARTESIAN_POINT('Ctrl Pts',(0.514023479578159,104.656844912989,-3.));
#6576=CARTESIAN_POINT('Ctrl Pts',(1.56566176941769,104.619359399374,-3.));
#6577=CARTESIAN_POINT('Ctrl Pts',(2.45057328446715,104.058300452516,-3.));
#6578=CARTESIAN_POINT('Ctrl Pts',(2.85129599273205,103.80423091352,-3.));
#6579=CARTESIAN_POINT('',(2.85129599273205,103.80423091352,8.76299130621255E-16));
#6580=CARTESIAN_POINT('Ctrl Pts',(-2.23738081753254,104.31582711637,3.15768419090328E-16));
#6581=CARTESIAN_POINT('Ctrl Pts',(-2.23738081753254,104.31582711637,-3.));
#6582=CARTESIAN_POINT('Ctrl Pts',(-1.91312152147753,104.421086160052,3.68369245083742E-16));
#6583=CARTESIAN_POINT('Ctrl Pts',(-1.91312152147753,104.421086160052,-3.));
#6584=CARTESIAN_POINT('Ctrl Pts',(-1.20675931318727,104.650381083721,4.82954196259039E-16));
#6585=CARTESIAN_POINT('Ctrl Pts',(-1.20675931318727,104.650381083721,-3.));
#6586=CARTESIAN_POINT('Ctrl Pts',(-0.463470065842951,104.667886208191,5.76124635484247E-16));
#6587=CARTESIAN_POINT('Ctrl Pts',(-0.463470065842951,104.667886208191,-3.));
#6588=CARTESIAN_POINT('Ctrl Pts',(-0.0613916665315628,104.677355512977,
6.26524693336094E-16));
#6589=CARTESIAN_POINT('Ctrl Pts',(-0.0613916665315628,104.677355512977,
-3.));
#6590=CARTESIAN_POINT('',(-2.23738081753254,104.31582711637,3.15768419090328E-16));
#6591=CARTESIAN_POINT('Ctrl Pts',(-2.23738081753254,104.31582711637,3.15768419090328E-16));
#6592=CARTESIAN_POINT('Ctrl Pts',(-1.91312152147753,104.421086160052,3.68369245083742E-16));
#6593=CARTESIAN_POINT('Ctrl Pts',(-1.20675931318727,104.650381083721,4.82954196259039E-16));
#6594=CARTESIAN_POINT('Ctrl Pts',(-0.463470065842951,104.667886208191,5.76124635484247E-16));
#6595=CARTESIAN_POINT('Ctrl Pts',(-0.0613916665315628,104.677355512977,
6.26524693336094E-16));
#6596=CARTESIAN_POINT('',(-2.23738081753254,104.31582711637,-3.));
#6597=CARTESIAN_POINT('',(-2.23738081753254,104.31582711637,3.15768419090328E-16));
#6598=CARTESIAN_POINT('Ctrl Pts',(-2.23738081753254,104.31582711637,-3.));
#6599=CARTESIAN_POINT('Ctrl Pts',(-1.91312152147753,104.421086160052,-3.));
#6600=CARTESIAN_POINT('Ctrl Pts',(-1.20675931318727,104.650381083721,-3.));
#6601=CARTESIAN_POINT('Ctrl Pts',(-0.463470065842951,104.667886208191,-3.));
#6602=CARTESIAN_POINT('Ctrl Pts',(-0.0613916665315628,104.677355512977,
-3.));
#6603=CARTESIAN_POINT('Ctrl Pts',(-3.58799465000629,103.197137340903,1.33659431315719E-17));
#6604=CARTESIAN_POINT('Ctrl Pts',(-3.58799465000629,103.197137340903,-3.));
#6605=CARTESIAN_POINT('Ctrl Pts',(-3.40994799547062,103.432332970469,6.39735271812279E-17));
#6606=CARTESIAN_POINT('Ctrl Pts',(-3.40994799547062,103.432332970469,-3.));
#6607=CARTESIAN_POINT('Ctrl Pts',(-3.04770150624235,103.910852442312,1.66937661487044E-16));
#6608=CARTESIAN_POINT('Ctrl Pts',(-3.04770150624235,103.910852442312,-3.));
#6609=CARTESIAN_POINT('Ctrl Pts',(-2.51052921358608,104.179315505347,2.6559953744978E-16));
#6610=CARTESIAN_POINT('Ctrl Pts',(-2.51052921358608,104.179315505347,-3.));
#6611=CARTESIAN_POINT('Ctrl Pts',(-2.23738081753254,104.31582711637,3.15768419090328E-16));
#6612=CARTESIAN_POINT('Ctrl Pts',(-2.23738081753254,104.31582711637,-3.));
#6613=CARTESIAN_POINT('',(-3.58799465000629,103.197137340903,1.33659431315719E-17));
#6614=CARTESIAN_POINT('Ctrl Pts',(-3.58799465000629,103.197137340903,1.33659431315719E-17));
#6615=CARTESIAN_POINT('Ctrl Pts',(-3.40994799547062,103.432332970469,6.39735271812279E-17));
#6616=CARTESIAN_POINT('Ctrl Pts',(-3.04770150624235,103.910852442312,1.66937661487044E-16));
#6617=CARTESIAN_POINT('Ctrl Pts',(-2.51052921358608,104.179315505347,2.6559953744978E-16));
#6618=CARTESIAN_POINT('Ctrl Pts',(-2.23738081753254,104.31582711637,3.15768419090328E-16));
#6619=CARTESIAN_POINT('',(-3.58799465000629,103.197137340903,-3.));
#6620=CARTESIAN_POINT('',(-3.58799465000629,103.197137340903,1.33659431315719E-17));
#6621=CARTESIAN_POINT('Ctrl Pts',(-3.58799465000629,103.197137340903,-3.));
#6622=CARTESIAN_POINT('Ctrl Pts',(-3.40994799547062,103.432332970469,-3.));
#6623=CARTESIAN_POINT('Ctrl Pts',(-3.04770150624235,103.910852442312,-3.));
#6624=CARTESIAN_POINT('Ctrl Pts',(-2.51052921358608,104.179315505347,-3.));
#6625=CARTESIAN_POINT('Ctrl Pts',(-2.23738081753254,104.31582711637,-3.));
#6626=CARTESIAN_POINT('Ctrl Pts',(-4.06548507511616,101.58731482923,-2.42256167553425E-16));
#6627=CARTESIAN_POINT('Ctrl Pts',(-4.06548507511616,101.58731482923,-3.));
#6628=CARTESIAN_POINT('Ctrl Pts',(-4.04487662759275,101.87037578293,-2.05067391532691E-16));
#6629=CARTESIAN_POINT('Ctrl Pts',(-4.04487662759275,101.87037578293,-3.));
#6630=CARTESIAN_POINT('Ctrl Pts',(-4.0032819647893,102.441686402452,-1.30008142314716E-16));
#6631=CARTESIAN_POINT('Ctrl Pts',(-4.0032819647893,102.441686402452,-3.));
#6632=CARTESIAN_POINT('Ctrl Pts',(-3.72725937843464,102.943800275119,-3.4713909930575E-17));
#6633=CARTESIAN_POINT('Ctrl Pts',(-3.72725937843464,102.943800275119,-3.));
#6634=CARTESIAN_POINT('Ctrl Pts',(-3.58799465000629,103.197137340903,1.33659431315719E-17));
#6635=CARTESIAN_POINT('Ctrl Pts',(-3.58799465000629,103.197137340903,-3.));
#6636=CARTESIAN_POINT('',(-4.06548507511616,101.58731482923,-2.42256167553425E-16));
#6637=CARTESIAN_POINT('Ctrl Pts',(-4.06548507511616,101.58731482923,-2.42256167553425E-16));
#6638=CARTESIAN_POINT('Ctrl Pts',(-4.04487662759275,101.87037578293,-2.05067391532691E-16));
#6639=CARTESIAN_POINT('Ctrl Pts',(-4.0032819647893,102.441686402452,-1.30008142314716E-16));
#6640=CARTESIAN_POINT('Ctrl Pts',(-3.72725937843464,102.943800275119,-3.4713909930575E-17));
#6641=CARTESIAN_POINT('Ctrl Pts',(-3.58799465000629,103.197137340903,1.33659431315719E-17));
#6642=CARTESIAN_POINT('',(-4.06548507511616,101.58731482923,-3.));
#6643=CARTESIAN_POINT('',(-4.06548507511616,101.58731482923,-2.42256167553425E-16));
#6644=CARTESIAN_POINT('Ctrl Pts',(-4.06548507511616,101.58731482923,-3.));
#6645=CARTESIAN_POINT('Ctrl Pts',(-4.04487662759275,101.87037578293,-3.));
#6646=CARTESIAN_POINT('Ctrl Pts',(-4.0032819647893,102.441686402452,-3.));
#6647=CARTESIAN_POINT('Ctrl Pts',(-3.72725937843464,102.943800275119,-3.));
#6648=CARTESIAN_POINT('Ctrl Pts',(-3.58799465000629,103.197137340903,-3.));
#6649=CARTESIAN_POINT('Ctrl Pts',(-3.66302855312824,99.9979557842016,-3.87609805127604E-16));
#6650=CARTESIAN_POINT('Ctrl Pts',(-3.66302855312824,99.9979557842016,-3.));
#6651=CARTESIAN_POINT('Ctrl Pts',(-3.78030008571755,100.232900901185,-3.73198947280408E-16));
#6652=CARTESIAN_POINT('Ctrl Pts',(-3.78030008571755,100.232900901185,-3.));
#6653=CARTESIAN_POINT('Ctrl Pts',(-4.02965944478068,100.732474518859,-3.42556538189434E-16));
#6654=CARTESIAN_POINT('Ctrl Pts',(-4.02965944478068,100.732474518859,-3.));
#6655=CARTESIAN_POINT('Ctrl Pts',(-4.0530793481309,101.291300065299,-2.76988257483988E-16));
#6656=CARTESIAN_POINT('Ctrl Pts',(-4.0530793481309,101.291300065299,-3.));
#6657=CARTESIAN_POINT('Ctrl Pts',(-4.06548507511616,101.58731482923,-2.42256167553425E-16));
#6658=CARTESIAN_POINT('Ctrl Pts',(-4.06548507511616,101.58731482923,-3.));
#6659=CARTESIAN_POINT('',(-3.66302855312824,99.9979557842016,-3.87609805127604E-16));
#6660=CARTESIAN_POINT('Ctrl Pts',(-3.66302855312824,99.9979557842016,-3.87609805127604E-16));
#6661=CARTESIAN_POINT('Ctrl Pts',(-3.78030008571755,100.232900901185,-3.73198947280408E-16));
#6662=CARTESIAN_POINT('Ctrl Pts',(-4.02965944478068,100.732474518859,-3.42556538189434E-16));
#6663=CARTESIAN_POINT('Ctrl Pts',(-4.0530793481309,101.291300065299,-2.76988257483988E-16));
#6664=CARTESIAN_POINT('Ctrl Pts',(-4.06548507511616,101.58731482923,-2.42256167553425E-16));
#6665=CARTESIAN_POINT('',(-3.66302855312824,99.9979557842016,-3.));
#6666=CARTESIAN_POINT('',(-3.66302855312824,99.9979557842016,-3.87609805127604E-16));
#6667=CARTESIAN_POINT('Ctrl Pts',(-3.66302855312824,99.9979557842016,-3.));
#6668=CARTESIAN_POINT('Ctrl Pts',(-3.78030008571755,100.232900901185,-3.));
#6669=CARTESIAN_POINT('Ctrl Pts',(-4.02965944478068,100.732474518859,-3.));
#6670=CARTESIAN_POINT('Ctrl Pts',(-4.0530793481309,101.291300065299,-3.));
#6671=CARTESIAN_POINT('Ctrl Pts',(-4.06548507511616,101.58731482923,-3.));
#6672=CARTESIAN_POINT('Ctrl Pts',(-2.55798108875751,98.9815851300955,-3.76750027942692E-16));
#6673=CARTESIAN_POINT('Ctrl Pts',(-2.55798108875751,98.9815851300955,-3.));
#6674=CARTESIAN_POINT('Ctrl Pts',(-2.78045195100694,99.1145166268381,-3.87715437679253E-16));
#6675=CARTESIAN_POINT('Ctrl Pts',(-2.78045195100694,99.1145166268381,-3.));
#6676=CARTESIAN_POINT('Ctrl Pts',(-3.21942456764111,99.376812940019,-4.09352044630177E-16));
#6677=CARTESIAN_POINT('Ctrl Pts',(-3.21942456764111,99.376812940019,-3.));
#6678=CARTESIAN_POINT('Ctrl Pts',(-3.51650712474541,99.7927936582133,-3.94791219389833E-16));
#6679=CARTESIAN_POINT('Ctrl Pts',(-3.51650712474541,99.7927936582133,-3.));
#6680=CARTESIAN_POINT('Ctrl Pts',(-3.66302855312824,99.9979557842016,-3.87609805127604E-16));
#6681=CARTESIAN_POINT('Ctrl Pts',(-3.66302855312824,99.9979557842016,-3.));
#6682=CARTESIAN_POINT('',(-2.55798108875751,98.9815851300955,-3.76750027942692E-16));
#6683=CARTESIAN_POINT('Ctrl Pts',(-2.55798108875751,98.9815851300955,-3.76750027942692E-16));
#6684=CARTESIAN_POINT('Ctrl Pts',(-2.78045195100694,99.1145166268381,-3.87715437679253E-16));
#6685=CARTESIAN_POINT('Ctrl Pts',(-3.21942456764111,99.376812940019,-4.09352044630177E-16));
#6686=CARTESIAN_POINT('Ctrl Pts',(-3.51650712474541,99.7927936582133,-3.94791219389833E-16));
#6687=CARTESIAN_POINT('Ctrl Pts',(-3.66302855312824,99.9979557842016,-3.87609805127604E-16));
#6688=CARTESIAN_POINT('',(-2.55798108875751,98.9815851300955,-3.));
#6689=CARTESIAN_POINT('',(-2.55798108875751,98.9815851300955,-3.76750027942692E-16));
#6690=CARTESIAN_POINT('Ctrl Pts',(-2.55798108875751,98.9815851300955,-3.));
#6691=CARTESIAN_POINT('Ctrl Pts',(-2.78045195100694,99.1145166268381,-3.));
#6692=CARTESIAN_POINT('Ctrl Pts',(-3.21942456764111,99.376812940019,-3.));
#6693=CARTESIAN_POINT('Ctrl Pts',(-3.51650712474541,99.7927936582133,-3.));
#6694=CARTESIAN_POINT('Ctrl Pts',(-3.66302855312824,99.9979557842016,-3.));
#6695=CARTESIAN_POINT('Ctrl Pts',(-0.381991937756538,98.258528932929,-1.98817058813775E-16));
#6696=CARTESIAN_POINT('Ctrl Pts',(-0.381991937756538,98.258528932929,-3.));
#6697=CARTESIAN_POINT('Ctrl Pts',(-0.813879233063236,98.362212133061,-2.39010468276058E-16));
#6698=CARTESIAN_POINT('Ctrl Pts',(-0.813879233063236,98.362212133061,-3.));
#6699=CARTESIAN_POINT('Ctrl Pts',(-1.56039550534172,98.5414283241866,-3.08484691130051E-16));
#6700=CARTESIAN_POINT('Ctrl Pts',(-1.56039550534172,98.5414283241866,-3.));
#6701=CARTESIAN_POINT('Ctrl Pts',(-2.26219751740037,98.851078881636,-3.5650939349687E-16));
#6702=CARTESIAN_POINT('Ctrl Pts',(-2.26219751740037,98.851078881636,-3.));
#6703=CARTESIAN_POINT('Ctrl Pts',(-2.55798108875751,98.9815851300955,-3.76750027942692E-16));
#6704=CARTESIAN_POINT('Ctrl Pts',(-2.55798108875751,98.9815851300955,-3.));
#6705=CARTESIAN_POINT('',(-0.381991937756538,98.258528932929,-1.98817058813775E-16));
#6706=CARTESIAN_POINT('Ctrl Pts',(-0.381991937756538,98.258528932929,-1.98817058813775E-16));
#6707=CARTESIAN_POINT('Ctrl Pts',(-0.813879233063236,98.362212133061,-2.39010468276058E-16));
#6708=CARTESIAN_POINT('Ctrl Pts',(-1.56039550534172,98.5414283241866,-3.08484691130051E-16));
#6709=CARTESIAN_POINT('Ctrl Pts',(-2.26219751740037,98.851078881636,-3.5650939349687E-16));
#6710=CARTESIAN_POINT('Ctrl Pts',(-2.55798108875751,98.9815851300955,-3.76750027942692E-16));
#6711=CARTESIAN_POINT('',(-0.381991937756538,98.258528932929,-3.));
#6712=CARTESIAN_POINT('',(-0.381991937756538,98.258528932929,-1.98817058813775E-16));
#6713=CARTESIAN_POINT('Ctrl Pts',(-0.381991937756538,98.258528932929,-3.));
#6714=CARTESIAN_POINT('Ctrl Pts',(-0.813879233063236,98.362212133061,-3.));
#6715=CARTESIAN_POINT('Ctrl Pts',(-1.56039550534172,98.5414283241866,-3.));
#6716=CARTESIAN_POINT('Ctrl Pts',(-2.26219751740037,98.851078881636,-3.));
#6717=CARTESIAN_POINT('Ctrl Pts',(-2.55798108875751,98.9815851300955,-3.));
#6718=CARTESIAN_POINT('Ctrl Pts',(1.47339694201946,97.5900431722403,-5.34633482449576E-17));
#6719=CARTESIAN_POINT('Ctrl Pts',(1.47339694201946,97.5900431722403,-3.));
#6720=CARTESIAN_POINT('Ctrl Pts',(1.25816155602935,97.7070308801104,-6.54952186982899E-17));
#6721=CARTESIAN_POINT('Ctrl Pts',(1.25816155602935,97.7070308801104,-3.));
#6722=CARTESIAN_POINT('Ctrl Pts',(0.676020642362188,98.0234441447511,-9.80374701808115E-17));
#6723=CARTESIAN_POINT('Ctrl Pts',(0.676020642362188,98.0234441447511,-3.));
#6724=CARTESIAN_POINT('Ctrl Pts',(0.0270403783518214,98.1676441200287,-1.59855226667731E-16));
#6725=CARTESIAN_POINT('Ctrl Pts',(0.0270403783518214,98.1676441200287,-3.));
#6726=CARTESIAN_POINT('Ctrl Pts',(-0.381991937756538,98.258528932929,-1.98817058813775E-16));
#6727=CARTESIAN_POINT('Ctrl Pts',(-0.381991937756538,98.258528932929,-3.));
#6728=CARTESIAN_POINT('',(1.47339694201946,97.5900431722403,-5.34633482449576E-17));
#6729=CARTESIAN_POINT('Ctrl Pts',(1.47339694201946,97.5900431722403,-5.34633482449576E-17));
#6730=CARTESIAN_POINT('Ctrl Pts',(1.25816155602935,97.7070308801104,-6.54952186982899E-17));
#6731=CARTESIAN_POINT('Ctrl Pts',(0.676020642362188,98.0234441447511,-9.80374701808115E-17));
#6732=CARTESIAN_POINT('Ctrl Pts',(0.0270403783518214,98.1676441200287,-1.59855226667731E-16));
#6733=CARTESIAN_POINT('Ctrl Pts',(-0.381991937756538,98.258528932929,-1.98817058813775E-16));
#6734=CARTESIAN_POINT('',(1.47339694201946,97.5900431722403,-3.));
#6735=CARTESIAN_POINT('',(1.47339694201946,97.5900431722403,-5.34633482449576E-17));
#6736=CARTESIAN_POINT('Ctrl Pts',(1.47339694201946,97.5900431722403,-3.));
#6737=CARTESIAN_POINT('Ctrl Pts',(1.25816155602935,97.7070308801104,-3.));
#6738=CARTESIAN_POINT('Ctrl Pts',(0.676020642362188,98.0234441447511,-3.));
#6739=CARTESIAN_POINT('Ctrl Pts',(0.0270403783518214,98.1676441200287,-3.));
#6740=CARTESIAN_POINT('Ctrl Pts',(-0.381991937756538,98.258528932929,-3.));
#6741=CARTESIAN_POINT('Ctrl Pts',(1.7735331505537,96.9829490035772,-9.10548565794092E-17));
#6742=CARTESIAN_POINT('Ctrl Pts',(1.7735331505537,96.9829490035772,-3.));
#6743=CARTESIAN_POINT('Ctrl Pts',(1.75964145357838,97.0980626026309,-7.86587487410226E-17));
#6744=CARTESIAN_POINT('Ctrl Pts',(1.75964145357838,97.0980626026309,-3.));
#6745=CARTESIAN_POINT('Ctrl Pts',(1.73103045226851,97.3351477722225,-5.31280264519079E-17));
#6746=CARTESIAN_POINT('Ctrl Pts',(1.73103045226851,97.3351477722225,-3.));
#6747=CARTESIAN_POINT('Ctrl Pts',(1.56091504252063,97.5034552077535,-5.33494394356726E-17));
#6748=CARTESIAN_POINT('Ctrl Pts',(1.56091504252063,97.5034552077535,-3.));
#6749=CARTESIAN_POINT('Ctrl Pts',(1.47339694201946,97.5900431722403,-5.34633482449576E-17));
#6750=CARTESIAN_POINT('Ctrl Pts',(1.47339694201946,97.5900431722403,-3.));
#6751=CARTESIAN_POINT('',(1.7735331505537,96.9829490035772,-9.10548565794092E-17));
#6752=CARTESIAN_POINT('Ctrl Pts',(1.7735331505537,96.9829490035772,-9.10548565794092E-17));
#6753=CARTESIAN_POINT('Ctrl Pts',(1.75964145357838,97.0980626026309,-7.86587487410226E-17));
#6754=CARTESIAN_POINT('Ctrl Pts',(1.73103045226851,97.3351477722225,-5.31280264519079E-17));
#6755=CARTESIAN_POINT('Ctrl Pts',(1.56091504252063,97.5034552077535,-5.33494394356726E-17));
#6756=CARTESIAN_POINT('Ctrl Pts',(1.47339694201946,97.5900431722403,-5.34633482449576E-17));
#6757=CARTESIAN_POINT('',(1.7735331505537,96.9829490035772,-3.));
#6758=CARTESIAN_POINT('',(1.7735331505537,96.9829490035772,-9.10548565794092E-17));
#6759=CARTESIAN_POINT('Ctrl Pts',(1.7735331505537,96.9829490035772,-3.));
#6760=CARTESIAN_POINT('Ctrl Pts',(1.75964145357838,97.0980626026309,-3.));
#6761=CARTESIAN_POINT('Ctrl Pts',(1.73103045226851,97.3351477722225,-3.));
#6762=CARTESIAN_POINT('Ctrl Pts',(1.56091504252063,97.5034552077535,-3.));
#6763=CARTESIAN_POINT('Ctrl Pts',(1.47339694201946,97.5900431722403,-3.));
#6764=CARTESIAN_POINT('Ctrl Pts',(1.45293287932873,96.362212523818,-2.06335360480665E-16));
#6765=CARTESIAN_POINT('Ctrl Pts',(1.45293287932873,96.362212523818,-3.));
#6766=CARTESIAN_POINT('Ctrl Pts',(1.54644071775181,96.445717820434,-1.84657503557399E-16));
#6767=CARTESIAN_POINT('Ctrl Pts',(1.54644071775181,96.445717820434,-3.));
#6768=CARTESIAN_POINT('Ctrl Pts',(1.73249069561602,96.6118660155902,-1.41525667031898E-16));
#6769=CARTESIAN_POINT('Ctrl Pts',(1.73249069561602,96.6118660155902,-3.));
#6770=CARTESIAN_POINT('Ctrl Pts',(1.75989975480444,96.8596834426178,-1.07820143493404E-16));
#6771=CARTESIAN_POINT('Ctrl Pts',(1.75989975480444,96.8596834426178,-3.));
#6772=CARTESIAN_POINT('Ctrl Pts',(1.7735331505537,96.9829490035772,-9.10548565794092E-17));
#6773=CARTESIAN_POINT('Ctrl Pts',(1.7735331505537,96.9829490035772,-3.));
#6774=CARTESIAN_POINT('',(1.45293287932873,96.362212523818,-2.06335360480665E-16));
#6775=CARTESIAN_POINT('Ctrl Pts',(1.45293287932873,96.362212523818,-2.06335360480665E-16));
#6776=CARTESIAN_POINT('Ctrl Pts',(1.54644071775181,96.445717820434,-1.84657503557399E-16));
#6777=CARTESIAN_POINT('Ctrl Pts',(1.73249069561602,96.6118660155902,-1.41525667031898E-16));
#6778=CARTESIAN_POINT('Ctrl Pts',(1.75989975480444,96.8596834426178,-1.07820143493404E-16));
#6779=CARTESIAN_POINT('Ctrl Pts',(1.7735331505537,96.9829490035772,-9.10548565794092E-17));
#6780=CARTESIAN_POINT('',(1.45293287932873,96.362212523818,-3.));
#6781=CARTESIAN_POINT('',(1.45293287932873,96.362212523818,-2.06335360480665E-16));
#6782=CARTESIAN_POINT('Ctrl Pts',(1.45293287932873,96.362212523818,-3.));
#6783=CARTESIAN_POINT('Ctrl Pts',(1.54644071775181,96.445717820434,-3.));
#6784=CARTESIAN_POINT('Ctrl Pts',(1.73249069561602,96.6118660155902,-3.));
#6785=CARTESIAN_POINT('Ctrl Pts',(1.75989975480444,96.8596834426178,-3.));
#6786=CARTESIAN_POINT('Ctrl Pts',(1.7735331505537,96.9829490035772,-3.));
#6787=CARTESIAN_POINT('Ctrl Pts',(0.0750338286161423,96.000684723258,-4.19353713056858E-16));
#6788=CARTESIAN_POINT('Ctrl Pts',(0.0750338286161423,96.000684723258,-3.));
#6789=CARTESIAN_POINT('Ctrl Pts',(0.342559987855516,96.0091131136151,-3.85559027469511E-16));
#6790=CARTESIAN_POINT('Ctrl Pts',(0.342559987855516,96.0091131136151,-3.));
#6791=CARTESIAN_POINT('Ctrl Pts',(0.831137554487303,96.0245057109708,-3.23840482650203E-16));
#6792=CARTESIAN_POINT('Ctrl Pts',(0.831137554487303,96.0245057109708,-3.));
#6793=CARTESIAN_POINT('Ctrl Pts',(1.25924189897491,96.2570159084057,-2.42938534226652E-16));
#6794=CARTESIAN_POINT('Ctrl Pts',(1.25924189897491,96.2570159084057,-3.));
#6795=CARTESIAN_POINT('Ctrl Pts',(1.45293287932873,96.362212523818,-2.06335360480665E-16));
#6796=CARTESIAN_POINT('Ctrl Pts',(1.45293287932873,96.362212523818,-3.));
#6797=CARTESIAN_POINT('',(0.0750338286161423,96.000684723258,-4.19353713056858E-16));
#6798=CARTESIAN_POINT('Ctrl Pts',(0.0750338286161423,96.000684723258,-4.19353713056858E-16));
#6799=CARTESIAN_POINT('Ctrl Pts',(0.342559987855516,96.0091131136151,-3.85559027469511E-16));
#6800=CARTESIAN_POINT('Ctrl Pts',(0.831137554487303,96.0245057109708,-3.23840482650203E-16));
#6801=CARTESIAN_POINT('Ctrl Pts',(1.25924189897491,96.2570159084057,-2.42938534226652E-16));
#6802=CARTESIAN_POINT('Ctrl Pts',(1.45293287932873,96.362212523818,-2.06335360480665E-16));
#6803=CARTESIAN_POINT('',(0.0750338286161423,96.000684723258,-3.));
#6804=CARTESIAN_POINT('',(0.0750338286161423,96.000684723258,-4.19353713056858E-16));
#6805=CARTESIAN_POINT('Ctrl Pts',(0.0750338286161423,96.000684723258,-3.));
#6806=CARTESIAN_POINT('Ctrl Pts',(0.342559987855516,96.0091131136151,-3.));
#6807=CARTESIAN_POINT('Ctrl Pts',(0.831137554487303,96.0245057109708,-3.));
#6808=CARTESIAN_POINT('Ctrl Pts',(1.25924189897491,96.2570159084057,-3.));
#6809=CARTESIAN_POINT('Ctrl Pts',(1.45293287932873,96.362212523818,-3.));
#6810=CARTESIAN_POINT('Ctrl Pts',(-1.20054610073566,96.3417490571737,-5.33798866327268E-16));
#6811=CARTESIAN_POINT('Ctrl Pts',(-1.20054610073566,96.3417490571737,-3.));
#6812=CARTESIAN_POINT('Ctrl Pts',(-1.02776663125661,96.242639894937,-5.24776855731613E-16));
#6813=CARTESIAN_POINT('Ctrl Pts',(-1.02776663125661,96.242639894937,-3.));
#6814=CARTESIAN_POINT('Ctrl Pts',(-0.634886636696919,96.0172774300691,-5.04261875077804E-16));
#6815=CARTESIAN_POINT('Ctrl Pts',(-0.634886636696919,96.0172774300691,-3.));
#6816=CARTESIAN_POINT('Ctrl Pts',(-0.179874544773242,96.0066426017951,-4.49841355723558E-16));
#6817=CARTESIAN_POINT('Ctrl Pts',(-0.179874544773242,96.0066426017951,-3.));
#6818=CARTESIAN_POINT('Ctrl Pts',(0.0750338286161423,96.000684723258,-4.19353713056858E-16));
#6819=CARTESIAN_POINT('Ctrl Pts',(0.0750338286161423,96.000684723258,-3.));
#6820=CARTESIAN_POINT('',(-1.20054610073566,96.3417490571737,-5.33798866327268E-16));
#6821=CARTESIAN_POINT('Ctrl Pts',(-1.20054610073566,96.3417490571737,-5.33798866327268E-16));
#6822=CARTESIAN_POINT('Ctrl Pts',(-1.02776663125661,96.242639894937,-5.24776855731613E-16));
#6823=CARTESIAN_POINT('Ctrl Pts',(-0.634886636696919,96.0172774300691,-5.04261875077804E-16));
#6824=CARTESIAN_POINT('Ctrl Pts',(-0.179874544773242,96.0066426017951,-4.49841355723558E-16));
#6825=CARTESIAN_POINT('Ctrl Pts',(0.0750338286161423,96.000684723258,-4.19353713056858E-16));
#6826=CARTESIAN_POINT('',(-1.20054610073566,96.3417490571737,-3.));
#6827=CARTESIAN_POINT('',(-1.20054610073566,96.3417490571737,-5.33798866327268E-16));
#6828=CARTESIAN_POINT('Ctrl Pts',(-1.20054610073566,96.3417490571737,-3.));
#6829=CARTESIAN_POINT('Ctrl Pts',(-1.02776663125661,96.242639894937,-3.));
#6830=CARTESIAN_POINT('Ctrl Pts',(-0.634886636696919,96.0172774300691,-3.));
#6831=CARTESIAN_POINT('Ctrl Pts',(-0.179874544773242,96.0066426017951,-3.));
#6832=CARTESIAN_POINT('Ctrl Pts',(0.0750338286161423,96.000684723258,-3.));
#6833=CARTESIAN_POINT('Ctrl Pts',(-1.75989158451557,97.4467965215445,-4.66969647945376E-16));
#6834=CARTESIAN_POINT('Ctrl Pts',(-1.75989158451557,97.4467965215445,-3.));
#6835=CARTESIAN_POINT('Ctrl Pts',(-1.71256150669451,97.2151742147543,-4.89538936776851E-16));
#6836=CARTESIAN_POINT('Ctrl Pts',(-1.71256150669451,97.2151742147543,-3.));
#6837=CARTESIAN_POINT('Ctrl Pts',(-1.62642853519727,96.7936596416258,-5.30611337269914E-16));
#6838=CARTESIAN_POINT('Ctrl Pts',(-1.62642853519727,96.7936596416258,-3.));
#6839=CARTESIAN_POINT('Ctrl Pts',(-1.332817733065,96.4821045774664,-5.32808875575368E-16));
#6840=CARTESIAN_POINT('Ctrl Pts',(-1.332817733065,96.4821045774664,-3.));
#6841=CARTESIAN_POINT('Ctrl Pts',(-1.20054610073566,96.3417490571737,-5.33798866327268E-16));
#6842=CARTESIAN_POINT('Ctrl Pts',(-1.20054610073566,96.3417490571737,-3.));
#6843=CARTESIAN_POINT('',(-1.75989158451557,97.4467965215445,-4.66969647945376E-16));
#6844=CARTESIAN_POINT('Ctrl Pts',(-1.75989158451557,97.4467965215445,-4.66969647945376E-16));
#6845=CARTESIAN_POINT('Ctrl Pts',(-1.71256150669451,97.2151742147543,-4.89538936776851E-16));
#6846=CARTESIAN_POINT('Ctrl Pts',(-1.62642853519727,96.7936596416258,-5.30611337269914E-16));
#6847=CARTESIAN_POINT('Ctrl Pts',(-1.332817733065,96.4821045774664,-5.32808875575368E-16));
#6848=CARTESIAN_POINT('Ctrl Pts',(-1.20054610073566,96.3417490571737,-5.33798866327268E-16));
#6849=CARTESIAN_POINT('',(-1.75989158451557,97.4467965215445,-3.));
#6850=CARTESIAN_POINT('',(-1.75989158451557,97.4467965215445,-4.66969647945376E-16));
#6851=CARTESIAN_POINT('Ctrl Pts',(-1.75989158451557,97.4467965215445,-3.));
#6852=CARTESIAN_POINT('Ctrl Pts',(-1.71256150669451,97.2151742147543,-3.));
#6853=CARTESIAN_POINT('Ctrl Pts',(-1.62642853519727,96.7936596416258,-3.));
#6854=CARTESIAN_POINT('Ctrl Pts',(-1.332817733065,96.4821045774664,-3.));
#6855=CARTESIAN_POINT('Ctrl Pts',(-1.20054610073566,96.3417490571737,-3.));
#6856=CARTESIAN_POINT('Origin',(-3.77899058163166,97.3581197112799,-7.25097737528273E-16));
#6857=CARTESIAN_POINT('',(-3.77899058163166,97.3581197112799,-7.25097737528273E-16));
#6858=CARTESIAN_POINT('',(-2.20227411343005,97.4273675229481,6.16297582203915E-32));
#6859=CARTESIAN_POINT('',(-3.77899058163166,97.3581197112799,-3.));
#6860=CARTESIAN_POINT('',(-3.77899058163166,97.3581197112799,-7.25097737528273E-16));
#6861=CARTESIAN_POINT('',(-3.77899058163166,97.3581197112799,-3.));
#6862=CARTESIAN_POINT('Ctrl Pts',(-2.77626164257526,95.1548459380865,-8.72122076364145E-16));
#6863=CARTESIAN_POINT('Ctrl Pts',(-2.77626164257526,95.1548459380865,-3.));
#6864=CARTESIAN_POINT('Ctrl Pts',(-3.05693029728445,95.4584947749189,-8.6930781571605E-16));
#6865=CARTESIAN_POINT('Ctrl Pts',(-3.05693029728445,95.4584947749189,-3.));
#6866=CARTESIAN_POINT('Ctrl Pts',(-3.63269697539098,96.0814032442491,-8.63534611343232E-16));
#6867=CARTESIAN_POINT('Ctrl Pts',(-3.63269697539098,96.0814032442491,-3.));
#6868=CARTESIAN_POINT('Ctrl Pts',(-3.72941806598974,96.9254962449607,-7.72007949593999E-16));
#6869=CARTESIAN_POINT('Ctrl Pts',(-3.72941806598974,96.9254962449607,-3.));
#6870=CARTESIAN_POINT('Ctrl Pts',(-3.77899058163166,97.3581197112799,-7.25097737528273E-16));
#6871=CARTESIAN_POINT('Ctrl Pts',(-3.77899058163166,97.3581197112799,-3.));
#6872=CARTESIAN_POINT('',(-2.77626164257526,95.1548459380865,-8.72122076364145E-16));
#6873=CARTESIAN_POINT('Ctrl Pts',(-2.77626164257526,95.1548459380865,-8.72122076364145E-16));
#6874=CARTESIAN_POINT('Ctrl Pts',(-3.05693029728445,95.4584947749189,-8.6930781571605E-16));
#6875=CARTESIAN_POINT('Ctrl Pts',(-3.63269697539098,96.0814032442491,-8.63534611343232E-16));
#6876=CARTESIAN_POINT('Ctrl Pts',(-3.72941806598974,96.9254962449607,-7.72007949593999E-16));
#6877=CARTESIAN_POINT('Ctrl Pts',(-3.77899058163166,97.3581197112799,-7.25097737528273E-16));
#6878=CARTESIAN_POINT('',(-2.77626164257526,95.1548459380865,-3.));
#6879=CARTESIAN_POINT('',(-2.77626164257526,95.1548459380865,-8.72122076364145E-16));
#6880=CARTESIAN_POINT('Ctrl Pts',(-2.77626164257526,95.1548459380865,-3.));
#6881=CARTESIAN_POINT('Ctrl Pts',(-3.05693029728445,95.4584947749189,-3.));
#6882=CARTESIAN_POINT('Ctrl Pts',(-3.63269697539098,96.0814032442491,-3.));
#6883=CARTESIAN_POINT('Ctrl Pts',(-3.72941806598974,96.9254962449607,-3.));
#6884=CARTESIAN_POINT('Ctrl Pts',(-3.77899058163166,97.3581197112799,-3.));
#6885=CARTESIAN_POINT('Ctrl Pts',(0.0545703619718552,94.3294706195593,-6.26524465227853E-16));
#6886=CARTESIAN_POINT('Ctrl Pts',(0.0545703619718552,94.3294706195593,-3.));
#6887=CARTESIAN_POINT('Ctrl Pts',(-0.511463748066434,94.3460362556202,-6.93814946016729E-16));
#6888=CARTESIAN_POINT('Ctrl Pts',(-0.511463748066434,94.3460362556202,-3.));
#6889=CARTESIAN_POINT('Ctrl Pts',(-1.53188363604524,94.3759000115208,-8.15123085669267E-16));
#6890=CARTESIAN_POINT('Ctrl Pts',(-1.53188363604524,94.3759000115208,-3.));
#6891=CARTESIAN_POINT('Ctrl Pts',(-2.39287033779834,94.914853674024,-8.54560758742971E-16));
#6892=CARTESIAN_POINT('Ctrl Pts',(-2.39287033779834,94.914853674024,-3.));
#6893=CARTESIAN_POINT('Ctrl Pts',(-2.77626164257526,95.1548459380865,-8.72122076364145E-16));
#6894=CARTESIAN_POINT('Ctrl Pts',(-2.77626164257526,95.1548459380865,-3.));
#6895=CARTESIAN_POINT('',(0.0545703619718552,94.3294706195593,-6.26524465227853E-16));
#6896=CARTESIAN_POINT('Ctrl Pts',(0.0545703619718552,94.3294706195593,-6.26524465227853E-16));
#6897=CARTESIAN_POINT('Ctrl Pts',(-0.511463748066434,94.3460362556202,-6.93814946016729E-16));
#6898=CARTESIAN_POINT('Ctrl Pts',(-1.53188363604524,94.3759000115208,-8.15123085669267E-16));
#6899=CARTESIAN_POINT('Ctrl Pts',(-2.39287033779834,94.914853674024,-8.54560758742971E-16));
#6900=CARTESIAN_POINT('Ctrl Pts',(-2.77626164257526,95.1548459380865,-8.72122076364145E-16));
#6901=CARTESIAN_POINT('',(0.0545703619718552,94.3294706195593,-3.));
#6902=CARTESIAN_POINT('',(0.0545703619718552,94.3294706195593,-6.26524465227853E-16));
#6903=CARTESIAN_POINT('Ctrl Pts',(0.0545703619718552,94.3294706195593,-3.));
#6904=CARTESIAN_POINT('Ctrl Pts',(-0.511463748066434,94.3460362556202,-3.));
#6905=CARTESIAN_POINT('Ctrl Pts',(-1.53188363604524,94.3759000115208,-3.));
#6906=CARTESIAN_POINT('Ctrl Pts',(-2.39287033779834,94.914853674024,-3.));
#6907=CARTESIAN_POINT('Ctrl Pts',(-2.77626164257526,95.1548459380865,-3.));
#6908=CARTESIAN_POINT('Ctrl Pts',(2.02592067420483,94.6773561090231,-3.42499995126262E-16));
#6909=CARTESIAN_POINT('Ctrl Pts',(2.02592067420483,94.6773561090231,-3.));
#6910=CARTESIAN_POINT('Ctrl Pts',(1.72785176780682,94.5760095264031,-3.91414285141845E-16));
#6911=CARTESIAN_POINT('Ctrl Pts',(1.72785176780682,94.5760095264031,-3.));
#6912=CARTESIAN_POINT('Ctrl Pts',(1.08928397077321,94.3588897174883,-4.96205793911317E-16));
#6913=CARTESIAN_POINT('Ctrl Pts',(1.08928397077321,94.3588897174883,-3.));
#6914=CARTESIAN_POINT('Ctrl Pts',(0.414422086435243,94.3397019657326,-5.81202360440464E-16));
#6915=CARTESIAN_POINT('Ctrl Pts',(0.414422086435243,94.3397019657326,-3.));
#6916=CARTESIAN_POINT('Ctrl Pts',(0.0545703619718552,94.3294706195593,-6.26524465227853E-16));
#6917=CARTESIAN_POINT('Ctrl Pts',(0.0545703619718552,94.3294706195593,-3.));
#6918=CARTESIAN_POINT('',(2.02592067420483,94.6773561090231,-3.42499995126262E-16));
#6919=CARTESIAN_POINT('Ctrl Pts',(2.02592067420483,94.6773561090231,-3.42499995126262E-16));
#6920=CARTESIAN_POINT('Ctrl Pts',(1.72785176780682,94.5760095264031,-3.91414285141845E-16));
#6921=CARTESIAN_POINT('Ctrl Pts',(1.08928397077321,94.3588897174883,-4.96205793911317E-16));
#6922=CARTESIAN_POINT('Ctrl Pts',(0.414422086435243,94.3397019657326,-5.81202360440464E-16));
#6923=CARTESIAN_POINT('Ctrl Pts',(0.0545703619718552,94.3294706195593,-6.26524465227853E-16));
#6924=CARTESIAN_POINT('',(2.02592067420483,94.6773561090231,-3.));
#6925=CARTESIAN_POINT('',(2.02592067420483,94.6773561090231,-3.42499995126262E-16));
#6926=CARTESIAN_POINT('Ctrl Pts',(2.02592067420483,94.6773561090231,-3.));
#6927=CARTESIAN_POINT('Ctrl Pts',(1.72785176780682,94.5760095264031,-3.));
#6928=CARTESIAN_POINT('Ctrl Pts',(1.08928397077321,94.3588897174883,-3.));
#6929=CARTESIAN_POINT('Ctrl Pts',(0.414422086435243,94.3397019657326,-3.));
#6930=CARTESIAN_POINT('Ctrl Pts',(0.0545703619718552,94.3294706195593,-3.));
#6931=CARTESIAN_POINT('Ctrl Pts',(3.2742153853178,95.6937267631292,-6.51584760607162E-17));
#6932=CARTESIAN_POINT('Ctrl Pts',(3.2742153853178,95.6937267631292,-3.));
#6933=CARTESIAN_POINT('Ctrl Pts',(3.10959444825059,95.4827984941689,-1.11149989369112E-16));
#6934=CARTESIAN_POINT('Ctrl Pts',(3.10959444825059,95.4827984941689,-3.));
#6935=CARTESIAN_POINT('Ctrl Pts',(2.77125814836825,95.0492892982427,-2.05673800956936E-16));
#6936=CARTESIAN_POINT('Ctrl Pts',(2.77125814836825,95.0492892982427,-3.));
#6937=CARTESIAN_POINT('Ctrl Pts',(2.27877908513534,94.8035357772384,-2.96081218088171E-16));
#6938=CARTESIAN_POINT('Ctrl Pts',(2.27877908513534,94.8035357772384,-3.));
#6939=CARTESIAN_POINT('Ctrl Pts',(2.02592067420483,94.6773561090231,-3.42499995126262E-16));
#6940=CARTESIAN_POINT('Ctrl Pts',(2.02592067420483,94.6773561090231,-3.));
#6941=CARTESIAN_POINT('',(3.2742153853178,95.6937267631292,-6.51584760607162E-17));
#6942=CARTESIAN_POINT('Ctrl Pts',(3.2742153853178,95.6937267631292,-6.51584760607162E-17));
#6943=CARTESIAN_POINT('Ctrl Pts',(3.10959444825059,95.4827984941689,-1.11149989369112E-16));
#6944=CARTESIAN_POINT('Ctrl Pts',(2.77125814836825,95.0492892982427,-2.05673800956936E-16));
#6945=CARTESIAN_POINT('Ctrl Pts',(2.27877908513534,94.8035357772384,-2.96081218088171E-16));
#6946=CARTESIAN_POINT('Ctrl Pts',(2.02592067420483,94.6773561090231,-3.42499995126262E-16));
#6947=CARTESIAN_POINT('',(3.2742153853178,95.6937267631292,-3.));
#6948=CARTESIAN_POINT('',(3.2742153853178,95.6937267631292,-6.51584760607162E-17));
#6949=CARTESIAN_POINT('Ctrl Pts',(3.2742153853178,95.6937267631292,-3.));
#6950=CARTESIAN_POINT('Ctrl Pts',(3.10959444825059,95.4827984941689,-3.));
#6951=CARTESIAN_POINT('Ctrl Pts',(2.77125814836825,95.0492892982427,-3.));
#6952=CARTESIAN_POINT('Ctrl Pts',(2.27877908513534,94.8035357772384,-3.));
#6953=CARTESIAN_POINT('Ctrl Pts',(2.02592067420483,94.6773561090231,-3.));
#6954=CARTESIAN_POINT('Ctrl Pts',(3.70395623147488,97.1193750947714,1.6206116571573E-16));
#6955=CARTESIAN_POINT('Ctrl Pts',(3.70395623147488,97.1193750947714,-3.));
#6956=CARTESIAN_POINT('Ctrl Pts',(3.68544477487647,96.8680494963741,1.29015657146545E-16));
#6957=CARTESIAN_POINT('Ctrl Pts',(3.68544477487647,96.8680494963741,-3.));
#6958=CARTESIAN_POINT('Ctrl Pts',(3.64810206936916,96.3610565562181,6.23537665342053E-17));
#6959=CARTESIAN_POINT('Ctrl Pts',(3.64810206936916,96.3610565562181,-3.));
#6960=CARTESIAN_POINT('Ctrl Pts',(3.39955377896065,95.9174363731893,-2.24124240123672E-17));
#6961=CARTESIAN_POINT('Ctrl Pts',(3.39955377896065,95.9174363731893,-3.));
#6962=CARTESIAN_POINT('Ctrl Pts',(3.2742153853178,95.6937267631292,-6.51584760607162E-17));
#6963=CARTESIAN_POINT('Ctrl Pts',(3.2742153853178,95.6937267631292,-3.));
#6964=CARTESIAN_POINT('',(3.70395623147488,97.1193750947714,1.6206116571573E-16));
#6965=CARTESIAN_POINT('Ctrl Pts',(3.70395623147488,97.1193750947714,1.6206116571573E-16));
#6966=CARTESIAN_POINT('Ctrl Pts',(3.68544477487647,96.8680494963741,1.29015657146545E-16));
#6967=CARTESIAN_POINT('Ctrl Pts',(3.64810206936916,96.3610565562181,6.23537665342053E-17));
#6968=CARTESIAN_POINT('Ctrl Pts',(3.39955377896065,95.9174363731893,-2.24124240123672E-17));
#6969=CARTESIAN_POINT('Ctrl Pts',(3.2742153853178,95.6937267631292,-6.51584760607162E-17));
#6970=CARTESIAN_POINT('',(3.70395623147488,97.1193750947714,-3.));
#6971=CARTESIAN_POINT('',(3.70395623147488,97.1193750947714,1.6206116571573E-16));
#6972=CARTESIAN_POINT('Ctrl Pts',(3.70395623147488,97.1193750947714,-3.));
#6973=CARTESIAN_POINT('Ctrl Pts',(3.68544477487647,96.8680494963741,-3.));
#6974=CARTESIAN_POINT('Ctrl Pts',(3.64810206936916,96.3610565562181,-3.));
#6975=CARTESIAN_POINT('Ctrl Pts',(3.39955377896065,95.9174363731893,-3.));
#6976=CARTESIAN_POINT('Ctrl Pts',(3.2742153853178,95.6937267631292,-3.));
#6977=CARTESIAN_POINT('Ctrl Pts',(2.7830832451582,99.1316529363394,2.9571971197147E-16));
#6978=CARTESIAN_POINT('Ctrl Pts',(2.7830832451582,99.1316529363394,-3.));
#6979=CARTESIAN_POINT('Ctrl Pts',(3.05166057105069,98.8438335854368,2.93363243537693E-16));
#6980=CARTESIAN_POINT('Ctrl Pts',(3.05166057105069,98.8438335854368,-3.));
#6981=CARTESIAN_POINT('Ctrl Pts',(3.5825926436418,98.2748632749359,2.88704902907549E-16));
#6982=CARTESIAN_POINT('Ctrl Pts',(3.5825926436418,98.2748632749359,-3.));
#6983=CARTESIAN_POINT('Ctrl Pts',(3.66381902943124,97.5015165869138,2.03944611632144E-16));
#6984=CARTESIAN_POINT('Ctrl Pts',(3.66381902943124,97.5015165869138,-3.));
#6985=CARTESIAN_POINT('Ctrl Pts',(3.70395623147488,97.1193750947714,1.6206116571573E-16));
#6986=CARTESIAN_POINT('Ctrl Pts',(3.70395623147488,97.1193750947714,-3.));
#6987=CARTESIAN_POINT('',(2.7830832451582,99.1316529363394,2.9571971197147E-16));
#6988=CARTESIAN_POINT('Ctrl Pts',(2.7830832451582,99.1316529363394,2.9571971197147E-16));
#6989=CARTESIAN_POINT('Ctrl Pts',(3.05166057105069,98.8438335854368,2.93363243537693E-16));
#6990=CARTESIAN_POINT('Ctrl Pts',(3.5825926436418,98.2748632749359,2.88704902907549E-16));
#6991=CARTESIAN_POINT('Ctrl Pts',(3.66381902943124,97.5015165869138,2.03944611632144E-16));
#6992=CARTESIAN_POINT('Ctrl Pts',(3.70395623147488,97.1193750947714,1.6206116571573E-16));
#6993=CARTESIAN_POINT('',(2.7830832451582,99.1316529363394,-3.));
#6994=CARTESIAN_POINT('',(2.7830832451582,99.1316529363394,2.9571971197147E-16));
#6995=CARTESIAN_POINT('Ctrl Pts',(2.7830832451582,99.1316529363394,-3.));
#6996=CARTESIAN_POINT('Ctrl Pts',(3.05166057105069,98.8438335854368,-3.));
#6997=CARTESIAN_POINT('Ctrl Pts',(3.5825926436418,98.2748632749359,-3.));
#6998=CARTESIAN_POINT('Ctrl Pts',(3.66381902943124,97.5015165869138,-3.));
#6999=CARTESIAN_POINT('Ctrl Pts',(3.70395623147488,97.1193750947714,-3.));
#7000=CARTESIAN_POINT('Ctrl Pts',(0.50477497279644,100.120738968253,1.37835522956048E-16));
#7001=CARTESIAN_POINT('Ctrl Pts',(0.50477497279644,100.120738968253,-3.));
#7002=CARTESIAN_POINT('Ctrl Pts',(0.978520359304841,100.000399666248,1.81115285974675E-16));
#7003=CARTESIAN_POINT('Ctrl Pts',(0.978520359304841,100.000399666248,-3.));
#7004=CARTESIAN_POINT('Ctrl Pts',(1.79389980760925,99.793279562343,2.55605571891683E-16));
#7005=CARTESIAN_POINT('Ctrl Pts',(1.79389980760925,99.793279562343,-3.));
#7006=CARTESIAN_POINT('Ctrl Pts',(2.49100475801775,99.3270129642568,2.83875116820872E-16));
#7007=CARTESIAN_POINT('Ctrl Pts',(2.49100475801775,99.3270129642568,-3.));
#7008=CARTESIAN_POINT('Ctrl Pts',(2.7830832451582,99.1316529363394,2.9571971197147E-16));
#7009=CARTESIAN_POINT('Ctrl Pts',(2.7830832451582,99.1316529363394,-3.));
#7010=CARTESIAN_POINT('',(0.50477497279644,100.120738968253,1.37835522956048E-16));
#7011=CARTESIAN_POINT('Ctrl Pts',(0.50477497279644,100.120738968253,1.37835522956048E-16));
#7012=CARTESIAN_POINT('Ctrl Pts',(0.978520359304841,100.000399666248,1.81115285974675E-16));
#7013=CARTESIAN_POINT('Ctrl Pts',(1.79389980760925,99.793279562343,2.55605571891683E-16));
#7014=CARTESIAN_POINT('Ctrl Pts',(2.49100475801775,99.3270129642568,2.83875116820872E-16));
#7015=CARTESIAN_POINT('Ctrl Pts',(2.7830832451582,99.1316529363394,2.9571971197147E-16));
#7016=CARTESIAN_POINT('',(0.50477497279644,100.120738968253,-3.));
#7017=CARTESIAN_POINT('',(0.50477497279644,100.120738968253,1.37835522956048E-16));
#7018=CARTESIAN_POINT('Ctrl Pts',(0.50477497279644,100.120738968253,-3.));
#7019=CARTESIAN_POINT('Ctrl Pts',(0.978520359304841,100.000399666248,-3.));
#7020=CARTESIAN_POINT('Ctrl Pts',(1.79389980760925,99.793279562343,-3.));
#7021=CARTESIAN_POINT('Ctrl Pts',(2.49100475801775,99.3270129642568,-3.));
#7022=CARTESIAN_POINT('Ctrl Pts',(2.7830832451582,99.1316529363394,-3.));
#7023=CARTESIAN_POINT('Ctrl Pts',(-1.11186869442463,100.557301267982,-6.68276398728584E-18));
#7024=CARTESIAN_POINT('Ctrl Pts',(-1.11186869442463,100.557301267982,-3.));
#7025=CARTESIAN_POINT('Ctrl Pts',(-0.918357426898666,100.49926962054,9.90870432129156E-18));
#7026=CARTESIAN_POINT('Ctrl Pts',(-0.918357426898666,100.49926962054,-3.));
#7027=CARTESIAN_POINT('Ctrl Pts',(-0.383562706074535,100.338891265887,5.57614847592972E-17));
#7028=CARTESIAN_POINT('Ctrl Pts',(-0.383562706074535,100.338891265887,-3.));
#7029=CARTESIAN_POINT('Ctrl Pts',(0.158715728661404,100.205721988811,1.05862906802272E-16));
#7030=CARTESIAN_POINT('Ctrl Pts',(0.158715728661404,100.205721988811,-3.));
#7031=CARTESIAN_POINT('Ctrl Pts',(0.50477497279644,100.120738968253,1.37835522956048E-16));
#7032=CARTESIAN_POINT('Ctrl Pts',(0.50477497279644,100.120738968253,-3.));
#7033=CARTESIAN_POINT('',(-1.11186869442463,100.557301267982,-6.68276398728584E-18));
#7034=CARTESIAN_POINT('Ctrl Pts',(-1.11186869442463,100.557301267982,-6.68276398728584E-18));
#7035=CARTESIAN_POINT('Ctrl Pts',(-0.918357426898666,100.49926962054,9.90870432129156E-18));
#7036=CARTESIAN_POINT('Ctrl Pts',(-0.383562706074535,100.338891265887,5.57614847592972E-17));
#7037=CARTESIAN_POINT('Ctrl Pts',(0.158715728661404,100.205721988811,1.05862906802272E-16));
#7038=CARTESIAN_POINT('Ctrl Pts',(0.50477497279644,100.120738968253,1.37835522956048E-16));
#7039=CARTESIAN_POINT('',(-1.11186869442463,100.557301267982,-3.));
#7040=CARTESIAN_POINT('',(-1.11186869442463,100.557301267982,-6.68276398728584E-18));
#7041=CARTESIAN_POINT('Ctrl Pts',(-1.11186869442463,100.557301267982,-3.));
#7042=CARTESIAN_POINT('Ctrl Pts',(-0.918357426898666,100.49926962054,-3.));
#7043=CARTESIAN_POINT('Ctrl Pts',(-0.383562706074535,100.338891265887,-3.));
#7044=CARTESIAN_POINT('Ctrl Pts',(0.158715728661404,100.205721988811,-3.));
#7045=CARTESIAN_POINT('Ctrl Pts',(0.50477497279644,100.120738968253,-3.));
#7046=CARTESIAN_POINT('Ctrl Pts',(-1.83492548763752,100.993862971663,-4.17682934238364E-17));
#7047=CARTESIAN_POINT('Ctrl Pts',(-1.83492548763752,100.993862971663,-3.));
#7048=CARTESIAN_POINT('Ctrl Pts',(-1.74428733935648,100.909496938257,-4.10001808833825E-17));
#7049=CARTESIAN_POINT('Ctrl Pts',(-1.74428733935648,100.909496938257,-3.));
#7050=CARTESIAN_POINT('Ctrl Pts',(-1.53452902727357,100.714253797259,-3.92225851024566E-17));
#7051=CARTESIAN_POINT('Ctrl Pts',(-1.53452902727357,100.714253797259,-3.));
#7052=CARTESIAN_POINT('Ctrl Pts',(-1.26495675513177,100.614149655357,-1.84687247768904E-17));
#7053=CARTESIAN_POINT('Ctrl Pts',(-1.26495675513177,100.614149655357,-3.));
#7054=CARTESIAN_POINT('Ctrl Pts',(-1.11186869442463,100.557301267982,-6.68276398728584E-18));
#7055=CARTESIAN_POINT('Ctrl Pts',(-1.11186869442463,100.557301267982,-3.));
#7056=CARTESIAN_POINT('',(-1.83492548763752,100.993862971663,-4.17682934238364E-17));
#7057=CARTESIAN_POINT('Ctrl Pts',(-1.83492548763752,100.993862971663,-4.17682934238364E-17));
#7058=CARTESIAN_POINT('Ctrl Pts',(-1.74428733935648,100.909496938257,-4.10001808833825E-17));
#7059=CARTESIAN_POINT('Ctrl Pts',(-1.53452902727357,100.714253797259,-3.92225851024566E-17));
#7060=CARTESIAN_POINT('Ctrl Pts',(-1.26495675513177,100.614149655357,-1.84687247768904E-17));
#7061=CARTESIAN_POINT('Ctrl Pts',(-1.11186869442463,100.557301267982,-6.68276398728584E-18));
#7062=CARTESIAN_POINT('',(-1.83492548763752,100.993862971663,-3.));
#7063=CARTESIAN_POINT('',(-1.83492548763752,100.993862971663,-4.17682934238364E-17));
#7064=CARTESIAN_POINT('Ctrl Pts',(-1.83492548763752,100.993862971663,-3.));
#7065=CARTESIAN_POINT('Ctrl Pts',(-1.74428733935648,100.909496938257,-3.));
#7066=CARTESIAN_POINT('Ctrl Pts',(-1.53452902727357,100.714253797259,-3.));
#7067=CARTESIAN_POINT('Ctrl Pts',(-1.26495675513177,100.614149655357,-3.));
#7068=CARTESIAN_POINT('Ctrl Pts',(-1.11186869442463,100.557301267982,-3.));
#7069=CARTESIAN_POINT('Ctrl Pts',(-2.04638488590717,101.594135984778,5.8476414646813E-18));
#7070=CARTESIAN_POINT('Ctrl Pts',(-2.04638488590717,101.594135984778,-3.));
#7071=CARTESIAN_POINT('Ctrl Pts',(-2.03848251796011,101.48152118924,-6.97593246342917E-18));
#7072=CARTESIAN_POINT('Ctrl Pts',(-2.03848251796011,101.48152118924,-3.));
#7073=CARTESIAN_POINT('Ctrl Pts',(-2.02306061716813,101.261747291575,-3.20018343504118E-17));
#7074=CARTESIAN_POINT('Ctrl Pts',(-2.02306061716813,101.261747291575,-3.));
#7075=CARTESIAN_POINT('Ctrl Pts',(-1.89659069601897,101.081667638717,-3.85671329844528E-17));
#7076=CARTESIAN_POINT('Ctrl Pts',(-1.89659069601897,101.081667638717,-3.));
#7077=CARTESIAN_POINT('Ctrl Pts',(-1.83492548763752,100.993862971663,-4.17682934238364E-17));
#7078=CARTESIAN_POINT('Ctrl Pts',(-1.83492548763752,100.993862971663,-3.));
#7079=CARTESIAN_POINT('',(-2.04638488590717,101.594135984778,5.8476414646813E-18));
#7080=CARTESIAN_POINT('Ctrl Pts',(-2.04638488590717,101.594135984778,5.8476414646813E-18));
#7081=CARTESIAN_POINT('Ctrl Pts',(-2.03848251796011,101.48152118924,-6.97593246342917E-18));
#7082=CARTESIAN_POINT('Ctrl Pts',(-2.02306061716813,101.261747291575,-3.20018343504118E-17));
#7083=CARTESIAN_POINT('Ctrl Pts',(-1.89659069601897,101.081667638717,-3.85671329844528E-17));
#7084=CARTESIAN_POINT('Ctrl Pts',(-1.83492548763752,100.993862971663,-4.17682934238364E-17));
#7085=CARTESIAN_POINT('',(-2.04638488590717,101.594135984778,-3.));
#7086=CARTESIAN_POINT('',(-2.04638488590717,101.594135984778,5.8476414646813E-18));
#7087=CARTESIAN_POINT('Ctrl Pts',(-2.04638488590717,101.594135984778,-3.));
#7088=CARTESIAN_POINT('Ctrl Pts',(-2.03848251796011,101.48152118924,-3.));
#7089=CARTESIAN_POINT('Ctrl Pts',(-2.02306061716813,101.261747291575,-3.));
#7090=CARTESIAN_POINT('Ctrl Pts',(-1.89659069601897,101.081667638717,-3.));
#7091=CARTESIAN_POINT('Ctrl Pts',(-1.83492548763752,100.993862971663,-3.));
#7092=CARTESIAN_POINT('Ctrl Pts',(-1.54843099415302,102.562757954001,1.85451384849928E-16));
#7093=CARTESIAN_POINT('Ctrl Pts',(-1.54843099415302,102.562757954001,-3.));
#7094=CARTESIAN_POINT('Ctrl Pts',(-1.69357419032603,102.423028387882,1.50564533199321E-16));
#7095=CARTESIAN_POINT('Ctrl Pts',(-1.69357419032603,102.423028387882,-3.));
#7096=CARTESIAN_POINT('Ctrl Pts',(-1.97100979423999,102.155940728362,8.38796660367848E-17));
#7097=CARTESIAN_POINT('Ctrl Pts',(-1.97100979423999,102.155940728362,-3.));
#7098=CARTESIAN_POINT('Ctrl Pts',(-2.02204788165874,101.775530715172,3.10425124959525E-17));
#7099=CARTESIAN_POINT('Ctrl Pts',(-2.02204788165874,101.775530715172,-3.));
#7100=CARTESIAN_POINT('Ctrl Pts',(-2.04638488590717,101.594135984778,5.8476414646813E-18));
#7101=CARTESIAN_POINT('Ctrl Pts',(-2.04638488590717,101.594135984778,-3.));
#7102=CARTESIAN_POINT('',(-1.54843099415302,102.562757954001,1.85451384849928E-16));
#7103=CARTESIAN_POINT('Ctrl Pts',(-1.54843099415302,102.562757954001,1.85451384849928E-16));
#7104=CARTESIAN_POINT('Ctrl Pts',(-1.69357419032603,102.423028387882,1.50564533199321E-16));
#7105=CARTESIAN_POINT('Ctrl Pts',(-1.97100979423999,102.155940728362,8.38796660367848E-17));
#7106=CARTESIAN_POINT('Ctrl Pts',(-2.02204788165874,101.775530715172,3.10425124959525E-17));
#7107=CARTESIAN_POINT('Ctrl Pts',(-2.04638488590717,101.594135984778,5.8476414646813E-18));
#7108=CARTESIAN_POINT('',(-1.54843099415302,102.562757954001,-3.));
#7109=CARTESIAN_POINT('',(-1.54843099415302,102.562757954001,1.85451384849928E-16));
#7110=CARTESIAN_POINT('Ctrl Pts',(-1.54843099415302,102.562757954001,-3.));
#7111=CARTESIAN_POINT('Ctrl Pts',(-1.69357419032603,102.423028387882,-3.));
#7112=CARTESIAN_POINT('Ctrl Pts',(-1.97100979423999,102.155940728362,-3.));
#7113=CARTESIAN_POINT('Ctrl Pts',(-2.02204788165874,101.775530715172,-3.));
#7114=CARTESIAN_POINT('Ctrl Pts',(-2.04638488590717,101.594135984778,-3.));
#7115=CARTESIAN_POINT('Ctrl Pts',(-0.0818551331758499,102.972034439445,
4.15177042021594E-16));
#7116=CARTESIAN_POINT('Ctrl Pts',(-0.0818551331758499,102.972034439445,
-3.));
#7117=CARTESIAN_POINT('Ctrl Pts',(-0.374547439905024,102.964223850197,3.78376051052391E-16));
#7118=CARTESIAN_POINT('Ctrl Pts',(-0.374547439905024,102.964223850197,-3.));
#7119=CARTESIAN_POINT('Ctrl Pts',(-0.900194955515933,102.950196775557,3.12284975099103E-16));
#7120=CARTESIAN_POINT('Ctrl Pts',(-0.900194955515933,102.950196775557,-3.));
#7121=CARTESIAN_POINT('Ctrl Pts',(-1.34936769407541,102.681734446822,2.24400026287352E-16));
#7122=CARTESIAN_POINT('Ctrl Pts',(-1.34936769407541,102.681734446822,-3.));
#7123=CARTESIAN_POINT('Ctrl Pts',(-1.54843099415302,102.562757954001,1.85451384849928E-16));
#7124=CARTESIAN_POINT('Ctrl Pts',(-1.54843099415302,102.562757954001,-3.));
#7125=CARTESIAN_POINT('',(-0.0818551331758499,102.972034439445,4.15177042021594E-16));
#7126=CARTESIAN_POINT('Ctrl Pts',(-0.0818551331758499,102.972034439445,
4.15177042021594E-16));
#7127=CARTESIAN_POINT('Ctrl Pts',(-0.374547439905024,102.964223850197,3.78376051052391E-16));
#7128=CARTESIAN_POINT('Ctrl Pts',(-0.900194955515933,102.950196775557,3.12284975099103E-16));
#7129=CARTESIAN_POINT('Ctrl Pts',(-1.34936769407541,102.681734446822,2.24400026287352E-16));
#7130=CARTESIAN_POINT('Ctrl Pts',(-1.54843099415302,102.562757954001,1.85451384849928E-16));
#7131=CARTESIAN_POINT('',(-0.0818551331758499,102.972034439445,-3.));
#7132=CARTESIAN_POINT('',(-0.0818551331758499,102.972034439445,4.15177042021594E-16));
#7133=CARTESIAN_POINT('Ctrl Pts',(-0.0818551331758499,102.972034439445,
-3.));
#7134=CARTESIAN_POINT('Ctrl Pts',(-0.374547439905024,102.964223850197,-3.));
#7135=CARTESIAN_POINT('Ctrl Pts',(-0.900194955515933,102.950196775557,-3.));
#7136=CARTESIAN_POINT('Ctrl Pts',(-1.34936769407541,102.681734446822,-3.));
#7137=CARTESIAN_POINT('Ctrl Pts',(-1.54843099415302,102.562757954001,-3.));
#7138=CARTESIAN_POINT('Ctrl Pts',(1.38472013175488,102.508187517524,5.3797584758974E-16));
#7139=CARTESIAN_POINT('Ctrl Pts',(1.38472013175488,102.508187517524,-3.));
#7140=CARTESIAN_POINT('Ctrl Pts',(1.17787720892093,102.643306014795,5.291921387711E-16));
#7141=CARTESIAN_POINT('Ctrl Pts',(1.17787720892093,102.643306014795,-3.));
#7142=CARTESIAN_POINT('Ctrl Pts',(0.733740270125824,102.933434944179,5.1033159719429E-16));
#7143=CARTESIAN_POINT('Ctrl Pts',(0.733740270125824,102.933434944179,-3.));
#7144=CARTESIAN_POINT('Ctrl Pts',(0.202158833753699,102.958592976033,4.48312617058691E-16));
#7145=CARTESIAN_POINT('Ctrl Pts',(0.202158833753699,102.958592976033,-3.));
#7146=CARTESIAN_POINT('Ctrl Pts',(-0.0818551331758499,102.972034439445,
4.15177042021594E-16));
#7147=CARTESIAN_POINT('Ctrl Pts',(-0.0818551331758499,102.972034439445,
-3.));
#7148=CARTESIAN_POINT('',(1.38472013175488,102.508187517524,5.3797584758974E-16));
#7149=CARTESIAN_POINT('Ctrl Pts',(1.38472013175488,102.508187517524,5.3797584758974E-16));
#7150=CARTESIAN_POINT('Ctrl Pts',(1.17787720892093,102.643306014795,5.291921387711E-16));
#7151=CARTESIAN_POINT('Ctrl Pts',(0.733740270125824,102.933434944179,5.1033159719429E-16));
#7152=CARTESIAN_POINT('Ctrl Pts',(0.202158833753699,102.958592976033,4.48312617058691E-16));
#7153=CARTESIAN_POINT('Ctrl Pts',(-0.0818551331758499,102.972034439445,
4.15177042021594E-16));
#7154=CARTESIAN_POINT('',(1.38472013175488,102.508187517524,-3.));
#7155=CARTESIAN_POINT('',(1.38472013175488,102.508187517524,5.3797584758974E-16));
#7156=CARTESIAN_POINT('Ctrl Pts',(1.38472013175488,102.508187517524,-3.));
#7157=CARTESIAN_POINT('Ctrl Pts',(1.17787720892093,102.643306014795,-3.));
#7158=CARTESIAN_POINT('Ctrl Pts',(0.733740270125824,102.933434944179,-3.));
#7159=CARTESIAN_POINT('Ctrl Pts',(0.202158833753699,102.958592976033,-3.));
#7160=CARTESIAN_POINT('Ctrl Pts',(-0.0818551331758499,102.972034439445,
-3.));
#7161=CARTESIAN_POINT('Ctrl Pts',(2.10095487535,101.055254563689,4.47756337079013E-16));
#7162=CARTESIAN_POINT('Ctrl Pts',(2.10095487535,101.055254563689,-3.));
#7163=CARTESIAN_POINT('Ctrl Pts',(2.03658787374259,101.353947987029,4.76453047312027E-16));
#7164=CARTESIAN_POINT('Ctrl Pts',(2.03658787374259,101.353947987029,-3.));
#7165=CARTESIAN_POINT('Ctrl Pts',(1.91883940285281,101.900356752154,5.28948793037671E-16));
#7166=CARTESIAN_POINT('Ctrl Pts',(1.91883940285281,101.900356752154,-3.));
#7167=CARTESIAN_POINT('Ctrl Pts',(1.55133078699472,102.318583645181,5.35159990616981E-16));
#7168=CARTESIAN_POINT('Ctrl Pts',(1.55133078699472,102.318583645181,-3.));
#7169=CARTESIAN_POINT('Ctrl Pts',(1.38472013175488,102.508187517524,5.3797584758974E-16));
#7170=CARTESIAN_POINT('Ctrl Pts',(1.38472013175488,102.508187517524,-3.));
#7171=CARTESIAN_POINT('',(2.10095487535,101.055254563689,4.47756337079013E-16));
#7172=CARTESIAN_POINT('Ctrl Pts',(2.10095487535,101.055254563689,4.47756337079013E-16));
#7173=CARTESIAN_POINT('Ctrl Pts',(2.03658787374259,101.353947987029,4.76453047312027E-16));
#7174=CARTESIAN_POINT('Ctrl Pts',(1.91883940285281,101.900356752154,5.28948793037671E-16));
#7175=CARTESIAN_POINT('Ctrl Pts',(1.55133078699472,102.318583645181,5.35159990616981E-16));
#7176=CARTESIAN_POINT('Ctrl Pts',(1.38472013175488,102.508187517524,5.3797584758974E-16));
#7177=CARTESIAN_POINT('',(2.10095487535,101.055254563689,-3.));
#7178=CARTESIAN_POINT('',(2.10095487535,101.055254563689,4.47756337079013E-16));
#7179=CARTESIAN_POINT('Ctrl Pts',(2.10095487535,101.055254563689,-3.));
#7180=CARTESIAN_POINT('Ctrl Pts',(2.03658787374259,101.353947987029,-3.));
#7181=CARTESIAN_POINT('Ctrl Pts',(1.91883940285281,101.900356752154,-3.));
#7182=CARTESIAN_POINT('Ctrl Pts',(1.55133078699472,102.318583645181,-3.));
#7183=CARTESIAN_POINT('Ctrl Pts',(1.38472013175488,102.508187517524,-3.));
#7184=CARTESIAN_POINT('Origin',(4.06548418104649,101.246250495315,7.11732045315767E-16));
#7185=CARTESIAN_POINT('',(4.06548418104649,101.246250495315,7.11732045315767E-16));
#7186=CARTESIAN_POINT('',(1.18530254492091,100.966232796802,0.));
#7187=CARTESIAN_POINT('',(4.06548418104649,101.246250495315,-3.));
#7188=CARTESIAN_POINT('',(4.06548418104649,101.246250495315,7.11732045315767E-16));
#7189=CARTESIAN_POINT('',(4.06548418104649,101.246250495315,-3.));
#7190=CARTESIAN_POINT('Ctrl Pts',(2.85129599273205,103.80423091352,8.76299130621255E-16));
#7191=CARTESIAN_POINT('Ctrl Pts',(2.85129599273205,103.80423091352,-3.));
#7192=CARTESIAN_POINT('Ctrl Pts',(3.15755653838705,103.461877523674,8.71879032010244E-16));
#7193=CARTESIAN_POINT('Ctrl Pts',(3.15755653838705,103.461877523674,-3.));
#7194=CARTESIAN_POINT('Ctrl Pts',(3.81127799320168,102.731114912408,8.62444211445177E-16));
#7195=CARTESIAN_POINT('Ctrl Pts',(3.81127799320168,102.731114912408,-3.));
#7196=CARTESIAN_POINT('Ctrl Pts',(3.97726177889395,101.761573536258,7.64036788336678E-16));
#7197=CARTESIAN_POINT('Ctrl Pts',(3.97726177889395,101.761573536258,-3.));
#7198=CARTESIAN_POINT('Ctrl Pts',(4.06548418104649,101.246250495315,7.11732045315767E-16));
#7199=CARTESIAN_POINT('Ctrl Pts',(4.06548418104649,101.246250495315,-3.));
#7200=CARTESIAN_POINT('Ctrl Pts',(2.85129599273205,103.80423091352,8.76299130621255E-16));
#7201=CARTESIAN_POINT('Ctrl Pts',(3.15755653838705,103.461877523674,8.71879032010244E-16));
#7202=CARTESIAN_POINT('Ctrl Pts',(3.81127799320168,102.731114912408,8.62444211445177E-16));
#7203=CARTESIAN_POINT('Ctrl Pts',(3.97726177889395,101.761573536258,7.64036788336678E-16));
#7204=CARTESIAN_POINT('Ctrl Pts',(4.06548418104649,101.246250495315,7.11732045315767E-16));
#7205=CARTESIAN_POINT('Ctrl Pts',(2.85129599273205,103.80423091352,-3.));
#7206=CARTESIAN_POINT('Ctrl Pts',(3.15755653838705,103.461877523674,-3.));
#7207=CARTESIAN_POINT('Ctrl Pts',(3.81127799320168,102.731114912408,-3.));
#7208=CARTESIAN_POINT('Ctrl Pts',(3.97726177889395,101.761573536258,-3.));
#7209=CARTESIAN_POINT('Ctrl Pts',(4.06548418104649,101.246250495315,-3.));
#7210=CARTESIAN_POINT('Origin',(-4.4703483581543E-7,99.503413066268,-3.));
#7211=CARTESIAN_POINT('Origin',(2.09072262048721,58.9788550138474,0.));
#7212=CARTESIAN_POINT('',(2.09072262048721,58.9788550138474,0.));
#7213=CARTESIAN_POINT('',(2.09072262048721,65.5000013113022,0.));
#7214=CARTESIAN_POINT('',(2.09072262048721,71.1160152434511,0.));
#7215=CARTESIAN_POINT('',(2.09072262048721,58.9788550138474,-3.));
#7216=CARTESIAN_POINT('',(2.09072262048721,58.9788550138474,0.));
#7217=CARTESIAN_POINT('',(2.09072262048721,65.5000013113022,-3.));
#7218=CARTESIAN_POINT('',(2.09072262048721,58.9788550138474,-3.));
#7219=CARTESIAN_POINT('',(2.09072262048721,65.5000013113022,0.));
#7220=CARTESIAN_POINT('Origin',(-1.94065541028976,65.5000013113022,0.));
#7221=CARTESIAN_POINT('',(-1.94065541028976,65.5000013113022,0.));
#7222=CARTESIAN_POINT('',(-5.6425681726361,71.4882054735953,0.));
#7223=CARTESIAN_POINT('',(-1.94065541028976,65.5000013113022,-3.));
#7224=CARTESIAN_POINT('',(-1.94065541028976,65.5000013113022,0.));
#7225=CARTESIAN_POINT('',(-1.94065541028976,65.5000013113022,-3.));
#7226=CARTESIAN_POINT('Origin',(-3.96657675504684,65.5000013113022,0.));
#7227=CARTESIAN_POINT('',(-3.96657675504684,65.5000013113022,0.));
#7228=CARTESIAN_POINT('',(-1.98328837752349,65.5000013113022,0.));
#7229=CARTESIAN_POINT('',(-3.96657675504684,65.5000013113022,-3.));
#7230=CARTESIAN_POINT('',(-3.96657675504684,65.5000013113022,0.));
#7231=CARTESIAN_POINT('',(-3.96657675504684,65.5000013113022,-3.));
#7232=CARTESIAN_POINT('Origin',(-3.96657675504684,55.5000013113022,0.));
#7233=CARTESIAN_POINT('',(-3.96657675504684,55.5000013113022,0.));
#7234=CARTESIAN_POINT('',(-3.96657675504684,69.3765883921785,0.));
#7235=CARTESIAN_POINT('',(-3.96657675504684,55.5000013113022,-3.));
#7236=CARTESIAN_POINT('',(-3.96657675504684,55.5000013113022,0.));
#7237=CARTESIAN_POINT('',(-3.96657675504684,55.5000013113022,-3.));
#7238=CARTESIAN_POINT('Origin',(-2.09072321653366,55.5000013113022,0.));
#7239=CARTESIAN_POINT('',(-2.09072321653366,55.5000013113022,0.));
#7240=CARTESIAN_POINT('',(-1.0453616082669,55.5000013113022,0.));
#7241=CARTESIAN_POINT('',(-2.09072321653366,55.5000013113022,-3.));
#7242=CARTESIAN_POINT('',(-2.09072321653366,55.5000013113022,0.));
#7243=CARTESIAN_POINT('',(-2.09072321653366,55.5000013113022,-3.));
#7244=CARTESIAN_POINT('Origin',(-2.09072321653366,62.178036570549,0.));
#7245=CARTESIAN_POINT('',(-2.09072321653366,62.178036570549,0.));
#7246=CARTESIAN_POINT('',(-2.09072321653366,72.7156060218019,0.));
#7247=CARTESIAN_POINT('',(-2.09072321653366,62.178036570549,-3.));
#7248=CARTESIAN_POINT('',(-2.09072321653366,62.178036570549,0.));
#7249=CARTESIAN_POINT('',(-2.09072321653366,62.178036570549,-3.));
#7250=CARTESIAN_POINT('Origin',(2.00204610824585,55.5000013113022,0.));
#7251=CARTESIAN_POINT('',(2.00204610824585,55.5000013113022,0.));
#7252=CARTESIAN_POINT('',(-4.45366602823056,66.0335715787298,0.));
#7253=CARTESIAN_POINT('',(2.00204610824585,55.5000013113022,-3.));
#7254=CARTESIAN_POINT('',(2.00204610824585,55.5000013113022,0.));
#7255=CARTESIAN_POINT('',(2.00204610824585,55.5000013113022,-3.));
#7256=CARTESIAN_POINT('Origin',(3.96657526493073,55.5000013113022,0.));
#7257=CARTESIAN_POINT('',(3.96657526493073,55.5000013113022,0.));
#7258=CARTESIAN_POINT('',(1.98328763246529,55.5000013113022,0.));
#7259=CARTESIAN_POINT('',(3.96657526493073,55.5000013113022,-3.));
#7260=CARTESIAN_POINT('',(3.96657526493073,55.5000013113022,0.));
#7261=CARTESIAN_POINT('',(3.96657526493073,55.5000013113022,-3.));
#7262=CARTESIAN_POINT('Origin',(3.96657526493073,65.5000013113022,0.));
#7263=CARTESIAN_POINT('',(3.96657526493073,65.5000013113022,0.));
#7264=CARTESIAN_POINT('',(3.96657526493073,74.3765883921785,0.));
#7265=CARTESIAN_POINT('',(3.96657526493073,65.5000013113022,-3.));
#7266=CARTESIAN_POINT('',(3.96657526493073,65.5000013113022,0.));
#7267=CARTESIAN_POINT('',(3.96657526493073,65.5000013113022,-3.));
#7268=CARTESIAN_POINT('Origin',(2.09072262048721,65.5000013113022,0.));
#7269=CARTESIAN_POINT('',(1.04536131024354,65.5000013113022,0.));
#7270=CARTESIAN_POINT('',(2.09072262048721,65.5000013113022,-3.));
#7271=CARTESIAN_POINT('Origin',(-7.45058059692383E-7,60.5000013113022,-3.));
#7272=CARTESIAN_POINT('Origin',(-1.4210854715202E-13,83.2531754730549,0.));
#7273=CARTESIAN_POINT('',(-353.349364905389,-129.00635094611,0.));
#7274=CARTESIAN_POINT('',(-288.397459621556,-241.50635094611,0.));
#7275=CARTESIAN_POINT('Origin',(-288.397459621556,-166.50635094611,0.));
#7276=CARTESIAN_POINT('',(288.397459621556,-241.50635094611,0.));
#7277=CARTESIAN_POINT('',(-288.397459621556,-241.50635094611,0.));
#7278=CARTESIAN_POINT('',(353.349364905389,-129.00635094611,0.));
#7279=CARTESIAN_POINT('Origin',(288.397459621556,-166.506350946109,0.));
#7280=CARTESIAN_POINT('',(64.9519052838331,370.51270189222,0.));
#7281=CARTESIAN_POINT('',(353.349364905389,-129.00635094611,0.));
#7282=CARTESIAN_POINT('',(-64.9519052838328,370.51270189222,0.));
#7283=CARTESIAN_POINT('Origin',(1.06581410364015E-13,333.01270189222,0.));
#7284=CARTESIAN_POINT('',(-64.9519052838328,370.51270189222,0.));
#7285=CARTESIAN_POINT('',(32.7500000000002,306.012701892219,0.));
#7286=CARTESIAN_POINT('Origin',(27.0000000000002,306.012701892219,0.));
#7287=CARTESIAN_POINT('',(32.7500000000002,360.01270189222,0.));
#7288=CARTESIAN_POINT('Origin',(27.0000000000002,360.01270189222,0.));
#7289=CARTESIAN_POINT('',(-21.25,306.012701892219,0.));
#7290=CARTESIAN_POINT('Origin',(-27.,306.012701892219,0.));
#7291=CARTESIAN_POINT('',(-21.25,360.01270189222,0.));
#7292=CARTESIAN_POINT('Origin',(-27.,360.01270189222,0.));
#7293=CARTESIAN_POINT('',(33.,4.04133443718627E-15,0.));
#7294=CARTESIAN_POINT('Origin',(0.,0.,0.));
#7295=CARTESIAN_POINT('',(10.25,80.,0.));
#7296=CARTESIAN_POINT('Origin',(0.,80.,0.));
#7297=CARTESIAN_POINT('Origin',(0.,80.,0.));
#7298=CARTESIAN_POINT('',(10.25,80.,-5.));
#7299=CARTESIAN_POINT('',(10.25,80.,0.));
#7300=CARTESIAN_POINT('Origin',(0.,80.,-5.));
#7301=CARTESIAN_POINT('Origin',(0.,80.,-5.));
#7302=CARTESIAN_POINT('Origin',(0.,0.,0.));
#7303=CARTESIAN_POINT('',(33.,4.04133443718627E-15,-11.));
#7304=CARTESIAN_POINT('',(33.,-4.04133443718627E-15,0.));
#7305=CARTESIAN_POINT('Origin',(0.,0.,-11.));
#7306=CARTESIAN_POINT('Origin',(0.,0.,-11.));
#7307=CARTESIAN_POINT('Origin',(32.0000000000001,221.012701892219,-25.));
#7308=CARTESIAN_POINT('',(32.0000000000001,221.012701892219,-23.));
#7309=CARTESIAN_POINT('',(32.0000000000001,221.012701892219,-25.));
#7310=CARTESIAN_POINT('',(32.0000000000001,285.012701892219,-23.));
#7311=CARTESIAN_POINT('',(32.0000000000001,221.012701892219,-23.));
#7312=CARTESIAN_POINT('',(32.0000000000001,285.012701892219,-25.));
#7313=CARTESIAN_POINT('Origin',(-31.9999999999999,221.012701892219,-25.));
#7314=CARTESIAN_POINT('',(-31.9999999999999,221.012701892219,-23.));
#7315=CARTESIAN_POINT('',(-31.9999999999999,221.012701892219,-25.));
#7316=CARTESIAN_POINT('',(-31.9999999999999,221.012701892219,-23.));
#7317=CARTESIAN_POINT('Origin',(-31.9999999999999,285.01270189222,-25.));
#7318=CARTESIAN_POINT('',(-31.9999999999999,285.01270189222,-23.));
#7319=CARTESIAN_POINT('',(-31.9999999999999,285.01270189222,-25.));
#7320=CARTESIAN_POINT('',(-31.9999999999999,285.01270189222,-23.));
#7321=CARTESIAN_POINT('Origin',(32.0000000000001,285.012701892219,-25.));
#7322=CARTESIAN_POINT('',(32.0000000000001,285.012701892219,-23.));
#7323=CARTESIAN_POINT('Origin',(1.11022302462516E-13,253.01270189222,-23.));
#7324=CARTESIAN_POINT('Origin',(27.0000000000002,306.012701892219,-25.));
#7325=CARTESIAN_POINT('',(19.5000000000002,306.012701892219,-15.));
#7326=CARTESIAN_POINT('',(19.5000000000002,306.012701892219,-25.));
#7327=CARTESIAN_POINT('Origin',(27.0000000000002,306.012701892219,-15.));
#7328=CARTESIAN_POINT('Origin',(27.0000000000002,306.012701892219,-15.));
#7329=CARTESIAN_POINT('',(32.7500000000002,306.012701892219,-15.));
#7330=CARTESIAN_POINT('Origin',(27.0000000000002,306.012701892219,-15.));
#7331=CARTESIAN_POINT('Origin',(-27.,306.012701892219,-25.));
#7332=CARTESIAN_POINT('',(-34.5,306.012701892219,-15.));
#7333=CARTESIAN_POINT('',(-34.5,306.012701892219,-25.));
#7334=CARTESIAN_POINT('Origin',(-27.,306.012701892219,-15.));
#7335=CARTESIAN_POINT('Origin',(-27.,306.012701892219,-15.));
#7336=CARTESIAN_POINT('',(-21.25,306.012701892219,-15.));
#7337=CARTESIAN_POINT('Origin',(-27.,306.012701892219,-15.));
#7338=CARTESIAN_POINT('Origin',(27.0000000000002,360.01270189222,-25.));
#7339=CARTESIAN_POINT('',(19.5000000000002,360.01270189222,-15.));
#7340=CARTESIAN_POINT('',(19.5000000000002,360.01270189222,-25.));
#7341=CARTESIAN_POINT('Origin',(27.0000000000002,360.01270189222,-15.));
#7342=CARTESIAN_POINT('Origin',(27.0000000000002,360.01270189222,-15.));
#7343=CARTESIAN_POINT('',(32.7500000000002,360.01270189222,-15.));
#7344=CARTESIAN_POINT('Origin',(27.0000000000002,360.01270189222,-15.));
#7345=CARTESIAN_POINT('Origin',(-27.,360.01270189222,-25.));
#7346=CARTESIAN_POINT('',(-34.5,360.01270189222,-15.));
#7347=CARTESIAN_POINT('',(-34.5,360.01270189222,-25.));
#7348=CARTESIAN_POINT('Origin',(-27.,360.01270189222,-15.));
#7349=CARTESIAN_POINT('Origin',(-27.,360.01270189222,-15.));
#7350=CARTESIAN_POINT('',(-21.25,360.01270189222,-15.));
#7351=CARTESIAN_POINT('Origin',(-27.,360.01270189222,-15.));
#7352=CARTESIAN_POINT('Origin',(-27.,360.01270189222,0.));
#7353=CARTESIAN_POINT('',(-21.25,360.01270189222,0.));
#7354=CARTESIAN_POINT('Origin',(-27.,306.012701892219,0.));
#7355=CARTESIAN_POINT('',(-21.25,306.012701892219,0.));
#7356=CARTESIAN_POINT('Origin',(27.0000000000002,360.01270189222,0.));
#7357=CARTESIAN_POINT('',(32.7500000000002,360.01270189222,0.));
#7358=CARTESIAN_POINT('Origin',(27.0000000000002,306.012701892219,0.));
#7359=CARTESIAN_POINT('',(32.7500000000002,306.012701892219,0.));
#7360=CARTESIAN_POINT('Origin',(288.397459621556,-241.50635094611,0.));
#7361=CARTESIAN_POINT('',(-288.397459621556,-241.50635094611,0.));
#7362=CARTESIAN_POINT('',(288.397459621556,-241.50635094611,0.));
#7363=CARTESIAN_POINT('Origin',(288.397459621556,-166.506350946109,0.));
#7364=CARTESIAN_POINT('',(353.349364905389,-129.00635094611,0.));
#7365=CARTESIAN_POINT('Origin',(64.951905283833,370.51270189222,0.));
#7366=CARTESIAN_POINT('',(64.9519052838331,370.51270189222,0.));
#7367=CARTESIAN_POINT('Origin',(1.06581410364015E-13,333.01270189222,0.));
#7368=CARTESIAN_POINT('',(-64.9519052838328,370.51270189222,0.));
#7369=CARTESIAN_POINT('Origin',(-353.349364905389,-129.00635094611,0.));
#7370=CARTESIAN_POINT('',(-353.349364905389,-129.00635094611,0.));
#7371=CARTESIAN_POINT('Origin',(-288.397459621556,-166.50635094611,0.));
#7372=CARTESIAN_POINT('Origin',(-1.4210854715202E-13,83.2531754730549,0.));
#7373=UNCERTAINTY_MEASURE_WITH_UNIT(LENGTH_MEASURE(0.01),#7377,
'DISTANCE_ACCURACY_VALUE',
'Maximum model space distance between geometric entities at asserted c
onnectivities');
#7374=UNCERTAINTY_MEASURE_WITH_UNIT(LENGTH_MEASURE(0.01),#7377,
'DISTANCE_ACCURACY_VALUE',
'Maximum model space distance between geometric entities at asserted c
onnectivities');
#7375=(
GEOMETRIC_REPRESENTATION_CONTEXT(3)
GLOBAL_UNCERTAINTY_ASSIGNED_CONTEXT((#7373))
GLOBAL_UNIT_ASSIGNED_CONTEXT((#7377,#7379,#7380))
REPRESENTATION_CONTEXT('','3D')
);
#7376=(
GEOMETRIC_REPRESENTATION_CONTEXT(3)
GLOBAL_UNCERTAINTY_ASSIGNED_CONTEXT((#7374))
GLOBAL_UNIT_ASSIGNED_CONTEXT((#7377,#7379,#7380))
REPRESENTATION_CONTEXT('','3D')
);
#7377=(
LENGTH_UNIT()
NAMED_UNIT(*)
SI_UNIT(.MILLI.,.METRE.)
);
#7378=(
LENGTH_UNIT()
NAMED_UNIT(*)
SI_UNIT($,.METRE.)
);
#7379=(
NAMED_UNIT(*)
PLANE_ANGLE_UNIT()
SI_UNIT($,.RADIAN.)
);
#7380=(
NAMED_UNIT(*)
SI_UNIT($,.STERADIAN.)
SOLID_ANGLE_UNIT()
);
#7381=SHAPE_DEFINITION_REPRESENTATION(#7382,#7383);
#7382=PRODUCT_DEFINITION_SHAPE('',$,#7385);
#7383=SHAPE_REPRESENTATION('',(#4173),#7375);
#7384=PRODUCT_DEFINITION_CONTEXT('part definition',#7389,'design');
#7385=PRODUCT_DEFINITION('Unterplatte','Unterplatte',#7386,#7384);
#7386=PRODUCT_DEFINITION_FORMATION('',$,#7391);
#7387=PRODUCT_RELATED_PRODUCT_CATEGORY('Unterplatte','Unterplatte',(#7391));
#7388=APPLICATION_PROTOCOL_DEFINITION('international standard',
'automotive_design',2009,#7389);
#7389=APPLICATION_CONTEXT(
'Core Data for Automotive Mechanical Design Process');
#7390=PRODUCT_CONTEXT('part definition',#7389,'mechanical');
#7391=PRODUCT('Unterplatte','Unterplatte',$,(#7390));
#7392=PRESENTATION_STYLE_ASSIGNMENT((#7393));
#7393=SURFACE_STYLE_USAGE(.BOTH.,#7394);
#7394=SURFACE_SIDE_STYLE('',(#7395));
#7395=SURFACE_STYLE_FILL_AREA(#7396);
#7396=FILL_AREA_STYLE('Cherry',(#7397));
#7397=FILL_AREA_STYLE_COLOUR('Cherry',#7398);
#7398=COLOUR_RGB('Cherry',0.,0.,0.);
ENDSEC;
END-ISO-10303-21;
