ISO-10303-21;
HEADER;
/* Generated by software containing ST-Developer
 * from STEP Tools, Inc. (www.steptools.com) 
 */

FILE_DESCRIPTION(
/* description */ (''),
/* implementation_level */ '2;1');

FILE_NAME(
/* name */ 'Unterplatte.step',
/* time_stamp */ '2025-10-05T14:35:23+02:00',
/* author */ (''),
/* organization */ (''),
/* preprocessor_version */ 'ST-DEVELOPER v20.1',
/* originating_system */ 'Autodesk Translation Framework v14.17.0.0',
/* authorisation */ '');

FILE_SCHEMA (('AUTOMOTIVE_DESIGN { 1 0 10303 214 3 1 1 }'));
ENDSEC;

DATA;
#10=MECHANICAL_DESIGN_GEOMETRIC_PRESENTATION_REPRESENTATION('',(#13),#5622);
#11=SHAPE_REPRESENTATION_RELATIONSHIP('SRR','None',#5629,#12);
#12=ADVANCED_BREP_SHAPE_REPRESENTATION('',(#14),#5621);
#13=STYLED_ITEM('',(#5638),#14);
#14=MANIFOLD_SOLID_BREP('Unterplatte',#3086);
#15=B_SPLINE_CURVE_WITH_KNOTS('',3,(#4218,#4219,#4220,#4221,#4222),
 .UNSPECIFIED.,.F.,.F.,(4,1,4),(0.,0.0918010830706114,0.179394923765045),
 .UNSPECIFIED.);
#16=B_SPLINE_CURVE_WITH_KNOTS('',3,(#4226,#4227,#4228,#4229,#4230),
 .UNSPECIFIED.,.F.,.F.,(4,1,4),(0.,0.0918010830706114,0.179394923765045),
 .UNSPECIFIED.);
#17=B_SPLINE_CURVE_WITH_KNOTS('',3,(#4243,#4244,#4245,#4246,#4247),
 .UNSPECIFIED.,.F.,.F.,(4,1,4),(0.,0.0864504816470595,0.177932718541673),
 .UNSPECIFIED.);
#18=B_SPLINE_CURVE_WITH_KNOTS('',3,(#4250,#4251,#4252,#4253,#4254),
 .UNSPECIFIED.,.F.,.F.,(4,1,4),(0.,0.0864504816470595,0.177932718541673),
 .UNSPECIFIED.);
#19=B_SPLINE_CURVE_WITH_KNOTS('',3,(#4266,#4267,#4268,#4269,#4270),
 .UNSPECIFIED.,.F.,.F.,(4,1,4),(0.,0.121005834921176,0.217498892754098),
 .UNSPECIFIED.);
#20=B_SPLINE_CURVE_WITH_KNOTS('',3,(#4273,#4274,#4275,#4276,#4277),
 .UNSPECIFIED.,.F.,.F.,(4,1,4),(0.,0.121005834921176,0.217498892754098),
 .UNSPECIFIED.);
#21=B_SPLINE_CURVE_WITH_KNOTS('',3,(#4289,#4290,#4291,#4292,#4293),
 .UNSPECIFIED.,.F.,.F.,(4,1,4),(0.,0.0988766273465512,0.221693408728656),
 .UNSPECIFIED.);
#22=B_SPLINE_CURVE_WITH_KNOTS('',3,(#4296,#4297,#4298,#4299,#4300),
 .UNSPECIFIED.,.F.,.F.,(4,1,4),(0.,0.0988766273465512,0.221693408728656),
 .UNSPECIFIED.);
#23=B_SPLINE_CURVE_WITH_KNOTS('',3,(#4312,#4313,#4314,#4315,#4316),
 .UNSPECIFIED.,.F.,.F.,(4,1,4),(0.,0.0895501970634891,0.177056104111525),
 .UNSPECIFIED.);
#24=B_SPLINE_CURVE_WITH_KNOTS('',3,(#4319,#4320,#4321,#4322,#4323),
 .UNSPECIFIED.,.F.,.F.,(4,1,4),(0.,0.0895501970634891,0.177056104111525),
 .UNSPECIFIED.);
#25=B_SPLINE_CURVE_WITH_KNOTS('',3,(#4335,#4336,#4337,#4338,#4339),
 .UNSPECIFIED.,.F.,.F.,(4,1,4),(0.,0.0884076102050863,0.178251966682899),
 .UNSPECIFIED.);
#26=B_SPLINE_CURVE_WITH_KNOTS('',3,(#4342,#4343,#4344,#4345,#4346),
 .UNSPECIFIED.,.F.,.F.,(4,1,4),(0.,0.0884076102050863,0.178251966682899),
 .UNSPECIFIED.);
#27=B_SPLINE_CURVE_WITH_KNOTS('',3,(#4358,#4359,#4360,#4361,#4362),
 .UNSPECIFIED.,.F.,.F.,(4,1,4),(0.,0.120534275409682,0.21924471490257),
 .UNSPECIFIED.);
#28=B_SPLINE_CURVE_WITH_KNOTS('',3,(#4365,#4366,#4367,#4368,#4369),
 .UNSPECIFIED.,.F.,.F.,(4,1,4),(0.,0.120534275409682,0.21924471490257),
 .UNSPECIFIED.);
#29=B_SPLINE_CURVE_WITH_KNOTS('',3,(#4380,#4381,#4382,#4383,#4384),
 .UNSPECIFIED.,.F.,.F.,(4,1,4),(0.,0.0971673032649497,0.218731613995338),
 .UNSPECIFIED.);
#30=B_SPLINE_CURVE_WITH_KNOTS('',3,(#4385,#4386,#4387,#4388,#4389),
 .UNSPECIFIED.,.F.,.F.,(4,1,4),(0.,0.0971673032649497,0.218731613995338),
 .UNSPECIFIED.);
#31=B_SPLINE_CURVE_WITH_KNOTS('',3,(#4402,#4403,#4404,#4405,#4406),
 .UNSPECIFIED.,.F.,.F.,(4,1,4),(0.,0.162448343102984,0.310471414643624),
 .UNSPECIFIED.);
#32=B_SPLINE_CURVE_WITH_KNOTS('',3,(#4410,#4411,#4412,#4413,#4414),
 .UNSPECIFIED.,.F.,.F.,(4,1,4),(0.,0.162448343102984,0.310471414643624),
 .UNSPECIFIED.);
#33=B_SPLINE_CURVE_WITH_KNOTS('',3,(#4427,#4428,#4429,#4430,#4431),
 .UNSPECIFIED.,.F.,.F.,(4,1,4),(0.,0.147794069442281,0.308651585433365),
 .UNSPECIFIED.);
#34=B_SPLINE_CURVE_WITH_KNOTS('',3,(#4434,#4435,#4436,#4437,#4438),
 .UNSPECIFIED.,.F.,.F.,(4,1,4),(0.,0.147794069442281,0.308651585433365),
 .UNSPECIFIED.);
#35=B_SPLINE_CURVE_WITH_KNOTS('',3,(#4450,#4451,#4452,#4453,#4454),
 .UNSPECIFIED.,.F.,.F.,(4,1,4),(0.,0.174710362916521,0.327422068472568),
 .UNSPECIFIED.);
#36=B_SPLINE_CURVE_WITH_KNOTS('',3,(#4457,#4458,#4459,#4460,#4461),
 .UNSPECIFIED.,.F.,.F.,(4,1,4),(0.,0.174710362916521,0.327422068472568),
 .UNSPECIFIED.);
#37=B_SPLINE_CURVE_WITH_KNOTS('',3,(#4473,#4474,#4475,#4476,#4477),
 .UNSPECIFIED.,.F.,.F.,(4,1,4),(0.,0.153486157721673,0.329451428269692),
 .UNSPECIFIED.);
#38=B_SPLINE_CURVE_WITH_KNOTS('',3,(#4480,#4481,#4482,#4483,#4484),
 .UNSPECIFIED.,.F.,.F.,(4,1,4),(0.,0.153486157721673,0.329451428269692),
 .UNSPECIFIED.);
#39=B_SPLINE_CURVE_WITH_KNOTS('',3,(#4496,#4497,#4498,#4499,#4500),
 .UNSPECIFIED.,.F.,.F.,(4,1,4),(0.,0.161418471450615,0.309893565502478),
 .UNSPECIFIED.);
#40=B_SPLINE_CURVE_WITH_KNOTS('',3,(#4503,#4504,#4505,#4506,#4507),
 .UNSPECIFIED.,.F.,.F.,(4,1,4),(0.,0.161418471450615,0.309893565502478),
 .UNSPECIFIED.);
#41=B_SPLINE_CURVE_WITH_KNOTS('',3,(#4519,#4520,#4521,#4522,#4523),
 .UNSPECIFIED.,.F.,.F.,(4,1,4),(0.,0.0839185202162305,0.176209243184804),
 .UNSPECIFIED.);
#42=B_SPLINE_CURVE_WITH_KNOTS('',3,(#4526,#4527,#4528,#4529,#4530),
 .UNSPECIFIED.,.F.,.F.,(4,1,4),(0.,0.0839185202162305,0.176209243184804),
 .UNSPECIFIED.);
#43=B_SPLINE_CURVE_WITH_KNOTS('',3,(#4542,#4543,#4544,#4545,#4546),
 .UNSPECIFIED.,.F.,.F.,(4,1,4),(0.,0.065227424393243,0.126897248397976),
 .UNSPECIFIED.);
#44=B_SPLINE_CURVE_WITH_KNOTS('',3,(#4549,#4550,#4551,#4552,#4553),
 .UNSPECIFIED.,.F.,.F.,(4,1,4),(0.,0.065227424393243,0.126897248397976),
 .UNSPECIFIED.);
#45=B_SPLINE_CURVE_WITH_KNOTS('',3,(#4565,#4566,#4567,#4568,#4569),
 .UNSPECIFIED.,.F.,.F.,(4,1,4),(0.,0.0663204517288201,0.132946593836632),
 .UNSPECIFIED.);
#46=B_SPLINE_CURVE_WITH_KNOTS('',3,(#4572,#4573,#4574,#4575,#4576),
 .UNSPECIFIED.,.F.,.F.,(4,1,4),(0.,0.0663204517288201,0.132946593836632),
 .UNSPECIFIED.);
#47=B_SPLINE_CURVE_WITH_KNOTS('',3,(#4588,#4589,#4590,#4591,#4592),
 .UNSPECIFIED.,.F.,.F.,(4,1,4),(0.,0.112785716645316,0.209523047006966),
 .UNSPECIFIED.);
#48=B_SPLINE_CURVE_WITH_KNOTS('',3,(#4595,#4596,#4597,#4598,#4599),
 .UNSPECIFIED.,.F.,.F.,(4,1,4),(0.,0.112785716645316,0.209523047006966),
 .UNSPECIFIED.);
#49=B_SPLINE_CURVE_WITH_KNOTS('',3,(#4610,#4611,#4612,#4613,#4614),
 .UNSPECIFIED.,.F.,.F.,(4,1,4),(0.,0.151778704605857,0.324331525735963),
 .UNSPECIFIED.);
#50=B_SPLINE_CURVE_WITH_KNOTS('',3,(#4615,#4616,#4617,#4618,#4619),
 .UNSPECIFIED.,.F.,.F.,(4,1,4),(0.,0.151778704605857,0.324331525735963),
 .UNSPECIFIED.);
#51=B_SPLINE_CURVE_WITH_KNOTS('',3,(#4812,#4813,#4814,#4815,#4816),
 .UNSPECIFIED.,.F.,.F.,(4,1,4),(0.,0.169048191061729,0.308955285154632),
 .UNSPECIFIED.);
#52=B_SPLINE_CURVE_WITH_KNOTS('',3,(#4820,#4821,#4822,#4823,#4824),
 .UNSPECIFIED.,.F.,.F.,(4,1,4),(0.,0.169048191061729,0.308955285154632),
 .UNSPECIFIED.);
#53=B_SPLINE_CURVE_WITH_KNOTS('',3,(#4837,#4838,#4839,#4840,#4841),
 .UNSPECIFIED.,.F.,.F.,(4,1,4),(0.,0.101735805851221,0.221619948471931),
 .UNSPECIFIED.);
#54=B_SPLINE_CURVE_WITH_KNOTS('',3,(#4844,#4845,#4846,#4847,#4848),
 .UNSPECIFIED.,.F.,.F.,(4,1,4),(0.,0.101735805851221,0.221619948471931),
 .UNSPECIFIED.);
#55=B_SPLINE_CURVE_WITH_KNOTS('',3,(#4860,#4861,#4862,#4863,#4864),
 .UNSPECIFIED.,.F.,.F.,(4,1,4),(0.,0.0872383336365721,0.177491569096799),
 .UNSPECIFIED.);
#56=B_SPLINE_CURVE_WITH_KNOTS('',3,(#4867,#4868,#4869,#4870,#4871),
 .UNSPECIFIED.,.F.,.F.,(4,1,4),(0.,0.0872383336365721,0.177491569096799),
 .UNSPECIFIED.);
#57=B_SPLINE_CURVE_WITH_KNOTS('',3,(#4883,#4884,#4885,#4886,#4887),
 .UNSPECIFIED.,.F.,.F.,(4,1,4),(0.,0.0840714452470555,0.169683980924671),
 .UNSPECIFIED.);
#58=B_SPLINE_CURVE_WITH_KNOTS('',3,(#4890,#4891,#4892,#4893,#4894),
 .UNSPECIFIED.,.F.,.F.,(4,1,4),(0.,0.0840714452470555,0.169683980924671),
 .UNSPECIFIED.);
#59=B_SPLINE_CURVE_WITH_KNOTS('',3,(#4906,#4907,#4908,#4909,#4910),
 .UNSPECIFIED.,.F.,.F.,(4,1,4),(0.,0.0778811483851711,0.165601939495747),
 .UNSPECIFIED.);
#60=B_SPLINE_CURVE_WITH_KNOTS('',3,(#4913,#4914,#4915,#4916,#4917),
 .UNSPECIFIED.,.F.,.F.,(4,1,4),(0.,0.0778811483851711,0.165601939495747),
 .UNSPECIFIED.);
#61=B_SPLINE_CURVE_WITH_KNOTS('',3,(#4929,#4930,#4931,#4932,#4933),
 .UNSPECIFIED.,.F.,.F.,(4,1,4),(0.,0.0768244829024535,0.151587690811605),
 .UNSPECIFIED.);
#62=B_SPLINE_CURVE_WITH_KNOTS('',3,(#4936,#4937,#4938,#4939,#4940),
 .UNSPECIFIED.,.F.,.F.,(4,1,4),(0.,0.0768244829024535,0.151587690811605),
 .UNSPECIFIED.);
#63=B_SPLINE_CURVE_WITH_KNOTS('',3,(#4952,#4953,#4954,#4955,#4956),
 .UNSPECIFIED.,.F.,.F.,(4,1,4),(0.,0.132890877261784,0.229701598985067),
 .UNSPECIFIED.);
#64=B_SPLINE_CURVE_WITH_KNOTS('',3,(#4959,#4960,#4961,#4962,#4963),
 .UNSPECIFIED.,.F.,.F.,(4,1,4),(0.,0.132890877261784,0.229701598985067),
 .UNSPECIFIED.);
#65=B_SPLINE_CURVE_WITH_KNOTS('',3,(#4975,#4976,#4977,#4978,#4979),
 .UNSPECIFIED.,.F.,.F.,(4,1,4),(0.,0.0732136834114644,0.198018928709271),
 .UNSPECIFIED.);
#66=B_SPLINE_CURVE_WITH_KNOTS('',3,(#4982,#4983,#4984,#4985,#4986),
 .UNSPECIFIED.,.F.,.F.,(4,1,4),(0.,0.0732136834114644,0.198018928709271),
 .UNSPECIFIED.);
#67=B_SPLINE_CURVE_WITH_KNOTS('',3,(#4998,#4999,#5000,#5001,#5002),
 .UNSPECIFIED.,.F.,.F.,(4,1,4),(0.,0.0337571512872007,0.0695254079765508),
 .UNSPECIFIED.);
#68=B_SPLINE_CURVE_WITH_KNOTS('',3,(#5005,#5006,#5007,#5008,#5009),
 .UNSPECIFIED.,.F.,.F.,(4,1,4),(0.,0.0337571512872007,0.0695254079765508),
 .UNSPECIFIED.);
#69=B_SPLINE_CURVE_WITH_KNOTS('',3,(#5021,#5022,#5023,#5024,#5025),
 .UNSPECIFIED.,.F.,.F.,(4,1,4),(0.,0.0362403690704073,0.0721064669769556),
 .UNSPECIFIED.);
#70=B_SPLINE_CURVE_WITH_KNOTS('',3,(#5028,#5029,#5030,#5031,#5032),
 .UNSPECIFIED.,.F.,.F.,(4,1,4),(0.,0.0362403690704073,0.0721064669769556),
 .UNSPECIFIED.);
#71=B_SPLINE_CURVE_WITH_KNOTS('',3,(#5044,#5045,#5046,#5047,#5048),
 .UNSPECIFIED.,.F.,.F.,(4,1,4),(0.,0.0789636829613019,0.144209763199257),
 .UNSPECIFIED.);
#72=B_SPLINE_CURVE_WITH_KNOTS('',3,(#5051,#5052,#5053,#5054,#5055),
 .UNSPECIFIED.,.F.,.F.,(4,1,4),(0.,0.0789636829613019,0.144209763199257),
 .UNSPECIFIED.);
#73=B_SPLINE_CURVE_WITH_KNOTS('',3,(#5067,#5068,#5069,#5070,#5071),
 .UNSPECIFIED.,.F.,.F.,(4,1,4),(0.,0.0588820195324584,0.133890719674772),
 .UNSPECIFIED.);
#74=B_SPLINE_CURVE_WITH_KNOTS('',3,(#5074,#5075,#5076,#5077,#5078),
 .UNSPECIFIED.,.F.,.F.,(4,1,4),(0.,0.0588820195324584,0.133890719674772),
 .UNSPECIFIED.);
#75=B_SPLINE_CURVE_WITH_KNOTS('',3,(#5090,#5091,#5092,#5093,#5094),
 .UNSPECIFIED.,.F.,.F.,(4,1,4),(0.,0.0692587077615622,0.126039477985136),
 .UNSPECIFIED.);
#76=B_SPLINE_CURVE_WITH_KNOTS('',3,(#5097,#5098,#5099,#5100,#5101),
 .UNSPECIFIED.,.F.,.F.,(4,1,4),(0.,0.0692587077615622,0.126039477985136),
 .UNSPECIFIED.);
#77=B_SPLINE_CURVE_WITH_KNOTS('',3,(#5119,#5120,#5121,#5122,#5123),
 .UNSPECIFIED.,.F.,.F.,(4,1,4),(0.,0.120771602205098,0.247752155591728),
 .UNSPECIFIED.);
#78=B_SPLINE_CURVE_WITH_KNOTS('',3,(#5126,#5127,#5128,#5129,#5130),
 .UNSPECIFIED.,.F.,.F.,(4,1,4),(0.,0.120771602205098,0.247752155591728),
 .UNSPECIFIED.);
#79=B_SPLINE_CURVE_WITH_KNOTS('',3,(#5142,#5143,#5144,#5145,#5146),
 .UNSPECIFIED.,.F.,.F.,(4,1,4),(0.,0.166190444085237,0.299600379781235),
 .UNSPECIFIED.);
#80=B_SPLINE_CURVE_WITH_KNOTS('',3,(#5149,#5150,#5151,#5152,#5153),
 .UNSPECIFIED.,.F.,.F.,(4,1,4),(0.,0.166190444085237,0.299600379781235),
 .UNSPECIFIED.);
#81=B_SPLINE_CURVE_WITH_KNOTS('',3,(#5165,#5166,#5167,#5168,#5169),
 .UNSPECIFIED.,.F.,.F.,(4,1,4),(0.,0.0939088263488001,0.201185534875925),
 .UNSPECIFIED.);
#82=B_SPLINE_CURVE_WITH_KNOTS('',3,(#5172,#5173,#5174,#5175,#5176),
 .UNSPECIFIED.,.F.,.F.,(4,1,4),(0.,0.0939088263488001,0.201185534875925),
 .UNSPECIFIED.);
#83=B_SPLINE_CURVE_WITH_KNOTS('',3,(#5188,#5189,#5190,#5191,#5192),
 .UNSPECIFIED.,.F.,.F.,(4,1,4),(0.,0.0792095083932399,0.162794918208528),
 .UNSPECIFIED.);
#84=B_SPLINE_CURVE_WITH_KNOTS('',3,(#5195,#5196,#5197,#5198,#5199),
 .UNSPECIFIED.,.F.,.F.,(4,1,4),(0.,0.0792095083932399,0.162794918208528),
 .UNSPECIFIED.);
#85=B_SPLINE_CURVE_WITH_KNOTS('',3,(#5211,#5212,#5213,#5214,#5215),
 .UNSPECIFIED.,.F.,.F.,(4,1,4),(0.,0.0746178603507646,0.150524772043239),
 .UNSPECIFIED.);
#86=B_SPLINE_CURVE_WITH_KNOTS('',3,(#5218,#5219,#5220,#5221,#5222),
 .UNSPECIFIED.,.F.,.F.,(4,1,4),(0.,0.0746178603507646,0.150524772043239),
 .UNSPECIFIED.);
#87=B_SPLINE_CURVE_WITH_KNOTS('',3,(#5234,#5235,#5236,#5237,#5238),
 .UNSPECIFIED.,.F.,.F.,(4,1,4),(0.,0.114700245370431,0.226743038709112),
 .UNSPECIFIED.);
#88=B_SPLINE_CURVE_WITH_KNOTS('',3,(#5241,#5242,#5243,#5244,#5245),
 .UNSPECIFIED.,.F.,.F.,(4,1,4),(0.,0.114700245370431,0.226743038709112),
 .UNSPECIFIED.);
#89=B_SPLINE_CURVE_WITH_KNOTS('',3,(#5257,#5258,#5259,#5260,#5261),
 .UNSPECIFIED.,.F.,.F.,(4,1,4),(0.,0.145229746661224,0.249959902686922),
 .UNSPECIFIED.);
#90=B_SPLINE_CURVE_WITH_KNOTS('',3,(#5264,#5265,#5266,#5267,#5268),
 .UNSPECIFIED.,.F.,.F.,(4,1,4),(0.,0.145229746661224,0.249959902686922),
 .UNSPECIFIED.);
#91=B_SPLINE_CURVE_WITH_KNOTS('',3,(#5280,#5281,#5282,#5283,#5284),
 .UNSPECIFIED.,.F.,.F.,(4,1,4),(0.,0.0606002837382458,0.167477130598146),
 .UNSPECIFIED.);
#92=B_SPLINE_CURVE_WITH_KNOTS('',3,(#5287,#5288,#5289,#5290,#5291),
 .UNSPECIFIED.,.F.,.F.,(4,1,4),(0.,0.0606002837382458,0.167477130598146),
 .UNSPECIFIED.);
#93=B_SPLINE_CURVE_WITH_KNOTS('',3,(#5303,#5304,#5305,#5306,#5307),
 .UNSPECIFIED.,.F.,.F.,(4,1,4),(0.,0.0368127611295042,0.0851935171236502),
 .UNSPECIFIED.);
#94=B_SPLINE_CURVE_WITH_KNOTS('',3,(#5310,#5311,#5312,#5313,#5314),
 .UNSPECIFIED.,.F.,.F.,(4,1,4),(0.,0.0368127611295042,0.0851935171236502),
 .UNSPECIFIED.);
#95=B_SPLINE_CURVE_WITH_KNOTS('',3,(#5326,#5327,#5328,#5329,#5330),
 .UNSPECIFIED.,.F.,.F.,(4,1,4),(0.,0.0331662240596053,0.0647256898841498),
 .UNSPECIFIED.);
#96=B_SPLINE_CURVE_WITH_KNOTS('',3,(#5333,#5334,#5335,#5336,#5337),
 .UNSPECIFIED.,.F.,.F.,(4,1,4),(0.,0.0331662240596053,0.0647256898841498),
 .UNSPECIFIED.);
#97=B_SPLINE_CURVE_WITH_KNOTS('',3,(#5349,#5350,#5351,#5352,#5353),
 .UNSPECIFIED.,.F.,.F.,(4,1,4),(0.,0.0584944963786199,0.111809966683531),
 .UNSPECIFIED.);
#98=B_SPLINE_CURVE_WITH_KNOTS('',3,(#5356,#5357,#5358,#5359,#5360),
 .UNSPECIFIED.,.F.,.F.,(4,1,4),(0.,0.0584944963786199,0.111809966683531),
 .UNSPECIFIED.);
#99=B_SPLINE_CURVE_WITH_KNOTS('',3,(#5372,#5373,#5374,#5375,#5376),
 .UNSPECIFIED.,.F.,.F.,(4,1,4),(0.,0.08604709690711,0.154532393489265),
 .UNSPECIFIED.);
#100=B_SPLINE_CURVE_WITH_KNOTS('',3,(#5379,#5380,#5381,#5382,#5383),
 .UNSPECIFIED.,.F.,.F.,(4,1,4),(0.,0.08604709690711,0.154532393489265),
 .UNSPECIFIED.);
#101=B_SPLINE_CURVE_WITH_KNOTS('',3,(#5395,#5396,#5397,#5398,#5399),
 .UNSPECIFIED.,.F.,.F.,(4,1,4),(0.,0.0727995671160711,0.156316573182918),
 .UNSPECIFIED.);
#102=B_SPLINE_CURVE_WITH_KNOTS('',3,(#5402,#5403,#5404,#5405,#5406),
 .UNSPECIFIED.,.F.,.F.,(4,1,4),(0.,0.0727995671160711,0.156316573182918),
 .UNSPECIFIED.);
#103=B_SPLINE_CURVE_WITH_KNOTS('',3,(#5418,#5419,#5420,#5421,#5422),
 .UNSPECIFIED.,.F.,.F.,(4,1,4),(0.,0.0898589235572364,0.164381602069975),
 .UNSPECIFIED.);
#104=B_SPLINE_CURVE_WITH_KNOTS('',3,(#5425,#5426,#5427,#5428,#5429),
 .UNSPECIFIED.,.F.,.F.,(4,1,4),(0.,0.0898589235572364,0.164381602069975),
 .UNSPECIFIED.);
#105=B_SPLINE_CURVE_WITH_KNOTS('',3,(#5446,#5447,#5448,#5449,#5450),
 .UNSPECIFIED.,.F.,.F.,(4,1,4),(0.,0.1350614641105,0.288292364329452),
 .UNSPECIFIED.);
#106=B_SPLINE_CURVE_WITH_KNOTS('',3,(#5451,#5452,#5453,#5454,#5455),
 .UNSPECIFIED.,.F.,.F.,(4,1,4),(0.,0.1350614641105,0.288292364329452),
 .UNSPECIFIED.);
#107=B_SPLINE_SURFACE_WITH_KNOTS('',3,1,((#4206,#4207),(#4208,#4209),(#4210,
#4211),(#4212,#4213),(#4214,#4215)),.UNSPECIFIED.,.F.,.F.,.F.,(4,1,4),(2,
2),(0.,0.0918010830706114,0.179394923765045),(0.,0.3),.UNSPECIFIED.);
#108=B_SPLINE_SURFACE_WITH_KNOTS('',3,1,((#4232,#4233),(#4234,#4235),(#4236,
#4237),(#4238,#4239),(#4240,#4241)),.UNSPECIFIED.,.F.,.F.,.F.,(4,1,4),(2,
2),(0.,0.0864504816470595,0.177932718541673),(0.,0.3),.UNSPECIFIED.);
#109=B_SPLINE_SURFACE_WITH_KNOTS('',3,1,((#4255,#4256),(#4257,#4258),(#4259,
#4260),(#4261,#4262),(#4263,#4264)),.UNSPECIFIED.,.F.,.F.,.F.,(4,1,4),(2,
2),(0.,0.121005834921176,0.217498892754098),(0.,0.3),.UNSPECIFIED.);
#110=B_SPLINE_SURFACE_WITH_KNOTS('',3,1,((#4278,#4279),(#4280,#4281),(#4282,
#4283),(#4284,#4285),(#4286,#4287)),.UNSPECIFIED.,.F.,.F.,.F.,(4,1,4),(2,
2),(0.,0.0988766273465512,0.221693408728656),(0.,0.3),.UNSPECIFIED.);
#111=B_SPLINE_SURFACE_WITH_KNOTS('',3,1,((#4301,#4302),(#4303,#4304),(#4305,
#4306),(#4307,#4308),(#4309,#4310)),.UNSPECIFIED.,.F.,.F.,.F.,(4,1,4),(2,
2),(0.,0.0895501970634891,0.177056104111525),(0.,0.3),.UNSPECIFIED.);
#112=B_SPLINE_SURFACE_WITH_KNOTS('',3,1,((#4324,#4325),(#4326,#4327),(#4328,
#4329),(#4330,#4331),(#4332,#4333)),.UNSPECIFIED.,.F.,.F.,.F.,(4,1,4),(2,
2),(0.,0.0884076102050863,0.178251966682899),(0.,0.3),.UNSPECIFIED.);
#113=B_SPLINE_SURFACE_WITH_KNOTS('',3,1,((#4347,#4348),(#4349,#4350),(#4351,
#4352),(#4353,#4354),(#4355,#4356)),.UNSPECIFIED.,.F.,.F.,.F.,(4,1,4),(2,
2),(0.,0.120534275409682,0.21924471490257),(0.,0.3),.UNSPECIFIED.);
#114=B_SPLINE_SURFACE_WITH_KNOTS('',3,1,((#4370,#4371),(#4372,#4373),(#4374,
#4375),(#4376,#4377),(#4378,#4379)),.UNSPECIFIED.,.F.,.F.,.F.,(4,1,4),(2,
2),(0.,0.0971673032649497,0.218731613995338),(0.,0.3),.UNSPECIFIED.);
#115=B_SPLINE_SURFACE_WITH_KNOTS('',3,1,((#4390,#4391),(#4392,#4393),(#4394,
#4395),(#4396,#4397),(#4398,#4399)),.UNSPECIFIED.,.F.,.F.,.F.,(4,1,4),(2,
2),(0.,0.162448343102984,0.310471414643624),(0.,0.3),.UNSPECIFIED.);
#116=B_SPLINE_SURFACE_WITH_KNOTS('',3,1,((#4416,#4417),(#4418,#4419),(#4420,
#4421),(#4422,#4423),(#4424,#4425)),.UNSPECIFIED.,.F.,.F.,.F.,(4,1,4),(2,
2),(0.,0.147794069442281,0.308651585433365),(0.,0.3),.UNSPECIFIED.);
#117=B_SPLINE_SURFACE_WITH_KNOTS('',3,1,((#4439,#4440),(#4441,#4442),(#4443,
#4444),(#4445,#4446),(#4447,#4448)),.UNSPECIFIED.,.F.,.F.,.F.,(4,1,4),(2,
2),(0.,0.174710362916521,0.327422068472568),(0.,0.3),.UNSPECIFIED.);
#118=B_SPLINE_SURFACE_WITH_KNOTS('',3,1,((#4462,#4463),(#4464,#4465),(#4466,
#4467),(#4468,#4469),(#4470,#4471)),.UNSPECIFIED.,.F.,.F.,.F.,(4,1,4),(2,
2),(0.,0.153486157721673,0.329451428269692),(0.,0.3),.UNSPECIFIED.);
#119=B_SPLINE_SURFACE_WITH_KNOTS('',3,1,((#4485,#4486),(#4487,#4488),(#4489,
#4490),(#4491,#4492),(#4493,#4494)),.UNSPECIFIED.,.F.,.F.,.F.,(4,1,4),(2,
2),(0.,0.161418471450615,0.309893565502478),(0.,0.3),.UNSPECIFIED.);
#120=B_SPLINE_SURFACE_WITH_KNOTS('',3,1,((#4508,#4509),(#4510,#4511),(#4512,
#4513),(#4514,#4515),(#4516,#4517)),.UNSPECIFIED.,.F.,.F.,.F.,(4,1,4),(2,
2),(0.,0.0839185202162305,0.176209243184804),(0.,0.3),.UNSPECIFIED.);
#121=B_SPLINE_SURFACE_WITH_KNOTS('',3,1,((#4531,#4532),(#4533,#4534),(#4535,
#4536),(#4537,#4538),(#4539,#4540)),.UNSPECIFIED.,.F.,.F.,.F.,(4,1,4),(2,
2),(0.,0.065227424393243,0.126897248397976),(0.,0.3),.UNSPECIFIED.);
#122=B_SPLINE_SURFACE_WITH_KNOTS('',3,1,((#4554,#4555),(#4556,#4557),(#4558,
#4559),(#4560,#4561),(#4562,#4563)),.UNSPECIFIED.,.F.,.F.,.F.,(4,1,4),(2,
2),(0.,0.0663204517288201,0.132946593836632),(0.,0.3),.UNSPECIFIED.);
#123=B_SPLINE_SURFACE_WITH_KNOTS('',3,1,((#4577,#4578),(#4579,#4580),(#4581,
#4582),(#4583,#4584),(#4585,#4586)),.UNSPECIFIED.,.F.,.F.,.F.,(4,1,4),(2,
2),(0.,0.112785716645316,0.209523047006966),(0.,0.3),.UNSPECIFIED.);
#124=B_SPLINE_SURFACE_WITH_KNOTS('',3,1,((#4600,#4601),(#4602,#4603),(#4604,
#4605),(#4606,#4607),(#4608,#4609)),.UNSPECIFIED.,.F.,.F.,.F.,(4,1,4),(2,
2),(0.,0.151778704605857,0.324331525735963),(0.,0.3),.UNSPECIFIED.);
#125=B_SPLINE_SURFACE_WITH_KNOTS('',3,1,((#4800,#4801),(#4802,#4803),(#4804,
#4805),(#4806,#4807),(#4808,#4809)),.UNSPECIFIED.,.F.,.F.,.F.,(4,1,4),(2,
2),(0.,0.169048191061729,0.308955285154632),(0.,0.3),.UNSPECIFIED.);
#126=B_SPLINE_SURFACE_WITH_KNOTS('',3,1,((#4826,#4827),(#4828,#4829),(#4830,
#4831),(#4832,#4833),(#4834,#4835)),.UNSPECIFIED.,.F.,.F.,.F.,(4,1,4),(2,
2),(0.,0.101735805851221,0.221619948471931),(0.,0.3),.UNSPECIFIED.);
#127=B_SPLINE_SURFACE_WITH_KNOTS('',3,1,((#4849,#4850),(#4851,#4852),(#4853,
#4854),(#4855,#4856),(#4857,#4858)),.UNSPECIFIED.,.F.,.F.,.F.,(4,1,4),(2,
2),(0.,0.0872383336365721,0.177491569096799),(0.,0.3),.UNSPECIFIED.);
#128=B_SPLINE_SURFACE_WITH_KNOTS('',3,1,((#4872,#4873),(#4874,#4875),(#4876,
#4877),(#4878,#4879),(#4880,#4881)),.UNSPECIFIED.,.F.,.F.,.F.,(4,1,4),(2,
2),(0.,0.0840714452470555,0.169683980924671),(0.,0.3),.UNSPECIFIED.);
#129=B_SPLINE_SURFACE_WITH_KNOTS('',3,1,((#4895,#4896),(#4897,#4898),(#4899,
#4900),(#4901,#4902),(#4903,#4904)),.UNSPECIFIED.,.F.,.F.,.F.,(4,1,4),(2,
2),(0.,0.0778811483851711,0.165601939495747),(0.,0.3),.UNSPECIFIED.);
#130=B_SPLINE_SURFACE_WITH_KNOTS('',3,1,((#4918,#4919),(#4920,#4921),(#4922,
#4923),(#4924,#4925),(#4926,#4927)),.UNSPECIFIED.,.F.,.F.,.F.,(4,1,4),(2,
2),(0.,0.0768244829024535,0.151587690811605),(0.,0.3),.UNSPECIFIED.);
#131=B_SPLINE_SURFACE_WITH_KNOTS('',3,1,((#4941,#4942),(#4943,#4944),(#4945,
#4946),(#4947,#4948),(#4949,#4950)),.UNSPECIFIED.,.F.,.F.,.F.,(4,1,4),(2,
2),(0.,0.132890877261784,0.229701598985067),(0.,0.3),.UNSPECIFIED.);
#132=B_SPLINE_SURFACE_WITH_KNOTS('',3,1,((#4964,#4965),(#4966,#4967),(#4968,
#4969),(#4970,#4971),(#4972,#4973)),.UNSPECIFIED.,.F.,.F.,.F.,(4,1,4),(2,
2),(0.,0.0732136834114644,0.198018928709271),(0.,0.3),.UNSPECIFIED.);
#133=B_SPLINE_SURFACE_WITH_KNOTS('',3,1,((#4987,#4988),(#4989,#4990),(#4991,
#4992),(#4993,#4994),(#4995,#4996)),.UNSPECIFIED.,.F.,.F.,.F.,(4,1,4),(2,
2),(0.,0.0337571512872007,0.0695254079765508),(0.,0.3),.UNSPECIFIED.);
#134=B_SPLINE_SURFACE_WITH_KNOTS('',3,1,((#5010,#5011),(#5012,#5013),(#5014,
#5015),(#5016,#5017),(#5018,#5019)),.UNSPECIFIED.,.F.,.F.,.F.,(4,1,4),(2,
2),(0.,0.0362403690704073,0.0721064669769556),(0.,0.3),.UNSPECIFIED.);
#135=B_SPLINE_SURFACE_WITH_KNOTS('',3,1,((#5033,#5034),(#5035,#5036),(#5037,
#5038),(#5039,#5040),(#5041,#5042)),.UNSPECIFIED.,.F.,.F.,.F.,(4,1,4),(2,
2),(0.,0.0789636829613019,0.144209763199257),(0.,0.3),.UNSPECIFIED.);
#136=B_SPLINE_SURFACE_WITH_KNOTS('',3,1,((#5056,#5057),(#5058,#5059),(#5060,
#5061),(#5062,#5063),(#5064,#5065)),.UNSPECIFIED.,.F.,.F.,.F.,(4,1,4),(2,
2),(0.,0.0588820195324584,0.133890719674772),(0.,0.3),.UNSPECIFIED.);
#137=B_SPLINE_SURFACE_WITH_KNOTS('',3,1,((#5079,#5080),(#5081,#5082),(#5083,
#5084),(#5085,#5086),(#5087,#5088)),.UNSPECIFIED.,.F.,.F.,.F.,(4,1,4),(2,
2),(0.,0.0692587077615622,0.126039477985136),(0.,0.3),.UNSPECIFIED.);
#138=B_SPLINE_SURFACE_WITH_KNOTS('',3,1,((#5108,#5109),(#5110,#5111),(#5112,
#5113),(#5114,#5115),(#5116,#5117)),.UNSPECIFIED.,.F.,.F.,.F.,(4,1,4),(2,
2),(0.,0.120771602205098,0.247752155591728),(0.,0.3),.UNSPECIFIED.);
#139=B_SPLINE_SURFACE_WITH_KNOTS('',3,1,((#5131,#5132),(#5133,#5134),(#5135,
#5136),(#5137,#5138),(#5139,#5140)),.UNSPECIFIED.,.F.,.F.,.F.,(4,1,4),(2,
2),(0.,0.166190444085237,0.299600379781235),(0.,0.3),.UNSPECIFIED.);
#140=B_SPLINE_SURFACE_WITH_KNOTS('',3,1,((#5154,#5155),(#5156,#5157),(#5158,
#5159),(#5160,#5161),(#5162,#5163)),.UNSPECIFIED.,.F.,.F.,.F.,(4,1,4),(2,
2),(0.,0.0939088263488001,0.201185534875925),(0.,0.3),.UNSPECIFIED.);
#141=B_SPLINE_SURFACE_WITH_KNOTS('',3,1,((#5177,#5178),(#5179,#5180),(#5181,
#5182),(#5183,#5184),(#5185,#5186)),.UNSPECIFIED.,.F.,.F.,.F.,(4,1,4),(2,
2),(0.,0.0792095083932399,0.162794918208528),(0.,0.3),.UNSPECIFIED.);
#142=B_SPLINE_SURFACE_WITH_KNOTS('',3,1,((#5200,#5201),(#5202,#5203),(#5204,
#5205),(#5206,#5207),(#5208,#5209)),.UNSPECIFIED.,.F.,.F.,.F.,(4,1,4),(2,
2),(0.,0.0746178603507646,0.150524772043239),(0.,0.3),.UNSPECIFIED.);
#143=B_SPLINE_SURFACE_WITH_KNOTS('',3,1,((#5223,#5224),(#5225,#5226),(#5227,
#5228),(#5229,#5230),(#5231,#5232)),.UNSPECIFIED.,.F.,.F.,.F.,(4,1,4),(2,
2),(0.,0.114700245370431,0.226743038709112),(0.,0.3),.UNSPECIFIED.);
#144=B_SPLINE_SURFACE_WITH_KNOTS('',3,1,((#5246,#5247),(#5248,#5249),(#5250,
#5251),(#5252,#5253),(#5254,#5255)),.UNSPECIFIED.,.F.,.F.,.F.,(4,1,4),(2,
2),(0.,0.145229746661224,0.249959902686922),(0.,0.3),.UNSPECIFIED.);
#145=B_SPLINE_SURFACE_WITH_KNOTS('',3,1,((#5269,#5270),(#5271,#5272),(#5273,
#5274),(#5275,#5276),(#5277,#5278)),.UNSPECIFIED.,.F.,.F.,.F.,(4,1,4),(2,
2),(0.,0.0606002837382458,0.167477130598146),(0.,0.3),.UNSPECIFIED.);
#146=B_SPLINE_SURFACE_WITH_KNOTS('',3,1,((#5292,#5293),(#5294,#5295),(#5296,
#5297),(#5298,#5299),(#5300,#5301)),.UNSPECIFIED.,.F.,.F.,.F.,(4,1,4),(2,
2),(0.,0.0368127611295042,0.0851935171236502),(0.,0.3),.UNSPECIFIED.);
#147=B_SPLINE_SURFACE_WITH_KNOTS('',3,1,((#5315,#5316),(#5317,#5318),(#5319,
#5320),(#5321,#5322),(#5323,#5324)),.UNSPECIFIED.,.F.,.F.,.F.,(4,1,4),(2,
2),(0.,0.0331662240596053,0.0647256898841498),(0.,0.3),.UNSPECIFIED.);
#148=B_SPLINE_SURFACE_WITH_KNOTS('',3,1,((#5338,#5339),(#5340,#5341),(#5342,
#5343),(#5344,#5345),(#5346,#5347)),.UNSPECIFIED.,.F.,.F.,.F.,(4,1,4),(2,
2),(0.,0.0584944963786199,0.111809966683531),(0.,0.3),.UNSPECIFIED.);
#149=B_SPLINE_SURFACE_WITH_KNOTS('',3,1,((#5361,#5362),(#5363,#5364),(#5365,
#5366),(#5367,#5368),(#5369,#5370)),.UNSPECIFIED.,.F.,.F.,.F.,(4,1,4),(2,
2),(0.,0.08604709690711,0.154532393489265),(0.,0.3),.UNSPECIFIED.);
#150=B_SPLINE_SURFACE_WITH_KNOTS('',3,1,((#5384,#5385),(#5386,#5387),(#5388,
#5389),(#5390,#5391),(#5392,#5393)),.UNSPECIFIED.,.F.,.F.,.F.,(4,1,4),(2,
2),(0.,0.0727995671160711,0.156316573182918),(0.,0.3),.UNSPECIFIED.);
#151=B_SPLINE_SURFACE_WITH_KNOTS('',3,1,((#5407,#5408),(#5409,#5410),(#5411,
#5412),(#5413,#5414),(#5415,#5416)),.UNSPECIFIED.,.F.,.F.,.F.,(4,1,4),(2,
2),(0.,0.0898589235572364,0.164381602069975),(0.,0.3),.UNSPECIFIED.);
#152=B_SPLINE_SURFACE_WITH_KNOTS('',3,1,((#5436,#5437),(#5438,#5439),(#5440,
#5441),(#5442,#5443),(#5444,#5445)),.UNSPECIFIED.,.F.,.F.,.F.,(4,1,4),(2,
2),(0.,0.1350614641105,0.288292364329452),(0.,0.3),.UNSPECIFIED.);
#153=CYLINDRICAL_SURFACE('',#3126,2.00000000007178);
#154=CYLINDRICAL_SURFACE('',#3129,2.00000000000001);
#155=CYLINDRICAL_SURFACE('',#3131,1.9999999997772);
#156=CYLINDRICAL_SURFACE('',#3134,2.);
#157=CYLINDRICAL_SURFACE('',#3147,10.);
#158=CYLINDRICAL_SURFACE('',#3151,10.);
#159=CYLINDRICAL_SURFACE('',#3155,6.50000004842877);
#160=CYLINDRICAL_SURFACE('',#3157,6.50000004842873);
#161=CYLINDRICAL_SURFACE('',#3159,10.);
#162=CYLINDRICAL_SURFACE('',#3163,10.);
#163=CYLINDRICAL_SURFACE('',#3167,6.50000004842877);
#164=CYLINDRICAL_SURFACE('',#3169,6.50000004842873);
#165=CYLINDRICAL_SURFACE('',#3171,10.);
#166=CYLINDRICAL_SURFACE('',#3175,10.);
#167=CYLINDRICAL_SURFACE('',#3179,6.50000004842877);
#168=CYLINDRICAL_SURFACE('',#3181,6.50000004842873);
#169=CYLINDRICAL_SURFACE('',#3183,10.);
#170=CYLINDRICAL_SURFACE('',#3187,10.);
#171=CYLINDRICAL_SURFACE('',#3191,6.50000004842877);
#172=CYLINDRICAL_SURFACE('',#3193,6.50000004842873);
#173=CYLINDRICAL_SURFACE('',#3254,10.25);
#174=CYLINDRICAL_SURFACE('',#3257,33.);
#175=CYLINDRICAL_SURFACE('',#3265,7.5);
#176=CYLINDRICAL_SURFACE('',#3269,7.5);
#177=CYLINDRICAL_SURFACE('',#3273,7.5);
#178=CYLINDRICAL_SURFACE('',#3277,7.5);
#179=CYLINDRICAL_SURFACE('',#3281,5.75000000000002);
#180=CYLINDRICAL_SURFACE('',#3282,5.75000000000002);
#181=CYLINDRICAL_SURFACE('',#3283,5.75000000000002);
#182=CYLINDRICAL_SURFACE('',#3284,5.75000000000002);
#183=CYLINDRICAL_SURFACE('',#3286,75.0000000000004);
#184=CYLINDRICAL_SURFACE('',#3288,75.);
#185=CYLINDRICAL_SURFACE('',#3290,75.);
#186=FACE_BOUND('',#484,.T.);
#187=FACE_BOUND('',#485,.T.);
#188=FACE_BOUND('',#486,.T.);
#189=FACE_BOUND('',#487,.T.);
#190=FACE_BOUND('',#488,.T.);
#191=FACE_BOUND('',#489,.T.);
#192=FACE_BOUND('',#490,.T.);
#193=FACE_BOUND('',#491,.T.);
#194=FACE_BOUND('',#492,.T.);
#195=FACE_BOUND('',#493,.T.);
#196=FACE_BOUND('',#494,.T.);
#197=FACE_BOUND('',#495,.T.);
#198=FACE_BOUND('',#496,.T.);
#199=FACE_BOUND('',#497,.T.);
#200=FACE_BOUND('',#498,.T.);
#201=FACE_BOUND('',#499,.T.);
#202=FACE_BOUND('',#501,.T.);
#203=FACE_BOUND('',#502,.T.);
#204=FACE_BOUND('',#523,.T.);
#205=FACE_BOUND('',#526,.T.);
#206=FACE_BOUND('',#531,.T.);
#207=FACE_BOUND('',#534,.T.);
#208=FACE_BOUND('',#539,.T.);
#209=FACE_BOUND('',#542,.T.);
#210=FACE_BOUND('',#547,.T.);
#211=FACE_BOUND('',#550,.T.);
#212=FACE_BOUND('',#572,.T.);
#213=FACE_BOUND('',#650,.T.);
#214=FACE_BOUND('',#651,.T.);
#215=FACE_BOUND('',#652,.T.);
#216=FACE_BOUND('',#653,.T.);
#217=FACE_BOUND('',#654,.T.);
#218=FACE_BOUND('',#655,.T.);
#219=FACE_BOUND('',#656,.T.);
#220=FACE_BOUND('',#657,.T.);
#221=FACE_BOUND('',#658,.T.);
#222=FACE_BOUND('',#659,.T.);
#223=FACE_BOUND('',#660,.T.);
#224=FACE_BOUND('',#661,.T.);
#225=FACE_BOUND('',#662,.T.);
#226=FACE_BOUND('',#663,.T.);
#227=FACE_BOUND('',#664,.T.);
#228=FACE_BOUND('',#665,.T.);
#229=FACE_BOUND('',#666,.T.);
#230=FACE_BOUND('',#667,.T.);
#231=FACE_BOUND('',#668,.T.);
#232=FACE_BOUND('',#669,.T.);
#233=FACE_BOUND('',#670,.T.);
#234=FACE_BOUND('',#671,.T.);
#235=FACE_BOUND('',#672,.T.);
#236=FACE_BOUND('',#673,.T.);
#237=FACE_BOUND('',#685,.T.);
#238=FACE_BOUND('',#688,.T.);
#239=FACE_BOUND('',#691,.T.);
#240=FACE_BOUND('',#694,.T.);
#241=CIRCLE('',#3105,75.);
#242=CIRCLE('',#3106,75.);
#243=CIRCLE('',#3107,75.0000000000004);
#244=CIRCLE('',#3108,7.5);
#245=CIRCLE('',#3109,7.5);
#246=CIRCLE('',#3110,7.5);
#247=CIRCLE('',#3111,7.5);
#248=CIRCLE('',#3112,10.);
#249=CIRCLE('',#3113,10.);
#250=CIRCLE('',#3114,10.);
#251=CIRCLE('',#3115,10.);
#252=CIRCLE('',#3116,10.);
#253=CIRCLE('',#3117,10.);
#254=CIRCLE('',#3118,10.);
#255=CIRCLE('',#3119,10.);
#256=CIRCLE('',#3121,2.);
#257=CIRCLE('',#3122,2.00000000000001);
#258=CIRCLE('',#3123,1.9999999997772);
#259=CIRCLE('',#3124,2.00000000007178);
#260=CIRCLE('',#3127,2.00000000007178);
#261=CIRCLE('',#3130,2.00000000000001);
#262=CIRCLE('',#3132,1.9999999997772);
#263=CIRCLE('',#3135,2.);
#264=CIRCLE('',#3148,10.);
#265=CIRCLE('',#3150,6.50000004842877);
#266=CIRCLE('',#3152,10.);
#267=CIRCLE('',#3154,6.50000004842873);
#268=CIRCLE('',#3156,6.50000004842877);
#269=CIRCLE('',#3158,6.50000004842873);
#270=CIRCLE('',#3160,10.);
#271=CIRCLE('',#3162,6.50000004842877);
#272=CIRCLE('',#3164,10.);
#273=CIRCLE('',#3166,6.50000004842873);
#274=CIRCLE('',#3168,6.50000004842877);
#275=CIRCLE('',#3170,6.50000004842873);
#276=CIRCLE('',#3172,10.);
#277=CIRCLE('',#3174,6.50000004842877);
#278=CIRCLE('',#3176,10.);
#279=CIRCLE('',#3178,6.50000004842873);
#280=CIRCLE('',#3180,6.50000004842877);
#281=CIRCLE('',#3182,6.50000004842873);
#282=CIRCLE('',#3184,10.);
#283=CIRCLE('',#3186,6.50000004842877);
#284=CIRCLE('',#3188,10.);
#285=CIRCLE('',#3190,6.50000004842873);
#286=CIRCLE('',#3192,6.50000004842877);
#287=CIRCLE('',#3194,6.50000004842873);
#288=CIRCLE('',#3245,75.);
#289=CIRCLE('',#3246,75.0000000000004);
#290=CIRCLE('',#3247,75.);
#291=CIRCLE('',#3248,5.75000000000002);
#292=CIRCLE('',#3249,5.75000000000002);
#293=CIRCLE('',#3250,5.75000000000002);
#294=CIRCLE('',#3251,5.75000000000002);
#295=CIRCLE('',#3252,33.);
#296=CIRCLE('',#3253,10.25);
#297=CIRCLE('',#3255,10.25);
#298=CIRCLE('',#3258,33.);
#299=CIRCLE('',#3266,7.5);
#300=CIRCLE('',#3268,5.75000000000002);
#301=CIRCLE('',#3270,7.5);
#302=CIRCLE('',#3272,5.75000000000002);
#303=CIRCLE('',#3274,7.5);
#304=CIRCLE('',#3276,5.75000000000002);
#305=CIRCLE('',#3278,7.5);
#306=CIRCLE('',#3280,5.75000000000002);
#307=FACE_OUTER_BOUND('',#479,.T.);
#308=FACE_OUTER_BOUND('',#480,.T.);
#309=FACE_OUTER_BOUND('',#481,.T.);
#310=FACE_OUTER_BOUND('',#482,.T.);
#311=FACE_OUTER_BOUND('',#483,.T.);
#312=FACE_OUTER_BOUND('',#500,.T.);
#313=FACE_OUTER_BOUND('',#503,.T.);
#314=FACE_OUTER_BOUND('',#504,.T.);
#315=FACE_OUTER_BOUND('',#505,.T.);
#316=FACE_OUTER_BOUND('',#506,.T.);
#317=FACE_OUTER_BOUND('',#507,.T.);
#318=FACE_OUTER_BOUND('',#508,.T.);
#319=FACE_OUTER_BOUND('',#509,.T.);
#320=FACE_OUTER_BOUND('',#510,.T.);
#321=FACE_OUTER_BOUND('',#511,.T.);
#322=FACE_OUTER_BOUND('',#512,.T.);
#323=FACE_OUTER_BOUND('',#513,.T.);
#324=FACE_OUTER_BOUND('',#514,.T.);
#325=FACE_OUTER_BOUND('',#515,.T.);
#326=FACE_OUTER_BOUND('',#516,.T.);
#327=FACE_OUTER_BOUND('',#517,.T.);
#328=FACE_OUTER_BOUND('',#518,.T.);
#329=FACE_OUTER_BOUND('',#519,.T.);
#330=FACE_OUTER_BOUND('',#520,.T.);
#331=FACE_OUTER_BOUND('',#521,.T.);
#332=FACE_OUTER_BOUND('',#522,.T.);
#333=FACE_OUTER_BOUND('',#524,.T.);
#334=FACE_OUTER_BOUND('',#525,.T.);
#335=FACE_OUTER_BOUND('',#527,.T.);
#336=FACE_OUTER_BOUND('',#528,.T.);
#337=FACE_OUTER_BOUND('',#529,.T.);
#338=FACE_OUTER_BOUND('',#530,.T.);
#339=FACE_OUTER_BOUND('',#532,.T.);
#340=FACE_OUTER_BOUND('',#533,.T.);
#341=FACE_OUTER_BOUND('',#535,.T.);
#342=FACE_OUTER_BOUND('',#536,.T.);
#343=FACE_OUTER_BOUND('',#537,.T.);
#344=FACE_OUTER_BOUND('',#538,.T.);
#345=FACE_OUTER_BOUND('',#540,.T.);
#346=FACE_OUTER_BOUND('',#541,.T.);
#347=FACE_OUTER_BOUND('',#543,.T.);
#348=FACE_OUTER_BOUND('',#544,.T.);
#349=FACE_OUTER_BOUND('',#545,.T.);
#350=FACE_OUTER_BOUND('',#546,.T.);
#351=FACE_OUTER_BOUND('',#548,.T.);
#352=FACE_OUTER_BOUND('',#549,.T.);
#353=FACE_OUTER_BOUND('',#551,.T.);
#354=FACE_OUTER_BOUND('',#552,.T.);
#355=FACE_OUTER_BOUND('',#553,.T.);
#356=FACE_OUTER_BOUND('',#554,.T.);
#357=FACE_OUTER_BOUND('',#555,.T.);
#358=FACE_OUTER_BOUND('',#556,.T.);
#359=FACE_OUTER_BOUND('',#557,.T.);
#360=FACE_OUTER_BOUND('',#558,.T.);
#361=FACE_OUTER_BOUND('',#559,.T.);
#362=FACE_OUTER_BOUND('',#560,.T.);
#363=FACE_OUTER_BOUND('',#561,.T.);
#364=FACE_OUTER_BOUND('',#562,.T.);
#365=FACE_OUTER_BOUND('',#563,.T.);
#366=FACE_OUTER_BOUND('',#564,.T.);
#367=FACE_OUTER_BOUND('',#565,.T.);
#368=FACE_OUTER_BOUND('',#566,.T.);
#369=FACE_OUTER_BOUND('',#567,.T.);
#370=FACE_OUTER_BOUND('',#568,.T.);
#371=FACE_OUTER_BOUND('',#569,.T.);
#372=FACE_OUTER_BOUND('',#570,.T.);
#373=FACE_OUTER_BOUND('',#571,.T.);
#374=FACE_OUTER_BOUND('',#573,.T.);
#375=FACE_OUTER_BOUND('',#574,.T.);
#376=FACE_OUTER_BOUND('',#575,.T.);
#377=FACE_OUTER_BOUND('',#576,.T.);
#378=FACE_OUTER_BOUND('',#577,.T.);
#379=FACE_OUTER_BOUND('',#578,.T.);
#380=FACE_OUTER_BOUND('',#579,.T.);
#381=FACE_OUTER_BOUND('',#580,.T.);
#382=FACE_OUTER_BOUND('',#581,.T.);
#383=FACE_OUTER_BOUND('',#582,.T.);
#384=FACE_OUTER_BOUND('',#583,.T.);
#385=FACE_OUTER_BOUND('',#584,.T.);
#386=FACE_OUTER_BOUND('',#585,.T.);
#387=FACE_OUTER_BOUND('',#586,.T.);
#388=FACE_OUTER_BOUND('',#587,.T.);
#389=FACE_OUTER_BOUND('',#588,.T.);
#390=FACE_OUTER_BOUND('',#589,.T.);
#391=FACE_OUTER_BOUND('',#590,.T.);
#392=FACE_OUTER_BOUND('',#591,.T.);
#393=FACE_OUTER_BOUND('',#592,.T.);
#394=FACE_OUTER_BOUND('',#593,.T.);
#395=FACE_OUTER_BOUND('',#594,.T.);
#396=FACE_OUTER_BOUND('',#595,.T.);
#397=FACE_OUTER_BOUND('',#596,.T.);
#398=FACE_OUTER_BOUND('',#597,.T.);
#399=FACE_OUTER_BOUND('',#598,.T.);
#400=FACE_OUTER_BOUND('',#599,.T.);
#401=FACE_OUTER_BOUND('',#600,.T.);
#402=FACE_OUTER_BOUND('',#601,.T.);
#403=FACE_OUTER_BOUND('',#602,.T.);
#404=FACE_OUTER_BOUND('',#603,.T.);
#405=FACE_OUTER_BOUND('',#604,.T.);
#406=FACE_OUTER_BOUND('',#605,.T.);
#407=FACE_OUTER_BOUND('',#606,.T.);
#408=FACE_OUTER_BOUND('',#607,.T.);
#409=FACE_OUTER_BOUND('',#608,.T.);
#410=FACE_OUTER_BOUND('',#609,.T.);
#411=FACE_OUTER_BOUND('',#610,.T.);
#412=FACE_OUTER_BOUND('',#611,.T.);
#413=FACE_OUTER_BOUND('',#612,.T.);
#414=FACE_OUTER_BOUND('',#613,.T.);
#415=FACE_OUTER_BOUND('',#614,.T.);
#416=FACE_OUTER_BOUND('',#615,.T.);
#417=FACE_OUTER_BOUND('',#616,.T.);
#418=FACE_OUTER_BOUND('',#617,.T.);
#419=FACE_OUTER_BOUND('',#618,.T.);
#420=FACE_OUTER_BOUND('',#619,.T.);
#421=FACE_OUTER_BOUND('',#620,.T.);
#422=FACE_OUTER_BOUND('',#621,.T.);
#423=FACE_OUTER_BOUND('',#622,.T.);
#424=FACE_OUTER_BOUND('',#623,.T.);
#425=FACE_OUTER_BOUND('',#624,.T.);
#426=FACE_OUTER_BOUND('',#625,.T.);
#427=FACE_OUTER_BOUND('',#626,.T.);
#428=FACE_OUTER_BOUND('',#627,.T.);
#429=FACE_OUTER_BOUND('',#628,.T.);
#430=FACE_OUTER_BOUND('',#629,.T.);
#431=FACE_OUTER_BOUND('',#630,.T.);
#432=FACE_OUTER_BOUND('',#631,.T.);
#433=FACE_OUTER_BOUND('',#632,.T.);
#434=FACE_OUTER_BOUND('',#633,.T.);
#435=FACE_OUTER_BOUND('',#634,.T.);
#436=FACE_OUTER_BOUND('',#635,.T.);
#437=FACE_OUTER_BOUND('',#636,.T.);
#438=FACE_OUTER_BOUND('',#637,.T.);
#439=FACE_OUTER_BOUND('',#638,.T.);
#440=FACE_OUTER_BOUND('',#639,.T.);
#441=FACE_OUTER_BOUND('',#640,.T.);
#442=FACE_OUTER_BOUND('',#641,.T.);
#443=FACE_OUTER_BOUND('',#642,.T.);
#444=FACE_OUTER_BOUND('',#643,.T.);
#445=FACE_OUTER_BOUND('',#644,.T.);
#446=FACE_OUTER_BOUND('',#645,.T.);
#447=FACE_OUTER_BOUND('',#646,.T.);
#448=FACE_OUTER_BOUND('',#647,.T.);
#449=FACE_OUTER_BOUND('',#648,.T.);
#450=FACE_OUTER_BOUND('',#649,.T.);
#451=FACE_OUTER_BOUND('',#674,.T.);
#452=FACE_OUTER_BOUND('',#675,.T.);
#453=FACE_OUTER_BOUND('',#676,.T.);
#454=FACE_OUTER_BOUND('',#677,.T.);
#455=FACE_OUTER_BOUND('',#678,.T.);
#456=FACE_OUTER_BOUND('',#679,.T.);
#457=FACE_OUTER_BOUND('',#680,.T.);
#458=FACE_OUTER_BOUND('',#681,.T.);
#459=FACE_OUTER_BOUND('',#682,.T.);
#460=FACE_OUTER_BOUND('',#683,.T.);
#461=FACE_OUTER_BOUND('',#684,.T.);
#462=FACE_OUTER_BOUND('',#686,.T.);
#463=FACE_OUTER_BOUND('',#687,.T.);
#464=FACE_OUTER_BOUND('',#689,.T.);
#465=FACE_OUTER_BOUND('',#690,.T.);
#466=FACE_OUTER_BOUND('',#692,.T.);
#467=FACE_OUTER_BOUND('',#693,.T.);
#468=FACE_OUTER_BOUND('',#695,.T.);
#469=FACE_OUTER_BOUND('',#696,.T.);
#470=FACE_OUTER_BOUND('',#697,.T.);
#471=FACE_OUTER_BOUND('',#698,.T.);
#472=FACE_OUTER_BOUND('',#699,.T.);
#473=FACE_OUTER_BOUND('',#700,.T.);
#474=FACE_OUTER_BOUND('',#701,.T.);
#475=FACE_OUTER_BOUND('',#702,.T.);
#476=FACE_OUTER_BOUND('',#703,.T.);
#477=FACE_OUTER_BOUND('',#704,.T.);
#478=FACE_OUTER_BOUND('',#705,.T.);
#479=EDGE_LOOP('',(#1963,#1964,#1965,#1966));
#480=EDGE_LOOP('',(#1967,#1968,#1969,#1970));
#481=EDGE_LOOP('',(#1971,#1972,#1973,#1974));
#482=EDGE_LOOP('',(#1975,#1976,#1977,#1978));
#483=EDGE_LOOP('',(#1979,#1980,#1981,#1982,#1983,#1984));
#484=EDGE_LOOP('',(#1985));
#485=EDGE_LOOP('',(#1986));
#486=EDGE_LOOP('',(#1987));
#487=EDGE_LOOP('',(#1988));
#488=EDGE_LOOP('',(#1989,#1990,#1991,#1992));
#489=EDGE_LOOP('',(#1993));
#490=EDGE_LOOP('',(#1994));
#491=EDGE_LOOP('',(#1995));
#492=EDGE_LOOP('',(#1996));
#493=EDGE_LOOP('',(#1997));
#494=EDGE_LOOP('',(#1998));
#495=EDGE_LOOP('',(#1999));
#496=EDGE_LOOP('',(#2000,#2001,#2002,#2003));
#497=EDGE_LOOP('',(#2004,#2005,#2006,#2007));
#498=EDGE_LOOP('',(#2008));
#499=EDGE_LOOP('',(#2009,#2010,#2011,#2012));
#500=EDGE_LOOP('',(#2013,#2014,#2015,#2016));
#501=EDGE_LOOP('',(#2017,#2018,#2019,#2020));
#502=EDGE_LOOP('',(#2021,#2022,#2023,#2024));
#503=EDGE_LOOP('',(#2025,#2026,#2027,#2028));
#504=EDGE_LOOP('',(#2029,#2030,#2031,#2032));
#505=EDGE_LOOP('',(#2033,#2034,#2035,#2036));
#506=EDGE_LOOP('',(#2037,#2038,#2039,#2040));
#507=EDGE_LOOP('',(#2041,#2042,#2043,#2044));
#508=EDGE_LOOP('',(#2045,#2046,#2047,#2048));
#509=EDGE_LOOP('',(#2049,#2050,#2051,#2052));
#510=EDGE_LOOP('',(#2053,#2054,#2055,#2056));
#511=EDGE_LOOP('',(#2057,#2058,#2059,#2060));
#512=EDGE_LOOP('',(#2061,#2062,#2063,#2064));
#513=EDGE_LOOP('',(#2065,#2066,#2067,#2068));
#514=EDGE_LOOP('',(#2069,#2070,#2071,#2072));
#515=EDGE_LOOP('',(#2073,#2074,#2075,#2076));
#516=EDGE_LOOP('',(#2077,#2078,#2079,#2080));
#517=EDGE_LOOP('',(#2081,#2082,#2083,#2084));
#518=EDGE_LOOP('',(#2085,#2086,#2087,#2088));
#519=EDGE_LOOP('',(#2089,#2090,#2091,#2092));
#520=EDGE_LOOP('',(#2093,#2094,#2095,#2096));
#521=EDGE_LOOP('',(#2097,#2098,#2099,#2100));
#522=EDGE_LOOP('',(#2101));
#523=EDGE_LOOP('',(#2102));
#524=EDGE_LOOP('',(#2103,#2104,#2105,#2106));
#525=EDGE_LOOP('',(#2107));
#526=EDGE_LOOP('',(#2108));
#527=EDGE_LOOP('',(#2109,#2110,#2111,#2112));
#528=EDGE_LOOP('',(#2113,#2114,#2115,#2116));
#529=EDGE_LOOP('',(#2117,#2118,#2119,#2120));
#530=EDGE_LOOP('',(#2121));
#531=EDGE_LOOP('',(#2122));
#532=EDGE_LOOP('',(#2123,#2124,#2125,#2126));
#533=EDGE_LOOP('',(#2127));
#534=EDGE_LOOP('',(#2128));
#535=EDGE_LOOP('',(#2129,#2130,#2131,#2132));
#536=EDGE_LOOP('',(#2133,#2134,#2135,#2136));
#537=EDGE_LOOP('',(#2137,#2138,#2139,#2140));
#538=EDGE_LOOP('',(#2141));
#539=EDGE_LOOP('',(#2142));
#540=EDGE_LOOP('',(#2143,#2144,#2145,#2146));
#541=EDGE_LOOP('',(#2147));
#542=EDGE_LOOP('',(#2148));
#543=EDGE_LOOP('',(#2149,#2150,#2151,#2152));
#544=EDGE_LOOP('',(#2153,#2154,#2155,#2156));
#545=EDGE_LOOP('',(#2157,#2158,#2159,#2160));
#546=EDGE_LOOP('',(#2161));
#547=EDGE_LOOP('',(#2162));
#548=EDGE_LOOP('',(#2163,#2164,#2165,#2166));
#549=EDGE_LOOP('',(#2167));
#550=EDGE_LOOP('',(#2168));
#551=EDGE_LOOP('',(#2169,#2170,#2171,#2172));
#552=EDGE_LOOP('',(#2173,#2174,#2175,#2176));
#553=EDGE_LOOP('',(#2177,#2178,#2179,#2180));
#554=EDGE_LOOP('',(#2181,#2182,#2183,#2184));
#555=EDGE_LOOP('',(#2185,#2186,#2187,#2188));
#556=EDGE_LOOP('',(#2189,#2190,#2191,#2192));
#557=EDGE_LOOP('',(#2193,#2194,#2195,#2196));
#558=EDGE_LOOP('',(#2197,#2198,#2199,#2200));
#559=EDGE_LOOP('',(#2201,#2202,#2203,#2204));
#560=EDGE_LOOP('',(#2205,#2206,#2207,#2208));
#561=EDGE_LOOP('',(#2209,#2210,#2211,#2212));
#562=EDGE_LOOP('',(#2213,#2214,#2215,#2216));
#563=EDGE_LOOP('',(#2217,#2218,#2219,#2220));
#564=EDGE_LOOP('',(#2221,#2222,#2223,#2224));
#565=EDGE_LOOP('',(#2225,#2226,#2227,#2228));
#566=EDGE_LOOP('',(#2229,#2230,#2231,#2232));
#567=EDGE_LOOP('',(#2233,#2234,#2235,#2236));
#568=EDGE_LOOP('',(#2237,#2238,#2239,#2240));
#569=EDGE_LOOP('',(#2241,#2242,#2243,#2244));
#570=EDGE_LOOP('',(#2245,#2246,#2247,#2248));
#571=EDGE_LOOP('',(#2249,#2250,#2251,#2252,#2253,#2254,#2255,#2256,#2257,
#2258));
#572=EDGE_LOOP('',(#2259,#2260,#2261,#2262,#2263,#2264,#2265,#2266));
#573=EDGE_LOOP('',(#2267,#2268,#2269,#2270));
#574=EDGE_LOOP('',(#2271,#2272,#2273,#2274));
#575=EDGE_LOOP('',(#2275,#2276,#2277,#2278));
#576=EDGE_LOOP('',(#2279,#2280,#2281,#2282));
#577=EDGE_LOOP('',(#2283,#2284,#2285,#2286));
#578=EDGE_LOOP('',(#2287,#2288,#2289,#2290));
#579=EDGE_LOOP('',(#2291,#2292,#2293,#2294));
#580=EDGE_LOOP('',(#2295,#2296,#2297,#2298));
#581=EDGE_LOOP('',(#2299,#2300,#2301,#2302));
#582=EDGE_LOOP('',(#2303,#2304,#2305,#2306));
#583=EDGE_LOOP('',(#2307,#2308,#2309,#2310));
#584=EDGE_LOOP('',(#2311,#2312,#2313,#2314));
#585=EDGE_LOOP('',(#2315,#2316,#2317,#2318));
#586=EDGE_LOOP('',(#2319,#2320,#2321,#2322,#2323,#2324,#2325,#2326,#2327,
#2328,#2329,#2330,#2331));
#587=EDGE_LOOP('',(#2332,#2333,#2334,#2335));
#588=EDGE_LOOP('',(#2336,#2337,#2338,#2339));
#589=EDGE_LOOP('',(#2340,#2341,#2342,#2343));
#590=EDGE_LOOP('',(#2344,#2345,#2346,#2347));
#591=EDGE_LOOP('',(#2348,#2349,#2350,#2351));
#592=EDGE_LOOP('',(#2352,#2353,#2354,#2355));
#593=EDGE_LOOP('',(#2356,#2357,#2358,#2359));
#594=EDGE_LOOP('',(#2360,#2361,#2362,#2363));
#595=EDGE_LOOP('',(#2364,#2365,#2366,#2367));
#596=EDGE_LOOP('',(#2368,#2369,#2370,#2371));
#597=EDGE_LOOP('',(#2372,#2373,#2374,#2375));
#598=EDGE_LOOP('',(#2376,#2377,#2378,#2379));
#599=EDGE_LOOP('',(#2380,#2381,#2382,#2383));
#600=EDGE_LOOP('',(#2384,#2385,#2386,#2387));
#601=EDGE_LOOP('',(#2388,#2389,#2390,#2391));
#602=EDGE_LOOP('',(#2392,#2393,#2394,#2395));
#603=EDGE_LOOP('',(#2396,#2397,#2398,#2399));
#604=EDGE_LOOP('',(#2400,#2401,#2402,#2403));
#605=EDGE_LOOP('',(#2404,#2405,#2406,#2407));
#606=EDGE_LOOP('',(#2408,#2409,#2410,#2411));
#607=EDGE_LOOP('',(#2412,#2413,#2414,#2415));
#608=EDGE_LOOP('',(#2416,#2417,#2418,#2419));
#609=EDGE_LOOP('',(#2420,#2421,#2422,#2423));
#610=EDGE_LOOP('',(#2424,#2425,#2426,#2427));
#611=EDGE_LOOP('',(#2428,#2429,#2430,#2431));
#612=EDGE_LOOP('',(#2432,#2433,#2434,#2435));
#613=EDGE_LOOP('',(#2436,#2437,#2438,#2439));
#614=EDGE_LOOP('',(#2440,#2441,#2442,#2443));
#615=EDGE_LOOP('',(#2444,#2445,#2446,#2447));
#616=EDGE_LOOP('',(#2448,#2449,#2450,#2451));
#617=EDGE_LOOP('',(#2452,#2453,#2454,#2455));
#618=EDGE_LOOP('',(#2456,#2457,#2458,#2459));
#619=EDGE_LOOP('',(#2460,#2461,#2462,#2463));
#620=EDGE_LOOP('',(#2464,#2465,#2466,#2467));
#621=EDGE_LOOP('',(#2468,#2469,#2470,#2471));
#622=EDGE_LOOP('',(#2472,#2473,#2474,#2475));
#623=EDGE_LOOP('',(#2476,#2477,#2478,#2479));
#624=EDGE_LOOP('',(#2480,#2481,#2482,#2483));
#625=EDGE_LOOP('',(#2484,#2485,#2486,#2487));
#626=EDGE_LOOP('',(#2488,#2489,#2490,#2491));
#627=EDGE_LOOP('',(#2492,#2493,#2494,#2495));
#628=EDGE_LOOP('',(#2496,#2497,#2498,#2499));
#629=EDGE_LOOP('',(#2500,#2501,#2502,#2503));
#630=EDGE_LOOP('',(#2504,#2505,#2506,#2507));
#631=EDGE_LOOP('',(#2508,#2509,#2510,#2511));
#632=EDGE_LOOP('',(#2512,#2513,#2514,#2515));
#633=EDGE_LOOP('',(#2516,#2517,#2518,#2519));
#634=EDGE_LOOP('',(#2520,#2521,#2522,#2523));
#635=EDGE_LOOP('',(#2524,#2525,#2526,#2527));
#636=EDGE_LOOP('',(#2528,#2529,#2530,#2531));
#637=EDGE_LOOP('',(#2532,#2533,#2534,#2535,#2536,#2537,#2538,#2539,#2540,
#2541,#2542,#2543,#2544,#2545,#2546,#2547,#2548,#2549,#2550,#2551,#2552,
#2553,#2554,#2555,#2556,#2557,#2558,#2559,#2560,#2561));
#638=EDGE_LOOP('',(#2562,#2563,#2564,#2565));
#639=EDGE_LOOP('',(#2566,#2567,#2568,#2569));
#640=EDGE_LOOP('',(#2570,#2571,#2572,#2573));
#641=EDGE_LOOP('',(#2574,#2575,#2576,#2577));
#642=EDGE_LOOP('',(#2578,#2579,#2580,#2581));
#643=EDGE_LOOP('',(#2582,#2583,#2584,#2585));
#644=EDGE_LOOP('',(#2586,#2587,#2588,#2589));
#645=EDGE_LOOP('',(#2590,#2591,#2592,#2593));
#646=EDGE_LOOP('',(#2594,#2595,#2596,#2597));
#647=EDGE_LOOP('',(#2598,#2599,#2600,#2601));
#648=EDGE_LOOP('',(#2602,#2603,#2604,#2605,#2606,#2607,#2608,#2609,#2610,
#2611));
#649=EDGE_LOOP('',(#2612,#2613,#2614,#2615,#2616,#2617));
#650=EDGE_LOOP('',(#2618,#2619,#2620,#2621));
#651=EDGE_LOOP('',(#2622,#2623,#2624,#2625));
#652=EDGE_LOOP('',(#2626));
#653=EDGE_LOOP('',(#2627));
#654=EDGE_LOOP('',(#2628));
#655=EDGE_LOOP('',(#2629));
#656=EDGE_LOOP('',(#2630));
#657=EDGE_LOOP('',(#2631));
#658=EDGE_LOOP('',(#2632));
#659=EDGE_LOOP('',(#2633));
#660=EDGE_LOOP('',(#2634));
#661=EDGE_LOOP('',(#2635));
#662=EDGE_LOOP('',(#2636));
#663=EDGE_LOOP('',(#2637));
#664=EDGE_LOOP('',(#2638));
#665=EDGE_LOOP('',(#2639));
#666=EDGE_LOOP('',(#2640,#2641,#2642,#2643,#2644,#2645,#2646,#2647,#2648,
#2649));
#667=EDGE_LOOP('',(#2650,#2651,#2652,#2653,#2654,#2655,#2656,#2657,#2658,
#2659,#2660,#2661,#2662,#2663,#2664,#2665,#2666,#2667,#2668,#2669,#2670,
#2671,#2672,#2673,#2674,#2675,#2676,#2677,#2678,#2679));
#668=EDGE_LOOP('',(#2680,#2681,#2682,#2683));
#669=EDGE_LOOP('',(#2684,#2685,#2686,#2687));
#670=EDGE_LOOP('',(#2688,#2689,#2690,#2691));
#671=EDGE_LOOP('',(#2692,#2693,#2694,#2695));
#672=EDGE_LOOP('',(#2696,#2697,#2698,#2699,#2700,#2701,#2702,#2703,#2704,
#2705,#2706,#2707,#2708));
#673=EDGE_LOOP('',(#2709,#2710,#2711,#2712,#2713,#2714,#2715,#2716,#2717,
#2718));
#674=EDGE_LOOP('',(#2719,#2720,#2721,#2722));
#675=EDGE_LOOP('',(#2723));
#676=EDGE_LOOP('',(#2724,#2725,#2726,#2727));
#677=EDGE_LOOP('',(#2728));
#678=EDGE_LOOP('',(#2729,#2730,#2731,#2732));
#679=EDGE_LOOP('',(#2733,#2734,#2735,#2736));
#680=EDGE_LOOP('',(#2737,#2738,#2739,#2740));
#681=EDGE_LOOP('',(#2741,#2742,#2743,#2744));
#682=EDGE_LOOP('',(#2745,#2746,#2747,#2748));
#683=EDGE_LOOP('',(#2749,#2750,#2751,#2752));
#684=EDGE_LOOP('',(#2753));
#685=EDGE_LOOP('',(#2754));
#686=EDGE_LOOP('',(#2755,#2756,#2757,#2758));
#687=EDGE_LOOP('',(#2759));
#688=EDGE_LOOP('',(#2760));
#689=EDGE_LOOP('',(#2761,#2762,#2763,#2764));
#690=EDGE_LOOP('',(#2765));
#691=EDGE_LOOP('',(#2766));
#692=EDGE_LOOP('',(#2767,#2768,#2769,#2770));
#693=EDGE_LOOP('',(#2771));
#694=EDGE_LOOP('',(#2772));
#695=EDGE_LOOP('',(#2773,#2774,#2775,#2776));
#696=EDGE_LOOP('',(#2777,#2778,#2779,#2780));
#697=EDGE_LOOP('',(#2781,#2782,#2783,#2784));
#698=EDGE_LOOP('',(#2785,#2786,#2787,#2788));
#699=EDGE_LOOP('',(#2789,#2790,#2791,#2792));
#700=EDGE_LOOP('',(#2793,#2794,#2795,#2796));
#701=EDGE_LOOP('',(#2797,#2798,#2799,#2800));
#702=EDGE_LOOP('',(#2801,#2802,#2803,#2804));
#703=EDGE_LOOP('',(#2805,#2806,#2807,#2808));
#704=EDGE_LOOP('',(#2809,#2810,#2811,#2812));
#705=EDGE_LOOP('',(#2813,#2814,#2815,#2816,#2817,#2818,#2819,#2820));
#706=LINE('',#3953,#977);
#707=LINE('',#3955,#978);
#708=LINE('',#3957,#979);
#709=LINE('',#3958,#980);
#710=LINE('',#3961,#981);
#711=LINE('',#3963,#982);
#712=LINE('',#3964,#983);
#713=LINE('',#3967,#984);
#714=LINE('',#3969,#985);
#715=LINE('',#3970,#986);
#716=LINE('',#3972,#987);
#717=LINE('',#3973,#988);
#718=LINE('',#3979,#989);
#719=LINE('',#3983,#990);
#720=LINE('',#3986,#991);
#721=LINE('',#3997,#992);
#722=LINE('',#3999,#993);
#723=LINE('',#4001,#994);
#724=LINE('',#4002,#995);
#725=LINE('',#4019,#996);
#726=LINE('',#4021,#997);
#727=LINE('',#4023,#998);
#728=LINE('',#4024,#999);
#729=LINE('',#4027,#1000);
#730=LINE('',#4029,#1001);
#731=LINE('',#4031,#1002);
#732=LINE('',#4032,#1003);
#733=LINE('',#4038,#1004);
#734=LINE('',#4042,#1005);
#735=LINE('',#4046,#1006);
#736=LINE('',#4050,#1007);
#737=LINE('',#4054,#1008);
#738=LINE('',#4056,#1009);
#739=LINE('',#4057,#1010);
#740=LINE('',#4060,#1011);
#741=LINE('',#4064,#1012);
#742=LINE('',#4066,#1013);
#743=LINE('',#4067,#1014);
#744=LINE('',#4070,#1015);
#745=LINE('',#4075,#1016);
#746=LINE('',#4077,#1017);
#747=LINE('',#4081,#1018);
#748=LINE('',#4083,#1019);
#749=LINE('',#4086,#1020);
#750=LINE('',#4088,#1021);
#751=LINE('',#4089,#1022);
#752=LINE('',#4092,#1023);
#753=LINE('',#4093,#1024);
#754=LINE('',#4096,#1025);
#755=LINE('',#4097,#1026);
#756=LINE('',#4099,#1027);
#757=LINE('',#4103,#1028);
#758=LINE('',#4105,#1029);
#759=LINE('',#4106,#1030);
#760=LINE('',#4109,#1031);
#761=LINE('',#4110,#1032);
#762=LINE('',#4113,#1033);
#763=LINE('',#4114,#1034);
#764=LINE('',#4116,#1035);
#765=LINE('',#4120,#1036);
#766=LINE('',#4127,#1037);
#767=LINE('',#4135,#1038);
#768=LINE('',#4139,#1039);
#769=LINE('',#4142,#1040);
#770=LINE('',#4149,#1041);
#771=LINE('',#4157,#1042);
#772=LINE('',#4161,#1043);
#773=LINE('',#4164,#1044);
#774=LINE('',#4171,#1045);
#775=LINE('',#4179,#1046);
#776=LINE('',#4183,#1047);
#777=LINE('',#4186,#1048);
#778=LINE('',#4193,#1049);
#779=LINE('',#4201,#1050);
#780=LINE('',#4205,#1051);
#781=LINE('',#4224,#1052);
#782=LINE('',#4231,#1053);
#783=LINE('',#4249,#1054);
#784=LINE('',#4272,#1055);
#785=LINE('',#4295,#1056);
#786=LINE('',#4318,#1057);
#787=LINE('',#4341,#1058);
#788=LINE('',#4364,#1059);
#789=LINE('',#4408,#1060);
#790=LINE('',#4415,#1061);
#791=LINE('',#4433,#1062);
#792=LINE('',#4456,#1063);
#793=LINE('',#4479,#1064);
#794=LINE('',#4502,#1065);
#795=LINE('',#4525,#1066);
#796=LINE('',#4548,#1067);
#797=LINE('',#4571,#1068);
#798=LINE('',#4594,#1069);
#799=LINE('',#4624,#1070);
#800=LINE('',#4626,#1071);
#801=LINE('',#4628,#1072);
#802=LINE('',#4629,#1073);
#803=LINE('',#4632,#1074);
#804=LINE('',#4634,#1075);
#805=LINE('',#4635,#1076);
#806=LINE('',#4638,#1077);
#807=LINE('',#4640,#1078);
#808=LINE('',#4641,#1079);
#809=LINE('',#4644,#1080);
#810=LINE('',#4646,#1081);
#811=LINE('',#4647,#1082);
#812=LINE('',#4650,#1083);
#813=LINE('',#4652,#1084);
#814=LINE('',#4653,#1085);
#815=LINE('',#4656,#1086);
#816=LINE('',#4658,#1087);
#817=LINE('',#4659,#1088);
#818=LINE('',#4662,#1089);
#819=LINE('',#4664,#1090);
#820=LINE('',#4665,#1091);
#821=LINE('',#4668,#1092);
#822=LINE('',#4670,#1093);
#823=LINE('',#4671,#1094);
#824=LINE('',#4674,#1095);
#825=LINE('',#4676,#1096);
#826=LINE('',#4677,#1097);
#827=LINE('',#4680,#1098);
#828=LINE('',#4682,#1099);
#829=LINE('',#4683,#1100);
#830=LINE('',#4686,#1101);
#831=LINE('',#4688,#1102);
#832=LINE('',#4689,#1103);
#833=LINE('',#4692,#1104);
#834=LINE('',#4694,#1105);
#835=LINE('',#4695,#1106);
#836=LINE('',#4697,#1107);
#837=LINE('',#4698,#1108);
#838=LINE('',#4703,#1109);
#839=LINE('',#4705,#1110);
#840=LINE('',#4707,#1111);
#841=LINE('',#4708,#1112);
#842=LINE('',#4711,#1113);
#843=LINE('',#4713,#1114);
#844=LINE('',#4714,#1115);
#845=LINE('',#4717,#1116);
#846=LINE('',#4719,#1117);
#847=LINE('',#4720,#1118);
#848=LINE('',#4722,#1119);
#849=LINE('',#4723,#1120);
#850=LINE('',#4728,#1121);
#851=LINE('',#4730,#1122);
#852=LINE('',#4732,#1123);
#853=LINE('',#4733,#1124);
#854=LINE('',#4736,#1125);
#855=LINE('',#4738,#1126);
#856=LINE('',#4739,#1127);
#857=LINE('',#4742,#1128);
#858=LINE('',#4744,#1129);
#859=LINE('',#4745,#1130);
#860=LINE('',#4747,#1131);
#861=LINE('',#4748,#1132);
#862=LINE('',#4753,#1133);
#863=LINE('',#4755,#1134);
#864=LINE('',#4757,#1135);
#865=LINE('',#4758,#1136);
#866=LINE('',#4761,#1137);
#867=LINE('',#4763,#1138);
#868=LINE('',#4764,#1139);
#869=LINE('',#4767,#1140);
#870=LINE('',#4769,#1141);
#871=LINE('',#4770,#1142);
#872=LINE('',#4772,#1143);
#873=LINE('',#4773,#1144);
#874=LINE('',#4778,#1145);
#875=LINE('',#4780,#1146);
#876=LINE('',#4782,#1147);
#877=LINE('',#4783,#1148);
#878=LINE('',#4786,#1149);
#879=LINE('',#4788,#1150);
#880=LINE('',#4789,#1151);
#881=LINE('',#4792,#1152);
#882=LINE('',#4794,#1153);
#883=LINE('',#4795,#1154);
#884=LINE('',#4797,#1155);
#885=LINE('',#4798,#1156);
#886=LINE('',#4818,#1157);
#887=LINE('',#4825,#1158);
#888=LINE('',#4843,#1159);
#889=LINE('',#4866,#1160);
#890=LINE('',#4889,#1161);
#891=LINE('',#4912,#1162);
#892=LINE('',#4935,#1163);
#893=LINE('',#4958,#1164);
#894=LINE('',#4981,#1165);
#895=LINE('',#5004,#1166);
#896=LINE('',#5027,#1167);
#897=LINE('',#5050,#1168);
#898=LINE('',#5073,#1169);
#899=LINE('',#5096,#1170);
#900=LINE('',#5104,#1171);
#901=LINE('',#5106,#1172);
#902=LINE('',#5107,#1173);
#903=LINE('',#5125,#1174);
#904=LINE('',#5148,#1175);
#905=LINE('',#5171,#1176);
#906=LINE('',#5194,#1177);
#907=LINE('',#5217,#1178);
#908=LINE('',#5240,#1179);
#909=LINE('',#5263,#1180);
#910=LINE('',#5286,#1181);
#911=LINE('',#5309,#1182);
#912=LINE('',#5332,#1183);
#913=LINE('',#5355,#1184);
#914=LINE('',#5378,#1185);
#915=LINE('',#5401,#1186);
#916=LINE('',#5424,#1187);
#917=LINE('',#5432,#1188);
#918=LINE('',#5434,#1189);
#919=LINE('',#5435,#1190);
#920=LINE('',#5460,#1191);
#921=LINE('',#5462,#1192);
#922=LINE('',#5464,#1193);
#923=LINE('',#5465,#1194);
#924=LINE('',#5468,#1195);
#925=LINE('',#5470,#1196);
#926=LINE('',#5471,#1197);
#927=LINE('',#5474,#1198);
#928=LINE('',#5476,#1199);
#929=LINE('',#5477,#1200);
#930=LINE('',#5480,#1201);
#931=LINE('',#5482,#1202);
#932=LINE('',#5483,#1203);
#933=LINE('',#5486,#1204);
#934=LINE('',#5488,#1205);
#935=LINE('',#5489,#1206);
#936=LINE('',#5492,#1207);
#937=LINE('',#5494,#1208);
#938=LINE('',#5495,#1209);
#939=LINE('',#5498,#1210);
#940=LINE('',#5500,#1211);
#941=LINE('',#5501,#1212);
#942=LINE('',#5504,#1213);
#943=LINE('',#5506,#1214);
#944=LINE('',#5507,#1215);
#945=LINE('',#5510,#1216);
#946=LINE('',#5512,#1217);
#947=LINE('',#5513,#1218);
#948=LINE('',#5515,#1219);
#949=LINE('',#5516,#1220);
#950=LINE('',#5523,#1221);
#951=LINE('',#5527,#1222);
#952=LINE('',#5530,#1223);
#953=LINE('',#5545,#1224);
#954=LINE('',#5550,#1225);
#955=LINE('',#5555,#1226);
#956=LINE('',#5557,#1227);
#957=LINE('',#5558,#1228);
#958=LINE('',#5561,#1229);
#959=LINE('',#5562,#1230);
#960=LINE('',#5565,#1231);
#961=LINE('',#5566,#1232);
#962=LINE('',#5568,#1233);
#963=LINE('',#5572,#1234);
#964=LINE('',#5579,#1235);
#965=LINE('',#5586,#1236);
#966=LINE('',#5593,#1237);
#967=LINE('',#5599,#1238);
#968=LINE('',#5601,#1239);
#969=LINE('',#5603,#1240);
#970=LINE('',#5605,#1241);
#971=LINE('',#5607,#1242);
#972=LINE('',#5608,#1243);
#973=LINE('',#5610,#1244);
#974=LINE('',#5612,#1245);
#975=LINE('',#5614,#1246);
#976=LINE('',#5616,#1247);
#977=VECTOR('',#3296,10.);
#978=VECTOR('',#3297,10.);
#979=VECTOR('',#3298,10.);
#980=VECTOR('',#3299,10.);
#981=VECTOR('',#3302,10.);
#982=VECTOR('',#3303,10.);
#983=VECTOR('',#3304,10.);
#984=VECTOR('',#3307,10.);
#985=VECTOR('',#3308,10.);
#986=VECTOR('',#3309,10.);
#987=VECTOR('',#3312,10.);
#988=VECTOR('',#3313,10.);
#989=VECTOR('',#3318,10.);
#990=VECTOR('',#3321,10.);
#991=VECTOR('',#3324,10.);
#992=VECTOR('',#3333,10.);
#993=VECTOR('',#3334,10.);
#994=VECTOR('',#3335,10.);
#995=VECTOR('',#3336,10.);
#996=VECTOR('',#3351,10.);
#997=VECTOR('',#3352,10.);
#998=VECTOR('',#3353,10.);
#999=VECTOR('',#3354,10.);
#1000=VECTOR('',#3355,10.);
#1001=VECTOR('',#3356,10.);
#1002=VECTOR('',#3357,10.);
#1003=VECTOR('',#3358,10.);
#1004=VECTOR('',#3363,10.);
#1005=VECTOR('',#3366,10.);
#1006=VECTOR('',#3369,10.);
#1007=VECTOR('',#3372,10.);
#1008=VECTOR('',#3377,10.);
#1009=VECTOR('',#3378,10.);
#1010=VECTOR('',#3379,10.);
#1011=VECTOR('',#3382,10.);
#1012=VECTOR('',#3387,10.);
#1013=VECTOR('',#3388,10.);
#1014=VECTOR('',#3389,10.);
#1015=VECTOR('',#3392,10.);
#1016=VECTOR('',#3399,10.);
#1017=VECTOR('',#3402,10.);
#1018=VECTOR('',#3407,10.);
#1019=VECTOR('',#3410,10.);
#1020=VECTOR('',#3413,10.);
#1021=VECTOR('',#3414,10.);
#1022=VECTOR('',#3415,10.);
#1023=VECTOR('',#3418,10.);
#1024=VECTOR('',#3419,10.);
#1025=VECTOR('',#3422,10.);
#1026=VECTOR('',#3423,10.);
#1027=VECTOR('',#3426,10.);
#1028=VECTOR('',#3431,10.);
#1029=VECTOR('',#3432,10.);
#1030=VECTOR('',#3433,10.);
#1031=VECTOR('',#3436,10.);
#1032=VECTOR('',#3437,10.);
#1033=VECTOR('',#3440,10.);
#1034=VECTOR('',#3441,10.);
#1035=VECTOR('',#3444,10.);
#1036=VECTOR('',#3449,10.);
#1037=VECTOR('',#3458,10.);
#1038=VECTOR('',#3469,6.50000004842877);
#1039=VECTOR('',#3474,6.50000004842873);
#1040=VECTOR('',#3477,10.);
#1041=VECTOR('',#3486,10.);
#1042=VECTOR('',#3497,6.50000004842877);
#1043=VECTOR('',#3502,6.50000004842873);
#1044=VECTOR('',#3505,10.);
#1045=VECTOR('',#3514,10.);
#1046=VECTOR('',#3525,6.50000004842877);
#1047=VECTOR('',#3530,6.50000004842873);
#1048=VECTOR('',#3533,10.);
#1049=VECTOR('',#3542,10.);
#1050=VECTOR('',#3553,6.50000004842877);
#1051=VECTOR('',#3558,6.50000004842873);
#1052=VECTOR('',#3559,10.);
#1053=VECTOR('',#3560,10.);
#1054=VECTOR('',#3561,10.);
#1055=VECTOR('',#3562,10.);
#1056=VECTOR('',#3563,10.);
#1057=VECTOR('',#3564,10.);
#1058=VECTOR('',#3565,10.);
#1059=VECTOR('',#3566,10.);
#1060=VECTOR('',#3567,10.);
#1061=VECTOR('',#3568,10.);
#1062=VECTOR('',#3569,10.);
#1063=VECTOR('',#3570,10.);
#1064=VECTOR('',#3571,10.);
#1065=VECTOR('',#3572,10.);
#1066=VECTOR('',#3573,10.);
#1067=VECTOR('',#3574,10.);
#1068=VECTOR('',#3575,10.);
#1069=VECTOR('',#3576,10.);
#1070=VECTOR('',#3581,10.);
#1071=VECTOR('',#3582,10.);
#1072=VECTOR('',#3583,10.);
#1073=VECTOR('',#3584,10.);
#1074=VECTOR('',#3587,10.);
#1075=VECTOR('',#3588,10.);
#1076=VECTOR('',#3589,10.);
#1077=VECTOR('',#3592,10.);
#1078=VECTOR('',#3593,10.);
#1079=VECTOR('',#3594,10.);
#1080=VECTOR('',#3597,10.);
#1081=VECTOR('',#3598,10.);
#1082=VECTOR('',#3599,10.);
#1083=VECTOR('',#3602,10.);
#1084=VECTOR('',#3603,10.);
#1085=VECTOR('',#3604,10.);
#1086=VECTOR('',#3607,10.);
#1087=VECTOR('',#3608,10.);
#1088=VECTOR('',#3609,10.);
#1089=VECTOR('',#3612,10.);
#1090=VECTOR('',#3613,10.);
#1091=VECTOR('',#3614,10.);
#1092=VECTOR('',#3617,10.);
#1093=VECTOR('',#3618,10.);
#1094=VECTOR('',#3619,10.);
#1095=VECTOR('',#3622,10.);
#1096=VECTOR('',#3623,10.);
#1097=VECTOR('',#3624,10.);
#1098=VECTOR('',#3627,10.);
#1099=VECTOR('',#3628,10.);
#1100=VECTOR('',#3629,10.);
#1101=VECTOR('',#3632,10.);
#1102=VECTOR('',#3633,10.);
#1103=VECTOR('',#3634,10.);
#1104=VECTOR('',#3637,10.);
#1105=VECTOR('',#3638,10.);
#1106=VECTOR('',#3639,10.);
#1107=VECTOR('',#3642,10.);
#1108=VECTOR('',#3643,10.);
#1109=VECTOR('',#3648,10.);
#1110=VECTOR('',#3649,10.);
#1111=VECTOR('',#3650,10.);
#1112=VECTOR('',#3651,10.);
#1113=VECTOR('',#3654,10.);
#1114=VECTOR('',#3655,10.);
#1115=VECTOR('',#3656,10.);
#1116=VECTOR('',#3659,10.);
#1117=VECTOR('',#3660,10.);
#1118=VECTOR('',#3661,10.);
#1119=VECTOR('',#3664,10.);
#1120=VECTOR('',#3665,10.);
#1121=VECTOR('',#3670,10.);
#1122=VECTOR('',#3671,10.);
#1123=VECTOR('',#3672,10.);
#1124=VECTOR('',#3673,10.);
#1125=VECTOR('',#3676,10.);
#1126=VECTOR('',#3677,10.);
#1127=VECTOR('',#3678,10.);
#1128=VECTOR('',#3681,10.);
#1129=VECTOR('',#3682,10.);
#1130=VECTOR('',#3683,10.);
#1131=VECTOR('',#3686,10.);
#1132=VECTOR('',#3687,10.);
#1133=VECTOR('',#3692,10.);
#1134=VECTOR('',#3693,10.);
#1135=VECTOR('',#3694,10.);
#1136=VECTOR('',#3695,10.);
#1137=VECTOR('',#3698,10.);
#1138=VECTOR('',#3699,10.);
#1139=VECTOR('',#3700,10.);
#1140=VECTOR('',#3703,10.);
#1141=VECTOR('',#3704,10.);
#1142=VECTOR('',#3705,10.);
#1143=VECTOR('',#3708,10.);
#1144=VECTOR('',#3709,10.);
#1145=VECTOR('',#3714,10.);
#1146=VECTOR('',#3715,10.);
#1147=VECTOR('',#3716,10.);
#1148=VECTOR('',#3717,10.);
#1149=VECTOR('',#3720,10.);
#1150=VECTOR('',#3721,10.);
#1151=VECTOR('',#3722,10.);
#1152=VECTOR('',#3725,10.);
#1153=VECTOR('',#3726,10.);
#1154=VECTOR('',#3727,10.);
#1155=VECTOR('',#3730,10.);
#1156=VECTOR('',#3731,10.);
#1157=VECTOR('',#3734,10.);
#1158=VECTOR('',#3735,10.);
#1159=VECTOR('',#3736,10.);
#1160=VECTOR('',#3737,10.);
#1161=VECTOR('',#3738,10.);
#1162=VECTOR('',#3739,10.);
#1163=VECTOR('',#3740,10.);
#1164=VECTOR('',#3741,10.);
#1165=VECTOR('',#3742,10.);
#1166=VECTOR('',#3743,10.);
#1167=VECTOR('',#3744,10.);
#1168=VECTOR('',#3745,10.);
#1169=VECTOR('',#3746,10.);
#1170=VECTOR('',#3747,10.);
#1171=VECTOR('',#3750,10.);
#1172=VECTOR('',#3751,10.);
#1173=VECTOR('',#3752,10.);
#1174=VECTOR('',#3753,10.);
#1175=VECTOR('',#3754,10.);
#1176=VECTOR('',#3755,10.);
#1177=VECTOR('',#3756,10.);
#1178=VECTOR('',#3757,10.);
#1179=VECTOR('',#3758,10.);
#1180=VECTOR('',#3759,10.);
#1181=VECTOR('',#3760,10.);
#1182=VECTOR('',#3761,10.);
#1183=VECTOR('',#3762,10.);
#1184=VECTOR('',#3763,10.);
#1185=VECTOR('',#3764,10.);
#1186=VECTOR('',#3765,10.);
#1187=VECTOR('',#3766,10.);
#1188=VECTOR('',#3769,10.);
#1189=VECTOR('',#3770,10.);
#1190=VECTOR('',#3771,10.);
#1191=VECTOR('',#3776,10.);
#1192=VECTOR('',#3777,10.);
#1193=VECTOR('',#3778,10.);
#1194=VECTOR('',#3779,10.);
#1195=VECTOR('',#3782,10.);
#1196=VECTOR('',#3783,10.);
#1197=VECTOR('',#3784,10.);
#1198=VECTOR('',#3787,10.);
#1199=VECTOR('',#3788,10.);
#1200=VECTOR('',#3789,10.);
#1201=VECTOR('',#3792,10.);
#1202=VECTOR('',#3793,10.);
#1203=VECTOR('',#3794,10.);
#1204=VECTOR('',#3797,10.);
#1205=VECTOR('',#3798,10.);
#1206=VECTOR('',#3799,10.);
#1207=VECTOR('',#3802,10.);
#1208=VECTOR('',#3803,10.);
#1209=VECTOR('',#3804,10.);
#1210=VECTOR('',#3807,10.);
#1211=VECTOR('',#3808,10.);
#1212=VECTOR('',#3809,10.);
#1213=VECTOR('',#3812,10.);
#1214=VECTOR('',#3813,10.);
#1215=VECTOR('',#3814,10.);
#1216=VECTOR('',#3817,10.);
#1217=VECTOR('',#3818,10.);
#1218=VECTOR('',#3819,10.);
#1219=VECTOR('',#3822,10.);
#1220=VECTOR('',#3823,10.);
#1221=VECTOR('',#3830,10.);
#1222=VECTOR('',#3833,10.);
#1223=VECTOR('',#3836,10.);
#1224=VECTOR('',#3851,10.25);
#1225=VECTOR('',#3858,33.);
#1226=VECTOR('',#3865,10.);
#1227=VECTOR('',#3866,10.);
#1228=VECTOR('',#3867,10.);
#1229=VECTOR('',#3870,10.);
#1230=VECTOR('',#3871,10.);
#1231=VECTOR('',#3874,10.);
#1232=VECTOR('',#3875,10.);
#1233=VECTOR('',#3878,10.);
#1234=VECTOR('',#3883,7.5);
#1235=VECTOR('',#3892,7.5);
#1236=VECTOR('',#3901,7.5);
#1237=VECTOR('',#3910,7.5);
#1238=VECTOR('',#3919,5.75000000000002);
#1239=VECTOR('',#3922,5.75000000000002);
#1240=VECTOR('',#3925,5.75000000000002);
#1241=VECTOR('',#3928,5.75000000000002);
#1242=VECTOR('',#3931,10.);
#1243=VECTOR('',#3932,10.);
#1244=VECTOR('',#3935,10.);
#1245=VECTOR('',#3938,10.);
#1246=VECTOR('',#3941,10.);
#1247=VECTOR('',#3944,10.);
#1248=VERTEX_POINT('',#3951);
#1249=VERTEX_POINT('',#3952);
#1250=VERTEX_POINT('',#3954);
#1251=VERTEX_POINT('',#3956);
#1252=VERTEX_POINT('',#3960);
#1253=VERTEX_POINT('',#3962);
#1254=VERTEX_POINT('',#3966);
#1255=VERTEX_POINT('',#3968);
#1256=VERTEX_POINT('',#3975);
#1257=VERTEX_POINT('',#3976);
#1258=VERTEX_POINT('',#3978);
#1259=VERTEX_POINT('',#3980);
#1260=VERTEX_POINT('',#3982);
#1261=VERTEX_POINT('',#3984);
#1262=VERTEX_POINT('',#3987);
#1263=VERTEX_POINT('',#3989);
#1264=VERTEX_POINT('',#3991);
#1265=VERTEX_POINT('',#3993);
#1266=VERTEX_POINT('',#3995);
#1267=VERTEX_POINT('',#3996);
#1268=VERTEX_POINT('',#3998);
#1269=VERTEX_POINT('',#4000);
#1270=VERTEX_POINT('',#4003);
#1271=VERTEX_POINT('',#4005);
#1272=VERTEX_POINT('',#4007);
#1273=VERTEX_POINT('',#4009);
#1274=VERTEX_POINT('',#4011);
#1275=VERTEX_POINT('',#4013);
#1276=VERTEX_POINT('',#4015);
#1277=VERTEX_POINT('',#4017);
#1278=VERTEX_POINT('',#4018);
#1279=VERTEX_POINT('',#4020);
#1280=VERTEX_POINT('',#4022);
#1281=VERTEX_POINT('',#4025);
#1282=VERTEX_POINT('',#4026);
#1283=VERTEX_POINT('',#4028);
#1284=VERTEX_POINT('',#4030);
#1285=VERTEX_POINT('',#4033);
#1286=VERTEX_POINT('',#4036);
#1287=VERTEX_POINT('',#4037);
#1288=VERTEX_POINT('',#4039);
#1289=VERTEX_POINT('',#4041);
#1290=VERTEX_POINT('',#4044);
#1291=VERTEX_POINT('',#4045);
#1292=VERTEX_POINT('',#4047);
#1293=VERTEX_POINT('',#4049);
#1294=VERTEX_POINT('',#4053);
#1295=VERTEX_POINT('',#4055);
#1296=VERTEX_POINT('',#4059);
#1297=VERTEX_POINT('',#4063);
#1298=VERTEX_POINT('',#4065);
#1299=VERTEX_POINT('',#4069);
#1300=VERTEX_POINT('',#4073);
#1301=VERTEX_POINT('',#4079);
#1302=VERTEX_POINT('',#4085);
#1303=VERTEX_POINT('',#4087);
#1304=VERTEX_POINT('',#4091);
#1305=VERTEX_POINT('',#4095);
#1306=VERTEX_POINT('',#4102);
#1307=VERTEX_POINT('',#4104);
#1308=VERTEX_POINT('',#4108);
#1309=VERTEX_POINT('',#4112);
#1310=VERTEX_POINT('',#4119);
#1311=VERTEX_POINT('',#4123);
#1312=VERTEX_POINT('',#4126);
#1313=VERTEX_POINT('',#4130);
#1314=VERTEX_POINT('',#4133);
#1315=VERTEX_POINT('',#4137);
#1316=VERTEX_POINT('',#4141);
#1317=VERTEX_POINT('',#4145);
#1318=VERTEX_POINT('',#4148);
#1319=VERTEX_POINT('',#4152);
#1320=VERTEX_POINT('',#4155);
#1321=VERTEX_POINT('',#4159);
#1322=VERTEX_POINT('',#4163);
#1323=VERTEX_POINT('',#4167);
#1324=VERTEX_POINT('',#4170);
#1325=VERTEX_POINT('',#4174);
#1326=VERTEX_POINT('',#4177);
#1327=VERTEX_POINT('',#4181);
#1328=VERTEX_POINT('',#4185);
#1329=VERTEX_POINT('',#4189);
#1330=VERTEX_POINT('',#4192);
#1331=VERTEX_POINT('',#4196);
#1332=VERTEX_POINT('',#4199);
#1333=VERTEX_POINT('',#4203);
#1334=VERTEX_POINT('',#4216);
#1335=VERTEX_POINT('',#4217);
#1336=VERTEX_POINT('',#4223);
#1337=VERTEX_POINT('',#4225);
#1338=VERTEX_POINT('',#4242);
#1339=VERTEX_POINT('',#4248);
#1340=VERTEX_POINT('',#4265);
#1341=VERTEX_POINT('',#4271);
#1342=VERTEX_POINT('',#4288);
#1343=VERTEX_POINT('',#4294);
#1344=VERTEX_POINT('',#4311);
#1345=VERTEX_POINT('',#4317);
#1346=VERTEX_POINT('',#4334);
#1347=VERTEX_POINT('',#4340);
#1348=VERTEX_POINT('',#4357);
#1349=VERTEX_POINT('',#4363);
#1350=VERTEX_POINT('',#4400);
#1351=VERTEX_POINT('',#4401);
#1352=VERTEX_POINT('',#4407);
#1353=VERTEX_POINT('',#4409);
#1354=VERTEX_POINT('',#4426);
#1355=VERTEX_POINT('',#4432);
#1356=VERTEX_POINT('',#4449);
#1357=VERTEX_POINT('',#4455);
#1358=VERTEX_POINT('',#4472);
#1359=VERTEX_POINT('',#4478);
#1360=VERTEX_POINT('',#4495);
#1361=VERTEX_POINT('',#4501);
#1362=VERTEX_POINT('',#4518);
#1363=VERTEX_POINT('',#4524);
#1364=VERTEX_POINT('',#4541);
#1365=VERTEX_POINT('',#4547);
#1366=VERTEX_POINT('',#4564);
#1367=VERTEX_POINT('',#4570);
#1368=VERTEX_POINT('',#4587);
#1369=VERTEX_POINT('',#4593);
#1370=VERTEX_POINT('',#4622);
#1371=VERTEX_POINT('',#4623);
#1372=VERTEX_POINT('',#4625);
#1373=VERTEX_POINT('',#4627);
#1374=VERTEX_POINT('',#4631);
#1375=VERTEX_POINT('',#4633);
#1376=VERTEX_POINT('',#4637);
#1377=VERTEX_POINT('',#4639);
#1378=VERTEX_POINT('',#4643);
#1379=VERTEX_POINT('',#4645);
#1380=VERTEX_POINT('',#4649);
#1381=VERTEX_POINT('',#4651);
#1382=VERTEX_POINT('',#4655);
#1383=VERTEX_POINT('',#4657);
#1384=VERTEX_POINT('',#4661);
#1385=VERTEX_POINT('',#4663);
#1386=VERTEX_POINT('',#4667);
#1387=VERTEX_POINT('',#4669);
#1388=VERTEX_POINT('',#4673);
#1389=VERTEX_POINT('',#4675);
#1390=VERTEX_POINT('',#4679);
#1391=VERTEX_POINT('',#4681);
#1392=VERTEX_POINT('',#4685);
#1393=VERTEX_POINT('',#4687);
#1394=VERTEX_POINT('',#4691);
#1395=VERTEX_POINT('',#4693);
#1396=VERTEX_POINT('',#4701);
#1397=VERTEX_POINT('',#4702);
#1398=VERTEX_POINT('',#4704);
#1399=VERTEX_POINT('',#4706);
#1400=VERTEX_POINT('',#4710);
#1401=VERTEX_POINT('',#4712);
#1402=VERTEX_POINT('',#4716);
#1403=VERTEX_POINT('',#4718);
#1404=VERTEX_POINT('',#4726);
#1405=VERTEX_POINT('',#4727);
#1406=VERTEX_POINT('',#4729);
#1407=VERTEX_POINT('',#4731);
#1408=VERTEX_POINT('',#4735);
#1409=VERTEX_POINT('',#4737);
#1410=VERTEX_POINT('',#4741);
#1411=VERTEX_POINT('',#4743);
#1412=VERTEX_POINT('',#4751);
#1413=VERTEX_POINT('',#4752);
#1414=VERTEX_POINT('',#4754);
#1415=VERTEX_POINT('',#4756);
#1416=VERTEX_POINT('',#4760);
#1417=VERTEX_POINT('',#4762);
#1418=VERTEX_POINT('',#4766);
#1419=VERTEX_POINT('',#4768);
#1420=VERTEX_POINT('',#4776);
#1421=VERTEX_POINT('',#4777);
#1422=VERTEX_POINT('',#4779);
#1423=VERTEX_POINT('',#4781);
#1424=VERTEX_POINT('',#4785);
#1425=VERTEX_POINT('',#4787);
#1426=VERTEX_POINT('',#4791);
#1427=VERTEX_POINT('',#4793);
#1428=VERTEX_POINT('',#4810);
#1429=VERTEX_POINT('',#4811);
#1430=VERTEX_POINT('',#4817);
#1431=VERTEX_POINT('',#4819);
#1432=VERTEX_POINT('',#4836);
#1433=VERTEX_POINT('',#4842);
#1434=VERTEX_POINT('',#4859);
#1435=VERTEX_POINT('',#4865);
#1436=VERTEX_POINT('',#4882);
#1437=VERTEX_POINT('',#4888);
#1438=VERTEX_POINT('',#4905);
#1439=VERTEX_POINT('',#4911);
#1440=VERTEX_POINT('',#4928);
#1441=VERTEX_POINT('',#4934);
#1442=VERTEX_POINT('',#4951);
#1443=VERTEX_POINT('',#4957);
#1444=VERTEX_POINT('',#4974);
#1445=VERTEX_POINT('',#4980);
#1446=VERTEX_POINT('',#4997);
#1447=VERTEX_POINT('',#5003);
#1448=VERTEX_POINT('',#5020);
#1449=VERTEX_POINT('',#5026);
#1450=VERTEX_POINT('',#5043);
#1451=VERTEX_POINT('',#5049);
#1452=VERTEX_POINT('',#5066);
#1453=VERTEX_POINT('',#5072);
#1454=VERTEX_POINT('',#5089);
#1455=VERTEX_POINT('',#5095);
#1456=VERTEX_POINT('',#5103);
#1457=VERTEX_POINT('',#5105);
#1458=VERTEX_POINT('',#5118);
#1459=VERTEX_POINT('',#5124);
#1460=VERTEX_POINT('',#5141);
#1461=VERTEX_POINT('',#5147);
#1462=VERTEX_POINT('',#5164);
#1463=VERTEX_POINT('',#5170);
#1464=VERTEX_POINT('',#5187);
#1465=VERTEX_POINT('',#5193);
#1466=VERTEX_POINT('',#5210);
#1467=VERTEX_POINT('',#5216);
#1468=VERTEX_POINT('',#5233);
#1469=VERTEX_POINT('',#5239);
#1470=VERTEX_POINT('',#5256);
#1471=VERTEX_POINT('',#5262);
#1472=VERTEX_POINT('',#5279);
#1473=VERTEX_POINT('',#5285);
#1474=VERTEX_POINT('',#5302);
#1475=VERTEX_POINT('',#5308);
#1476=VERTEX_POINT('',#5325);
#1477=VERTEX_POINT('',#5331);
#1478=VERTEX_POINT('',#5348);
#1479=VERTEX_POINT('',#5354);
#1480=VERTEX_POINT('',#5371);
#1481=VERTEX_POINT('',#5377);
#1482=VERTEX_POINT('',#5394);
#1483=VERTEX_POINT('',#5400);
#1484=VERTEX_POINT('',#5417);
#1485=VERTEX_POINT('',#5423);
#1486=VERTEX_POINT('',#5431);
#1487=VERTEX_POINT('',#5433);
#1488=VERTEX_POINT('',#5458);
#1489=VERTEX_POINT('',#5459);
#1490=VERTEX_POINT('',#5461);
#1491=VERTEX_POINT('',#5463);
#1492=VERTEX_POINT('',#5467);
#1493=VERTEX_POINT('',#5469);
#1494=VERTEX_POINT('',#5473);
#1495=VERTEX_POINT('',#5475);
#1496=VERTEX_POINT('',#5479);
#1497=VERTEX_POINT('',#5481);
#1498=VERTEX_POINT('',#5485);
#1499=VERTEX_POINT('',#5487);
#1500=VERTEX_POINT('',#5491);
#1501=VERTEX_POINT('',#5493);
#1502=VERTEX_POINT('',#5497);
#1503=VERTEX_POINT('',#5499);
#1504=VERTEX_POINT('',#5503);
#1505=VERTEX_POINT('',#5505);
#1506=VERTEX_POINT('',#5509);
#1507=VERTEX_POINT('',#5511);
#1508=VERTEX_POINT('',#5519);
#1509=VERTEX_POINT('',#5520);
#1510=VERTEX_POINT('',#5522);
#1511=VERTEX_POINT('',#5524);
#1512=VERTEX_POINT('',#5526);
#1513=VERTEX_POINT('',#5528);
#1514=VERTEX_POINT('',#5531);
#1515=VERTEX_POINT('',#5533);
#1516=VERTEX_POINT('',#5535);
#1517=VERTEX_POINT('',#5537);
#1518=VERTEX_POINT('',#5539);
#1519=VERTEX_POINT('',#5541);
#1520=VERTEX_POINT('',#5544);
#1521=VERTEX_POINT('',#5549);
#1522=VERTEX_POINT('',#5554);
#1523=VERTEX_POINT('',#5556);
#1524=VERTEX_POINT('',#5560);
#1525=VERTEX_POINT('',#5564);
#1526=VERTEX_POINT('',#5571);
#1527=VERTEX_POINT('',#5575);
#1528=VERTEX_POINT('',#5578);
#1529=VERTEX_POINT('',#5582);
#1530=VERTEX_POINT('',#5585);
#1531=VERTEX_POINT('',#5589);
#1532=VERTEX_POINT('',#5592);
#1533=VERTEX_POINT('',#5596);
#1534=EDGE_CURVE('',#1248,#1249,#706,.T.);
#1535=EDGE_CURVE('',#1249,#1250,#707,.T.);
#1536=EDGE_CURVE('',#1250,#1251,#708,.T.);
#1537=EDGE_CURVE('',#1251,#1248,#709,.T.);
#1538=EDGE_CURVE('',#1249,#1252,#710,.T.);
#1539=EDGE_CURVE('',#1252,#1253,#711,.T.);
#1540=EDGE_CURVE('',#1253,#1250,#712,.T.);
#1541=EDGE_CURVE('',#1252,#1254,#713,.T.);
#1542=EDGE_CURVE('',#1254,#1255,#714,.T.);
#1543=EDGE_CURVE('',#1255,#1253,#715,.T.);
#1544=EDGE_CURVE('',#1251,#1255,#716,.T.);
#1545=EDGE_CURVE('',#1254,#1248,#717,.T.);
#1546=EDGE_CURVE('',#1256,#1257,#241,.T.);
#1547=EDGE_CURVE('',#1257,#1258,#718,.T.);
#1548=EDGE_CURVE('',#1258,#1259,#242,.T.);
#1549=EDGE_CURVE('',#1259,#1260,#719,.T.);
#1550=EDGE_CURVE('',#1260,#1261,#243,.T.);
#1551=EDGE_CURVE('',#1261,#1256,#720,.T.);
#1552=EDGE_CURVE('',#1262,#1262,#244,.T.);
#1553=EDGE_CURVE('',#1263,#1263,#245,.T.);
#1554=EDGE_CURVE('',#1264,#1264,#246,.T.);
#1555=EDGE_CURVE('',#1265,#1265,#247,.T.);
#1556=EDGE_CURVE('',#1266,#1267,#721,.T.);
#1557=EDGE_CURVE('',#1267,#1268,#722,.T.);
#1558=EDGE_CURVE('',#1268,#1269,#723,.T.);
#1559=EDGE_CURVE('',#1269,#1266,#724,.T.);
#1560=EDGE_CURVE('',#1270,#1270,#248,.T.);
#1561=EDGE_CURVE('',#1271,#1271,#249,.T.);
#1562=EDGE_CURVE('',#1272,#1272,#250,.T.);
#1563=EDGE_CURVE('',#1273,#1273,#251,.T.);
#1564=EDGE_CURVE('',#1274,#1274,#252,.T.);
#1565=EDGE_CURVE('',#1275,#1275,#253,.T.);
#1566=EDGE_CURVE('',#1276,#1276,#254,.T.);
#1567=EDGE_CURVE('',#1277,#1278,#725,.T.);
#1568=EDGE_CURVE('',#1278,#1279,#726,.T.);
#1569=EDGE_CURVE('',#1279,#1280,#727,.T.);
#1570=EDGE_CURVE('',#1280,#1277,#728,.T.);
#1571=EDGE_CURVE('',#1281,#1282,#729,.T.);
#1572=EDGE_CURVE('',#1282,#1283,#730,.T.);
#1573=EDGE_CURVE('',#1283,#1284,#731,.T.);
#1574=EDGE_CURVE('',#1284,#1281,#732,.T.);
#1575=EDGE_CURVE('',#1285,#1285,#255,.T.);
#1576=EDGE_CURVE('',#1286,#1287,#733,.T.);
#1577=EDGE_CURVE('',#1288,#1286,#256,.T.);
#1578=EDGE_CURVE('',#1289,#1288,#734,.T.);
#1579=EDGE_CURVE('',#1287,#1289,#257,.T.);
#1580=EDGE_CURVE('',#1290,#1291,#735,.T.);
#1581=EDGE_CURVE('',#1292,#1290,#258,.T.);
#1582=EDGE_CURVE('',#1293,#1292,#736,.T.);
#1583=EDGE_CURVE('',#1291,#1293,#259,.T.);
#1584=EDGE_CURVE('',#1294,#1291,#737,.T.);
#1585=EDGE_CURVE('',#1295,#1294,#738,.T.);
#1586=EDGE_CURVE('',#1295,#1290,#739,.T.);
#1587=EDGE_CURVE('',#1296,#1293,#740,.T.);
#1588=EDGE_CURVE('',#1294,#1296,#260,.T.);
#1589=EDGE_CURVE('',#1297,#1287,#741,.T.);
#1590=EDGE_CURVE('',#1298,#1297,#742,.T.);
#1591=EDGE_CURVE('',#1298,#1286,#743,.T.);
#1592=EDGE_CURVE('',#1299,#1289,#744,.T.);
#1593=EDGE_CURVE('',#1297,#1299,#261,.T.);
#1594=EDGE_CURVE('',#1300,#1295,#262,.T.);
#1595=EDGE_CURVE('',#1300,#1292,#745,.T.);
#1596=EDGE_CURVE('',#1296,#1300,#746,.T.);
#1597=EDGE_CURVE('',#1301,#1298,#263,.T.);
#1598=EDGE_CURVE('',#1301,#1288,#747,.T.);
#1599=EDGE_CURVE('',#1299,#1301,#748,.T.);
#1600=EDGE_CURVE('',#1281,#1302,#749,.T.);
#1601=EDGE_CURVE('',#1303,#1302,#750,.T.);
#1602=EDGE_CURVE('',#1282,#1303,#751,.T.);
#1603=EDGE_CURVE('',#1304,#1303,#752,.T.);
#1604=EDGE_CURVE('',#1283,#1304,#753,.T.);
#1605=EDGE_CURVE('',#1305,#1304,#754,.T.);
#1606=EDGE_CURVE('',#1284,#1305,#755,.T.);
#1607=EDGE_CURVE('',#1302,#1305,#756,.T.);
#1608=EDGE_CURVE('',#1277,#1306,#757,.T.);
#1609=EDGE_CURVE('',#1306,#1307,#758,.T.);
#1610=EDGE_CURVE('',#1278,#1307,#759,.T.);
#1611=EDGE_CURVE('',#1280,#1308,#760,.T.);
#1612=EDGE_CURVE('',#1308,#1306,#761,.T.);
#1613=EDGE_CURVE('',#1279,#1309,#762,.T.);
#1614=EDGE_CURVE('',#1309,#1308,#763,.T.);
#1615=EDGE_CURVE('',#1307,#1309,#764,.T.);
#1616=EDGE_CURVE('',#1276,#1310,#765,.T.);
#1617=EDGE_CURVE('',#1310,#1310,#264,.T.);
#1618=EDGE_CURVE('',#1311,#1311,#265,.T.);
#1619=EDGE_CURVE('',#1275,#1312,#766,.T.);
#1620=EDGE_CURVE('',#1312,#1312,#266,.T.);
#1621=EDGE_CURVE('',#1313,#1313,#267,.T.);
#1622=EDGE_CURVE('',#1314,#1314,#268,.T.);
#1623=EDGE_CURVE('',#1314,#1311,#767,.T.);
#1624=EDGE_CURVE('',#1315,#1315,#269,.T.);
#1625=EDGE_CURVE('',#1315,#1313,#768,.T.);
#1626=EDGE_CURVE('',#1274,#1316,#769,.T.);
#1627=EDGE_CURVE('',#1316,#1316,#270,.T.);
#1628=EDGE_CURVE('',#1317,#1317,#271,.T.);
#1629=EDGE_CURVE('',#1273,#1318,#770,.T.);
#1630=EDGE_CURVE('',#1318,#1318,#272,.T.);
#1631=EDGE_CURVE('',#1319,#1319,#273,.T.);
#1632=EDGE_CURVE('',#1320,#1320,#274,.T.);
#1633=EDGE_CURVE('',#1320,#1317,#771,.T.);
#1634=EDGE_CURVE('',#1321,#1321,#275,.T.);
#1635=EDGE_CURVE('',#1321,#1319,#772,.T.);
#1636=EDGE_CURVE('',#1285,#1322,#773,.T.);
#1637=EDGE_CURVE('',#1322,#1322,#276,.T.);
#1638=EDGE_CURVE('',#1323,#1323,#277,.T.);
#1639=EDGE_CURVE('',#1272,#1324,#774,.T.);
#1640=EDGE_CURVE('',#1324,#1324,#278,.T.);
#1641=EDGE_CURVE('',#1325,#1325,#279,.T.);
#1642=EDGE_CURVE('',#1326,#1326,#280,.T.);
#1643=EDGE_CURVE('',#1326,#1323,#775,.T.);
#1644=EDGE_CURVE('',#1327,#1327,#281,.T.);
#1645=EDGE_CURVE('',#1327,#1325,#776,.T.);
#1646=EDGE_CURVE('',#1271,#1328,#777,.T.);
#1647=EDGE_CURVE('',#1328,#1328,#282,.T.);
#1648=EDGE_CURVE('',#1329,#1329,#283,.T.);
#1649=EDGE_CURVE('',#1270,#1330,#778,.T.);
#1650=EDGE_CURVE('',#1330,#1330,#284,.T.);
#1651=EDGE_CURVE('',#1331,#1331,#285,.T.);
#1652=EDGE_CURVE('',#1332,#1332,#286,.T.);
#1653=EDGE_CURVE('',#1332,#1329,#779,.T.);
#1654=EDGE_CURVE('',#1333,#1333,#287,.T.);
#1655=EDGE_CURVE('',#1333,#1331,#780,.T.);
#1656=EDGE_CURVE('',#1334,#1335,#15,.T.);
#1657=EDGE_CURVE('',#1334,#1336,#781,.T.);
#1658=EDGE_CURVE('',#1336,#1337,#16,.T.);
#1659=EDGE_CURVE('',#1335,#1337,#782,.T.);
#1660=EDGE_CURVE('',#1338,#1334,#17,.T.);
#1661=EDGE_CURVE('',#1338,#1339,#783,.T.);
#1662=EDGE_CURVE('',#1339,#1336,#18,.T.);
#1663=EDGE_CURVE('',#1340,#1338,#19,.T.);
#1664=EDGE_CURVE('',#1340,#1341,#784,.T.);
#1665=EDGE_CURVE('',#1341,#1339,#20,.T.);
#1666=EDGE_CURVE('',#1342,#1340,#21,.T.);
#1667=EDGE_CURVE('',#1342,#1343,#785,.T.);
#1668=EDGE_CURVE('',#1343,#1341,#22,.T.);
#1669=EDGE_CURVE('',#1344,#1342,#23,.T.);
#1670=EDGE_CURVE('',#1344,#1345,#786,.T.);
#1671=EDGE_CURVE('',#1345,#1343,#24,.T.);
#1672=EDGE_CURVE('',#1346,#1344,#25,.T.);
#1673=EDGE_CURVE('',#1346,#1347,#787,.T.);
#1674=EDGE_CURVE('',#1347,#1345,#26,.T.);
#1675=EDGE_CURVE('',#1348,#1346,#27,.T.);
#1676=EDGE_CURVE('',#1348,#1349,#788,.T.);
#1677=EDGE_CURVE('',#1349,#1347,#28,.T.);
#1678=EDGE_CURVE('',#1335,#1348,#29,.T.);
#1679=EDGE_CURVE('',#1337,#1349,#30,.T.);
#1680=EDGE_CURVE('',#1350,#1351,#31,.T.);
#1681=EDGE_CURVE('',#1350,#1352,#789,.T.);
#1682=EDGE_CURVE('',#1352,#1353,#32,.T.);
#1683=EDGE_CURVE('',#1351,#1353,#790,.T.);
#1684=EDGE_CURVE('',#1354,#1350,#33,.T.);
#1685=EDGE_CURVE('',#1354,#1355,#791,.T.);
#1686=EDGE_CURVE('',#1355,#1352,#34,.T.);
#1687=EDGE_CURVE('',#1356,#1354,#35,.T.);
#1688=EDGE_CURVE('',#1356,#1357,#792,.T.);
#1689=EDGE_CURVE('',#1357,#1355,#36,.T.);
#1690=EDGE_CURVE('',#1358,#1356,#37,.T.);
#1691=EDGE_CURVE('',#1358,#1359,#793,.T.);
#1692=EDGE_CURVE('',#1359,#1357,#38,.T.);
#1693=EDGE_CURVE('',#1360,#1358,#39,.T.);
#1694=EDGE_CURVE('',#1360,#1361,#794,.T.);
#1695=EDGE_CURVE('',#1361,#1359,#40,.T.);
#1696=EDGE_CURVE('',#1362,#1360,#41,.T.);
#1697=EDGE_CURVE('',#1362,#1363,#795,.T.);
#1698=EDGE_CURVE('',#1363,#1361,#42,.T.);
#1699=EDGE_CURVE('',#1364,#1362,#43,.T.);
#1700=EDGE_CURVE('',#1364,#1365,#796,.T.);
#1701=EDGE_CURVE('',#1365,#1363,#44,.T.);
#1702=EDGE_CURVE('',#1366,#1364,#45,.T.);
#1703=EDGE_CURVE('',#1366,#1367,#797,.T.);
#1704=EDGE_CURVE('',#1367,#1365,#46,.T.);
#1705=EDGE_CURVE('',#1368,#1366,#47,.T.);
#1706=EDGE_CURVE('',#1368,#1369,#798,.T.);
#1707=EDGE_CURVE('',#1369,#1367,#48,.T.);
#1708=EDGE_CURVE('',#1351,#1368,#49,.T.);
#1709=EDGE_CURVE('',#1353,#1369,#50,.T.);
#1710=EDGE_CURVE('',#1370,#1371,#799,.T.);
#1711=EDGE_CURVE('',#1370,#1372,#800,.T.);
#1712=EDGE_CURVE('',#1372,#1373,#801,.T.);
#1713=EDGE_CURVE('',#1371,#1373,#802,.T.);
#1714=EDGE_CURVE('',#1374,#1370,#803,.T.);
#1715=EDGE_CURVE('',#1374,#1375,#804,.T.);
#1716=EDGE_CURVE('',#1375,#1372,#805,.T.);
#1717=EDGE_CURVE('',#1376,#1374,#806,.T.);
#1718=EDGE_CURVE('',#1376,#1377,#807,.T.);
#1719=EDGE_CURVE('',#1377,#1375,#808,.T.);
#1720=EDGE_CURVE('',#1378,#1376,#809,.T.);
#1721=EDGE_CURVE('',#1378,#1379,#810,.T.);
#1722=EDGE_CURVE('',#1379,#1377,#811,.T.);
#1723=EDGE_CURVE('',#1380,#1378,#812,.T.);
#1724=EDGE_CURVE('',#1380,#1381,#813,.T.);
#1725=EDGE_CURVE('',#1381,#1379,#814,.T.);
#1726=EDGE_CURVE('',#1382,#1380,#815,.T.);
#1727=EDGE_CURVE('',#1382,#1383,#816,.T.);
#1728=EDGE_CURVE('',#1383,#1381,#817,.T.);
#1729=EDGE_CURVE('',#1384,#1382,#818,.T.);
#1730=EDGE_CURVE('',#1384,#1385,#819,.T.);
#1731=EDGE_CURVE('',#1385,#1383,#820,.T.);
#1732=EDGE_CURVE('',#1386,#1384,#821,.T.);
#1733=EDGE_CURVE('',#1386,#1387,#822,.T.);
#1734=EDGE_CURVE('',#1387,#1385,#823,.T.);
#1735=EDGE_CURVE('',#1388,#1386,#824,.T.);
#1736=EDGE_CURVE('',#1388,#1389,#825,.T.);
#1737=EDGE_CURVE('',#1389,#1387,#826,.T.);
#1738=EDGE_CURVE('',#1390,#1388,#827,.T.);
#1739=EDGE_CURVE('',#1390,#1391,#828,.T.);
#1740=EDGE_CURVE('',#1391,#1389,#829,.T.);
#1741=EDGE_CURVE('',#1392,#1390,#830,.T.);
#1742=EDGE_CURVE('',#1392,#1393,#831,.T.);
#1743=EDGE_CURVE('',#1393,#1391,#832,.T.);
#1744=EDGE_CURVE('',#1394,#1392,#833,.T.);
#1745=EDGE_CURVE('',#1394,#1395,#834,.T.);
#1746=EDGE_CURVE('',#1395,#1393,#835,.T.);
#1747=EDGE_CURVE('',#1371,#1394,#836,.T.);
#1748=EDGE_CURVE('',#1373,#1395,#837,.T.);
#1749=EDGE_CURVE('',#1396,#1397,#838,.T.);
#1750=EDGE_CURVE('',#1396,#1398,#839,.T.);
#1751=EDGE_CURVE('',#1398,#1399,#840,.T.);
#1752=EDGE_CURVE('',#1397,#1399,#841,.T.);
#1753=EDGE_CURVE('',#1400,#1396,#842,.T.);
#1754=EDGE_CURVE('',#1400,#1401,#843,.T.);
#1755=EDGE_CURVE('',#1401,#1398,#844,.T.);
#1756=EDGE_CURVE('',#1402,#1400,#845,.T.);
#1757=EDGE_CURVE('',#1402,#1403,#846,.T.);
#1758=EDGE_CURVE('',#1403,#1401,#847,.T.);
#1759=EDGE_CURVE('',#1397,#1402,#848,.T.);
#1760=EDGE_CURVE('',#1399,#1403,#849,.T.);
#1761=EDGE_CURVE('',#1404,#1405,#850,.T.);
#1762=EDGE_CURVE('',#1404,#1406,#851,.T.);
#1763=EDGE_CURVE('',#1406,#1407,#852,.T.);
#1764=EDGE_CURVE('',#1405,#1407,#853,.T.);
#1765=EDGE_CURVE('',#1408,#1404,#854,.T.);
#1766=EDGE_CURVE('',#1408,#1409,#855,.T.);
#1767=EDGE_CURVE('',#1409,#1406,#856,.T.);
#1768=EDGE_CURVE('',#1410,#1408,#857,.T.);
#1769=EDGE_CURVE('',#1410,#1411,#858,.T.);
#1770=EDGE_CURVE('',#1411,#1409,#859,.T.);
#1771=EDGE_CURVE('',#1405,#1410,#860,.T.);
#1772=EDGE_CURVE('',#1407,#1411,#861,.T.);
#1773=EDGE_CURVE('',#1412,#1413,#862,.T.);
#1774=EDGE_CURVE('',#1412,#1414,#863,.T.);
#1775=EDGE_CURVE('',#1414,#1415,#864,.T.);
#1776=EDGE_CURVE('',#1413,#1415,#865,.T.);
#1777=EDGE_CURVE('',#1416,#1412,#866,.T.);
#1778=EDGE_CURVE('',#1416,#1417,#867,.T.);
#1779=EDGE_CURVE('',#1417,#1414,#868,.T.);
#1780=EDGE_CURVE('',#1418,#1416,#869,.T.);
#1781=EDGE_CURVE('',#1418,#1419,#870,.T.);
#1782=EDGE_CURVE('',#1419,#1417,#871,.T.);
#1783=EDGE_CURVE('',#1413,#1418,#872,.T.);
#1784=EDGE_CURVE('',#1415,#1419,#873,.T.);
#1785=EDGE_CURVE('',#1420,#1421,#874,.T.);
#1786=EDGE_CURVE('',#1420,#1422,#875,.T.);
#1787=EDGE_CURVE('',#1422,#1423,#876,.T.);
#1788=EDGE_CURVE('',#1421,#1423,#877,.T.);
#1789=EDGE_CURVE('',#1424,#1420,#878,.T.);
#1790=EDGE_CURVE('',#1424,#1425,#879,.T.);
#1791=EDGE_CURVE('',#1425,#1422,#880,.T.);
#1792=EDGE_CURVE('',#1426,#1424,#881,.T.);
#1793=EDGE_CURVE('',#1426,#1427,#882,.T.);
#1794=EDGE_CURVE('',#1427,#1425,#883,.T.);
#1795=EDGE_CURVE('',#1421,#1426,#884,.T.);
#1796=EDGE_CURVE('',#1423,#1427,#885,.T.);
#1797=EDGE_CURVE('',#1428,#1429,#51,.T.);
#1798=EDGE_CURVE('',#1428,#1430,#886,.T.);
#1799=EDGE_CURVE('',#1430,#1431,#52,.T.);
#1800=EDGE_CURVE('',#1429,#1431,#887,.T.);
#1801=EDGE_CURVE('',#1432,#1428,#53,.T.);
#1802=EDGE_CURVE('',#1432,#1433,#888,.T.);
#1803=EDGE_CURVE('',#1433,#1430,#54,.T.);
#1804=EDGE_CURVE('',#1434,#1432,#55,.T.);
#1805=EDGE_CURVE('',#1434,#1435,#889,.T.);
#1806=EDGE_CURVE('',#1435,#1433,#56,.T.);
#1807=EDGE_CURVE('',#1436,#1434,#57,.T.);
#1808=EDGE_CURVE('',#1436,#1437,#890,.T.);
#1809=EDGE_CURVE('',#1437,#1435,#58,.T.);
#1810=EDGE_CURVE('',#1438,#1436,#59,.T.);
#1811=EDGE_CURVE('',#1438,#1439,#891,.T.);
#1812=EDGE_CURVE('',#1439,#1437,#60,.T.);
#1813=EDGE_CURVE('',#1440,#1438,#61,.T.);
#1814=EDGE_CURVE('',#1440,#1441,#892,.T.);
#1815=EDGE_CURVE('',#1441,#1439,#62,.T.);
#1816=EDGE_CURVE('',#1442,#1440,#63,.T.);
#1817=EDGE_CURVE('',#1442,#1443,#893,.T.);
#1818=EDGE_CURVE('',#1443,#1441,#64,.T.);
#1819=EDGE_CURVE('',#1444,#1442,#65,.T.);
#1820=EDGE_CURVE('',#1444,#1445,#894,.T.);
#1821=EDGE_CURVE('',#1445,#1443,#66,.T.);
#1822=EDGE_CURVE('',#1446,#1444,#67,.T.);
#1823=EDGE_CURVE('',#1446,#1447,#895,.T.);
#1824=EDGE_CURVE('',#1447,#1445,#68,.T.);
#1825=EDGE_CURVE('',#1448,#1446,#69,.T.);
#1826=EDGE_CURVE('',#1448,#1449,#896,.T.);
#1827=EDGE_CURVE('',#1449,#1447,#70,.T.);
#1828=EDGE_CURVE('',#1450,#1448,#71,.T.);
#1829=EDGE_CURVE('',#1450,#1451,#897,.T.);
#1830=EDGE_CURVE('',#1451,#1449,#72,.T.);
#1831=EDGE_CURVE('',#1452,#1450,#73,.T.);
#1832=EDGE_CURVE('',#1452,#1453,#898,.T.);
#1833=EDGE_CURVE('',#1453,#1451,#74,.T.);
#1834=EDGE_CURVE('',#1454,#1452,#75,.T.);
#1835=EDGE_CURVE('',#1454,#1455,#899,.T.);
#1836=EDGE_CURVE('',#1455,#1453,#76,.T.);
#1837=EDGE_CURVE('',#1456,#1454,#900,.T.);
#1838=EDGE_CURVE('',#1456,#1457,#901,.T.);
#1839=EDGE_CURVE('',#1457,#1455,#902,.T.);
#1840=EDGE_CURVE('',#1458,#1456,#77,.T.);
#1841=EDGE_CURVE('',#1458,#1459,#903,.T.);
#1842=EDGE_CURVE('',#1459,#1457,#78,.T.);
#1843=EDGE_CURVE('',#1460,#1458,#79,.T.);
#1844=EDGE_CURVE('',#1460,#1461,#904,.T.);
#1845=EDGE_CURVE('',#1461,#1459,#80,.T.);
#1846=EDGE_CURVE('',#1462,#1460,#81,.T.);
#1847=EDGE_CURVE('',#1462,#1463,#905,.T.);
#1848=EDGE_CURVE('',#1463,#1461,#82,.T.);
#1849=EDGE_CURVE('',#1464,#1462,#83,.T.);
#1850=EDGE_CURVE('',#1464,#1465,#906,.T.);
#1851=EDGE_CURVE('',#1465,#1463,#84,.T.);
#1852=EDGE_CURVE('',#1466,#1464,#85,.T.);
#1853=EDGE_CURVE('',#1466,#1467,#907,.T.);
#1854=EDGE_CURVE('',#1467,#1465,#86,.T.);
#1855=EDGE_CURVE('',#1468,#1466,#87,.T.);
#1856=EDGE_CURVE('',#1468,#1469,#908,.T.);
#1857=EDGE_CURVE('',#1469,#1467,#88,.T.);
#1858=EDGE_CURVE('',#1470,#1468,#89,.T.);
#1859=EDGE_CURVE('',#1470,#1471,#909,.T.);
#1860=EDGE_CURVE('',#1471,#1469,#90,.T.);
#1861=EDGE_CURVE('',#1472,#1470,#91,.T.);
#1862=EDGE_CURVE('',#1472,#1473,#910,.T.);
#1863=EDGE_CURVE('',#1473,#1471,#92,.T.);
#1864=EDGE_CURVE('',#1474,#1472,#93,.T.);
#1865=EDGE_CURVE('',#1474,#1475,#911,.T.);
#1866=EDGE_CURVE('',#1475,#1473,#94,.T.);
#1867=EDGE_CURVE('',#1476,#1474,#95,.T.);
#1868=EDGE_CURVE('',#1476,#1477,#912,.T.);
#1869=EDGE_CURVE('',#1477,#1475,#96,.T.);
#1870=EDGE_CURVE('',#1478,#1476,#97,.T.);
#1871=EDGE_CURVE('',#1478,#1479,#913,.T.);
#1872=EDGE_CURVE('',#1479,#1477,#98,.T.);
#1873=EDGE_CURVE('',#1480,#1478,#99,.T.);
#1874=EDGE_CURVE('',#1480,#1481,#914,.T.);
#1875=EDGE_CURVE('',#1481,#1479,#100,.T.);
#1876=EDGE_CURVE('',#1482,#1480,#101,.T.);
#1877=EDGE_CURVE('',#1482,#1483,#915,.T.);
#1878=EDGE_CURVE('',#1483,#1481,#102,.T.);
#1879=EDGE_CURVE('',#1484,#1482,#103,.T.);
#1880=EDGE_CURVE('',#1484,#1485,#916,.T.);
#1881=EDGE_CURVE('',#1485,#1483,#104,.T.);
#1882=EDGE_CURVE('',#1486,#1484,#917,.T.);
#1883=EDGE_CURVE('',#1486,#1487,#918,.T.);
#1884=EDGE_CURVE('',#1487,#1485,#919,.T.);
#1885=EDGE_CURVE('',#1429,#1486,#105,.T.);
#1886=EDGE_CURVE('',#1431,#1487,#106,.T.);
#1887=EDGE_CURVE('',#1488,#1489,#920,.T.);
#1888=EDGE_CURVE('',#1488,#1490,#921,.T.);
#1889=EDGE_CURVE('',#1490,#1491,#922,.T.);
#1890=EDGE_CURVE('',#1489,#1491,#923,.T.);
#1891=EDGE_CURVE('',#1492,#1488,#924,.T.);
#1892=EDGE_CURVE('',#1492,#1493,#925,.T.);
#1893=EDGE_CURVE('',#1493,#1490,#926,.T.);
#1894=EDGE_CURVE('',#1494,#1492,#927,.T.);
#1895=EDGE_CURVE('',#1494,#1495,#928,.T.);
#1896=EDGE_CURVE('',#1495,#1493,#929,.T.);
#1897=EDGE_CURVE('',#1496,#1494,#930,.T.);
#1898=EDGE_CURVE('',#1496,#1497,#931,.T.);
#1899=EDGE_CURVE('',#1497,#1495,#932,.T.);
#1900=EDGE_CURVE('',#1498,#1496,#933,.T.);
#1901=EDGE_CURVE('',#1498,#1499,#934,.T.);
#1902=EDGE_CURVE('',#1499,#1497,#935,.T.);
#1903=EDGE_CURVE('',#1500,#1498,#936,.T.);
#1904=EDGE_CURVE('',#1500,#1501,#937,.T.);
#1905=EDGE_CURVE('',#1501,#1499,#938,.T.);
#1906=EDGE_CURVE('',#1502,#1500,#939,.T.);
#1907=EDGE_CURVE('',#1502,#1503,#940,.T.);
#1908=EDGE_CURVE('',#1503,#1501,#941,.T.);
#1909=EDGE_CURVE('',#1504,#1502,#942,.T.);
#1910=EDGE_CURVE('',#1504,#1505,#943,.T.);
#1911=EDGE_CURVE('',#1505,#1503,#944,.T.);
#1912=EDGE_CURVE('',#1506,#1504,#945,.T.);
#1913=EDGE_CURVE('',#1506,#1507,#946,.T.);
#1914=EDGE_CURVE('',#1507,#1505,#947,.T.);
#1915=EDGE_CURVE('',#1489,#1506,#948,.T.);
#1916=EDGE_CURVE('',#1491,#1507,#949,.T.);
#1917=EDGE_CURVE('',#1508,#1509,#288,.T.);
#1918=EDGE_CURVE('',#1509,#1510,#950,.T.);
#1919=EDGE_CURVE('',#1510,#1511,#289,.T.);
#1920=EDGE_CURVE('',#1511,#1512,#951,.T.);
#1921=EDGE_CURVE('',#1512,#1513,#290,.T.);
#1922=EDGE_CURVE('',#1513,#1508,#952,.T.);
#1923=EDGE_CURVE('',#1514,#1514,#291,.T.);
#1924=EDGE_CURVE('',#1515,#1515,#292,.T.);
#1925=EDGE_CURVE('',#1516,#1516,#293,.T.);
#1926=EDGE_CURVE('',#1517,#1517,#294,.T.);
#1927=EDGE_CURVE('',#1518,#1518,#295,.T.);
#1928=EDGE_CURVE('',#1519,#1519,#296,.T.);
#1929=EDGE_CURVE('',#1519,#1520,#953,.T.);
#1930=EDGE_CURVE('',#1520,#1520,#297,.T.);
#1931=EDGE_CURVE('',#1518,#1521,#954,.T.);
#1932=EDGE_CURVE('',#1521,#1521,#298,.T.);
#1933=EDGE_CURVE('',#1266,#1522,#955,.T.);
#1934=EDGE_CURVE('',#1522,#1523,#956,.T.);
#1935=EDGE_CURVE('',#1267,#1523,#957,.T.);
#1936=EDGE_CURVE('',#1269,#1524,#958,.T.);
#1937=EDGE_CURVE('',#1524,#1522,#959,.T.);
#1938=EDGE_CURVE('',#1268,#1525,#960,.T.);
#1939=EDGE_CURVE('',#1525,#1524,#961,.T.);
#1940=EDGE_CURVE('',#1523,#1525,#962,.T.);
#1941=EDGE_CURVE('',#1265,#1526,#963,.T.);
#1942=EDGE_CURVE('',#1526,#1526,#299,.T.);
#1943=EDGE_CURVE('',#1527,#1527,#300,.T.);
#1944=EDGE_CURVE('',#1264,#1528,#964,.T.);
#1945=EDGE_CURVE('',#1528,#1528,#301,.T.);
#1946=EDGE_CURVE('',#1529,#1529,#302,.T.);
#1947=EDGE_CURVE('',#1263,#1530,#965,.T.);
#1948=EDGE_CURVE('',#1530,#1530,#303,.T.);
#1949=EDGE_CURVE('',#1531,#1531,#304,.T.);
#1950=EDGE_CURVE('',#1262,#1532,#966,.T.);
#1951=EDGE_CURVE('',#1532,#1532,#305,.T.);
#1952=EDGE_CURVE('',#1533,#1533,#306,.T.);
#1953=EDGE_CURVE('',#1517,#1533,#967,.T.);
#1954=EDGE_CURVE('',#1516,#1529,#968,.T.);
#1955=EDGE_CURVE('',#1515,#1531,#969,.T.);
#1956=EDGE_CURVE('',#1514,#1527,#970,.T.);
#1957=EDGE_CURVE('',#1509,#1256,#971,.T.);
#1958=EDGE_CURVE('',#1510,#1261,#972,.T.);
#1959=EDGE_CURVE('',#1511,#1260,#973,.T.);
#1960=EDGE_CURVE('',#1512,#1259,#974,.T.);
#1961=EDGE_CURVE('',#1513,#1258,#975,.T.);
#1962=EDGE_CURVE('',#1508,#1257,#976,.T.);
#1963=ORIENTED_EDGE('',*,*,#1534,.T.);
#1964=ORIENTED_EDGE('',*,*,#1535,.T.);
#1965=ORIENTED_EDGE('',*,*,#1536,.T.);
#1966=ORIENTED_EDGE('',*,*,#1537,.T.);
#1967=ORIENTED_EDGE('',*,*,#1538,.T.);
#1968=ORIENTED_EDGE('',*,*,#1539,.T.);
#1969=ORIENTED_EDGE('',*,*,#1540,.T.);
#1970=ORIENTED_EDGE('',*,*,#1535,.F.);
#1971=ORIENTED_EDGE('',*,*,#1541,.T.);
#1972=ORIENTED_EDGE('',*,*,#1542,.T.);
#1973=ORIENTED_EDGE('',*,*,#1543,.T.);
#1974=ORIENTED_EDGE('',*,*,#1539,.F.);
#1975=ORIENTED_EDGE('',*,*,#1544,.T.);
#1976=ORIENTED_EDGE('',*,*,#1542,.F.);
#1977=ORIENTED_EDGE('',*,*,#1545,.T.);
#1978=ORIENTED_EDGE('',*,*,#1537,.F.);
#1979=ORIENTED_EDGE('',*,*,#1546,.T.);
#1980=ORIENTED_EDGE('',*,*,#1547,.T.);
#1981=ORIENTED_EDGE('',*,*,#1548,.T.);
#1982=ORIENTED_EDGE('',*,*,#1549,.T.);
#1983=ORIENTED_EDGE('',*,*,#1550,.T.);
#1984=ORIENTED_EDGE('',*,*,#1551,.T.);
#1985=ORIENTED_EDGE('',*,*,#1552,.T.);
#1986=ORIENTED_EDGE('',*,*,#1553,.T.);
#1987=ORIENTED_EDGE('',*,*,#1554,.T.);
#1988=ORIENTED_EDGE('',*,*,#1555,.T.);
#1989=ORIENTED_EDGE('',*,*,#1556,.T.);
#1990=ORIENTED_EDGE('',*,*,#1557,.T.);
#1991=ORIENTED_EDGE('',*,*,#1558,.T.);
#1992=ORIENTED_EDGE('',*,*,#1559,.T.);
#1993=ORIENTED_EDGE('',*,*,#1560,.T.);
#1994=ORIENTED_EDGE('',*,*,#1561,.T.);
#1995=ORIENTED_EDGE('',*,*,#1562,.T.);
#1996=ORIENTED_EDGE('',*,*,#1563,.T.);
#1997=ORIENTED_EDGE('',*,*,#1564,.T.);
#1998=ORIENTED_EDGE('',*,*,#1565,.T.);
#1999=ORIENTED_EDGE('',*,*,#1566,.T.);
#2000=ORIENTED_EDGE('',*,*,#1567,.T.);
#2001=ORIENTED_EDGE('',*,*,#1568,.T.);
#2002=ORIENTED_EDGE('',*,*,#1569,.T.);
#2003=ORIENTED_EDGE('',*,*,#1570,.T.);
#2004=ORIENTED_EDGE('',*,*,#1571,.T.);
#2005=ORIENTED_EDGE('',*,*,#1572,.T.);
#2006=ORIENTED_EDGE('',*,*,#1573,.T.);
#2007=ORIENTED_EDGE('',*,*,#1574,.T.);
#2008=ORIENTED_EDGE('',*,*,#1575,.T.);
#2009=ORIENTED_EDGE('',*,*,#1534,.F.);
#2010=ORIENTED_EDGE('',*,*,#1545,.F.);
#2011=ORIENTED_EDGE('',*,*,#1541,.F.);
#2012=ORIENTED_EDGE('',*,*,#1538,.F.);
#2013=ORIENTED_EDGE('',*,*,#1544,.F.);
#2014=ORIENTED_EDGE('',*,*,#1536,.F.);
#2015=ORIENTED_EDGE('',*,*,#1540,.F.);
#2016=ORIENTED_EDGE('',*,*,#1543,.F.);
#2017=ORIENTED_EDGE('',*,*,#1576,.F.);
#2018=ORIENTED_EDGE('',*,*,#1577,.F.);
#2019=ORIENTED_EDGE('',*,*,#1578,.F.);
#2020=ORIENTED_EDGE('',*,*,#1579,.F.);
#2021=ORIENTED_EDGE('',*,*,#1580,.F.);
#2022=ORIENTED_EDGE('',*,*,#1581,.F.);
#2023=ORIENTED_EDGE('',*,*,#1582,.F.);
#2024=ORIENTED_EDGE('',*,*,#1583,.F.);
#2025=ORIENTED_EDGE('',*,*,#1580,.T.);
#2026=ORIENTED_EDGE('',*,*,#1584,.F.);
#2027=ORIENTED_EDGE('',*,*,#1585,.F.);
#2028=ORIENTED_EDGE('',*,*,#1586,.T.);
#2029=ORIENTED_EDGE('',*,*,#1583,.T.);
#2030=ORIENTED_EDGE('',*,*,#1587,.F.);
#2031=ORIENTED_EDGE('',*,*,#1588,.F.);
#2032=ORIENTED_EDGE('',*,*,#1584,.T.);
#2033=ORIENTED_EDGE('',*,*,#1576,.T.);
#2034=ORIENTED_EDGE('',*,*,#1589,.F.);
#2035=ORIENTED_EDGE('',*,*,#1590,.F.);
#2036=ORIENTED_EDGE('',*,*,#1591,.T.);
#2037=ORIENTED_EDGE('',*,*,#1579,.T.);
#2038=ORIENTED_EDGE('',*,*,#1592,.F.);
#2039=ORIENTED_EDGE('',*,*,#1593,.F.);
#2040=ORIENTED_EDGE('',*,*,#1589,.T.);
#2041=ORIENTED_EDGE('',*,*,#1581,.T.);
#2042=ORIENTED_EDGE('',*,*,#1586,.F.);
#2043=ORIENTED_EDGE('',*,*,#1594,.F.);
#2044=ORIENTED_EDGE('',*,*,#1595,.T.);
#2045=ORIENTED_EDGE('',*,*,#1582,.T.);
#2046=ORIENTED_EDGE('',*,*,#1595,.F.);
#2047=ORIENTED_EDGE('',*,*,#1596,.F.);
#2048=ORIENTED_EDGE('',*,*,#1587,.T.);
#2049=ORIENTED_EDGE('',*,*,#1577,.T.);
#2050=ORIENTED_EDGE('',*,*,#1591,.F.);
#2051=ORIENTED_EDGE('',*,*,#1597,.F.);
#2052=ORIENTED_EDGE('',*,*,#1598,.T.);
#2053=ORIENTED_EDGE('',*,*,#1578,.T.);
#2054=ORIENTED_EDGE('',*,*,#1598,.F.);
#2055=ORIENTED_EDGE('',*,*,#1599,.F.);
#2056=ORIENTED_EDGE('',*,*,#1592,.T.);
#2057=ORIENTED_EDGE('',*,*,#1571,.F.);
#2058=ORIENTED_EDGE('',*,*,#1600,.T.);
#2059=ORIENTED_EDGE('',*,*,#1601,.F.);
#2060=ORIENTED_EDGE('',*,*,#1602,.F.);
#2061=ORIENTED_EDGE('',*,*,#1572,.F.);
#2062=ORIENTED_EDGE('',*,*,#1602,.T.);
#2063=ORIENTED_EDGE('',*,*,#1603,.F.);
#2064=ORIENTED_EDGE('',*,*,#1604,.F.);
#2065=ORIENTED_EDGE('',*,*,#1573,.F.);
#2066=ORIENTED_EDGE('',*,*,#1604,.T.);
#2067=ORIENTED_EDGE('',*,*,#1605,.F.);
#2068=ORIENTED_EDGE('',*,*,#1606,.F.);
#2069=ORIENTED_EDGE('',*,*,#1574,.F.);
#2070=ORIENTED_EDGE('',*,*,#1606,.T.);
#2071=ORIENTED_EDGE('',*,*,#1607,.F.);
#2072=ORIENTED_EDGE('',*,*,#1600,.F.);
#2073=ORIENTED_EDGE('',*,*,#1607,.T.);
#2074=ORIENTED_EDGE('',*,*,#1605,.T.);
#2075=ORIENTED_EDGE('',*,*,#1603,.T.);
#2076=ORIENTED_EDGE('',*,*,#1601,.T.);
#2077=ORIENTED_EDGE('',*,*,#1567,.F.);
#2078=ORIENTED_EDGE('',*,*,#1608,.T.);
#2079=ORIENTED_EDGE('',*,*,#1609,.T.);
#2080=ORIENTED_EDGE('',*,*,#1610,.F.);
#2081=ORIENTED_EDGE('',*,*,#1570,.F.);
#2082=ORIENTED_EDGE('',*,*,#1611,.T.);
#2083=ORIENTED_EDGE('',*,*,#1612,.T.);
#2084=ORIENTED_EDGE('',*,*,#1608,.F.);
#2085=ORIENTED_EDGE('',*,*,#1569,.F.);
#2086=ORIENTED_EDGE('',*,*,#1613,.T.);
#2087=ORIENTED_EDGE('',*,*,#1614,.T.);
#2088=ORIENTED_EDGE('',*,*,#1611,.F.);
#2089=ORIENTED_EDGE('',*,*,#1568,.F.);
#2090=ORIENTED_EDGE('',*,*,#1610,.T.);
#2091=ORIENTED_EDGE('',*,*,#1615,.T.);
#2092=ORIENTED_EDGE('',*,*,#1613,.F.);
#2093=ORIENTED_EDGE('',*,*,#1615,.F.);
#2094=ORIENTED_EDGE('',*,*,#1609,.F.);
#2095=ORIENTED_EDGE('',*,*,#1612,.F.);
#2096=ORIENTED_EDGE('',*,*,#1614,.F.);
#2097=ORIENTED_EDGE('',*,*,#1566,.F.);
#2098=ORIENTED_EDGE('',*,*,#1616,.T.);
#2099=ORIENTED_EDGE('',*,*,#1617,.T.);
#2100=ORIENTED_EDGE('',*,*,#1616,.F.);
#2101=ORIENTED_EDGE('',*,*,#1617,.F.);
#2102=ORIENTED_EDGE('',*,*,#1618,.F.);
#2103=ORIENTED_EDGE('',*,*,#1565,.F.);
#2104=ORIENTED_EDGE('',*,*,#1619,.T.);
#2105=ORIENTED_EDGE('',*,*,#1620,.T.);
#2106=ORIENTED_EDGE('',*,*,#1619,.F.);
#2107=ORIENTED_EDGE('',*,*,#1620,.F.);
#2108=ORIENTED_EDGE('',*,*,#1621,.F.);
#2109=ORIENTED_EDGE('',*,*,#1622,.F.);
#2110=ORIENTED_EDGE('',*,*,#1623,.T.);
#2111=ORIENTED_EDGE('',*,*,#1618,.T.);
#2112=ORIENTED_EDGE('',*,*,#1623,.F.);
#2113=ORIENTED_EDGE('',*,*,#1624,.F.);
#2114=ORIENTED_EDGE('',*,*,#1625,.T.);
#2115=ORIENTED_EDGE('',*,*,#1621,.T.);
#2116=ORIENTED_EDGE('',*,*,#1625,.F.);
#2117=ORIENTED_EDGE('',*,*,#1564,.F.);
#2118=ORIENTED_EDGE('',*,*,#1626,.T.);
#2119=ORIENTED_EDGE('',*,*,#1627,.F.);
#2120=ORIENTED_EDGE('',*,*,#1626,.F.);
#2121=ORIENTED_EDGE('',*,*,#1627,.T.);
#2122=ORIENTED_EDGE('',*,*,#1628,.F.);
#2123=ORIENTED_EDGE('',*,*,#1563,.F.);
#2124=ORIENTED_EDGE('',*,*,#1629,.T.);
#2125=ORIENTED_EDGE('',*,*,#1630,.F.);
#2126=ORIENTED_EDGE('',*,*,#1629,.F.);
#2127=ORIENTED_EDGE('',*,*,#1630,.T.);
#2128=ORIENTED_EDGE('',*,*,#1631,.F.);
#2129=ORIENTED_EDGE('',*,*,#1632,.F.);
#2130=ORIENTED_EDGE('',*,*,#1633,.T.);
#2131=ORIENTED_EDGE('',*,*,#1628,.T.);
#2132=ORIENTED_EDGE('',*,*,#1633,.F.);
#2133=ORIENTED_EDGE('',*,*,#1634,.F.);
#2134=ORIENTED_EDGE('',*,*,#1635,.T.);
#2135=ORIENTED_EDGE('',*,*,#1631,.T.);
#2136=ORIENTED_EDGE('',*,*,#1635,.F.);
#2137=ORIENTED_EDGE('',*,*,#1575,.F.);
#2138=ORIENTED_EDGE('',*,*,#1636,.T.);
#2139=ORIENTED_EDGE('',*,*,#1637,.F.);
#2140=ORIENTED_EDGE('',*,*,#1636,.F.);
#2141=ORIENTED_EDGE('',*,*,#1637,.T.);
#2142=ORIENTED_EDGE('',*,*,#1638,.F.);
#2143=ORIENTED_EDGE('',*,*,#1562,.F.);
#2144=ORIENTED_EDGE('',*,*,#1639,.T.);
#2145=ORIENTED_EDGE('',*,*,#1640,.F.);
#2146=ORIENTED_EDGE('',*,*,#1639,.F.);
#2147=ORIENTED_EDGE('',*,*,#1640,.T.);
#2148=ORIENTED_EDGE('',*,*,#1641,.F.);
#2149=ORIENTED_EDGE('',*,*,#1642,.F.);
#2150=ORIENTED_EDGE('',*,*,#1643,.T.);
#2151=ORIENTED_EDGE('',*,*,#1638,.T.);
#2152=ORIENTED_EDGE('',*,*,#1643,.F.);
#2153=ORIENTED_EDGE('',*,*,#1644,.F.);
#2154=ORIENTED_EDGE('',*,*,#1645,.T.);
#2155=ORIENTED_EDGE('',*,*,#1641,.T.);
#2156=ORIENTED_EDGE('',*,*,#1645,.F.);
#2157=ORIENTED_EDGE('',*,*,#1561,.F.);
#2158=ORIENTED_EDGE('',*,*,#1646,.T.);
#2159=ORIENTED_EDGE('',*,*,#1647,.T.);
#2160=ORIENTED_EDGE('',*,*,#1646,.F.);
#2161=ORIENTED_EDGE('',*,*,#1647,.F.);
#2162=ORIENTED_EDGE('',*,*,#1648,.F.);
#2163=ORIENTED_EDGE('',*,*,#1560,.F.);
#2164=ORIENTED_EDGE('',*,*,#1649,.T.);
#2165=ORIENTED_EDGE('',*,*,#1650,.T.);
#2166=ORIENTED_EDGE('',*,*,#1649,.F.);
#2167=ORIENTED_EDGE('',*,*,#1650,.F.);
#2168=ORIENTED_EDGE('',*,*,#1651,.F.);
#2169=ORIENTED_EDGE('',*,*,#1652,.F.);
#2170=ORIENTED_EDGE('',*,*,#1653,.T.);
#2171=ORIENTED_EDGE('',*,*,#1648,.T.);
#2172=ORIENTED_EDGE('',*,*,#1653,.F.);
#2173=ORIENTED_EDGE('',*,*,#1654,.F.);
#2174=ORIENTED_EDGE('',*,*,#1655,.T.);
#2175=ORIENTED_EDGE('',*,*,#1651,.T.);
#2176=ORIENTED_EDGE('',*,*,#1655,.F.);
#2177=ORIENTED_EDGE('',*,*,#1656,.F.);
#2178=ORIENTED_EDGE('',*,*,#1657,.T.);
#2179=ORIENTED_EDGE('',*,*,#1658,.T.);
#2180=ORIENTED_EDGE('',*,*,#1659,.F.);
#2181=ORIENTED_EDGE('',*,*,#1660,.F.);
#2182=ORIENTED_EDGE('',*,*,#1661,.T.);
#2183=ORIENTED_EDGE('',*,*,#1662,.T.);
#2184=ORIENTED_EDGE('',*,*,#1657,.F.);
#2185=ORIENTED_EDGE('',*,*,#1663,.F.);
#2186=ORIENTED_EDGE('',*,*,#1664,.T.);
#2187=ORIENTED_EDGE('',*,*,#1665,.T.);
#2188=ORIENTED_EDGE('',*,*,#1661,.F.);
#2189=ORIENTED_EDGE('',*,*,#1666,.F.);
#2190=ORIENTED_EDGE('',*,*,#1667,.T.);
#2191=ORIENTED_EDGE('',*,*,#1668,.T.);
#2192=ORIENTED_EDGE('',*,*,#1664,.F.);
#2193=ORIENTED_EDGE('',*,*,#1669,.F.);
#2194=ORIENTED_EDGE('',*,*,#1670,.T.);
#2195=ORIENTED_EDGE('',*,*,#1671,.T.);
#2196=ORIENTED_EDGE('',*,*,#1667,.F.);
#2197=ORIENTED_EDGE('',*,*,#1672,.F.);
#2198=ORIENTED_EDGE('',*,*,#1673,.T.);
#2199=ORIENTED_EDGE('',*,*,#1674,.T.);
#2200=ORIENTED_EDGE('',*,*,#1670,.F.);
#2201=ORIENTED_EDGE('',*,*,#1675,.F.);
#2202=ORIENTED_EDGE('',*,*,#1676,.T.);
#2203=ORIENTED_EDGE('',*,*,#1677,.T.);
#2204=ORIENTED_EDGE('',*,*,#1673,.F.);
#2205=ORIENTED_EDGE('',*,*,#1678,.F.);
#2206=ORIENTED_EDGE('',*,*,#1659,.T.);
#2207=ORIENTED_EDGE('',*,*,#1679,.T.);
#2208=ORIENTED_EDGE('',*,*,#1676,.F.);
#2209=ORIENTED_EDGE('',*,*,#1680,.F.);
#2210=ORIENTED_EDGE('',*,*,#1681,.T.);
#2211=ORIENTED_EDGE('',*,*,#1682,.T.);
#2212=ORIENTED_EDGE('',*,*,#1683,.F.);
#2213=ORIENTED_EDGE('',*,*,#1684,.F.);
#2214=ORIENTED_EDGE('',*,*,#1685,.T.);
#2215=ORIENTED_EDGE('',*,*,#1686,.T.);
#2216=ORIENTED_EDGE('',*,*,#1681,.F.);
#2217=ORIENTED_EDGE('',*,*,#1687,.F.);
#2218=ORIENTED_EDGE('',*,*,#1688,.T.);
#2219=ORIENTED_EDGE('',*,*,#1689,.T.);
#2220=ORIENTED_EDGE('',*,*,#1685,.F.);
#2221=ORIENTED_EDGE('',*,*,#1690,.F.);
#2222=ORIENTED_EDGE('',*,*,#1691,.T.);
#2223=ORIENTED_EDGE('',*,*,#1692,.T.);
#2224=ORIENTED_EDGE('',*,*,#1688,.F.);
#2225=ORIENTED_EDGE('',*,*,#1693,.F.);
#2226=ORIENTED_EDGE('',*,*,#1694,.T.);
#2227=ORIENTED_EDGE('',*,*,#1695,.T.);
#2228=ORIENTED_EDGE('',*,*,#1691,.F.);
#2229=ORIENTED_EDGE('',*,*,#1696,.F.);
#2230=ORIENTED_EDGE('',*,*,#1697,.T.);
#2231=ORIENTED_EDGE('',*,*,#1698,.T.);
#2232=ORIENTED_EDGE('',*,*,#1694,.F.);
#2233=ORIENTED_EDGE('',*,*,#1699,.F.);
#2234=ORIENTED_EDGE('',*,*,#1700,.T.);
#2235=ORIENTED_EDGE('',*,*,#1701,.T.);
#2236=ORIENTED_EDGE('',*,*,#1697,.F.);
#2237=ORIENTED_EDGE('',*,*,#1702,.F.);
#2238=ORIENTED_EDGE('',*,*,#1703,.T.);
#2239=ORIENTED_EDGE('',*,*,#1704,.T.);
#2240=ORIENTED_EDGE('',*,*,#1700,.F.);
#2241=ORIENTED_EDGE('',*,*,#1705,.F.);
#2242=ORIENTED_EDGE('',*,*,#1706,.T.);
#2243=ORIENTED_EDGE('',*,*,#1707,.T.);
#2244=ORIENTED_EDGE('',*,*,#1703,.F.);
#2245=ORIENTED_EDGE('',*,*,#1708,.F.);
#2246=ORIENTED_EDGE('',*,*,#1683,.T.);
#2247=ORIENTED_EDGE('',*,*,#1709,.T.);
#2248=ORIENTED_EDGE('',*,*,#1706,.F.);
#2249=ORIENTED_EDGE('',*,*,#1709,.F.);
#2250=ORIENTED_EDGE('',*,*,#1682,.F.);
#2251=ORIENTED_EDGE('',*,*,#1686,.F.);
#2252=ORIENTED_EDGE('',*,*,#1689,.F.);
#2253=ORIENTED_EDGE('',*,*,#1692,.F.);
#2254=ORIENTED_EDGE('',*,*,#1695,.F.);
#2255=ORIENTED_EDGE('',*,*,#1698,.F.);
#2256=ORIENTED_EDGE('',*,*,#1701,.F.);
#2257=ORIENTED_EDGE('',*,*,#1704,.F.);
#2258=ORIENTED_EDGE('',*,*,#1707,.F.);
#2259=ORIENTED_EDGE('',*,*,#1679,.F.);
#2260=ORIENTED_EDGE('',*,*,#1658,.F.);
#2261=ORIENTED_EDGE('',*,*,#1662,.F.);
#2262=ORIENTED_EDGE('',*,*,#1665,.F.);
#2263=ORIENTED_EDGE('',*,*,#1668,.F.);
#2264=ORIENTED_EDGE('',*,*,#1671,.F.);
#2265=ORIENTED_EDGE('',*,*,#1674,.F.);
#2266=ORIENTED_EDGE('',*,*,#1677,.F.);
#2267=ORIENTED_EDGE('',*,*,#1710,.F.);
#2268=ORIENTED_EDGE('',*,*,#1711,.T.);
#2269=ORIENTED_EDGE('',*,*,#1712,.T.);
#2270=ORIENTED_EDGE('',*,*,#1713,.F.);
#2271=ORIENTED_EDGE('',*,*,#1714,.F.);
#2272=ORIENTED_EDGE('',*,*,#1715,.T.);
#2273=ORIENTED_EDGE('',*,*,#1716,.T.);
#2274=ORIENTED_EDGE('',*,*,#1711,.F.);
#2275=ORIENTED_EDGE('',*,*,#1717,.F.);
#2276=ORIENTED_EDGE('',*,*,#1718,.T.);
#2277=ORIENTED_EDGE('',*,*,#1719,.T.);
#2278=ORIENTED_EDGE('',*,*,#1715,.F.);
#2279=ORIENTED_EDGE('',*,*,#1720,.F.);
#2280=ORIENTED_EDGE('',*,*,#1721,.T.);
#2281=ORIENTED_EDGE('',*,*,#1722,.T.);
#2282=ORIENTED_EDGE('',*,*,#1718,.F.);
#2283=ORIENTED_EDGE('',*,*,#1723,.F.);
#2284=ORIENTED_EDGE('',*,*,#1724,.T.);
#2285=ORIENTED_EDGE('',*,*,#1725,.T.);
#2286=ORIENTED_EDGE('',*,*,#1721,.F.);
#2287=ORIENTED_EDGE('',*,*,#1726,.F.);
#2288=ORIENTED_EDGE('',*,*,#1727,.T.);
#2289=ORIENTED_EDGE('',*,*,#1728,.T.);
#2290=ORIENTED_EDGE('',*,*,#1724,.F.);
#2291=ORIENTED_EDGE('',*,*,#1729,.F.);
#2292=ORIENTED_EDGE('',*,*,#1730,.T.);
#2293=ORIENTED_EDGE('',*,*,#1731,.T.);
#2294=ORIENTED_EDGE('',*,*,#1727,.F.);
#2295=ORIENTED_EDGE('',*,*,#1732,.F.);
#2296=ORIENTED_EDGE('',*,*,#1733,.T.);
#2297=ORIENTED_EDGE('',*,*,#1734,.T.);
#2298=ORIENTED_EDGE('',*,*,#1730,.F.);
#2299=ORIENTED_EDGE('',*,*,#1735,.F.);
#2300=ORIENTED_EDGE('',*,*,#1736,.T.);
#2301=ORIENTED_EDGE('',*,*,#1737,.T.);
#2302=ORIENTED_EDGE('',*,*,#1733,.F.);
#2303=ORIENTED_EDGE('',*,*,#1738,.F.);
#2304=ORIENTED_EDGE('',*,*,#1739,.T.);
#2305=ORIENTED_EDGE('',*,*,#1740,.T.);
#2306=ORIENTED_EDGE('',*,*,#1736,.F.);
#2307=ORIENTED_EDGE('',*,*,#1741,.F.);
#2308=ORIENTED_EDGE('',*,*,#1742,.T.);
#2309=ORIENTED_EDGE('',*,*,#1743,.T.);
#2310=ORIENTED_EDGE('',*,*,#1739,.F.);
#2311=ORIENTED_EDGE('',*,*,#1744,.F.);
#2312=ORIENTED_EDGE('',*,*,#1745,.T.);
#2313=ORIENTED_EDGE('',*,*,#1746,.T.);
#2314=ORIENTED_EDGE('',*,*,#1742,.F.);
#2315=ORIENTED_EDGE('',*,*,#1747,.F.);
#2316=ORIENTED_EDGE('',*,*,#1713,.T.);
#2317=ORIENTED_EDGE('',*,*,#1748,.T.);
#2318=ORIENTED_EDGE('',*,*,#1745,.F.);
#2319=ORIENTED_EDGE('',*,*,#1748,.F.);
#2320=ORIENTED_EDGE('',*,*,#1712,.F.);
#2321=ORIENTED_EDGE('',*,*,#1716,.F.);
#2322=ORIENTED_EDGE('',*,*,#1719,.F.);
#2323=ORIENTED_EDGE('',*,*,#1722,.F.);
#2324=ORIENTED_EDGE('',*,*,#1725,.F.);
#2325=ORIENTED_EDGE('',*,*,#1728,.F.);
#2326=ORIENTED_EDGE('',*,*,#1731,.F.);
#2327=ORIENTED_EDGE('',*,*,#1734,.F.);
#2328=ORIENTED_EDGE('',*,*,#1737,.F.);
#2329=ORIENTED_EDGE('',*,*,#1740,.F.);
#2330=ORIENTED_EDGE('',*,*,#1743,.F.);
#2331=ORIENTED_EDGE('',*,*,#1746,.F.);
#2332=ORIENTED_EDGE('',*,*,#1749,.F.);
#2333=ORIENTED_EDGE('',*,*,#1750,.T.);
#2334=ORIENTED_EDGE('',*,*,#1751,.T.);
#2335=ORIENTED_EDGE('',*,*,#1752,.F.);
#2336=ORIENTED_EDGE('',*,*,#1753,.F.);
#2337=ORIENTED_EDGE('',*,*,#1754,.T.);
#2338=ORIENTED_EDGE('',*,*,#1755,.T.);
#2339=ORIENTED_EDGE('',*,*,#1750,.F.);
#2340=ORIENTED_EDGE('',*,*,#1756,.F.);
#2341=ORIENTED_EDGE('',*,*,#1757,.T.);
#2342=ORIENTED_EDGE('',*,*,#1758,.T.);
#2343=ORIENTED_EDGE('',*,*,#1754,.F.);
#2344=ORIENTED_EDGE('',*,*,#1759,.F.);
#2345=ORIENTED_EDGE('',*,*,#1752,.T.);
#2346=ORIENTED_EDGE('',*,*,#1760,.T.);
#2347=ORIENTED_EDGE('',*,*,#1757,.F.);
#2348=ORIENTED_EDGE('',*,*,#1760,.F.);
#2349=ORIENTED_EDGE('',*,*,#1751,.F.);
#2350=ORIENTED_EDGE('',*,*,#1755,.F.);
#2351=ORIENTED_EDGE('',*,*,#1758,.F.);
#2352=ORIENTED_EDGE('',*,*,#1761,.F.);
#2353=ORIENTED_EDGE('',*,*,#1762,.T.);
#2354=ORIENTED_EDGE('',*,*,#1763,.T.);
#2355=ORIENTED_EDGE('',*,*,#1764,.F.);
#2356=ORIENTED_EDGE('',*,*,#1765,.F.);
#2357=ORIENTED_EDGE('',*,*,#1766,.T.);
#2358=ORIENTED_EDGE('',*,*,#1767,.T.);
#2359=ORIENTED_EDGE('',*,*,#1762,.F.);
#2360=ORIENTED_EDGE('',*,*,#1768,.F.);
#2361=ORIENTED_EDGE('',*,*,#1769,.T.);
#2362=ORIENTED_EDGE('',*,*,#1770,.T.);
#2363=ORIENTED_EDGE('',*,*,#1766,.F.);
#2364=ORIENTED_EDGE('',*,*,#1771,.F.);
#2365=ORIENTED_EDGE('',*,*,#1764,.T.);
#2366=ORIENTED_EDGE('',*,*,#1772,.T.);
#2367=ORIENTED_EDGE('',*,*,#1769,.F.);
#2368=ORIENTED_EDGE('',*,*,#1772,.F.);
#2369=ORIENTED_EDGE('',*,*,#1763,.F.);
#2370=ORIENTED_EDGE('',*,*,#1767,.F.);
#2371=ORIENTED_EDGE('',*,*,#1770,.F.);
#2372=ORIENTED_EDGE('',*,*,#1773,.F.);
#2373=ORIENTED_EDGE('',*,*,#1774,.T.);
#2374=ORIENTED_EDGE('',*,*,#1775,.T.);
#2375=ORIENTED_EDGE('',*,*,#1776,.F.);
#2376=ORIENTED_EDGE('',*,*,#1777,.F.);
#2377=ORIENTED_EDGE('',*,*,#1778,.T.);
#2378=ORIENTED_EDGE('',*,*,#1779,.T.);
#2379=ORIENTED_EDGE('',*,*,#1774,.F.);
#2380=ORIENTED_EDGE('',*,*,#1780,.F.);
#2381=ORIENTED_EDGE('',*,*,#1781,.T.);
#2382=ORIENTED_EDGE('',*,*,#1782,.T.);
#2383=ORIENTED_EDGE('',*,*,#1778,.F.);
#2384=ORIENTED_EDGE('',*,*,#1783,.F.);
#2385=ORIENTED_EDGE('',*,*,#1776,.T.);
#2386=ORIENTED_EDGE('',*,*,#1784,.T.);
#2387=ORIENTED_EDGE('',*,*,#1781,.F.);
#2388=ORIENTED_EDGE('',*,*,#1784,.F.);
#2389=ORIENTED_EDGE('',*,*,#1775,.F.);
#2390=ORIENTED_EDGE('',*,*,#1779,.F.);
#2391=ORIENTED_EDGE('',*,*,#1782,.F.);
#2392=ORIENTED_EDGE('',*,*,#1785,.F.);
#2393=ORIENTED_EDGE('',*,*,#1786,.T.);
#2394=ORIENTED_EDGE('',*,*,#1787,.T.);
#2395=ORIENTED_EDGE('',*,*,#1788,.F.);
#2396=ORIENTED_EDGE('',*,*,#1789,.F.);
#2397=ORIENTED_EDGE('',*,*,#1790,.T.);
#2398=ORIENTED_EDGE('',*,*,#1791,.T.);
#2399=ORIENTED_EDGE('',*,*,#1786,.F.);
#2400=ORIENTED_EDGE('',*,*,#1792,.F.);
#2401=ORIENTED_EDGE('',*,*,#1793,.T.);
#2402=ORIENTED_EDGE('',*,*,#1794,.T.);
#2403=ORIENTED_EDGE('',*,*,#1790,.F.);
#2404=ORIENTED_EDGE('',*,*,#1795,.F.);
#2405=ORIENTED_EDGE('',*,*,#1788,.T.);
#2406=ORIENTED_EDGE('',*,*,#1796,.T.);
#2407=ORIENTED_EDGE('',*,*,#1793,.F.);
#2408=ORIENTED_EDGE('',*,*,#1796,.F.);
#2409=ORIENTED_EDGE('',*,*,#1787,.F.);
#2410=ORIENTED_EDGE('',*,*,#1791,.F.);
#2411=ORIENTED_EDGE('',*,*,#1794,.F.);
#2412=ORIENTED_EDGE('',*,*,#1797,.F.);
#2413=ORIENTED_EDGE('',*,*,#1798,.T.);
#2414=ORIENTED_EDGE('',*,*,#1799,.T.);
#2415=ORIENTED_EDGE('',*,*,#1800,.F.);
#2416=ORIENTED_EDGE('',*,*,#1801,.F.);
#2417=ORIENTED_EDGE('',*,*,#1802,.T.);
#2418=ORIENTED_EDGE('',*,*,#1803,.T.);
#2419=ORIENTED_EDGE('',*,*,#1798,.F.);
#2420=ORIENTED_EDGE('',*,*,#1804,.F.);
#2421=ORIENTED_EDGE('',*,*,#1805,.T.);
#2422=ORIENTED_EDGE('',*,*,#1806,.T.);
#2423=ORIENTED_EDGE('',*,*,#1802,.F.);
#2424=ORIENTED_EDGE('',*,*,#1807,.F.);
#2425=ORIENTED_EDGE('',*,*,#1808,.T.);
#2426=ORIENTED_EDGE('',*,*,#1809,.T.);
#2427=ORIENTED_EDGE('',*,*,#1805,.F.);
#2428=ORIENTED_EDGE('',*,*,#1810,.F.);
#2429=ORIENTED_EDGE('',*,*,#1811,.T.);
#2430=ORIENTED_EDGE('',*,*,#1812,.T.);
#2431=ORIENTED_EDGE('',*,*,#1808,.F.);
#2432=ORIENTED_EDGE('',*,*,#1813,.F.);
#2433=ORIENTED_EDGE('',*,*,#1814,.T.);
#2434=ORIENTED_EDGE('',*,*,#1815,.T.);
#2435=ORIENTED_EDGE('',*,*,#1811,.F.);
#2436=ORIENTED_EDGE('',*,*,#1816,.F.);
#2437=ORIENTED_EDGE('',*,*,#1817,.T.);
#2438=ORIENTED_EDGE('',*,*,#1818,.T.);
#2439=ORIENTED_EDGE('',*,*,#1814,.F.);
#2440=ORIENTED_EDGE('',*,*,#1819,.F.);
#2441=ORIENTED_EDGE('',*,*,#1820,.T.);
#2442=ORIENTED_EDGE('',*,*,#1821,.T.);
#2443=ORIENTED_EDGE('',*,*,#1817,.F.);
#2444=ORIENTED_EDGE('',*,*,#1822,.F.);
#2445=ORIENTED_EDGE('',*,*,#1823,.T.);
#2446=ORIENTED_EDGE('',*,*,#1824,.T.);
#2447=ORIENTED_EDGE('',*,*,#1820,.F.);
#2448=ORIENTED_EDGE('',*,*,#1825,.F.);
#2449=ORIENTED_EDGE('',*,*,#1826,.T.);
#2450=ORIENTED_EDGE('',*,*,#1827,.T.);
#2451=ORIENTED_EDGE('',*,*,#1823,.F.);
#2452=ORIENTED_EDGE('',*,*,#1828,.F.);
#2453=ORIENTED_EDGE('',*,*,#1829,.T.);
#2454=ORIENTED_EDGE('',*,*,#1830,.T.);
#2455=ORIENTED_EDGE('',*,*,#1826,.F.);
#2456=ORIENTED_EDGE('',*,*,#1831,.F.);
#2457=ORIENTED_EDGE('',*,*,#1832,.T.);
#2458=ORIENTED_EDGE('',*,*,#1833,.T.);
#2459=ORIENTED_EDGE('',*,*,#1829,.F.);
#2460=ORIENTED_EDGE('',*,*,#1834,.F.);
#2461=ORIENTED_EDGE('',*,*,#1835,.T.);
#2462=ORIENTED_EDGE('',*,*,#1836,.T.);
#2463=ORIENTED_EDGE('',*,*,#1832,.F.);
#2464=ORIENTED_EDGE('',*,*,#1837,.F.);
#2465=ORIENTED_EDGE('',*,*,#1838,.T.);
#2466=ORIENTED_EDGE('',*,*,#1839,.T.);
#2467=ORIENTED_EDGE('',*,*,#1835,.F.);
#2468=ORIENTED_EDGE('',*,*,#1840,.F.);
#2469=ORIENTED_EDGE('',*,*,#1841,.T.);
#2470=ORIENTED_EDGE('',*,*,#1842,.T.);
#2471=ORIENTED_EDGE('',*,*,#1838,.F.);
#2472=ORIENTED_EDGE('',*,*,#1843,.F.);
#2473=ORIENTED_EDGE('',*,*,#1844,.T.);
#2474=ORIENTED_EDGE('',*,*,#1845,.T.);
#2475=ORIENTED_EDGE('',*,*,#1841,.F.);
#2476=ORIENTED_EDGE('',*,*,#1846,.F.);
#2477=ORIENTED_EDGE('',*,*,#1847,.T.);
#2478=ORIENTED_EDGE('',*,*,#1848,.T.);
#2479=ORIENTED_EDGE('',*,*,#1844,.F.);
#2480=ORIENTED_EDGE('',*,*,#1849,.F.);
#2481=ORIENTED_EDGE('',*,*,#1850,.T.);
#2482=ORIENTED_EDGE('',*,*,#1851,.T.);
#2483=ORIENTED_EDGE('',*,*,#1847,.F.);
#2484=ORIENTED_EDGE('',*,*,#1852,.F.);
#2485=ORIENTED_EDGE('',*,*,#1853,.T.);
#2486=ORIENTED_EDGE('',*,*,#1854,.T.);
#2487=ORIENTED_EDGE('',*,*,#1850,.F.);
#2488=ORIENTED_EDGE('',*,*,#1855,.F.);
#2489=ORIENTED_EDGE('',*,*,#1856,.T.);
#2490=ORIENTED_EDGE('',*,*,#1857,.T.);
#2491=ORIENTED_EDGE('',*,*,#1853,.F.);
#2492=ORIENTED_EDGE('',*,*,#1858,.F.);
#2493=ORIENTED_EDGE('',*,*,#1859,.T.);
#2494=ORIENTED_EDGE('',*,*,#1860,.T.);
#2495=ORIENTED_EDGE('',*,*,#1856,.F.);
#2496=ORIENTED_EDGE('',*,*,#1861,.F.);
#2497=ORIENTED_EDGE('',*,*,#1862,.T.);
#2498=ORIENTED_EDGE('',*,*,#1863,.T.);
#2499=ORIENTED_EDGE('',*,*,#1859,.F.);
#2500=ORIENTED_EDGE('',*,*,#1864,.F.);
#2501=ORIENTED_EDGE('',*,*,#1865,.T.);
#2502=ORIENTED_EDGE('',*,*,#1866,.T.);
#2503=ORIENTED_EDGE('',*,*,#1862,.F.);
#2504=ORIENTED_EDGE('',*,*,#1867,.F.);
#2505=ORIENTED_EDGE('',*,*,#1868,.T.);
#2506=ORIENTED_EDGE('',*,*,#1869,.T.);
#2507=ORIENTED_EDGE('',*,*,#1865,.F.);
#2508=ORIENTED_EDGE('',*,*,#1870,.F.);
#2509=ORIENTED_EDGE('',*,*,#1871,.T.);
#2510=ORIENTED_EDGE('',*,*,#1872,.T.);
#2511=ORIENTED_EDGE('',*,*,#1868,.F.);
#2512=ORIENTED_EDGE('',*,*,#1873,.F.);
#2513=ORIENTED_EDGE('',*,*,#1874,.T.);
#2514=ORIENTED_EDGE('',*,*,#1875,.T.);
#2515=ORIENTED_EDGE('',*,*,#1871,.F.);
#2516=ORIENTED_EDGE('',*,*,#1876,.F.);
#2517=ORIENTED_EDGE('',*,*,#1877,.T.);
#2518=ORIENTED_EDGE('',*,*,#1878,.T.);
#2519=ORIENTED_EDGE('',*,*,#1874,.F.);
#2520=ORIENTED_EDGE('',*,*,#1879,.F.);
#2521=ORIENTED_EDGE('',*,*,#1880,.T.);
#2522=ORIENTED_EDGE('',*,*,#1881,.T.);
#2523=ORIENTED_EDGE('',*,*,#1877,.F.);
#2524=ORIENTED_EDGE('',*,*,#1882,.F.);
#2525=ORIENTED_EDGE('',*,*,#1883,.T.);
#2526=ORIENTED_EDGE('',*,*,#1884,.T.);
#2527=ORIENTED_EDGE('',*,*,#1880,.F.);
#2528=ORIENTED_EDGE('',*,*,#1885,.F.);
#2529=ORIENTED_EDGE('',*,*,#1800,.T.);
#2530=ORIENTED_EDGE('',*,*,#1886,.T.);
#2531=ORIENTED_EDGE('',*,*,#1883,.F.);
#2532=ORIENTED_EDGE('',*,*,#1886,.F.);
#2533=ORIENTED_EDGE('',*,*,#1799,.F.);
#2534=ORIENTED_EDGE('',*,*,#1803,.F.);
#2535=ORIENTED_EDGE('',*,*,#1806,.F.);
#2536=ORIENTED_EDGE('',*,*,#1809,.F.);
#2537=ORIENTED_EDGE('',*,*,#1812,.F.);
#2538=ORIENTED_EDGE('',*,*,#1815,.F.);
#2539=ORIENTED_EDGE('',*,*,#1818,.F.);
#2540=ORIENTED_EDGE('',*,*,#1821,.F.);
#2541=ORIENTED_EDGE('',*,*,#1824,.F.);
#2542=ORIENTED_EDGE('',*,*,#1827,.F.);
#2543=ORIENTED_EDGE('',*,*,#1830,.F.);
#2544=ORIENTED_EDGE('',*,*,#1833,.F.);
#2545=ORIENTED_EDGE('',*,*,#1836,.F.);
#2546=ORIENTED_EDGE('',*,*,#1839,.F.);
#2547=ORIENTED_EDGE('',*,*,#1842,.F.);
#2548=ORIENTED_EDGE('',*,*,#1845,.F.);
#2549=ORIENTED_EDGE('',*,*,#1848,.F.);
#2550=ORIENTED_EDGE('',*,*,#1851,.F.);
#2551=ORIENTED_EDGE('',*,*,#1854,.F.);
#2552=ORIENTED_EDGE('',*,*,#1857,.F.);
#2553=ORIENTED_EDGE('',*,*,#1860,.F.);
#2554=ORIENTED_EDGE('',*,*,#1863,.F.);
#2555=ORIENTED_EDGE('',*,*,#1866,.F.);
#2556=ORIENTED_EDGE('',*,*,#1869,.F.);
#2557=ORIENTED_EDGE('',*,*,#1872,.F.);
#2558=ORIENTED_EDGE('',*,*,#1875,.F.);
#2559=ORIENTED_EDGE('',*,*,#1878,.F.);
#2560=ORIENTED_EDGE('',*,*,#1881,.F.);
#2561=ORIENTED_EDGE('',*,*,#1884,.F.);
#2562=ORIENTED_EDGE('',*,*,#1887,.F.);
#2563=ORIENTED_EDGE('',*,*,#1888,.T.);
#2564=ORIENTED_EDGE('',*,*,#1889,.T.);
#2565=ORIENTED_EDGE('',*,*,#1890,.F.);
#2566=ORIENTED_EDGE('',*,*,#1891,.F.);
#2567=ORIENTED_EDGE('',*,*,#1892,.T.);
#2568=ORIENTED_EDGE('',*,*,#1893,.T.);
#2569=ORIENTED_EDGE('',*,*,#1888,.F.);
#2570=ORIENTED_EDGE('',*,*,#1894,.F.);
#2571=ORIENTED_EDGE('',*,*,#1895,.T.);
#2572=ORIENTED_EDGE('',*,*,#1896,.T.);
#2573=ORIENTED_EDGE('',*,*,#1892,.F.);
#2574=ORIENTED_EDGE('',*,*,#1897,.F.);
#2575=ORIENTED_EDGE('',*,*,#1898,.T.);
#2576=ORIENTED_EDGE('',*,*,#1899,.T.);
#2577=ORIENTED_EDGE('',*,*,#1895,.F.);
#2578=ORIENTED_EDGE('',*,*,#1900,.F.);
#2579=ORIENTED_EDGE('',*,*,#1901,.T.);
#2580=ORIENTED_EDGE('',*,*,#1902,.T.);
#2581=ORIENTED_EDGE('',*,*,#1898,.F.);
#2582=ORIENTED_EDGE('',*,*,#1903,.F.);
#2583=ORIENTED_EDGE('',*,*,#1904,.T.);
#2584=ORIENTED_EDGE('',*,*,#1905,.T.);
#2585=ORIENTED_EDGE('',*,*,#1901,.F.);
#2586=ORIENTED_EDGE('',*,*,#1906,.F.);
#2587=ORIENTED_EDGE('',*,*,#1907,.T.);
#2588=ORIENTED_EDGE('',*,*,#1908,.T.);
#2589=ORIENTED_EDGE('',*,*,#1904,.F.);
#2590=ORIENTED_EDGE('',*,*,#1909,.F.);
#2591=ORIENTED_EDGE('',*,*,#1910,.T.);
#2592=ORIENTED_EDGE('',*,*,#1911,.T.);
#2593=ORIENTED_EDGE('',*,*,#1907,.F.);
#2594=ORIENTED_EDGE('',*,*,#1912,.F.);
#2595=ORIENTED_EDGE('',*,*,#1913,.T.);
#2596=ORIENTED_EDGE('',*,*,#1914,.T.);
#2597=ORIENTED_EDGE('',*,*,#1910,.F.);
#2598=ORIENTED_EDGE('',*,*,#1915,.F.);
#2599=ORIENTED_EDGE('',*,*,#1890,.T.);
#2600=ORIENTED_EDGE('',*,*,#1916,.T.);
#2601=ORIENTED_EDGE('',*,*,#1913,.F.);
#2602=ORIENTED_EDGE('',*,*,#1916,.F.);
#2603=ORIENTED_EDGE('',*,*,#1889,.F.);
#2604=ORIENTED_EDGE('',*,*,#1893,.F.);
#2605=ORIENTED_EDGE('',*,*,#1896,.F.);
#2606=ORIENTED_EDGE('',*,*,#1899,.F.);
#2607=ORIENTED_EDGE('',*,*,#1902,.F.);
#2608=ORIENTED_EDGE('',*,*,#1905,.F.);
#2609=ORIENTED_EDGE('',*,*,#1908,.F.);
#2610=ORIENTED_EDGE('',*,*,#1911,.F.);
#2611=ORIENTED_EDGE('',*,*,#1914,.F.);
#2612=ORIENTED_EDGE('',*,*,#1917,.T.);
#2613=ORIENTED_EDGE('',*,*,#1918,.T.);
#2614=ORIENTED_EDGE('',*,*,#1919,.T.);
#2615=ORIENTED_EDGE('',*,*,#1920,.T.);
#2616=ORIENTED_EDGE('',*,*,#1921,.T.);
#2617=ORIENTED_EDGE('',*,*,#1922,.T.);
#2618=ORIENTED_EDGE('',*,*,#1594,.T.);
#2619=ORIENTED_EDGE('',*,*,#1585,.T.);
#2620=ORIENTED_EDGE('',*,*,#1588,.T.);
#2621=ORIENTED_EDGE('',*,*,#1596,.T.);
#2622=ORIENTED_EDGE('',*,*,#1593,.T.);
#2623=ORIENTED_EDGE('',*,*,#1599,.T.);
#2624=ORIENTED_EDGE('',*,*,#1597,.T.);
#2625=ORIENTED_EDGE('',*,*,#1590,.T.);
#2626=ORIENTED_EDGE('',*,*,#1622,.T.);
#2627=ORIENTED_EDGE('',*,*,#1624,.T.);
#2628=ORIENTED_EDGE('',*,*,#1632,.T.);
#2629=ORIENTED_EDGE('',*,*,#1634,.T.);
#2630=ORIENTED_EDGE('',*,*,#1642,.T.);
#2631=ORIENTED_EDGE('',*,*,#1644,.T.);
#2632=ORIENTED_EDGE('',*,*,#1652,.T.);
#2633=ORIENTED_EDGE('',*,*,#1654,.T.);
#2634=ORIENTED_EDGE('',*,*,#1923,.T.);
#2635=ORIENTED_EDGE('',*,*,#1924,.T.);
#2636=ORIENTED_EDGE('',*,*,#1925,.T.);
#2637=ORIENTED_EDGE('',*,*,#1926,.T.);
#2638=ORIENTED_EDGE('',*,*,#1927,.T.);
#2639=ORIENTED_EDGE('',*,*,#1928,.T.);
#2640=ORIENTED_EDGE('',*,*,#1887,.T.);
#2641=ORIENTED_EDGE('',*,*,#1915,.T.);
#2642=ORIENTED_EDGE('',*,*,#1912,.T.);
#2643=ORIENTED_EDGE('',*,*,#1909,.T.);
#2644=ORIENTED_EDGE('',*,*,#1906,.T.);
#2645=ORIENTED_EDGE('',*,*,#1903,.T.);
#2646=ORIENTED_EDGE('',*,*,#1900,.T.);
#2647=ORIENTED_EDGE('',*,*,#1897,.T.);
#2648=ORIENTED_EDGE('',*,*,#1894,.T.);
#2649=ORIENTED_EDGE('',*,*,#1891,.T.);
#2650=ORIENTED_EDGE('',*,*,#1797,.T.);
#2651=ORIENTED_EDGE('',*,*,#1885,.T.);
#2652=ORIENTED_EDGE('',*,*,#1882,.T.);
#2653=ORIENTED_EDGE('',*,*,#1879,.T.);
#2654=ORIENTED_EDGE('',*,*,#1876,.T.);
#2655=ORIENTED_EDGE('',*,*,#1873,.T.);
#2656=ORIENTED_EDGE('',*,*,#1870,.T.);
#2657=ORIENTED_EDGE('',*,*,#1867,.T.);
#2658=ORIENTED_EDGE('',*,*,#1864,.T.);
#2659=ORIENTED_EDGE('',*,*,#1861,.T.);
#2660=ORIENTED_EDGE('',*,*,#1858,.T.);
#2661=ORIENTED_EDGE('',*,*,#1855,.T.);
#2662=ORIENTED_EDGE('',*,*,#1852,.T.);
#2663=ORIENTED_EDGE('',*,*,#1849,.T.);
#2664=ORIENTED_EDGE('',*,*,#1846,.T.);
#2665=ORIENTED_EDGE('',*,*,#1843,.T.);
#2666=ORIENTED_EDGE('',*,*,#1840,.T.);
#2667=ORIENTED_EDGE('',*,*,#1837,.T.);
#2668=ORIENTED_EDGE('',*,*,#1834,.T.);
#2669=ORIENTED_EDGE('',*,*,#1831,.T.);
#2670=ORIENTED_EDGE('',*,*,#1828,.T.);
#2671=ORIENTED_EDGE('',*,*,#1825,.T.);
#2672=ORIENTED_EDGE('',*,*,#1822,.T.);
#2673=ORIENTED_EDGE('',*,*,#1819,.T.);
#2674=ORIENTED_EDGE('',*,*,#1816,.T.);
#2675=ORIENTED_EDGE('',*,*,#1813,.T.);
#2676=ORIENTED_EDGE('',*,*,#1810,.T.);
#2677=ORIENTED_EDGE('',*,*,#1807,.T.);
#2678=ORIENTED_EDGE('',*,*,#1804,.T.);
#2679=ORIENTED_EDGE('',*,*,#1801,.T.);
#2680=ORIENTED_EDGE('',*,*,#1785,.T.);
#2681=ORIENTED_EDGE('',*,*,#1795,.T.);
#2682=ORIENTED_EDGE('',*,*,#1792,.T.);
#2683=ORIENTED_EDGE('',*,*,#1789,.T.);
#2684=ORIENTED_EDGE('',*,*,#1773,.T.);
#2685=ORIENTED_EDGE('',*,*,#1783,.T.);
#2686=ORIENTED_EDGE('',*,*,#1780,.T.);
#2687=ORIENTED_EDGE('',*,*,#1777,.T.);
#2688=ORIENTED_EDGE('',*,*,#1761,.T.);
#2689=ORIENTED_EDGE('',*,*,#1771,.T.);
#2690=ORIENTED_EDGE('',*,*,#1768,.T.);
#2691=ORIENTED_EDGE('',*,*,#1765,.T.);
#2692=ORIENTED_EDGE('',*,*,#1749,.T.);
#2693=ORIENTED_EDGE('',*,*,#1759,.T.);
#2694=ORIENTED_EDGE('',*,*,#1756,.T.);
#2695=ORIENTED_EDGE('',*,*,#1753,.T.);
#2696=ORIENTED_EDGE('',*,*,#1710,.T.);
#2697=ORIENTED_EDGE('',*,*,#1747,.T.);
#2698=ORIENTED_EDGE('',*,*,#1744,.T.);
#2699=ORIENTED_EDGE('',*,*,#1741,.T.);
#2700=ORIENTED_EDGE('',*,*,#1738,.T.);
#2701=ORIENTED_EDGE('',*,*,#1735,.T.);
#2702=ORIENTED_EDGE('',*,*,#1732,.T.);
#2703=ORIENTED_EDGE('',*,*,#1729,.T.);
#2704=ORIENTED_EDGE('',*,*,#1726,.T.);
#2705=ORIENTED_EDGE('',*,*,#1723,.T.);
#2706=ORIENTED_EDGE('',*,*,#1720,.T.);
#2707=ORIENTED_EDGE('',*,*,#1717,.T.);
#2708=ORIENTED_EDGE('',*,*,#1714,.T.);
#2709=ORIENTED_EDGE('',*,*,#1680,.T.);
#2710=ORIENTED_EDGE('',*,*,#1708,.T.);
#2711=ORIENTED_EDGE('',*,*,#1705,.T.);
#2712=ORIENTED_EDGE('',*,*,#1702,.T.);
#2713=ORIENTED_EDGE('',*,*,#1699,.T.);
#2714=ORIENTED_EDGE('',*,*,#1696,.T.);
#2715=ORIENTED_EDGE('',*,*,#1693,.T.);
#2716=ORIENTED_EDGE('',*,*,#1690,.T.);
#2717=ORIENTED_EDGE('',*,*,#1687,.T.);
#2718=ORIENTED_EDGE('',*,*,#1684,.T.);
#2719=ORIENTED_EDGE('',*,*,#1928,.F.);
#2720=ORIENTED_EDGE('',*,*,#1929,.T.);
#2721=ORIENTED_EDGE('',*,*,#1930,.T.);
#2722=ORIENTED_EDGE('',*,*,#1929,.F.);
#2723=ORIENTED_EDGE('',*,*,#1930,.F.);
#2724=ORIENTED_EDGE('',*,*,#1927,.F.);
#2725=ORIENTED_EDGE('',*,*,#1931,.T.);
#2726=ORIENTED_EDGE('',*,*,#1932,.T.);
#2727=ORIENTED_EDGE('',*,*,#1931,.F.);
#2728=ORIENTED_EDGE('',*,*,#1932,.F.);
#2729=ORIENTED_EDGE('',*,*,#1556,.F.);
#2730=ORIENTED_EDGE('',*,*,#1933,.T.);
#2731=ORIENTED_EDGE('',*,*,#1934,.T.);
#2732=ORIENTED_EDGE('',*,*,#1935,.F.);
#2733=ORIENTED_EDGE('',*,*,#1559,.F.);
#2734=ORIENTED_EDGE('',*,*,#1936,.T.);
#2735=ORIENTED_EDGE('',*,*,#1937,.T.);
#2736=ORIENTED_EDGE('',*,*,#1933,.F.);
#2737=ORIENTED_EDGE('',*,*,#1558,.F.);
#2738=ORIENTED_EDGE('',*,*,#1938,.T.);
#2739=ORIENTED_EDGE('',*,*,#1939,.T.);
#2740=ORIENTED_EDGE('',*,*,#1936,.F.);
#2741=ORIENTED_EDGE('',*,*,#1557,.F.);
#2742=ORIENTED_EDGE('',*,*,#1935,.T.);
#2743=ORIENTED_EDGE('',*,*,#1940,.T.);
#2744=ORIENTED_EDGE('',*,*,#1938,.F.);
#2745=ORIENTED_EDGE('',*,*,#1940,.F.);
#2746=ORIENTED_EDGE('',*,*,#1934,.F.);
#2747=ORIENTED_EDGE('',*,*,#1937,.F.);
#2748=ORIENTED_EDGE('',*,*,#1939,.F.);
#2749=ORIENTED_EDGE('',*,*,#1555,.F.);
#2750=ORIENTED_EDGE('',*,*,#1941,.T.);
#2751=ORIENTED_EDGE('',*,*,#1942,.T.);
#2752=ORIENTED_EDGE('',*,*,#1941,.F.);
#2753=ORIENTED_EDGE('',*,*,#1942,.F.);
#2754=ORIENTED_EDGE('',*,*,#1943,.F.);
#2755=ORIENTED_EDGE('',*,*,#1554,.F.);
#2756=ORIENTED_EDGE('',*,*,#1944,.T.);
#2757=ORIENTED_EDGE('',*,*,#1945,.T.);
#2758=ORIENTED_EDGE('',*,*,#1944,.F.);
#2759=ORIENTED_EDGE('',*,*,#1945,.F.);
#2760=ORIENTED_EDGE('',*,*,#1946,.F.);
#2761=ORIENTED_EDGE('',*,*,#1553,.F.);
#2762=ORIENTED_EDGE('',*,*,#1947,.T.);
#2763=ORIENTED_EDGE('',*,*,#1948,.T.);
#2764=ORIENTED_EDGE('',*,*,#1947,.F.);
#2765=ORIENTED_EDGE('',*,*,#1948,.F.);
#2766=ORIENTED_EDGE('',*,*,#1949,.F.);
#2767=ORIENTED_EDGE('',*,*,#1552,.F.);
#2768=ORIENTED_EDGE('',*,*,#1950,.T.);
#2769=ORIENTED_EDGE('',*,*,#1951,.T.);
#2770=ORIENTED_EDGE('',*,*,#1950,.F.);
#2771=ORIENTED_EDGE('',*,*,#1951,.F.);
#2772=ORIENTED_EDGE('',*,*,#1952,.F.);
#2773=ORIENTED_EDGE('',*,*,#1926,.F.);
#2774=ORIENTED_EDGE('',*,*,#1953,.T.);
#2775=ORIENTED_EDGE('',*,*,#1952,.T.);
#2776=ORIENTED_EDGE('',*,*,#1953,.F.);
#2777=ORIENTED_EDGE('',*,*,#1925,.F.);
#2778=ORIENTED_EDGE('',*,*,#1954,.T.);
#2779=ORIENTED_EDGE('',*,*,#1946,.T.);
#2780=ORIENTED_EDGE('',*,*,#1954,.F.);
#2781=ORIENTED_EDGE('',*,*,#1924,.F.);
#2782=ORIENTED_EDGE('',*,*,#1955,.T.);
#2783=ORIENTED_EDGE('',*,*,#1949,.T.);
#2784=ORIENTED_EDGE('',*,*,#1955,.F.);
#2785=ORIENTED_EDGE('',*,*,#1923,.F.);
#2786=ORIENTED_EDGE('',*,*,#1956,.T.);
#2787=ORIENTED_EDGE('',*,*,#1943,.T.);
#2788=ORIENTED_EDGE('',*,*,#1956,.F.);
#2789=ORIENTED_EDGE('',*,*,#1918,.F.);
#2790=ORIENTED_EDGE('',*,*,#1957,.T.);
#2791=ORIENTED_EDGE('',*,*,#1551,.F.);
#2792=ORIENTED_EDGE('',*,*,#1958,.F.);
#2793=ORIENTED_EDGE('',*,*,#1919,.F.);
#2794=ORIENTED_EDGE('',*,*,#1958,.T.);
#2795=ORIENTED_EDGE('',*,*,#1550,.F.);
#2796=ORIENTED_EDGE('',*,*,#1959,.F.);
#2797=ORIENTED_EDGE('',*,*,#1920,.F.);
#2798=ORIENTED_EDGE('',*,*,#1959,.T.);
#2799=ORIENTED_EDGE('',*,*,#1549,.F.);
#2800=ORIENTED_EDGE('',*,*,#1960,.F.);
#2801=ORIENTED_EDGE('',*,*,#1921,.F.);
#2802=ORIENTED_EDGE('',*,*,#1960,.T.);
#2803=ORIENTED_EDGE('',*,*,#1548,.F.);
#2804=ORIENTED_EDGE('',*,*,#1961,.F.);
#2805=ORIENTED_EDGE('',*,*,#1922,.F.);
#2806=ORIENTED_EDGE('',*,*,#1961,.T.);
#2807=ORIENTED_EDGE('',*,*,#1547,.F.);
#2808=ORIENTED_EDGE('',*,*,#1962,.F.);
#2809=ORIENTED_EDGE('',*,*,#1917,.F.);
#2810=ORIENTED_EDGE('',*,*,#1962,.T.);
#2811=ORIENTED_EDGE('',*,*,#1546,.F.);
#2812=ORIENTED_EDGE('',*,*,#1957,.F.);
#2813=ORIENTED_EDGE('',*,*,#1656,.T.);
#2814=ORIENTED_EDGE('',*,*,#1678,.T.);
#2815=ORIENTED_EDGE('',*,*,#1675,.T.);
#2816=ORIENTED_EDGE('',*,*,#1672,.T.);
#2817=ORIENTED_EDGE('',*,*,#1669,.T.);
#2818=ORIENTED_EDGE('',*,*,#1666,.T.);
#2819=ORIENTED_EDGE('',*,*,#1663,.T.);
#2820=ORIENTED_EDGE('',*,*,#1660,.T.);
#2821=PLANE('',#3100);
#2822=PLANE('',#3101);
#2823=PLANE('',#3102);
#2824=PLANE('',#3103);
#2825=PLANE('',#3104);
#2826=PLANE('',#3120);
#2827=PLANE('',#3125);
#2828=PLANE('',#3128);
#2829=PLANE('',#3133);
#2830=PLANE('',#3136);
#2831=PLANE('',#3137);
#2832=PLANE('',#3138);
#2833=PLANE('',#3139);
#2834=PLANE('',#3140);
#2835=PLANE('',#3141);
#2836=PLANE('',#3142);
#2837=PLANE('',#3143);
#2838=PLANE('',#3144);
#2839=PLANE('',#3145);
#2840=PLANE('',#3146);
#2841=PLANE('',#3149);
#2842=PLANE('',#3153);
#2843=PLANE('',#3161);
#2844=PLANE('',#3165);
#2845=PLANE('',#3173);
#2846=PLANE('',#3177);
#2847=PLANE('',#3185);
#2848=PLANE('',#3189);
#2849=PLANE('',#3195);
#2850=PLANE('',#3196);
#2851=PLANE('',#3197);
#2852=PLANE('',#3198);
#2853=PLANE('',#3199);
#2854=PLANE('',#3200);
#2855=PLANE('',#3201);
#2856=PLANE('',#3202);
#2857=PLANE('',#3203);
#2858=PLANE('',#3204);
#2859=PLANE('',#3205);
#2860=PLANE('',#3206);
#2861=PLANE('',#3207);
#2862=PLANE('',#3208);
#2863=PLANE('',#3209);
#2864=PLANE('',#3210);
#2865=PLANE('',#3211);
#2866=PLANE('',#3212);
#2867=PLANE('',#3213);
#2868=PLANE('',#3214);
#2869=PLANE('',#3215);
#2870=PLANE('',#3216);
#2871=PLANE('',#3217);
#2872=PLANE('',#3218);
#2873=PLANE('',#3219);
#2874=PLANE('',#3220);
#2875=PLANE('',#3221);
#2876=PLANE('',#3222);
#2877=PLANE('',#3223);
#2878=PLANE('',#3224);
#2879=PLANE('',#3225);
#2880=PLANE('',#3226);
#2881=PLANE('',#3227);
#2882=PLANE('',#3228);
#2883=PLANE('',#3229);
#2884=PLANE('',#3230);
#2885=PLANE('',#3231);
#2886=PLANE('',#3232);
#2887=PLANE('',#3233);
#2888=PLANE('',#3234);
#2889=PLANE('',#3235);
#2890=PLANE('',#3236);
#2891=PLANE('',#3237);
#2892=PLANE('',#3238);
#2893=PLANE('',#3239);
#2894=PLANE('',#3240);
#2895=PLANE('',#3241);
#2896=PLANE('',#3242);
#2897=PLANE('',#3243);
#2898=PLANE('',#3244);
#2899=PLANE('',#3256);
#2900=PLANE('',#3259);
#2901=PLANE('',#3260);
#2902=PLANE('',#3261);
#2903=PLANE('',#3262);
#2904=PLANE('',#3263);
#2905=PLANE('',#3264);
#2906=PLANE('',#3267);
#2907=PLANE('',#3271);
#2908=PLANE('',#3275);
#2909=PLANE('',#3279);
#2910=PLANE('',#3285);
#2911=PLANE('',#3287);
#2912=PLANE('',#3289);
#2913=PLANE('',#3291);
#2914=ADVANCED_FACE('',(#307),#2821,.T.);
#2915=ADVANCED_FACE('',(#308),#2822,.T.);
#2916=ADVANCED_FACE('',(#309),#2823,.T.);
#2917=ADVANCED_FACE('',(#310),#2824,.T.);
#2918=ADVANCED_FACE('',(#311,#186,#187,#188,#189,#190,#191,#192,#193,#194,
#195,#196,#197,#198,#199,#200,#201),#2825,.F.);
#2919=ADVANCED_FACE('',(#312,#202,#203),#2826,.F.);
#2920=ADVANCED_FACE('',(#313),#2827,.F.);
#2921=ADVANCED_FACE('',(#314),#153,.F.);
#2922=ADVANCED_FACE('',(#315),#2828,.F.);
#2923=ADVANCED_FACE('',(#316),#154,.F.);
#2924=ADVANCED_FACE('',(#317),#155,.F.);
#2925=ADVANCED_FACE('',(#318),#2829,.F.);
#2926=ADVANCED_FACE('',(#319),#156,.F.);
#2927=ADVANCED_FACE('',(#320),#2830,.F.);
#2928=ADVANCED_FACE('',(#321),#2831,.T.);
#2929=ADVANCED_FACE('',(#322),#2832,.T.);
#2930=ADVANCED_FACE('',(#323),#2833,.T.);
#2931=ADVANCED_FACE('',(#324),#2834,.T.);
#2932=ADVANCED_FACE('',(#325),#2835,.T.);
#2933=ADVANCED_FACE('',(#326),#2836,.F.);
#2934=ADVANCED_FACE('',(#327),#2837,.F.);
#2935=ADVANCED_FACE('',(#328),#2838,.F.);
#2936=ADVANCED_FACE('',(#329),#2839,.F.);
#2937=ADVANCED_FACE('',(#330),#2840,.F.);
#2938=ADVANCED_FACE('',(#331),#157,.F.);
#2939=ADVANCED_FACE('',(#332,#204),#2841,.T.);
#2940=ADVANCED_FACE('',(#333),#158,.F.);
#2941=ADVANCED_FACE('',(#334,#205),#2842,.T.);
#2942=ADVANCED_FACE('',(#335),#159,.F.);
#2943=ADVANCED_FACE('',(#336),#160,.F.);
#2944=ADVANCED_FACE('',(#337),#161,.F.);
#2945=ADVANCED_FACE('',(#338,#206),#2843,.F.);
#2946=ADVANCED_FACE('',(#339),#162,.F.);
#2947=ADVANCED_FACE('',(#340,#207),#2844,.F.);
#2948=ADVANCED_FACE('',(#341),#163,.F.);
#2949=ADVANCED_FACE('',(#342),#164,.F.);
#2950=ADVANCED_FACE('',(#343),#165,.F.);
#2951=ADVANCED_FACE('',(#344,#208),#2845,.F.);
#2952=ADVANCED_FACE('',(#345),#166,.F.);
#2953=ADVANCED_FACE('',(#346,#209),#2846,.F.);
#2954=ADVANCED_FACE('',(#347),#167,.F.);
#2955=ADVANCED_FACE('',(#348),#168,.F.);
#2956=ADVANCED_FACE('',(#349),#169,.F.);
#2957=ADVANCED_FACE('',(#350,#210),#2847,.T.);
#2958=ADVANCED_FACE('',(#351),#170,.F.);
#2959=ADVANCED_FACE('',(#352,#211),#2848,.T.);
#2960=ADVANCED_FACE('',(#353),#171,.F.);
#2961=ADVANCED_FACE('',(#354),#172,.F.);
#2962=ADVANCED_FACE('',(#355),#107,.F.);
#2963=ADVANCED_FACE('',(#356),#108,.F.);
#2964=ADVANCED_FACE('',(#357),#109,.F.);
#2965=ADVANCED_FACE('',(#358),#110,.F.);
#2966=ADVANCED_FACE('',(#359),#111,.F.);
#2967=ADVANCED_FACE('',(#360),#112,.F.);
#2968=ADVANCED_FACE('',(#361),#113,.F.);
#2969=ADVANCED_FACE('',(#362),#114,.F.);
#2970=ADVANCED_FACE('',(#363),#115,.F.);
#2971=ADVANCED_FACE('',(#364),#116,.F.);
#2972=ADVANCED_FACE('',(#365),#117,.F.);
#2973=ADVANCED_FACE('',(#366),#118,.F.);
#2974=ADVANCED_FACE('',(#367),#119,.F.);
#2975=ADVANCED_FACE('',(#368),#120,.F.);
#2976=ADVANCED_FACE('',(#369),#121,.F.);
#2977=ADVANCED_FACE('',(#370),#122,.F.);
#2978=ADVANCED_FACE('',(#371),#123,.F.);
#2979=ADVANCED_FACE('',(#372),#124,.F.);
#2980=ADVANCED_FACE('',(#373,#212),#2849,.T.);
#2981=ADVANCED_FACE('',(#374),#2850,.F.);
#2982=ADVANCED_FACE('',(#375),#2851,.F.);
#2983=ADVANCED_FACE('',(#376),#2852,.F.);
#2984=ADVANCED_FACE('',(#377),#2853,.F.);
#2985=ADVANCED_FACE('',(#378),#2854,.F.);
#2986=ADVANCED_FACE('',(#379),#2855,.F.);
#2987=ADVANCED_FACE('',(#380),#2856,.F.);
#2988=ADVANCED_FACE('',(#381),#2857,.F.);
#2989=ADVANCED_FACE('',(#382),#2858,.F.);
#2990=ADVANCED_FACE('',(#383),#2859,.F.);
#2991=ADVANCED_FACE('',(#384),#2860,.F.);
#2992=ADVANCED_FACE('',(#385),#2861,.F.);
#2993=ADVANCED_FACE('',(#386),#2862,.F.);
#2994=ADVANCED_FACE('',(#387),#2863,.F.);
#2995=ADVANCED_FACE('',(#388),#2864,.F.);
#2996=ADVANCED_FACE('',(#389),#2865,.F.);
#2997=ADVANCED_FACE('',(#390),#2866,.F.);
#2998=ADVANCED_FACE('',(#391),#2867,.F.);
#2999=ADVANCED_FACE('',(#392),#2868,.F.);
#3000=ADVANCED_FACE('',(#393),#2869,.F.);
#3001=ADVANCED_FACE('',(#394),#2870,.F.);
#3002=ADVANCED_FACE('',(#395),#2871,.F.);
#3003=ADVANCED_FACE('',(#396),#2872,.F.);
#3004=ADVANCED_FACE('',(#397),#2873,.F.);
#3005=ADVANCED_FACE('',(#398),#2874,.F.);
#3006=ADVANCED_FACE('',(#399),#2875,.F.);
#3007=ADVANCED_FACE('',(#400),#2876,.F.);
#3008=ADVANCED_FACE('',(#401),#2877,.F.);
#3009=ADVANCED_FACE('',(#402),#2878,.F.);
#3010=ADVANCED_FACE('',(#403),#2879,.F.);
#3011=ADVANCED_FACE('',(#404),#2880,.F.);
#3012=ADVANCED_FACE('',(#405),#2881,.F.);
#3013=ADVANCED_FACE('',(#406),#2882,.F.);
#3014=ADVANCED_FACE('',(#407),#2883,.F.);
#3015=ADVANCED_FACE('',(#408),#125,.F.);
#3016=ADVANCED_FACE('',(#409),#126,.F.);
#3017=ADVANCED_FACE('',(#410),#127,.F.);
#3018=ADVANCED_FACE('',(#411),#128,.F.);
#3019=ADVANCED_FACE('',(#412),#129,.F.);
#3020=ADVANCED_FACE('',(#413),#130,.F.);
#3021=ADVANCED_FACE('',(#414),#131,.F.);
#3022=ADVANCED_FACE('',(#415),#132,.F.);
#3023=ADVANCED_FACE('',(#416),#133,.F.);
#3024=ADVANCED_FACE('',(#417),#134,.F.);
#3025=ADVANCED_FACE('',(#418),#135,.F.);
#3026=ADVANCED_FACE('',(#419),#136,.F.);
#3027=ADVANCED_FACE('',(#420),#137,.F.);
#3028=ADVANCED_FACE('',(#421),#2884,.F.);
#3029=ADVANCED_FACE('',(#422),#138,.F.);
#3030=ADVANCED_FACE('',(#423),#139,.F.);
#3031=ADVANCED_FACE('',(#424),#140,.F.);
#3032=ADVANCED_FACE('',(#425),#141,.F.);
#3033=ADVANCED_FACE('',(#426),#142,.F.);
#3034=ADVANCED_FACE('',(#427),#143,.F.);
#3035=ADVANCED_FACE('',(#428),#144,.F.);
#3036=ADVANCED_FACE('',(#429),#145,.F.);
#3037=ADVANCED_FACE('',(#430),#146,.F.);
#3038=ADVANCED_FACE('',(#431),#147,.F.);
#3039=ADVANCED_FACE('',(#432),#148,.F.);
#3040=ADVANCED_FACE('',(#433),#149,.F.);
#3041=ADVANCED_FACE('',(#434),#150,.F.);
#3042=ADVANCED_FACE('',(#435),#151,.F.);
#3043=ADVANCED_FACE('',(#436),#2885,.F.);
#3044=ADVANCED_FACE('',(#437),#152,.F.);
#3045=ADVANCED_FACE('',(#438),#2886,.T.);
#3046=ADVANCED_FACE('',(#439),#2887,.F.);
#3047=ADVANCED_FACE('',(#440),#2888,.F.);
#3048=ADVANCED_FACE('',(#441),#2889,.F.);
#3049=ADVANCED_FACE('',(#442),#2890,.F.);
#3050=ADVANCED_FACE('',(#443),#2891,.F.);
#3051=ADVANCED_FACE('',(#444),#2892,.F.);
#3052=ADVANCED_FACE('',(#445),#2893,.F.);
#3053=ADVANCED_FACE('',(#446),#2894,.F.);
#3054=ADVANCED_FACE('',(#447),#2895,.F.);
#3055=ADVANCED_FACE('',(#448),#2896,.F.);
#3056=ADVANCED_FACE('',(#449),#2897,.F.);
#3057=ADVANCED_FACE('',(#450,#213,#214,#215,#216,#217,#218,#219,#220,#221,
#222,#223,#224,#225,#226,#227,#228,#229,#230,#231,#232,#233,#234,#235,#236),
#2898,.T.);
#3058=ADVANCED_FACE('',(#451),#173,.F.);
#3059=ADVANCED_FACE('',(#452),#2899,.T.);
#3060=ADVANCED_FACE('',(#453),#174,.F.);
#3061=ADVANCED_FACE('',(#454),#2900,.T.);
#3062=ADVANCED_FACE('',(#455),#2901,.F.);
#3063=ADVANCED_FACE('',(#456),#2902,.F.);
#3064=ADVANCED_FACE('',(#457),#2903,.F.);
#3065=ADVANCED_FACE('',(#458),#2904,.F.);
#3066=ADVANCED_FACE('',(#459),#2905,.F.);
#3067=ADVANCED_FACE('',(#460),#175,.F.);
#3068=ADVANCED_FACE('',(#461,#237),#2906,.T.);
#3069=ADVANCED_FACE('',(#462),#176,.F.);
#3070=ADVANCED_FACE('',(#463,#238),#2907,.T.);
#3071=ADVANCED_FACE('',(#464),#177,.F.);
#3072=ADVANCED_FACE('',(#465,#239),#2908,.T.);
#3073=ADVANCED_FACE('',(#466),#178,.F.);
#3074=ADVANCED_FACE('',(#467,#240),#2909,.T.);
#3075=ADVANCED_FACE('',(#468),#179,.F.);
#3076=ADVANCED_FACE('',(#469),#180,.F.);
#3077=ADVANCED_FACE('',(#470),#181,.F.);
#3078=ADVANCED_FACE('',(#471),#182,.F.);
#3079=ADVANCED_FACE('',(#472),#2910,.T.);
#3080=ADVANCED_FACE('',(#473),#183,.T.);
#3081=ADVANCED_FACE('',(#474),#2911,.T.);
#3082=ADVANCED_FACE('',(#475),#184,.T.);
#3083=ADVANCED_FACE('',(#476),#2912,.T.);
#3084=ADVANCED_FACE('',(#477),#185,.T.);
#3085=ADVANCED_FACE('',(#478),#2913,.T.);
#3086=CLOSED_SHELL('',(#2914,#2915,#2916,#2917,#2918,#2919,#2920,#2921,
#2922,#2923,#2924,#2925,#2926,#2927,#2928,#2929,#2930,#2931,#2932,#2933,
#2934,#2935,#2936,#2937,#2938,#2939,#2940,#2941,#2942,#2943,#2944,#2945,
#2946,#2947,#2948,#2949,#2950,#2951,#2952,#2953,#2954,#2955,#2956,#2957,
#2958,#2959,#2960,#2961,#2962,#2963,#2964,#2965,#2966,#2967,#2968,#2969,
#2970,#2971,#2972,#2973,#2974,#2975,#2976,#2977,#2978,#2979,#2980,#2981,
#2982,#2983,#2984,#2985,#2986,#2987,#2988,#2989,#2990,#2991,#2992,#2993,
#2994,#2995,#2996,#2997,#2998,#2999,#3000,#3001,#3002,#3003,#3004,#3005,
#3006,#3007,#3008,#3009,#3010,#3011,#3012,#3013,#3014,#3015,#3016,#3017,
#3018,#3019,#3020,#3021,#3022,#3023,#3024,#3025,#3026,#3027,#3028,#3029,
#3030,#3031,#3032,#3033,#3034,#3035,#3036,#3037,#3038,#3039,#3040,#3041,
#3042,#3043,#3044,#3045,#3046,#3047,#3048,#3049,#3050,#3051,#3052,#3053,
#3054,#3055,#3056,#3057,#3058,#3059,#3060,#3061,#3062,#3063,#3064,#3065,
#3066,#3067,#3068,#3069,#3070,#3071,#3072,#3073,#3074,#3075,#3076,#3077,
#3078,#3079,#3080,#3081,#3082,#3083,#3084,#3085));
#3087=DERIVED_UNIT_ELEMENT(#3089,1.);
#3088=DERIVED_UNIT_ELEMENT(#5624,-3.);
#3089=(
MASS_UNIT()
NAMED_UNIT(*)
SI_UNIT(.KILO.,.GRAM.)
);
#3090=DERIVED_UNIT((#3087,#3088));
#3091=MEASURE_REPRESENTATION_ITEM('density measure',
POSITIVE_RATIO_MEASURE(544.),#3090);
#3092=PROPERTY_DEFINITION_REPRESENTATION(#3097,#3094);
#3093=PROPERTY_DEFINITION_REPRESENTATION(#3098,#3095);
#3094=REPRESENTATION('material name',(#3096),#5621);
#3095=REPRESENTATION('density',(#3091),#5621);
#3096=DESCRIPTIVE_REPRESENTATION_ITEM('Kirsche','Kirsche');
#3097=PROPERTY_DEFINITION('material property','material name',#5631);
#3098=PROPERTY_DEFINITION('material property','density of part',#5631);
#3099=AXIS2_PLACEMENT_3D('',#3949,#3292,#3293);
#3100=AXIS2_PLACEMENT_3D('',#3950,#3294,#3295);
#3101=AXIS2_PLACEMENT_3D('',#3959,#3300,#3301);
#3102=AXIS2_PLACEMENT_3D('',#3965,#3305,#3306);
#3103=AXIS2_PLACEMENT_3D('',#3971,#3310,#3311);
#3104=AXIS2_PLACEMENT_3D('',#3974,#3314,#3315);
#3105=AXIS2_PLACEMENT_3D('',#3977,#3316,#3317);
#3106=AXIS2_PLACEMENT_3D('',#3981,#3319,#3320);
#3107=AXIS2_PLACEMENT_3D('',#3985,#3322,#3323);
#3108=AXIS2_PLACEMENT_3D('',#3988,#3325,#3326);
#3109=AXIS2_PLACEMENT_3D('',#3990,#3327,#3328);
#3110=AXIS2_PLACEMENT_3D('',#3992,#3329,#3330);
#3111=AXIS2_PLACEMENT_3D('',#3994,#3331,#3332);
#3112=AXIS2_PLACEMENT_3D('',#4004,#3337,#3338);
#3113=AXIS2_PLACEMENT_3D('',#4006,#3339,#3340);
#3114=AXIS2_PLACEMENT_3D('',#4008,#3341,#3342);
#3115=AXIS2_PLACEMENT_3D('',#4010,#3343,#3344);
#3116=AXIS2_PLACEMENT_3D('',#4012,#3345,#3346);
#3117=AXIS2_PLACEMENT_3D('',#4014,#3347,#3348);
#3118=AXIS2_PLACEMENT_3D('',#4016,#3349,#3350);
#3119=AXIS2_PLACEMENT_3D('',#4034,#3359,#3360);
#3120=AXIS2_PLACEMENT_3D('',#4035,#3361,#3362);
#3121=AXIS2_PLACEMENT_3D('',#4040,#3364,#3365);
#3122=AXIS2_PLACEMENT_3D('',#4043,#3367,#3368);
#3123=AXIS2_PLACEMENT_3D('',#4048,#3370,#3371);
#3124=AXIS2_PLACEMENT_3D('',#4051,#3373,#3374);
#3125=AXIS2_PLACEMENT_3D('',#4052,#3375,#3376);
#3126=AXIS2_PLACEMENT_3D('',#4058,#3380,#3381);
#3127=AXIS2_PLACEMENT_3D('',#4061,#3383,#3384);
#3128=AXIS2_PLACEMENT_3D('',#4062,#3385,#3386);
#3129=AXIS2_PLACEMENT_3D('',#4068,#3390,#3391);
#3130=AXIS2_PLACEMENT_3D('',#4071,#3393,#3394);
#3131=AXIS2_PLACEMENT_3D('',#4072,#3395,#3396);
#3132=AXIS2_PLACEMENT_3D('',#4074,#3397,#3398);
#3133=AXIS2_PLACEMENT_3D('',#4076,#3400,#3401);
#3134=AXIS2_PLACEMENT_3D('',#4078,#3403,#3404);
#3135=AXIS2_PLACEMENT_3D('',#4080,#3405,#3406);
#3136=AXIS2_PLACEMENT_3D('',#4082,#3408,#3409);
#3137=AXIS2_PLACEMENT_3D('',#4084,#3411,#3412);
#3138=AXIS2_PLACEMENT_3D('',#4090,#3416,#3417);
#3139=AXIS2_PLACEMENT_3D('',#4094,#3420,#3421);
#3140=AXIS2_PLACEMENT_3D('',#4098,#3424,#3425);
#3141=AXIS2_PLACEMENT_3D('',#4100,#3427,#3428);
#3142=AXIS2_PLACEMENT_3D('',#4101,#3429,#3430);
#3143=AXIS2_PLACEMENT_3D('',#4107,#3434,#3435);
#3144=AXIS2_PLACEMENT_3D('',#4111,#3438,#3439);
#3145=AXIS2_PLACEMENT_3D('',#4115,#3442,#3443);
#3146=AXIS2_PLACEMENT_3D('',#4117,#3445,#3446);
#3147=AXIS2_PLACEMENT_3D('',#4118,#3447,#3448);
#3148=AXIS2_PLACEMENT_3D('',#4121,#3450,#3451);
#3149=AXIS2_PLACEMENT_3D('',#4122,#3452,#3453);
#3150=AXIS2_PLACEMENT_3D('',#4124,#3454,#3455);
#3151=AXIS2_PLACEMENT_3D('',#4125,#3456,#3457);
#3152=AXIS2_PLACEMENT_3D('',#4128,#3459,#3460);
#3153=AXIS2_PLACEMENT_3D('',#4129,#3461,#3462);
#3154=AXIS2_PLACEMENT_3D('',#4131,#3463,#3464);
#3155=AXIS2_PLACEMENT_3D('',#4132,#3465,#3466);
#3156=AXIS2_PLACEMENT_3D('',#4134,#3467,#3468);
#3157=AXIS2_PLACEMENT_3D('',#4136,#3470,#3471);
#3158=AXIS2_PLACEMENT_3D('',#4138,#3472,#3473);
#3159=AXIS2_PLACEMENT_3D('',#4140,#3475,#3476);
#3160=AXIS2_PLACEMENT_3D('',#4143,#3478,#3479);
#3161=AXIS2_PLACEMENT_3D('',#4144,#3480,#3481);
#3162=AXIS2_PLACEMENT_3D('',#4146,#3482,#3483);
#3163=AXIS2_PLACEMENT_3D('',#4147,#3484,#3485);
#3164=AXIS2_PLACEMENT_3D('',#4150,#3487,#3488);
#3165=AXIS2_PLACEMENT_3D('',#4151,#3489,#3490);
#3166=AXIS2_PLACEMENT_3D('',#4153,#3491,#3492);
#3167=AXIS2_PLACEMENT_3D('',#4154,#3493,#3494);
#3168=AXIS2_PLACEMENT_3D('',#4156,#3495,#3496);
#3169=AXIS2_PLACEMENT_3D('',#4158,#3498,#3499);
#3170=AXIS2_PLACEMENT_3D('',#4160,#3500,#3501);
#3171=AXIS2_PLACEMENT_3D('',#4162,#3503,#3504);
#3172=AXIS2_PLACEMENT_3D('',#4165,#3506,#3507);
#3173=AXIS2_PLACEMENT_3D('',#4166,#3508,#3509);
#3174=AXIS2_PLACEMENT_3D('',#4168,#3510,#3511);
#3175=AXIS2_PLACEMENT_3D('',#4169,#3512,#3513);
#3176=AXIS2_PLACEMENT_3D('',#4172,#3515,#3516);
#3177=AXIS2_PLACEMENT_3D('',#4173,#3517,#3518);
#3178=AXIS2_PLACEMENT_3D('',#4175,#3519,#3520);
#3179=AXIS2_PLACEMENT_3D('',#4176,#3521,#3522);
#3180=AXIS2_PLACEMENT_3D('',#4178,#3523,#3524);
#3181=AXIS2_PLACEMENT_3D('',#4180,#3526,#3527);
#3182=AXIS2_PLACEMENT_3D('',#4182,#3528,#3529);
#3183=AXIS2_PLACEMENT_3D('',#4184,#3531,#3532);
#3184=AXIS2_PLACEMENT_3D('',#4187,#3534,#3535);
#3185=AXIS2_PLACEMENT_3D('',#4188,#3536,#3537);
#3186=AXIS2_PLACEMENT_3D('',#4190,#3538,#3539);
#3187=AXIS2_PLACEMENT_3D('',#4191,#3540,#3541);
#3188=AXIS2_PLACEMENT_3D('',#4194,#3543,#3544);
#3189=AXIS2_PLACEMENT_3D('',#4195,#3545,#3546);
#3190=AXIS2_PLACEMENT_3D('',#4197,#3547,#3548);
#3191=AXIS2_PLACEMENT_3D('',#4198,#3549,#3550);
#3192=AXIS2_PLACEMENT_3D('',#4200,#3551,#3552);
#3193=AXIS2_PLACEMENT_3D('',#4202,#3554,#3555);
#3194=AXIS2_PLACEMENT_3D('',#4204,#3556,#3557);
#3195=AXIS2_PLACEMENT_3D('',#4620,#3577,#3578);
#3196=AXIS2_PLACEMENT_3D('',#4621,#3579,#3580);
#3197=AXIS2_PLACEMENT_3D('',#4630,#3585,#3586);
#3198=AXIS2_PLACEMENT_3D('',#4636,#3590,#3591);
#3199=AXIS2_PLACEMENT_3D('',#4642,#3595,#3596);
#3200=AXIS2_PLACEMENT_3D('',#4648,#3600,#3601);
#3201=AXIS2_PLACEMENT_3D('',#4654,#3605,#3606);
#3202=AXIS2_PLACEMENT_3D('',#4660,#3610,#3611);
#3203=AXIS2_PLACEMENT_3D('',#4666,#3615,#3616);
#3204=AXIS2_PLACEMENT_3D('',#4672,#3620,#3621);
#3205=AXIS2_PLACEMENT_3D('',#4678,#3625,#3626);
#3206=AXIS2_PLACEMENT_3D('',#4684,#3630,#3631);
#3207=AXIS2_PLACEMENT_3D('',#4690,#3635,#3636);
#3208=AXIS2_PLACEMENT_3D('',#4696,#3640,#3641);
#3209=AXIS2_PLACEMENT_3D('',#4699,#3644,#3645);
#3210=AXIS2_PLACEMENT_3D('',#4700,#3646,#3647);
#3211=AXIS2_PLACEMENT_3D('',#4709,#3652,#3653);
#3212=AXIS2_PLACEMENT_3D('',#4715,#3657,#3658);
#3213=AXIS2_PLACEMENT_3D('',#4721,#3662,#3663);
#3214=AXIS2_PLACEMENT_3D('',#4724,#3666,#3667);
#3215=AXIS2_PLACEMENT_3D('',#4725,#3668,#3669);
#3216=AXIS2_PLACEMENT_3D('',#4734,#3674,#3675);
#3217=AXIS2_PLACEMENT_3D('',#4740,#3679,#3680);
#3218=AXIS2_PLACEMENT_3D('',#4746,#3684,#3685);
#3219=AXIS2_PLACEMENT_3D('',#4749,#3688,#3689);
#3220=AXIS2_PLACEMENT_3D('',#4750,#3690,#3691);
#3221=AXIS2_PLACEMENT_3D('',#4759,#3696,#3697);
#3222=AXIS2_PLACEMENT_3D('',#4765,#3701,#3702);
#3223=AXIS2_PLACEMENT_3D('',#4771,#3706,#3707);
#3224=AXIS2_PLACEMENT_3D('',#4774,#3710,#3711);
#3225=AXIS2_PLACEMENT_3D('',#4775,#3712,#3713);
#3226=AXIS2_PLACEMENT_3D('',#4784,#3718,#3719);
#3227=AXIS2_PLACEMENT_3D('',#4790,#3723,#3724);
#3228=AXIS2_PLACEMENT_3D('',#4796,#3728,#3729);
#3229=AXIS2_PLACEMENT_3D('',#4799,#3732,#3733);
#3230=AXIS2_PLACEMENT_3D('',#5102,#3748,#3749);
#3231=AXIS2_PLACEMENT_3D('',#5430,#3767,#3768);
#3232=AXIS2_PLACEMENT_3D('',#5456,#3772,#3773);
#3233=AXIS2_PLACEMENT_3D('',#5457,#3774,#3775);
#3234=AXIS2_PLACEMENT_3D('',#5466,#3780,#3781);
#3235=AXIS2_PLACEMENT_3D('',#5472,#3785,#3786);
#3236=AXIS2_PLACEMENT_3D('',#5478,#3790,#3791);
#3237=AXIS2_PLACEMENT_3D('',#5484,#3795,#3796);
#3238=AXIS2_PLACEMENT_3D('',#5490,#3800,#3801);
#3239=AXIS2_PLACEMENT_3D('',#5496,#3805,#3806);
#3240=AXIS2_PLACEMENT_3D('',#5502,#3810,#3811);
#3241=AXIS2_PLACEMENT_3D('',#5508,#3815,#3816);
#3242=AXIS2_PLACEMENT_3D('',#5514,#3820,#3821);
#3243=AXIS2_PLACEMENT_3D('',#5517,#3824,#3825);
#3244=AXIS2_PLACEMENT_3D('',#5518,#3826,#3827);
#3245=AXIS2_PLACEMENT_3D('',#5521,#3828,#3829);
#3246=AXIS2_PLACEMENT_3D('',#5525,#3831,#3832);
#3247=AXIS2_PLACEMENT_3D('',#5529,#3834,#3835);
#3248=AXIS2_PLACEMENT_3D('',#5532,#3837,#3838);
#3249=AXIS2_PLACEMENT_3D('',#5534,#3839,#3840);
#3250=AXIS2_PLACEMENT_3D('',#5536,#3841,#3842);
#3251=AXIS2_PLACEMENT_3D('',#5538,#3843,#3844);
#3252=AXIS2_PLACEMENT_3D('',#5540,#3845,#3846);
#3253=AXIS2_PLACEMENT_3D('',#5542,#3847,#3848);
#3254=AXIS2_PLACEMENT_3D('',#5543,#3849,#3850);
#3255=AXIS2_PLACEMENT_3D('',#5546,#3852,#3853);
#3256=AXIS2_PLACEMENT_3D('',#5547,#3854,#3855);
#3257=AXIS2_PLACEMENT_3D('',#5548,#3856,#3857);
#3258=AXIS2_PLACEMENT_3D('',#5551,#3859,#3860);
#3259=AXIS2_PLACEMENT_3D('',#5552,#3861,#3862);
#3260=AXIS2_PLACEMENT_3D('',#5553,#3863,#3864);
#3261=AXIS2_PLACEMENT_3D('',#5559,#3868,#3869);
#3262=AXIS2_PLACEMENT_3D('',#5563,#3872,#3873);
#3263=AXIS2_PLACEMENT_3D('',#5567,#3876,#3877);
#3264=AXIS2_PLACEMENT_3D('',#5569,#3879,#3880);
#3265=AXIS2_PLACEMENT_3D('',#5570,#3881,#3882);
#3266=AXIS2_PLACEMENT_3D('',#5573,#3884,#3885);
#3267=AXIS2_PLACEMENT_3D('',#5574,#3886,#3887);
#3268=AXIS2_PLACEMENT_3D('',#5576,#3888,#3889);
#3269=AXIS2_PLACEMENT_3D('',#5577,#3890,#3891);
#3270=AXIS2_PLACEMENT_3D('',#5580,#3893,#3894);
#3271=AXIS2_PLACEMENT_3D('',#5581,#3895,#3896);
#3272=AXIS2_PLACEMENT_3D('',#5583,#3897,#3898);
#3273=AXIS2_PLACEMENT_3D('',#5584,#3899,#3900);
#3274=AXIS2_PLACEMENT_3D('',#5587,#3902,#3903);
#3275=AXIS2_PLACEMENT_3D('',#5588,#3904,#3905);
#3276=AXIS2_PLACEMENT_3D('',#5590,#3906,#3907);
#3277=AXIS2_PLACEMENT_3D('',#5591,#3908,#3909);
#3278=AXIS2_PLACEMENT_3D('',#5594,#3911,#3912);
#3279=AXIS2_PLACEMENT_3D('',#5595,#3913,#3914);
#3280=AXIS2_PLACEMENT_3D('',#5597,#3915,#3916);
#3281=AXIS2_PLACEMENT_3D('',#5598,#3917,#3918);
#3282=AXIS2_PLACEMENT_3D('',#5600,#3920,#3921);
#3283=AXIS2_PLACEMENT_3D('',#5602,#3923,#3924);
#3284=AXIS2_PLACEMENT_3D('',#5604,#3926,#3927);
#3285=AXIS2_PLACEMENT_3D('',#5606,#3929,#3930);
#3286=AXIS2_PLACEMENT_3D('',#5609,#3933,#3934);
#3287=AXIS2_PLACEMENT_3D('',#5611,#3936,#3937);
#3288=AXIS2_PLACEMENT_3D('',#5613,#3939,#3940);
#3289=AXIS2_PLACEMENT_3D('',#5615,#3942,#3943);
#3290=AXIS2_PLACEMENT_3D('',#5617,#3945,#3946);
#3291=AXIS2_PLACEMENT_3D('',#5618,#3947,#3948);
#3292=DIRECTION('axis',(0.,0.,1.));
#3293=DIRECTION('refdir',(1.,0.,0.));
#3294=DIRECTION('center_axis',(0.353553390593271,-0.612372435695796,-0.707106781186548));
#3295=DIRECTION('ref_axis',(-0.894427190999917,0.,-0.447213595499955));
#3296=DIRECTION('',(0.866025403784441,0.499999999999996,0.));
#3297=DIRECTION('',(-0.21132486540519,-0.788675134594812,0.577350269189626));
#3298=DIRECTION('',(-0.866025403784441,-0.499999999999996,-2.06795153138255E-25));
#3299=DIRECTION('',(-0.788675134594812,0.211324865405191,-0.577350269189626));
#3300=DIRECTION('center_axis',(-0.612372435695796,-0.353553390593272,-0.707106781186547));
#3301=DIRECTION('ref_axis',(-0.755928946018453,0.,0.654653670707978));
#3302=DIRECTION('',(0.499999999999997,-0.86602540378444,0.));
#3303=DIRECTION('',(-0.78867513459481,0.211324865405194,0.577350269189627));
#3304=DIRECTION('',(-0.499999999999997,0.86602540378444,3.58179711994448E-25));
#3305=DIRECTION('center_axis',(-0.353553390593271,0.612372435695795,-0.707106781186548));
#3306=DIRECTION('ref_axis',(-0.894427190999918,0.,0.447213595499954));
#3307=DIRECTION('',(-0.866025403784441,-0.499999999999996,0.));
#3308=DIRECTION('',(0.211324865405186,0.788675134594812,0.577350269189627));
#3309=DIRECTION('',(0.866025403784441,0.499999999999996,2.06795153138255E-25));
#3310=DIRECTION('center_axis',(0.612372435695796,0.353553390593272,-0.707106781186547));
#3311=DIRECTION('ref_axis',(-0.755928946018454,0.,-0.654653670707978));
#3312=DIRECTION('',(0.499999999999997,-0.86602540378444,-3.58179711994448E-25));
#3313=DIRECTION('',(-0.499999999999997,0.86602540378444,0.));
#3314=DIRECTION('center_axis',(0.,0.,1.));
#3315=DIRECTION('ref_axis',(1.,0.,0.));
#3316=DIRECTION('center_axis',(0.,0.,-1.));
#3317=DIRECTION('ref_axis',(-0.866025403784439,0.5,0.));
#3318=DIRECTION('',(0.5,0.866025403784439,0.));
#3319=DIRECTION('center_axis',(0.,0.,-1.));
#3320=DIRECTION('ref_axis',(0.866025403784439,0.5,0.));
#3321=DIRECTION('',(0.5,-0.866025403784439,0.));
#3322=DIRECTION('center_axis',(0.,0.,-1.));
#3323=DIRECTION('ref_axis',(2.84217094304039E-15,-1.,0.));
#3324=DIRECTION('',(-1.,-1.23188105868286E-16,0.));
#3325=DIRECTION('center_axis',(0.,0.,1.));
#3326=DIRECTION('ref_axis',(1.,0.,0.));
#3327=DIRECTION('center_axis',(0.,0.,1.));
#3328=DIRECTION('ref_axis',(1.,0.,0.));
#3329=DIRECTION('center_axis',(0.,0.,1.));
#3330=DIRECTION('ref_axis',(1.,0.,0.));
#3331=DIRECTION('center_axis',(0.,0.,1.));
#3332=DIRECTION('ref_axis',(1.,0.,0.));
#3333=DIRECTION('',(-6.93889390390723E-17,1.,0.));
#3334=DIRECTION('',(-1.,5.55111512312578E-16,0.));
#3335=DIRECTION('',(-6.93889390390723E-17,-1.,0.));
#3336=DIRECTION('',(1.,0.,0.));
#3337=DIRECTION('center_axis',(0.,0.,1.));
#3338=DIRECTION('ref_axis',(1.,0.,0.));
#3339=DIRECTION('center_axis',(0.,0.,1.));
#3340=DIRECTION('ref_axis',(1.,0.,0.));
#3341=DIRECTION('center_axis',(0.,0.,1.));
#3342=DIRECTION('ref_axis',(0.500000000000092,0.866025403784386,-4.79265607937455E-15));
#3343=DIRECTION('center_axis',(0.,0.,1.));
#3344=DIRECTION('ref_axis',(-1.,0.,0.));
#3345=DIRECTION('center_axis',(0.,0.,1.));
#3346=DIRECTION('ref_axis',(-1.,0.,0.));
#3347=DIRECTION('center_axis',(0.,0.,1.));
#3348=DIRECTION('ref_axis',(-0.500000000000092,0.866025403784386,-4.79265607937454E-15));
#3349=DIRECTION('center_axis',(0.,0.,1.));
#3350=DIRECTION('ref_axis',(-0.500000000000092,0.866025403784386,-4.79265607937454E-15));
#3351=DIRECTION('',(-0.866025403784434,0.500000000000009,0.));
#3352=DIRECTION('',(-0.499999999999994,-0.866025403784442,0.));
#3353=DIRECTION('',(0.866025403784433,-0.50000000000001,0.));
#3354=DIRECTION('',(0.499999999999994,0.866025403784442,0.));
#3355=DIRECTION('',(-0.866025403784434,-0.500000000000009,0.));
#3356=DIRECTION('',(0.499999999999994,-0.866025403784442,0.));
#3357=DIRECTION('',(0.866025403784433,0.50000000000001,0.));
#3358=DIRECTION('',(-0.499999999999994,0.866025403784442,0.));
#3359=DIRECTION('center_axis',(0.,0.,1.));
#3360=DIRECTION('ref_axis',(0.500000000000092,0.866025403784386,-4.79265607937455E-15));
#3361=DIRECTION('center_axis',(0.,-4.13590306276514E-25,1.));
#3362=DIRECTION('ref_axis',(-1.,0.,0.));
#3363=DIRECTION('',(0.866025403785867,0.499999999997527,2.06795153137234E-25));
#3364=DIRECTION('center_axis',(0.,4.13590306276514E-25,-1.));
#3365=DIRECTION('ref_axis',(-0.500000000159675,0.86602540369225,0.));
#3366=DIRECTION('',(-0.866025403789385,-0.499999999991432,-2.06795153134713E-25));
#3367=DIRECTION('center_axis',(0.,4.13590306276514E-25,-1.));
#3368=DIRECTION('ref_axis',(0.500000000025372,-0.86602540376979,0.));
#3369=DIRECTION('',(-0.866025403783222,-0.500000000002107,-2.06795153139128E-25));
#3370=DIRECTION('center_axis',(0.,4.13590306276514E-25,-1.));
#3371=DIRECTION('ref_axis',(0.500000000149107,-0.866025403698352,0.));
#3372=DIRECTION('',(0.866025403785659,0.499999999997886,2.06795153137383E-25));
#3373=DIRECTION('center_axis',(0.,4.13590306276514E-25,-1.));
#3374=DIRECTION('ref_axis',(-0.500000000008335,0.866025403779626,0.));
#3375=DIRECTION('center_axis',(0.500000000002107,-0.866025403783223,0.));
#3376=DIRECTION('ref_axis',(-0.866025403783222,-0.500000000002107,-2.06795153139128E-25));
#3377=DIRECTION('',(0.,0.,-1.));
#3378=DIRECTION('',(-0.866025403783222,-0.500000000002107,0.));
#3379=DIRECTION('',(0.,0.,-1.));
#3380=DIRECTION('center_axis',(0.,0.,-1.));
#3381=DIRECTION('ref_axis',(-0.500000000008335,0.866025403779626,0.));
#3382=DIRECTION('',(0.,0.,-1.));
#3383=DIRECTION('center_axis',(0.,0.,-1.));
#3384=DIRECTION('ref_axis',(-0.500000000008335,0.866025403779626,0.));
#3385=DIRECTION('center_axis',(-0.499999999997527,0.866025403785867,0.));
#3386=DIRECTION('ref_axis',(0.866025403785867,0.499999999997527,2.06795153137234E-25));
#3387=DIRECTION('',(0.,0.,-1.));
#3388=DIRECTION('',(0.866025403785867,0.499999999997527,0.));
#3389=DIRECTION('',(0.,0.,-1.));
#3390=DIRECTION('center_axis',(0.,0.,-1.));
#3391=DIRECTION('ref_axis',(0.500000000025372,-0.86602540376979,0.));
#3392=DIRECTION('',(0.,0.,-1.));
#3393=DIRECTION('center_axis',(0.,0.,-1.));
#3394=DIRECTION('ref_axis',(0.500000000025372,-0.86602540376979,0.));
#3395=DIRECTION('center_axis',(0.,0.,-1.));
#3396=DIRECTION('ref_axis',(0.500000000149107,-0.866025403698352,0.));
#3397=DIRECTION('center_axis',(0.,0.,-1.));
#3398=DIRECTION('ref_axis',(0.500000000149107,-0.866025403698352,0.));
#3399=DIRECTION('',(0.,0.,-1.));
#3400=DIRECTION('center_axis',(-0.499999999997886,0.866025403785659,0.));
#3401=DIRECTION('ref_axis',(0.866025403785659,0.499999999997886,2.06795153137383E-25));
#3402=DIRECTION('',(0.866025403785659,0.499999999997886,0.));
#3403=DIRECTION('center_axis',(0.,0.,-1.));
#3404=DIRECTION('ref_axis',(-0.500000000159675,0.86602540369225,0.));
#3405=DIRECTION('center_axis',(0.,0.,-1.));
#3406=DIRECTION('ref_axis',(-0.500000000159675,0.86602540369225,0.));
#3407=DIRECTION('',(0.,0.,-1.));
#3408=DIRECTION('center_axis',(0.499999999991432,-0.866025403789385,0.));
#3409=DIRECTION('ref_axis',(-0.866025403789385,-0.499999999991432,-2.06795153134713E-25));
#3410=DIRECTION('',(-0.866025403789385,-0.499999999991432,0.));
#3411=DIRECTION('center_axis',(0.500000000000009,-0.866025403784434,0.));
#3412=DIRECTION('ref_axis',(0.866025403784434,0.500000000000009,0.));
#3413=DIRECTION('',(0.,0.,1.));
#3414=DIRECTION('',(0.866025403784434,0.500000000000009,0.));
#3415=DIRECTION('',(0.,0.,1.));
#3416=DIRECTION('center_axis',(0.866025403784442,0.499999999999994,0.));
#3417=DIRECTION('ref_axis',(-0.499999999999994,0.866025403784442,0.));
#3418=DIRECTION('',(-0.499999999999994,0.866025403784442,0.));
#3419=DIRECTION('',(0.,0.,1.));
#3420=DIRECTION('center_axis',(-0.50000000000001,0.866025403784433,0.));
#3421=DIRECTION('ref_axis',(-0.866025403784433,-0.50000000000001,0.));
#3422=DIRECTION('',(-0.866025403784433,-0.50000000000001,0.));
#3423=DIRECTION('',(0.,0.,1.));
#3424=DIRECTION('center_axis',(-0.866025403784442,-0.499999999999994,0.));
#3425=DIRECTION('ref_axis',(0.499999999999994,-0.866025403784442,0.));
#3426=DIRECTION('',(0.499999999999994,-0.866025403784442,0.));
#3427=DIRECTION('center_axis',(0.,0.,-1.));
#3428=DIRECTION('ref_axis',(-1.,0.,0.));
#3429=DIRECTION('center_axis',(0.500000000000009,0.866025403784434,0.));
#3430=DIRECTION('ref_axis',(-0.866025403784434,0.500000000000009,0.));
#3431=DIRECTION('',(0.,0.,1.));
#3432=DIRECTION('',(-0.866025403784434,0.500000000000009,0.));
#3433=DIRECTION('',(0.,0.,1.));
#3434=DIRECTION('center_axis',(0.866025403784442,-0.499999999999994,0.));
#3435=DIRECTION('ref_axis',(0.499999999999994,0.866025403784442,0.));
#3436=DIRECTION('',(0.,0.,1.));
#3437=DIRECTION('',(0.499999999999994,0.866025403784442,0.));
#3438=DIRECTION('center_axis',(-0.50000000000001,-0.866025403784433,0.));
#3439=DIRECTION('ref_axis',(0.866025403784433,-0.50000000000001,0.));
#3440=DIRECTION('',(0.,0.,1.));
#3441=DIRECTION('',(0.866025403784433,-0.50000000000001,0.));
#3442=DIRECTION('center_axis',(-0.866025403784442,0.499999999999994,0.));
#3443=DIRECTION('ref_axis',(-0.499999999999994,-0.866025403784442,0.));
#3444=DIRECTION('',(-0.499999999999994,-0.866025403784442,0.));
#3445=DIRECTION('center_axis',(0.,0.,1.));
#3446=DIRECTION('ref_axis',(1.,0.,0.));
#3447=DIRECTION('center_axis',(4.79265607937454E-15,8.30112383268158E-15,
1.));
#3448=DIRECTION('ref_axis',(-0.500000000000092,0.866025403784386,-4.79265607937454E-15));
#3449=DIRECTION('',(4.79265607937454E-15,8.30112383268158E-15,1.));
#3450=DIRECTION('center_axis',(4.79265607937454E-15,8.30112383268158E-15,
1.));
#3451=DIRECTION('ref_axis',(-0.500000000000092,0.866025403784386,-4.79265607937454E-15));
#3452=DIRECTION('center_axis',(-4.79265607937454E-15,-8.30112383268158E-15,
-1.));
#3453=DIRECTION('ref_axis',(-0.500000000000092,0.866025403784386,-4.79265607937454E-15));
#3454=DIRECTION('center_axis',(-4.79265607937454E-15,-8.30112383268158E-15,
-1.));
#3455=DIRECTION('ref_axis',(0.500000000000092,-0.866025403784386,4.79265607937454E-15));
#3456=DIRECTION('center_axis',(4.79265607937454E-15,8.30112383268158E-15,
1.));
#3457=DIRECTION('ref_axis',(-0.500000000000092,0.866025403784386,-4.79265607937454E-15));
#3458=DIRECTION('',(4.79265607937454E-15,8.30112383268158E-15,1.));
#3459=DIRECTION('center_axis',(4.79265607937454E-15,8.30112383268158E-15,
1.));
#3460=DIRECTION('ref_axis',(-0.500000000000092,0.866025403784386,-4.79265607937454E-15));
#3461=DIRECTION('center_axis',(-4.79265607937454E-15,-8.30112383268158E-15,
-1.));
#3462=DIRECTION('ref_axis',(-0.500000000000092,0.866025403784386,-4.79265607937454E-15));
#3463=DIRECTION('center_axis',(-4.79265607937454E-15,-8.30112383268158E-15,
-1.));
#3464=DIRECTION('ref_axis',(0.500000000000092,-0.866025403784386,4.79265607937454E-15));
#3465=DIRECTION('center_axis',(-4.79265607937454E-15,-8.30112383268158E-15,
-1.));
#3466=DIRECTION('ref_axis',(0.500000000000092,-0.866025403784386,4.79265607937454E-15));
#3467=DIRECTION('center_axis',(0.,0.,-1.));
#3468=DIRECTION('ref_axis',(0.500000000000092,-0.866025403784386,4.79265607937454E-15));
#3469=DIRECTION('',(-4.79265607937454E-15,-8.30112383268158E-15,-1.));
#3470=DIRECTION('center_axis',(-4.79265607937454E-15,-8.30112383268158E-15,
-1.));
#3471=DIRECTION('ref_axis',(0.500000000000092,-0.866025403784386,4.79265607937454E-15));
#3472=DIRECTION('center_axis',(0.,0.,-1.));
#3473=DIRECTION('ref_axis',(0.500000000000092,-0.866025403784386,4.79265607937454E-15));
#3474=DIRECTION('',(-4.79265607937454E-15,-8.30112383268158E-15,-1.));
#3475=DIRECTION('center_axis',(0.,0.,-1.));
#3476=DIRECTION('ref_axis',(-1.,0.,0.));
#3477=DIRECTION('',(0.,0.,1.));
#3478=DIRECTION('center_axis',(0.,0.,-1.));
#3479=DIRECTION('ref_axis',(-1.,0.,0.));
#3480=DIRECTION('center_axis',(0.,0.,1.));
#3481=DIRECTION('ref_axis',(-1.,0.,0.));
#3482=DIRECTION('center_axis',(0.,0.,-1.));
#3483=DIRECTION('ref_axis',(1.,0.,0.));
#3484=DIRECTION('center_axis',(0.,0.,-1.));
#3485=DIRECTION('ref_axis',(-1.,0.,0.));
#3486=DIRECTION('',(0.,0.,1.));
#3487=DIRECTION('center_axis',(0.,0.,-1.));
#3488=DIRECTION('ref_axis',(-1.,0.,0.));
#3489=DIRECTION('center_axis',(0.,0.,1.));
#3490=DIRECTION('ref_axis',(-1.,0.,0.));
#3491=DIRECTION('center_axis',(0.,0.,-1.));
#3492=DIRECTION('ref_axis',(1.,0.,0.));
#3493=DIRECTION('center_axis',(0.,0.,1.));
#3494=DIRECTION('ref_axis',(1.,0.,0.));
#3495=DIRECTION('center_axis',(0.,0.,-1.));
#3496=DIRECTION('ref_axis',(1.,0.,0.));
#3497=DIRECTION('',(0.,0.,-1.));
#3498=DIRECTION('center_axis',(0.,0.,1.));
#3499=DIRECTION('ref_axis',(1.,0.,0.));
#3500=DIRECTION('center_axis',(0.,0.,-1.));
#3501=DIRECTION('ref_axis',(1.,0.,0.));
#3502=DIRECTION('',(0.,0.,-1.));
#3503=DIRECTION('center_axis',(4.79265607937454E-15,-8.30112383268158E-15,
-1.));
#3504=DIRECTION('ref_axis',(0.500000000000092,0.866025403784386,-4.79265607937455E-15));
#3505=DIRECTION('',(-4.79265607937454E-15,8.30112383268158E-15,1.));
#3506=DIRECTION('center_axis',(4.79265607937454E-15,-8.30112383268158E-15,
-1.));
#3507=DIRECTION('ref_axis',(0.500000000000092,0.866025403784386,-4.79265607937455E-15));
#3508=DIRECTION('center_axis',(-4.79265607937454E-15,8.30112383268158E-15,
1.));
#3509=DIRECTION('ref_axis',(0.500000000000092,0.866025403784386,-4.79265607937455E-15));
#3510=DIRECTION('center_axis',(4.79265607937454E-15,-8.30112383268158E-15,
-1.));
#3511=DIRECTION('ref_axis',(-0.500000000000092,-0.866025403784386,4.79265607937454E-15));
#3512=DIRECTION('center_axis',(4.79265607937454E-15,-8.30112383268158E-15,
-1.));
#3513=DIRECTION('ref_axis',(0.500000000000092,0.866025403784386,-4.79265607937455E-15));
#3514=DIRECTION('',(-4.79265607937454E-15,8.30112383268158E-15,1.));
#3515=DIRECTION('center_axis',(4.79265607937454E-15,-8.30112383268158E-15,
-1.));
#3516=DIRECTION('ref_axis',(0.500000000000092,0.866025403784386,-4.79265607937455E-15));
#3517=DIRECTION('center_axis',(-4.79265607937454E-15,8.30112383268158E-15,
1.));
#3518=DIRECTION('ref_axis',(0.500000000000092,0.866025403784386,-4.79265607937455E-15));
#3519=DIRECTION('center_axis',(4.79265607937454E-15,-8.30112383268158E-15,
-1.));
#3520=DIRECTION('ref_axis',(-0.500000000000092,-0.866025403784386,4.79265607937454E-15));
#3521=DIRECTION('center_axis',(-4.79265607937454E-15,8.30112383268158E-15,
1.));
#3522=DIRECTION('ref_axis',(-0.500000000000092,-0.866025403784386,4.79265607937454E-15));
#3523=DIRECTION('center_axis',(0.,0.,-1.));
#3524=DIRECTION('ref_axis',(-0.500000000000092,-0.866025403784386,4.79265607937454E-15));
#3525=DIRECTION('',(4.79265607937454E-15,-8.30112383268158E-15,-1.));
#3526=DIRECTION('center_axis',(-4.79265607937454E-15,8.30112383268158E-15,
1.));
#3527=DIRECTION('ref_axis',(-0.500000000000092,-0.866025403784386,4.79265607937454E-15));
#3528=DIRECTION('center_axis',(0.,0.,-1.));
#3529=DIRECTION('ref_axis',(-0.500000000000092,-0.866025403784386,4.79265607937454E-15));
#3530=DIRECTION('',(4.79265607937454E-15,-8.30112383268158E-15,-1.));
#3531=DIRECTION('center_axis',(0.,0.,1.));
#3532=DIRECTION('ref_axis',(1.,0.,0.));
#3533=DIRECTION('',(0.,0.,1.));
#3534=DIRECTION('center_axis',(0.,0.,1.));
#3535=DIRECTION('ref_axis',(1.,0.,0.));
#3536=DIRECTION('center_axis',(0.,0.,-1.));
#3537=DIRECTION('ref_axis',(1.,0.,0.));
#3538=DIRECTION('center_axis',(0.,0.,-1.));
#3539=DIRECTION('ref_axis',(-1.,0.,0.));
#3540=DIRECTION('center_axis',(0.,0.,1.));
#3541=DIRECTION('ref_axis',(1.,0.,0.));
#3542=DIRECTION('',(0.,0.,1.));
#3543=DIRECTION('center_axis',(0.,0.,1.));
#3544=DIRECTION('ref_axis',(1.,0.,0.));
#3545=DIRECTION('center_axis',(0.,0.,-1.));
#3546=DIRECTION('ref_axis',(1.,0.,0.));
#3547=DIRECTION('center_axis',(0.,0.,-1.));
#3548=DIRECTION('ref_axis',(-1.,0.,0.));
#3549=DIRECTION('center_axis',(0.,0.,-1.));
#3550=DIRECTION('ref_axis',(-1.,0.,0.));
#3551=DIRECTION('center_axis',(0.,0.,-1.));
#3552=DIRECTION('ref_axis',(-1.,0.,0.));
#3553=DIRECTION('',(0.,0.,-1.));
#3554=DIRECTION('center_axis',(0.,0.,-1.));
#3555=DIRECTION('ref_axis',(-1.,0.,0.));
#3556=DIRECTION('center_axis',(0.,0.,-1.));
#3557=DIRECTION('ref_axis',(-1.,0.,0.));
#3558=DIRECTION('',(0.,0.,-1.));
#3559=DIRECTION('',(0.,0.,-1.));
#3560=DIRECTION('',(0.,0.,-1.));
#3561=DIRECTION('',(0.,0.,-1.));
#3562=DIRECTION('',(0.,0.,-1.));
#3563=DIRECTION('',(0.,0.,-1.));
#3564=DIRECTION('',(0.,0.,-1.));
#3565=DIRECTION('',(0.,0.,-1.));
#3566=DIRECTION('',(0.,0.,-1.));
#3567=DIRECTION('',(0.,0.,-1.));
#3568=DIRECTION('',(0.,0.,-1.));
#3569=DIRECTION('',(0.,0.,-1.));
#3570=DIRECTION('',(0.,0.,-1.));
#3571=DIRECTION('',(0.,0.,-1.));
#3572=DIRECTION('',(0.,0.,-1.));
#3573=DIRECTION('',(0.,0.,-1.));
#3574=DIRECTION('',(0.,0.,-1.));
#3575=DIRECTION('',(0.,0.,-1.));
#3576=DIRECTION('',(0.,0.,-1.));
#3577=DIRECTION('center_axis',(0.,0.,1.));
#3578=DIRECTION('ref_axis',(-1.,0.,0.));
#3579=DIRECTION('center_axis',(-0.966512467162292,0.256619661795154,0.));
#3580=DIRECTION('ref_axis',(0.256619661795154,0.966512467162292,0.));
#3581=DIRECTION('',(0.256619661795154,0.966512467162292,0.));
#3582=DIRECTION('',(0.,0.,-1.));
#3583=DIRECTION('',(0.256619661795154,0.966512467162292,0.));
#3584=DIRECTION('',(0.,0.,-1.));
#3585=DIRECTION('center_axis',(0.966293463755111,0.257443084786037,0.));
#3586=DIRECTION('ref_axis',(0.257443084786037,-0.966293463755111,0.));
#3587=DIRECTION('',(0.257443084786037,-0.966293463755111,0.));
#3588=DIRECTION('',(0.,0.,-1.));
#3589=DIRECTION('',(0.257443084786037,-0.966293463755111,0.));
#3590=DIRECTION('center_axis',(0.,1.,0.));
#3591=DIRECTION('ref_axis',(1.,0.,0.));
#3592=DIRECTION('',(1.,0.,0.));
#3593=DIRECTION('',(0.,0.,-1.));
#3594=DIRECTION('',(1.,0.,0.));
#3595=DIRECTION('center_axis',(-0.971758044765243,0.235979453414977,0.));
#3596=DIRECTION('ref_axis',(0.235979453414977,0.971758044765243,0.));
#3597=DIRECTION('',(0.235979453414977,0.971758044765243,0.));
#3598=DIRECTION('',(0.,0.,-1.));
#3599=DIRECTION('',(0.235979453414977,0.971758044765243,0.));
#3600=DIRECTION('center_axis',(0.,-1.,0.));
#3601=DIRECTION('ref_axis',(-1.,0.,0.));
#3602=DIRECTION('',(-1.,0.,0.));
#3603=DIRECTION('',(0.,0.,-1.));
#3604=DIRECTION('',(-1.,0.,0.));
#3605=DIRECTION('center_axis',(0.976700486512513,-0.214606988810289,0.));
#3606=DIRECTION('ref_axis',(-0.214606988810289,-0.976700486512513,0.));
#3607=DIRECTION('',(-0.214606988810289,-0.976700486512513,0.));
#3608=DIRECTION('',(0.,0.,-1.));
#3609=DIRECTION('',(-0.214606988810289,-0.976700486512513,0.));
#3610=DIRECTION('center_axis',(-0.969919232152724,-0.243426956396103,0.));
#3611=DIRECTION('ref_axis',(-0.243426956396103,0.969919232152724,0.));
#3612=DIRECTION('',(-0.243426956396103,0.969919232152724,0.));
#3613=DIRECTION('',(0.,0.,-1.));
#3614=DIRECTION('',(-0.243426956396103,0.969919232152724,0.));
#3615=DIRECTION('center_axis',(0.,-1.,0.));
#3616=DIRECTION('ref_axis',(-1.,0.,0.));
#3617=DIRECTION('',(-1.,0.,0.));
#3618=DIRECTION('',(0.,0.,-1.));
#3619=DIRECTION('',(-1.,0.,0.));
#3620=DIRECTION('center_axis',(0.966362250168012,-0.257184761310263,0.));
#3621=DIRECTION('ref_axis',(-0.257184761310263,-0.966362250168012,0.));
#3622=DIRECTION('',(-0.257184761310263,-0.966362250168012,0.));
#3623=DIRECTION('',(0.,0.,-1.));
#3624=DIRECTION('',(-0.257184761310263,-0.966362250168012,0.));
#3625=DIRECTION('center_axis',(-0.976754253399893,-0.214362143265126,0.));
#3626=DIRECTION('ref_axis',(-0.214362143265126,0.976754253399893,0.));
#3627=DIRECTION('',(-0.214362143265126,0.976754253399893,0.));
#3628=DIRECTION('',(0.,0.,-1.));
#3629=DIRECTION('',(-0.214362143265126,0.976754253399893,0.));
#3630=DIRECTION('center_axis',(0.,-1.,0.));
#3631=DIRECTION('ref_axis',(-1.,0.,0.));
#3632=DIRECTION('',(-1.,0.,0.));
#3633=DIRECTION('',(0.,0.,-1.));
#3634=DIRECTION('',(-1.,0.,0.));
#3635=DIRECTION('center_axis',(0.972663653142143,0.232218470101286,0.));
#3636=DIRECTION('ref_axis',(0.232218470101286,-0.972663653142143,0.));
#3637=DIRECTION('',(0.232218470101286,-0.972663653142143,0.));
#3638=DIRECTION('',(0.,0.,-1.));
#3639=DIRECTION('',(0.232218470101286,-0.972663653142143,0.));
#3640=DIRECTION('center_axis',(0.,1.,0.));
#3641=DIRECTION('ref_axis',(1.,0.,0.));
#3642=DIRECTION('',(1.,0.,0.));
#3643=DIRECTION('',(1.,0.,0.));
#3644=DIRECTION('center_axis',(0.,0.,-1.));
#3645=DIRECTION('ref_axis',(-1.,0.,0.));
#3646=DIRECTION('center_axis',(-0.707106781186548,-0.707106781186547,0.));
#3647=DIRECTION('ref_axis',(-0.707106781186547,0.707106781186548,0.));
#3648=DIRECTION('',(-0.707106781186547,0.707106781186548,0.));
#3649=DIRECTION('',(0.,0.,-1.));
#3650=DIRECTION('',(-0.707106781186547,0.707106781186548,0.));
#3651=DIRECTION('',(0.,0.,-1.));
#3652=DIRECTION('center_axis',(0.928476690885259,0.371390676354104,0.));
#3653=DIRECTION('ref_axis',(0.371390676354104,-0.928476690885259,0.));
#3654=DIRECTION('',(0.371390676354104,-0.928476690885259,0.));
#3655=DIRECTION('',(0.,0.,-1.));
#3656=DIRECTION('',(0.371390676354104,-0.928476690885259,0.));
#3657=DIRECTION('center_axis',(-0.928476690885259,0.371390676354104,0.));
#3658=DIRECTION('ref_axis',(0.371390676354104,0.928476690885259,0.));
#3659=DIRECTION('',(0.371390676354104,0.928476690885259,0.));
#3660=DIRECTION('',(0.,0.,-1.));
#3661=DIRECTION('',(0.371390676354104,0.928476690885259,0.));
#3662=DIRECTION('center_axis',(0.707106781186547,-0.707106781186548,0.));
#3663=DIRECTION('ref_axis',(-0.707106781186548,-0.707106781186547,0.));
#3664=DIRECTION('',(-0.707106781186548,-0.707106781186547,0.));
#3665=DIRECTION('',(-0.707106781186548,-0.707106781186547,0.));
#3666=DIRECTION('center_axis',(0.,0.,-1.));
#3667=DIRECTION('ref_axis',(-1.,0.,0.));
#3668=DIRECTION('center_axis',(-0.707106781186547,0.707106781186548,0.));
#3669=DIRECTION('ref_axis',(0.707106781186548,0.707106781186547,0.));
#3670=DIRECTION('',(0.707106781186548,0.707106781186547,0.));
#3671=DIRECTION('',(0.,0.,-1.));
#3672=DIRECTION('',(0.707106781186548,0.707106781186547,0.));
#3673=DIRECTION('',(0.,0.,-1.));
#3674=DIRECTION('center_axis',(0.371390676354103,-0.92847669088526,0.));
#3675=DIRECTION('ref_axis',(-0.928476690885259,-0.371390676354103,0.));
#3676=DIRECTION('',(-0.928476690885259,-0.371390676354103,0.));
#3677=DIRECTION('',(0.,0.,-1.));
#3678=DIRECTION('',(-0.928476690885259,-0.371390676354103,0.));
#3679=DIRECTION('center_axis',(0.371390676354104,0.928476690885259,0.));
#3680=DIRECTION('ref_axis',(0.928476690885259,-0.371390676354104,0.));
#3681=DIRECTION('',(0.928476690885259,-0.371390676354104,0.));
#3682=DIRECTION('',(0.,0.,-1.));
#3683=DIRECTION('',(0.928476690885259,-0.371390676354104,0.));
#3684=DIRECTION('center_axis',(-0.707106781186548,-0.707106781186547,0.));
#3685=DIRECTION('ref_axis',(-0.707106781186547,0.707106781186548,0.));
#3686=DIRECTION('',(-0.707106781186547,0.707106781186548,0.));
#3687=DIRECTION('',(-0.707106781186547,0.707106781186548,0.));
#3688=DIRECTION('center_axis',(0.,0.,-1.));
#3689=DIRECTION('ref_axis',(-1.,0.,0.));
#3690=DIRECTION('center_axis',(0.707106781186548,0.707106781186548,0.));
#3691=DIRECTION('ref_axis',(0.707106781186548,-0.707106781186548,0.));
#3692=DIRECTION('',(0.707106781186548,-0.707106781186548,0.));
#3693=DIRECTION('',(0.,0.,-1.));
#3694=DIRECTION('',(0.707106781186548,-0.707106781186548,0.));
#3695=DIRECTION('',(0.,0.,-1.));
#3696=DIRECTION('center_axis',(-0.928476690885259,-0.371390676354104,0.));
#3697=DIRECTION('ref_axis',(-0.371390676354104,0.928476690885259,0.));
#3698=DIRECTION('',(-0.371390676354104,0.928476690885259,0.));
#3699=DIRECTION('',(0.,0.,-1.));
#3700=DIRECTION('',(-0.371390676354104,0.928476690885259,0.));
#3701=DIRECTION('center_axis',(0.928476690885259,-0.371390676354104,0.));
#3702=DIRECTION('ref_axis',(-0.371390676354104,-0.928476690885259,0.));
#3703=DIRECTION('',(-0.371390676354104,-0.928476690885259,0.));
#3704=DIRECTION('',(0.,0.,-1.));
#3705=DIRECTION('',(-0.371390676354104,-0.928476690885259,0.));
#3706=DIRECTION('center_axis',(-0.707106781186548,0.707106781186548,0.));
#3707=DIRECTION('ref_axis',(0.707106781186548,0.707106781186548,0.));
#3708=DIRECTION('',(0.707106781186548,0.707106781186548,0.));
#3709=DIRECTION('',(0.707106781186548,0.707106781186548,0.));
#3710=DIRECTION('center_axis',(0.,0.,-1.));
#3711=DIRECTION('ref_axis',(-1.,0.,0.));
#3712=DIRECTION('center_axis',(0.707106781186548,-0.707106781186548,0.));
#3713=DIRECTION('ref_axis',(-0.707106781186548,-0.707106781186548,0.));
#3714=DIRECTION('',(-0.707106781186548,-0.707106781186548,0.));
#3715=DIRECTION('',(0.,0.,-1.));
#3716=DIRECTION('',(-0.707106781186547,-0.707106781186547,0.));
#3717=DIRECTION('',(0.,0.,-1.));
#3718=DIRECTION('center_axis',(-0.371390676354103,0.92847669088526,0.));
#3719=DIRECTION('ref_axis',(0.92847669088526,0.371390676354103,0.));
#3720=DIRECTION('',(0.92847669088526,0.371390676354103,0.));
#3721=DIRECTION('',(0.,0.,-1.));
#3722=DIRECTION('',(0.92847669088526,0.371390676354103,0.));
#3723=DIRECTION('center_axis',(-0.371390676354104,-0.928476690885259,0.));
#3724=DIRECTION('ref_axis',(-0.928476690885259,0.371390676354104,0.));
#3725=DIRECTION('',(-0.928476690885259,0.371390676354104,0.));
#3726=DIRECTION('',(0.,0.,-1.));
#3727=DIRECTION('',(-0.928476690885259,0.371390676354104,0.));
#3728=DIRECTION('center_axis',(0.707106781186548,0.707106781186548,0.));
#3729=DIRECTION('ref_axis',(0.707106781186548,-0.707106781186548,0.));
#3730=DIRECTION('',(0.707106781186548,-0.707106781186548,0.));
#3731=DIRECTION('',(0.707106781186547,-0.707106781186547,0.));
#3732=DIRECTION('center_axis',(0.,0.,-1.));
#3733=DIRECTION('ref_axis',(-1.,0.,0.));
#3734=DIRECTION('',(0.,0.,-1.));
#3735=DIRECTION('',(0.,0.,-1.));
#3736=DIRECTION('',(0.,0.,-1.));
#3737=DIRECTION('',(0.,0.,-1.));
#3738=DIRECTION('',(0.,0.,-1.));
#3739=DIRECTION('',(0.,0.,-1.));
#3740=DIRECTION('',(0.,0.,-1.));
#3741=DIRECTION('',(0.,0.,-1.));
#3742=DIRECTION('',(0.,0.,-1.));
#3743=DIRECTION('',(0.,0.,-1.));
#3744=DIRECTION('',(0.,0.,-1.));
#3745=DIRECTION('',(0.,0.,-1.));
#3746=DIRECTION('',(0.,0.,-1.));
#3747=DIRECTION('',(0.,0.,-1.));
#3748=DIRECTION('center_axis',(-0.043876704665781,0.999036953664714,0.));
#3749=DIRECTION('ref_axis',(0.999036953664714,0.043876704665781,1.2772008734615E-16));
#3750=DIRECTION('',(0.999036953664714,0.043876704665781,0.));
#3751=DIRECTION('',(0.,0.,-1.));
#3752=DIRECTION('',(0.999036953664714,0.043876704665781,1.2772008734615E-16));
#3753=DIRECTION('',(0.,0.,-1.));
#3754=DIRECTION('',(0.,0.,-1.));
#3755=DIRECTION('',(0.,0.,-1.));
#3756=DIRECTION('',(0.,0.,-1.));
#3757=DIRECTION('',(0.,0.,-1.));
#3758=DIRECTION('',(0.,0.,-1.));
#3759=DIRECTION('',(0.,0.,-1.));
#3760=DIRECTION('',(0.,0.,-1.));
#3761=DIRECTION('',(0.,0.,-1.));
#3762=DIRECTION('',(0.,0.,-1.));
#3763=DIRECTION('',(0.,0.,-1.));
#3764=DIRECTION('',(0.,0.,-1.));
#3765=DIRECTION('',(0.,0.,-1.));
#3766=DIRECTION('',(0.,0.,-1.));
#3767=DIRECTION('center_axis',(0.0967659875640739,-0.995307160453872,0.));
#3768=DIRECTION('ref_axis',(-0.995307160453872,-0.0967659875640739,-1.33740388515495E-16));
#3769=DIRECTION('',(-0.995307160453872,-0.0967659875640739,0.));
#3770=DIRECTION('',(0.,0.,-1.));
#3771=DIRECTION('',(-0.995307160453872,-0.0967659875640739,-1.33740388515495E-16));
#3772=DIRECTION('center_axis',(-1.27967513585892E-15,-6.82449174703519E-16,
1.));
#3773=DIRECTION('ref_axis',(-1.,0.,-1.27967513585892E-15));
#3774=DIRECTION('center_axis',(-1.,0.,0.));
#3775=DIRECTION('ref_axis',(0.,1.,0.));
#3776=DIRECTION('',(0.,1.,0.));
#3777=DIRECTION('',(0.,0.,-1.));
#3778=DIRECTION('',(0.,1.,0.));
#3779=DIRECTION('',(0.,0.,-1.));
#3780=DIRECTION('center_axis',(0.850587338040109,0.525833795382002,0.));
#3781=DIRECTION('ref_axis',(0.525833795382002,-0.850587338040109,0.));
#3782=DIRECTION('',(0.525833795382002,-0.850587338040109,0.));
#3783=DIRECTION('',(0.,0.,-1.));
#3784=DIRECTION('',(0.525833795382002,-0.850587338040109,0.));
#3785=DIRECTION('center_axis',(0.,1.,0.));
#3786=DIRECTION('ref_axis',(1.,0.,0.));
#3787=DIRECTION('',(1.,0.,0.));
#3788=DIRECTION('',(0.,0.,-1.));
#3789=DIRECTION('',(1.,0.,0.));
#3790=DIRECTION('center_axis',(-1.,0.,0.));
#3791=DIRECTION('ref_axis',(0.,1.,0.));
#3792=DIRECTION('',(0.,1.,0.));
#3793=DIRECTION('',(0.,0.,-1.));
#3794=DIRECTION('',(0.,1.,0.));
#3795=DIRECTION('center_axis',(0.,-1.,0.));
#3796=DIRECTION('ref_axis',(-1.,0.,0.));
#3797=DIRECTION('',(-1.,0.,0.));
#3798=DIRECTION('',(0.,0.,-1.));
#3799=DIRECTION('',(-1.,0.,0.));
#3800=DIRECTION('center_axis',(1.,0.,0.));
#3801=DIRECTION('ref_axis',(0.,-1.,0.));
#3802=DIRECTION('',(0.,-1.,0.));
#3803=DIRECTION('',(0.,0.,-1.));
#3804=DIRECTION('',(0.,-1.,0.));
#3805=DIRECTION('center_axis',(-0.852613768143423,-0.522541636974771,0.));
#3806=DIRECTION('ref_axis',(-0.522541636974771,0.852613768143423,0.));
#3807=DIRECTION('',(-0.522541636974771,0.852613768143423,0.));
#3808=DIRECTION('',(0.,0.,-1.));
#3809=DIRECTION('',(-0.522541636974771,0.852613768143423,0.));
#3810=DIRECTION('center_axis',(0.,-1.,0.));
#3811=DIRECTION('ref_axis',(-1.,0.,0.));
#3812=DIRECTION('',(-1.,0.,0.));
#3813=DIRECTION('',(0.,0.,-1.));
#3814=DIRECTION('',(-1.,0.,0.));
#3815=DIRECTION('center_axis',(1.,0.,0.));
#3816=DIRECTION('ref_axis',(0.,-1.,0.));
#3817=DIRECTION('',(0.,-1.,0.));
#3818=DIRECTION('',(0.,0.,-1.));
#3819=DIRECTION('',(0.,-1.,0.));
#3820=DIRECTION('center_axis',(0.,1.,0.));
#3821=DIRECTION('ref_axis',(1.,0.,0.));
#3822=DIRECTION('',(1.,0.,0.));
#3823=DIRECTION('',(1.,0.,0.));
#3824=DIRECTION('center_axis',(0.,0.,-1.));
#3825=DIRECTION('ref_axis',(-1.,0.,0.));
#3826=DIRECTION('center_axis',(0.,0.,1.));
#3827=DIRECTION('ref_axis',(1.,0.,0.));
#3828=DIRECTION('center_axis',(0.,0.,1.));
#3829=DIRECTION('ref_axis',(-0.866025403784439,0.5,0.));
#3830=DIRECTION('',(1.,1.23188105868286E-16,0.));
#3831=DIRECTION('center_axis',(0.,0.,1.));
#3832=DIRECTION('ref_axis',(2.84217094304039E-15,-1.,0.));
#3833=DIRECTION('',(-0.5,0.866025403784439,0.));
#3834=DIRECTION('center_axis',(0.,0.,1.));
#3835=DIRECTION('ref_axis',(0.866025403784439,0.5,0.));
#3836=DIRECTION('',(-0.5,-0.866025403784439,0.));
#3837=DIRECTION('center_axis',(0.,0.,-1.));
#3838=DIRECTION('ref_axis',(-1.,0.,0.));
#3839=DIRECTION('center_axis',(0.,0.,-1.));
#3840=DIRECTION('ref_axis',(-1.,0.,0.));
#3841=DIRECTION('center_axis',(0.,0.,-1.));
#3842=DIRECTION('ref_axis',(-1.,0.,0.));
#3843=DIRECTION('center_axis',(0.,0.,-1.));
#3844=DIRECTION('ref_axis',(-1.,0.,0.));
#3845=DIRECTION('center_axis',(0.,0.,-1.));
#3846=DIRECTION('ref_axis',(-1.,0.,0.));
#3847=DIRECTION('center_axis',(0.,0.,-1.));
#3848=DIRECTION('ref_axis',(-1.,0.,0.));
#3849=DIRECTION('center_axis',(0.,0.,-1.));
#3850=DIRECTION('ref_axis',(-1.,0.,0.));
#3851=DIRECTION('',(0.,0.,-1.));
#3852=DIRECTION('center_axis',(0.,0.,-1.));
#3853=DIRECTION('ref_axis',(-1.,0.,0.));
#3854=DIRECTION('center_axis',(0.,0.,1.));
#3855=DIRECTION('ref_axis',(-1.,0.,0.));
#3856=DIRECTION('center_axis',(0.,0.,-1.));
#3857=DIRECTION('ref_axis',(-1.,0.,0.));
#3858=DIRECTION('',(0.,0.,-1.));
#3859=DIRECTION('center_axis',(0.,0.,-1.));
#3860=DIRECTION('ref_axis',(-1.,0.,0.));
#3861=DIRECTION('center_axis',(0.,0.,1.));
#3862=DIRECTION('ref_axis',(-1.,0.,0.));
#3863=DIRECTION('center_axis',(1.,6.93889390390723E-17,0.));
#3864=DIRECTION('ref_axis',(-6.93889390390723E-17,1.,0.));
#3865=DIRECTION('',(0.,0.,1.));
#3866=DIRECTION('',(-6.93889390390723E-17,1.,0.));
#3867=DIRECTION('',(0.,0.,1.));
#3868=DIRECTION('center_axis',(0.,-1.,0.));
#3869=DIRECTION('ref_axis',(1.,0.,0.));
#3870=DIRECTION('',(0.,0.,1.));
#3871=DIRECTION('',(1.,0.,0.));
#3872=DIRECTION('center_axis',(-1.,6.93889390390723E-17,0.));
#3873=DIRECTION('ref_axis',(-6.93889390390723E-17,-1.,0.));
#3874=DIRECTION('',(0.,0.,1.));
#3875=DIRECTION('',(-6.93889390390723E-17,-1.,0.));
#3876=DIRECTION('center_axis',(5.55111512312578E-16,1.,0.));
#3877=DIRECTION('ref_axis',(-1.,5.55111512312578E-16,0.));
#3878=DIRECTION('',(-1.,5.55111512312578E-16,0.));
#3879=DIRECTION('center_axis',(0.,0.,1.));
#3880=DIRECTION('ref_axis',(1.,0.,0.));
#3881=DIRECTION('center_axis',(0.,0.,1.));
#3882=DIRECTION('ref_axis',(1.,0.,0.));
#3883=DIRECTION('',(0.,0.,1.));
#3884=DIRECTION('center_axis',(0.,0.,1.));
#3885=DIRECTION('ref_axis',(1.,0.,0.));
#3886=DIRECTION('center_axis',(0.,0.,-1.));
#3887=DIRECTION('ref_axis',(1.,0.,0.));
#3888=DIRECTION('center_axis',(0.,0.,-1.));
#3889=DIRECTION('ref_axis',(-1.,0.,0.));
#3890=DIRECTION('center_axis',(0.,0.,1.));
#3891=DIRECTION('ref_axis',(1.,0.,0.));
#3892=DIRECTION('',(0.,0.,1.));
#3893=DIRECTION('center_axis',(0.,0.,1.));
#3894=DIRECTION('ref_axis',(1.,0.,0.));
#3895=DIRECTION('center_axis',(0.,0.,-1.));
#3896=DIRECTION('ref_axis',(1.,0.,0.));
#3897=DIRECTION('center_axis',(0.,0.,-1.));
#3898=DIRECTION('ref_axis',(-1.,0.,0.));
#3899=DIRECTION('center_axis',(0.,0.,1.));
#3900=DIRECTION('ref_axis',(1.,0.,0.));
#3901=DIRECTION('',(0.,0.,1.));
#3902=DIRECTION('center_axis',(0.,0.,1.));
#3903=DIRECTION('ref_axis',(1.,0.,0.));
#3904=DIRECTION('center_axis',(0.,0.,-1.));
#3905=DIRECTION('ref_axis',(1.,0.,0.));
#3906=DIRECTION('center_axis',(0.,0.,-1.));
#3907=DIRECTION('ref_axis',(-1.,0.,0.));
#3908=DIRECTION('center_axis',(0.,0.,1.));
#3909=DIRECTION('ref_axis',(1.,0.,0.));
#3910=DIRECTION('',(0.,0.,1.));
#3911=DIRECTION('center_axis',(0.,0.,1.));
#3912=DIRECTION('ref_axis',(1.,0.,0.));
#3913=DIRECTION('center_axis',(0.,0.,-1.));
#3914=DIRECTION('ref_axis',(1.,0.,0.));
#3915=DIRECTION('center_axis',(0.,0.,-1.));
#3916=DIRECTION('ref_axis',(-1.,0.,0.));
#3917=DIRECTION('center_axis',(0.,0.,-1.));
#3918=DIRECTION('ref_axis',(-1.,0.,0.));
#3919=DIRECTION('',(0.,0.,-1.));
#3920=DIRECTION('center_axis',(0.,0.,-1.));
#3921=DIRECTION('ref_axis',(-1.,0.,0.));
#3922=DIRECTION('',(0.,0.,-1.));
#3923=DIRECTION('center_axis',(0.,0.,-1.));
#3924=DIRECTION('ref_axis',(-1.,0.,0.));
#3925=DIRECTION('',(0.,0.,-1.));
#3926=DIRECTION('center_axis',(0.,0.,-1.));
#3927=DIRECTION('ref_axis',(-1.,0.,0.));
#3928=DIRECTION('',(0.,0.,-1.));
#3929=DIRECTION('center_axis',(1.23188105868286E-16,-1.,0.));
#3930=DIRECTION('ref_axis',(-1.,-1.23188105868286E-16,0.));
#3931=DIRECTION('',(0.,0.,-1.));
#3932=DIRECTION('',(0.,0.,-1.));
#3933=DIRECTION('center_axis',(0.,0.,-1.));
#3934=DIRECTION('ref_axis',(2.84217094304039E-15,-1.,0.));
#3935=DIRECTION('',(0.,0.,-1.));
#3936=DIRECTION('center_axis',(0.866025403784439,0.5,0.));
#3937=DIRECTION('ref_axis',(0.5,-0.866025403784439,0.));
#3938=DIRECTION('',(0.,0.,-1.));
#3939=DIRECTION('center_axis',(0.,0.,-1.));
#3940=DIRECTION('ref_axis',(0.866025403784439,0.5,0.));
#3941=DIRECTION('',(0.,0.,-1.));
#3942=DIRECTION('center_axis',(-0.866025403784439,0.5,0.));
#3943=DIRECTION('ref_axis',(0.5,0.866025403784439,0.));
#3944=DIRECTION('',(0.,0.,-1.));
#3945=DIRECTION('center_axis',(0.,0.,-1.));
#3946=DIRECTION('ref_axis',(-0.866025403784439,0.5,0.));
#3947=DIRECTION('center_axis',(0.,0.,1.));
#3948=DIRECTION('ref_axis',(1.,0.,0.));
#3949=CARTESIAN_POINT('',(0.,0.,0.));
#3950=CARTESIAN_POINT('Origin',(157.436691175864,-46.7342584244194,-15.));
#3951=CARTESIAN_POINT('',(75.6639349882715,-82.3987758379109,-25.));
#3952=CARTESIAN_POINT('',(231.548507669471,7.60122416208846,-25.));
#3953=CARTESIAN_POINT('',(152.436691175864,-38.074004386575,-25.));
#3954=CARTESIAN_POINT('',(224.227999593782,-19.7192839136003,-5.));
#3955=CARTESIAN_POINT('',(231.548507669471,7.60122416208847,-25.));
#3956=CARTESIAN_POINT('',(102.98444306396,-89.7192839135998,-5.));
#3957=CARTESIAN_POINT('',(224.227999593782,-19.7192839136003,-5.));
#3958=CARTESIAN_POINT('',(102.98444306396,-89.7192839135998,-5.));
#3959=CARTESIAN_POINT('Origin',(195.065562252653,50.7915392337799,-15.));
#3960=CARTESIAN_POINT('',(276.54850766947,-70.3410621785112,-25.));
#3961=CARTESIAN_POINT('',(203.725816290497,55.7915392337798,-25.));
#3962=CARTESIAN_POINT('',(249.227999593782,-63.0205541028222,-5.));
#3963=CARTESIAN_POINT('',(276.54850766947,-70.3410621785112,-25.));
#3964=CARTESIAN_POINT('',(236.727999593782,-41.3699190082113,-5.));
#3965=CARTESIAN_POINT('Origin',(131.814912910953,-142.35603668933,-15.));
#3966=CARTESIAN_POINT('',(120.663934988271,-160.34106217851,-25.));
#3967=CARTESIAN_POINT('',(136.814912910953,-151.016290727174,-25.));
#3968=CARTESIAN_POINT('',(127.98444306396,-133.020554102822,-5.));
#3969=CARTESIAN_POINT('',(120.663934988271,-160.34106217851,-25.));
#3970=CARTESIAN_POINT('',(127.98444306396,-133.020554102822,-5.));
#3971=CARTESIAN_POINT('Origin',(44.0014976471423,-7.55782567160865,-15.));
#3972=CARTESIAN_POINT('',(115.48444306396,-111.369919008211,-5.));
#3973=CARTESIAN_POINT('',(35.3412436092979,-12.5578256716086,-25.));
#3974=CARTESIAN_POINT('Origin',(-1.4210854715202E-13,83.2531754730549,-25.));
#3975=CARTESIAN_POINT('',(-288.397459621556,-241.50635094611,-25.));
#3976=CARTESIAN_POINT('',(-353.349364905389,-129.00635094611,-25.));
#3977=CARTESIAN_POINT('Origin',(-288.397459621556,-166.50635094611,-25.));
#3978=CARTESIAN_POINT('',(-64.9519052838328,370.51270189222,-25.));
#3979=CARTESIAN_POINT('',(-64.9519052838328,370.51270189222,-25.));
#3980=CARTESIAN_POINT('',(64.951905283833,370.51270189222,-25.));
#3981=CARTESIAN_POINT('Origin',(1.06581410364015E-13,333.01270189222,-25.));
#3982=CARTESIAN_POINT('',(353.349364905389,-129.00635094611,-25.));
#3983=CARTESIAN_POINT('',(353.349364905389,-129.00635094611,-25.));
#3984=CARTESIAN_POINT('',(288.397459621556,-241.50635094611,-25.));
#3985=CARTESIAN_POINT('Origin',(288.397459621556,-166.506350946109,-25.));
#3986=CARTESIAN_POINT('',(-288.397459621556,-241.50635094611,-25.));
#3987=CARTESIAN_POINT('',(-34.5,360.01270189222,-25.));
#3988=CARTESIAN_POINT('Origin',(-27.,360.01270189222,-25.));
#3989=CARTESIAN_POINT('',(19.5000000000002,360.01270189222,-25.));
#3990=CARTESIAN_POINT('Origin',(27.0000000000002,360.01270189222,-25.));
#3991=CARTESIAN_POINT('',(-34.5,306.012701892219,-25.));
#3992=CARTESIAN_POINT('Origin',(-27.,306.012701892219,-25.));
#3993=CARTESIAN_POINT('',(19.5000000000002,306.012701892219,-25.));
#3994=CARTESIAN_POINT('Origin',(27.0000000000002,306.012701892219,-25.));
#3995=CARTESIAN_POINT('',(32.0000000000001,221.012701892219,-25.));
#3996=CARTESIAN_POINT('',(32.0000000000001,285.012701892219,-25.));
#3997=CARTESIAN_POINT('',(32.0000000000001,152.132938682637,-25.));
#3998=CARTESIAN_POINT('',(-31.9999999999999,285.01270189222,-25.));
#3999=CARTESIAN_POINT('',(16.,285.012701892219,-25.));
#4000=CARTESIAN_POINT('',(-31.9999999999999,221.012701892219,-25.));
#4001=CARTESIAN_POINT('',(-31.9999999999999,184.132938682637,-25.));
#4002=CARTESIAN_POINT('',(-16.,221.012701892219,-25.));
#4003=CARTESIAN_POINT('',(330.533772071032,-161.809083831114,-25.));
#4004=CARTESIAN_POINT('Origin',(340.533772071032,-161.809083831114,-25.));
#4005=CARTESIAN_POINT('',(248.261358697031,-209.309084692016,-25.));
#4006=CARTESIAN_POINT('Origin',(258.261358697031,-209.309084692016,-25.));
#4007=CARTESIAN_POINT('',(296.033625829137,-102.053077671587,-25.0000000000003));
#4008=CARTESIAN_POINT('Origin',(301.033625829138,-93.3928236337432,-24.9999999999971));
#4009=CARTESIAN_POINT('',(-330.533772071032,-161.809083831114,-25.));
#4010=CARTESIAN_POINT('Origin',(-340.533772071032,-161.809083831114,-25.));
#4011=CARTESIAN_POINT('',(-248.261358697031,-209.309084692016,-25.));
#4012=CARTESIAN_POINT('Origin',(-258.261358697031,-209.309084692016,-25.));
#4013=CARTESIAN_POINT('',(-296.033625829137,-102.053077671587,-25.0000000000003));
#4014=CARTESIAN_POINT('Origin',(-301.033625829138,-93.3928236337432,-24.9999999999971));
#4015=CARTESIAN_POINT('',(-213.761211716807,-149.553077253667,-24.9999999999998));
#4016=CARTESIAN_POINT('Origin',(-218.761211716808,-140.892823215823,-24.9999999999999));
#4017=CARTESIAN_POINT('',(-242.953199535598,-152.865643065928,-25.));
#4018=CARTESIAN_POINT('',(-298.378825377802,-120.865643065927,-25.));
#4019=CARTESIAN_POINT('',(-202.966973501332,-175.951701430689,-25.));
#4020=CARTESIAN_POINT('',(-330.378825377802,-176.291268908131,-25.));
#4021=CARTESIAN_POINT('',(-216.888451644272,20.2798245683257,-25.));
#4022=CARTESIAN_POINT('',(-274.953199535598,-208.291268908132,-25.));
#4023=CARTESIAN_POINT('',(-262.679786422435,-215.377327272893,-25.));
#4024=CARTESIAN_POINT('',(-177.462825802067,-39.4329883527769,-25.));
#4025=CARTESIAN_POINT('',(298.378825377802,-120.865643065927,-25.));
#4026=CARTESIAN_POINT('',(242.953199535598,-152.865643065928,-25.));
#4027=CARTESIAN_POINT('',(202.966973501332,-175.951701430689,-25.));
#4028=CARTESIAN_POINT('',(274.953199535598,-208.291268908132,-25.));
#4029=CARTESIAN_POINT('',(177.462825802067,-39.4329883527768,-25.));
#4030=CARTESIAN_POINT('',(330.378825377802,-176.291268908131,-25.));
#4031=CARTESIAN_POINT('',(262.679786422435,-215.377327272893,-25.));
#4032=CARTESIAN_POINT('',(216.888451644272,20.2798245683258,-25.));
#4033=CARTESIAN_POINT('',(213.761211716807,-149.553077253667,-24.9999999999998));
#4034=CARTESIAN_POINT('Origin',(218.761211716808,-140.892823215823,-24.9999999999999));
#4035=CARTESIAN_POINT('Origin',(196.391569706294,-76.2051730462768,-5.));
#4036=CARTESIAN_POINT('',(123.193363576761,-93.0627652149364,-5.));
#4037=CARTESIAN_POINT('',(217.019079081095,-38.8924631116441,-5.));
#4038=CARTESIAN_POINT('',(154.292466641282,-75.107689688895,-5.));
#4039=CARTESIAN_POINT('',(125.19336357703,-96.526866829919,-5.));
#4040=CARTESIAN_POINT('Origin',(124.193363577081,-94.7948160223209,-5.));
#4041=CARTESIAN_POINT('',(219.019079081196,-42.3565647267232,-5.));
#4042=CARTESIAN_POINT('',(203.205324393488,-51.4866402523619,-5.));
#4043=CARTESIAN_POINT('Origin',(218.019079081146,-40.6245139191836,-5.));
#4044=CARTESIAN_POINT('',(229.019079081212,-59.6770728018635,-5.));
#4045=CARTESIAN_POINT('',(135.193363576532,-113.847374905399,-5.));
#4046=CARTESIAN_POINT('',(213.205324393653,-68.807148327676,-5.));
#4047=CARTESIAN_POINT('',(227.01907908123,-56.2129711873199,-5.));
#4048=CARTESIAN_POINT('Origin',(228.019079081025,-57.9450219946597,-5.));
#4049=CARTESIAN_POINT('',(133.193363577038,-110.383273290573,-5.));
#4050=CARTESIAN_POINT('',(164.292466641718,-92.4281977647259,-5.));
#4051=CARTESIAN_POINT('Origin',(134.193363577091,-112.115324098195,-5.));
#4052=CARTESIAN_POINT('Origin',(229.019079081212,-59.6770728018635,-1.34222836923017E-17));
#4053=CARTESIAN_POINT('',(135.193363576532,-113.847374905399,-1.34223060966135E-17));
#4054=CARTESIAN_POINT('',(135.193363576532,-113.847374905399,-1.34223060966135E-17));
#4055=CARTESIAN_POINT('',(229.019079081212,-59.6770728018635,-1.34222836923017E-17));
#4056=CARTESIAN_POINT('',(174.08223091991,-91.3948768763992,0.));
#4057=CARTESIAN_POINT('',(229.019079081212,-59.6770728018635,-1.34222836923017E-17));
#4058=CARTESIAN_POINT('Origin',(134.193363577091,-112.115324098195,-1.34223053802541E-17));
#4059=CARTESIAN_POINT('',(133.193363577038,-110.383273290573,-1.34223046638947E-17));
#4060=CARTESIAN_POINT('',(133.193363577038,-110.383273290573,-1.34223046638947E-17));
#4061=CARTESIAN_POINT('Origin',(134.193363577091,-112.115324098195,0.));
#4062=CARTESIAN_POINT('Origin',(123.19336357663,-93.0627652147094,-1.34222975003004E-17));
#4063=CARTESIAN_POINT('',(217.019079081095,-38.8924631116441,-1.34222750959886E-17));
#4064=CARTESIAN_POINT('',(217.019079081095,-38.8924631116441,-1.34222750959886E-17));
#4065=CARTESIAN_POINT('',(123.193363576761,-93.0627652149364,-1.34222975003005E-17));
#4066=CARTESIAN_POINT('',(115.169373167054,-97.6954182376226,0.));
#4067=CARTESIAN_POINT('',(123.193363576761,-93.0627652149364,-1.34222975003005E-17));
#4068=CARTESIAN_POINT('Origin',(218.019079081146,-40.6245139191836,-1.3422275812348E-17));
#4069=CARTESIAN_POINT('',(219.019079081196,-42.3565647267232,-1.34222765287075E-17));
#4070=CARTESIAN_POINT('',(219.019079081196,-42.3565647267232,-1.34222765287075E-17));
#4071=CARTESIAN_POINT('Origin',(218.019079081146,-40.6245139191836,0.));
#4072=CARTESIAN_POINT('Origin',(228.019079081025,-57.9450219946597,-1.34222829759423E-17));
#4073=CARTESIAN_POINT('',(227.01907908123,-56.2129711873199,-1.34222822595828E-17));
#4074=CARTESIAN_POINT('Origin',(228.019079081025,-57.9450219946597,0.));
#4075=CARTESIAN_POINT('',(227.01907908123,-56.2129711873199,-1.34222822595828E-17));
#4076=CARTESIAN_POINT('Origin',(133.193363577038,-110.383273290573,-1.34223046638947E-17));
#4077=CARTESIAN_POINT('',(125.169373167366,-115.015926313546,0.));
#4078=CARTESIAN_POINT('Origin',(124.193363577081,-94.7948160223209,-1.34222982166599E-17));
#4079=CARTESIAN_POINT('',(125.19336357703,-96.526866829919,-1.34222989330193E-17));
#4080=CARTESIAN_POINT('Origin',(124.193363577081,-94.7948160223209,0.));
#4081=CARTESIAN_POINT('',(125.19336357703,-96.526866829919,-1.34222989330193E-17));
#4082=CARTESIAN_POINT('Origin',(219.019079081196,-42.3565647267232,-1.34222765287075E-17));
#4083=CARTESIAN_POINT('',(164.082230918441,-74.0743688011946,-1.92592994438724E-33));
#4084=CARTESIAN_POINT('Origin',(242.953199535598,-152.865643065928,-25.));
#4085=CARTESIAN_POINT('',(298.378825377802,-120.865643065927,-23.));
#4086=CARTESIAN_POINT('',(298.378825377802,-120.865643065927,-25.));
#4087=CARTESIAN_POINT('',(242.953199535598,-152.865643065928,-23.));
#4088=CARTESIAN_POINT('',(298.378825377802,-120.865643065927,-23.));
#4089=CARTESIAN_POINT('',(242.953199535598,-152.865643065928,-25.));
#4090=CARTESIAN_POINT('Origin',(274.953199535598,-208.291268908132,-25.));
#4091=CARTESIAN_POINT('',(274.953199535598,-208.291268908132,-23.));
#4092=CARTESIAN_POINT('',(242.953199535598,-152.865643065928,-23.));
#4093=CARTESIAN_POINT('',(274.953199535598,-208.291268908132,-25.));
#4094=CARTESIAN_POINT('Origin',(330.378825377802,-176.291268908131,-25.));
#4095=CARTESIAN_POINT('',(330.378825377802,-176.291268908131,-23.));
#4096=CARTESIAN_POINT('',(274.953199535598,-208.291268908132,-23.));
#4097=CARTESIAN_POINT('',(330.378825377802,-176.291268908131,-25.));
#4098=CARTESIAN_POINT('Origin',(298.378825377802,-120.865643065927,-25.));
#4099=CARTESIAN_POINT('',(330.378825377802,-176.291268908131,-23.));
#4100=CARTESIAN_POINT('Origin',(286.6660124567,-164.57845598703,-23.));
#4101=CARTESIAN_POINT('Origin',(-242.953199535598,-152.865643065928,-25.));
#4102=CARTESIAN_POINT('',(-242.953199535598,-152.865643065928,-23.));
#4103=CARTESIAN_POINT('',(-242.953199535598,-152.865643065928,-25.));
#4104=CARTESIAN_POINT('',(-298.378825377802,-120.865643065927,-23.));
#4105=CARTESIAN_POINT('',(-298.378825377802,-120.865643065927,-23.));
#4106=CARTESIAN_POINT('',(-298.378825377802,-120.865643065927,-25.));
#4107=CARTESIAN_POINT('Origin',(-274.953199535598,-208.291268908132,-25.));
#4108=CARTESIAN_POINT('',(-274.953199535598,-208.291268908132,-23.));
#4109=CARTESIAN_POINT('',(-274.953199535598,-208.291268908132,-25.));
#4110=CARTESIAN_POINT('',(-242.953199535598,-152.865643065928,-23.));
#4111=CARTESIAN_POINT('Origin',(-330.378825377802,-176.291268908131,-25.));
#4112=CARTESIAN_POINT('',(-330.378825377802,-176.291268908131,-23.));
#4113=CARTESIAN_POINT('',(-330.378825377802,-176.291268908131,-25.));
#4114=CARTESIAN_POINT('',(-274.953199535598,-208.291268908132,-23.));
#4115=CARTESIAN_POINT('Origin',(-298.378825377802,-120.865643065927,-25.));
#4116=CARTESIAN_POINT('',(-330.378825377802,-176.291268908131,-23.));
#4117=CARTESIAN_POINT('Origin',(-286.6660124567,-164.57845598703,-23.));
#4118=CARTESIAN_POINT('Origin',(-218.761211716808,-140.892823215823,-25.0000000000004));
#4119=CARTESIAN_POINT('',(-213.761211716807,-149.553077253667,-15.0000000000003));
#4120=CARTESIAN_POINT('',(-213.761211716807,-149.553077253667,-25.0000000000003));
#4121=CARTESIAN_POINT('Origin',(-218.761211716808,-140.892823215823,-15.0000000000004));
#4122=CARTESIAN_POINT('Origin',(-218.761211716808,-140.892823215823,-15.0000000000004));
#4123=CARTESIAN_POINT('',(-222.011211741023,-135.263658049284,-15.0000000000004));
#4124=CARTESIAN_POINT('Origin',(-218.761211716808,-140.892823215823,-15.0000000000004));
#4125=CARTESIAN_POINT('Origin',(-301.033625829138,-93.3928236337432,-25.0000000000004));
#4126=CARTESIAN_POINT('',(-296.033625829137,-102.053077671587,-15.0000000000003));
#4127=CARTESIAN_POINT('',(-296.033625829137,-102.053077671587,-25.0000000000003));
#4128=CARTESIAN_POINT('Origin',(-301.033625829138,-93.3928236337432,-15.0000000000004));
#4129=CARTESIAN_POINT('Origin',(-301.033625829138,-93.3928236337432,-15.0000000000004));
#4130=CARTESIAN_POINT('',(-304.283625853353,-87.7636584672041,-15.0000000000004));
#4131=CARTESIAN_POINT('Origin',(-301.033625829138,-93.3928236337431,-15.0000000000004));
#4132=CARTESIAN_POINT('Origin',(-218.761211716808,-140.892823215823,-3.78446847562274E-13));
#4133=CARTESIAN_POINT('',(-222.011211741023,-135.263658049284,-4.09599112310311E-13));
#4134=CARTESIAN_POINT('Origin',(-218.761211716808,-140.892823215823,2.90911094298236E-12));
#4135=CARTESIAN_POINT('',(-222.011211741023,-135.263658049284,-4.09599112310311E-13));
#4136=CARTESIAN_POINT('Origin',(-301.033625829138,-93.392823633743,-3.78446840485165E-13));
#4137=CARTESIAN_POINT('',(-304.283625853353,-87.763658467204,-4.09599105233202E-13));
#4138=CARTESIAN_POINT('Origin',(-301.033625829138,-93.392823633743,2.90911095005947E-12));
#4139=CARTESIAN_POINT('',(-304.283625853353,-87.763658467204,-4.09599105233202E-13));
#4140=CARTESIAN_POINT('Origin',(-258.261358697031,-209.309084692016,-25.));
#4141=CARTESIAN_POINT('',(-248.261358697031,-209.309084692016,-15.));
#4142=CARTESIAN_POINT('',(-248.261358697031,-209.309084692016,-25.));
#4143=CARTESIAN_POINT('Origin',(-258.261358697031,-209.309084692016,-15.));
#4144=CARTESIAN_POINT('Origin',(-258.261358697031,-209.309084692016,-15.));
#4145=CARTESIAN_POINT('',(-264.76135874546,-209.309084692016,-15.));
#4146=CARTESIAN_POINT('Origin',(-258.261358697031,-209.309084692016,-15.));
#4147=CARTESIAN_POINT('Origin',(-340.533772071032,-161.809083831114,-25.));
#4148=CARTESIAN_POINT('',(-330.533772071032,-161.809083831114,-15.));
#4149=CARTESIAN_POINT('',(-330.533772071032,-161.809083831114,-25.));
#4150=CARTESIAN_POINT('Origin',(-340.533772071032,-161.809083831114,-15.));
#4151=CARTESIAN_POINT('Origin',(-340.533772071032,-161.809083831114,-15.));
#4152=CARTESIAN_POINT('',(-347.033772119461,-161.809083831114,-15.));
#4153=CARTESIAN_POINT('Origin',(-340.533772071032,-161.809083831114,-15.));
#4154=CARTESIAN_POINT('Origin',(-258.261358697031,-209.309084692016,0.));
#4155=CARTESIAN_POINT('',(-264.76135874546,-209.309084692016,0.));
#4156=CARTESIAN_POINT('Origin',(-258.261358697031,-209.309084692016,0.));
#4157=CARTESIAN_POINT('',(-264.76135874546,-209.309084692016,0.));
#4158=CARTESIAN_POINT('Origin',(-340.533772071032,-161.809083831114,0.));
#4159=CARTESIAN_POINT('',(-347.033772119461,-161.809083831114,0.));
#4160=CARTESIAN_POINT('Origin',(-340.533772071032,-161.809083831114,0.));
#4161=CARTESIAN_POINT('',(-347.033772119461,-161.809083831114,0.));
#4162=CARTESIAN_POINT('Origin',(218.761211716808,-140.892823215823,-25.0000000000004));
#4163=CARTESIAN_POINT('',(213.761211716807,-149.553077253667,-15.0000000000003));
#4164=CARTESIAN_POINT('',(213.761211716807,-149.553077253667,-25.0000000000003));
#4165=CARTESIAN_POINT('Origin',(218.761211716808,-140.892823215823,-15.0000000000004));
#4166=CARTESIAN_POINT('Origin',(218.761211716808,-140.892823215823,-15.0000000000004));
#4167=CARTESIAN_POINT('',(222.011211741023,-135.263658049284,-15.0000000000004));
#4168=CARTESIAN_POINT('Origin',(218.761211716808,-140.892823215823,-15.0000000000004));
#4169=CARTESIAN_POINT('Origin',(301.033625829138,-93.3928236337432,-25.0000000000004));
#4170=CARTESIAN_POINT('',(296.033625829137,-102.053077671587,-15.0000000000003));
#4171=CARTESIAN_POINT('',(296.033625829137,-102.053077671587,-25.0000000000003));
#4172=CARTESIAN_POINT('Origin',(301.033625829138,-93.3928236337432,-15.0000000000004));
#4173=CARTESIAN_POINT('Origin',(301.033625829138,-93.3928236337432,-15.0000000000004));
#4174=CARTESIAN_POINT('',(304.283625853353,-87.7636584672041,-15.0000000000004));
#4175=CARTESIAN_POINT('Origin',(301.033625829138,-93.3928236337431,-15.0000000000004));
#4176=CARTESIAN_POINT('Origin',(218.761211716808,-140.892823215823,-3.78446847562275E-13));
#4177=CARTESIAN_POINT('',(222.011211741023,-135.263658049284,-4.09599112310311E-13));
#4178=CARTESIAN_POINT('Origin',(218.761211716808,-140.892823215823,2.90911094298236E-12));
#4179=CARTESIAN_POINT('',(222.011211741023,-135.263658049284,-4.09599112310312E-13));
#4180=CARTESIAN_POINT('Origin',(301.033625829138,-93.392823633743,-3.78446840485166E-13));
#4181=CARTESIAN_POINT('',(304.283625853353,-87.763658467204,-4.09599105233203E-13));
#4182=CARTESIAN_POINT('Origin',(301.033625829138,-93.392823633743,2.90911095005947E-12));
#4183=CARTESIAN_POINT('',(304.283625853353,-87.763658467204,-4.09599105233203E-13));
#4184=CARTESIAN_POINT('Origin',(258.261358697031,-209.309084692016,-25.));
#4185=CARTESIAN_POINT('',(248.261358697031,-209.309084692016,-15.));
#4186=CARTESIAN_POINT('',(248.261358697031,-209.309084692016,-25.));
#4187=CARTESIAN_POINT('Origin',(258.261358697031,-209.309084692016,-15.));
#4188=CARTESIAN_POINT('Origin',(258.261358697031,-209.309084692016,-15.));
#4189=CARTESIAN_POINT('',(264.76135874546,-209.309084692016,-15.));
#4190=CARTESIAN_POINT('Origin',(258.261358697031,-209.309084692016,-15.));
#4191=CARTESIAN_POINT('Origin',(340.533772071032,-161.809083831114,-25.));
#4192=CARTESIAN_POINT('',(330.533772071032,-161.809083831114,-15.));
#4193=CARTESIAN_POINT('',(330.533772071032,-161.809083831114,-25.));
#4194=CARTESIAN_POINT('Origin',(340.533772071032,-161.809083831114,-15.));
#4195=CARTESIAN_POINT('Origin',(340.533772071032,-161.809083831114,-15.));
#4196=CARTESIAN_POINT('',(347.033772119461,-161.809083831114,-15.));
#4197=CARTESIAN_POINT('Origin',(340.533772071032,-161.809083831114,-15.));
#4198=CARTESIAN_POINT('Origin',(258.261358697031,-209.309084692016,0.));
#4199=CARTESIAN_POINT('',(264.76135874546,-209.309084692016,0.));
#4200=CARTESIAN_POINT('Origin',(258.261358697031,-209.309084692016,0.));
#4201=CARTESIAN_POINT('',(264.76135874546,-209.309084692016,0.));
#4202=CARTESIAN_POINT('Origin',(340.533772071032,-161.809083831114,0.));
#4203=CARTESIAN_POINT('',(347.033772119461,-161.809083831114,0.));
#4204=CARTESIAN_POINT('Origin',(340.533772071032,-161.809083831114,0.));
#4205=CARTESIAN_POINT('',(347.033772119461,-161.809083831114,0.));
#4206=CARTESIAN_POINT('Ctrl Pts',(19.4945421442389,77.2442024201155,0.));
#4207=CARTESIAN_POINT('Ctrl Pts',(19.4945421442389,77.2442024201155,-3.));
#4208=CARTESIAN_POINT('Ctrl Pts',(19.8087551581177,77.2700673873894,0.));
#4209=CARTESIAN_POINT('Ctrl Pts',(19.8087551581177,77.2700673873894,-3.));
#4210=CARTESIAN_POINT('Ctrl Pts',(20.4227808077651,77.3206119308425,0.));
#4211=CARTESIAN_POINT('Ctrl Pts',(20.4227808077651,77.3206119308425,-3.));
#4212=CARTESIAN_POINT('Ctrl Pts',(20.8807502010665,77.7312725010134,0.));
#4213=CARTESIAN_POINT('Ctrl Pts',(20.8807502010665,77.7312725010134,-3.));
#4214=CARTESIAN_POINT('Ctrl Pts',(21.1043646559119,77.9317872971296,0.));
#4215=CARTESIAN_POINT('Ctrl Pts',(21.1043646559119,77.9317872971296,-3.));
#4216=CARTESIAN_POINT('',(19.4945421442389,77.2442024201155,0.));
#4217=CARTESIAN_POINT('',(21.1043646559119,77.9317872971296,0.));
#4218=CARTESIAN_POINT('Ctrl Pts',(19.4945421442389,77.2442024201155,0.));
#4219=CARTESIAN_POINT('Ctrl Pts',(19.8087551581177,77.2700673873894,0.));
#4220=CARTESIAN_POINT('Ctrl Pts',(20.4227808077651,77.3206119308425,0.));
#4221=CARTESIAN_POINT('Ctrl Pts',(20.8807502010665,77.7312725010134,0.));
#4222=CARTESIAN_POINT('Ctrl Pts',(21.1043646559119,77.9317872971296,0.));
#4223=CARTESIAN_POINT('',(19.4945421442389,77.2442024201155,-3.));
#4224=CARTESIAN_POINT('',(19.4945421442389,77.2442024201155,0.));
#4225=CARTESIAN_POINT('',(21.1043646559119,77.9317872971296,-3.));
#4226=CARTESIAN_POINT('Ctrl Pts',(19.4945421442389,77.2442024201155,-3.));
#4227=CARTESIAN_POINT('Ctrl Pts',(19.8087551581177,77.2700673873894,-3.));
#4228=CARTESIAN_POINT('Ctrl Pts',(20.4227808077651,77.3206119308425,-3.));
#4229=CARTESIAN_POINT('Ctrl Pts',(20.8807502010665,77.7312725010134,-3.));
#4230=CARTESIAN_POINT('Ctrl Pts',(21.1043646559119,77.9317872971296,-3.));
#4231=CARTESIAN_POINT('',(21.1043646559119,77.9317872971296,0.));
#4232=CARTESIAN_POINT('Ctrl Pts',(17.8956335410476,77.9208736866713,0.));
#4233=CARTESIAN_POINT('Ctrl Pts',(17.8956335410476,77.9208736866713,-3.));
#4234=CARTESIAN_POINT('Ctrl Pts',(18.1167965438132,77.7235550883003,0.));
#4235=CARTESIAN_POINT('Ctrl Pts',(18.1167965438132,77.7235550883003,-3.));
#4236=CARTESIAN_POINT('Ctrl Pts',(18.5719950987917,77.3174331794564,0.));
#4237=CARTESIAN_POINT('Ctrl Pts',(18.5719950987917,77.3174331794564,-3.));
#4238=CARTESIAN_POINT('Ctrl Pts',(19.1812831151648,77.2690685737525,0.));
#4239=CARTESIAN_POINT('Ctrl Pts',(19.1812831151648,77.2690685737525,-3.));
#4240=CARTESIAN_POINT('Ctrl Pts',(19.4945421442389,77.2442024201155,0.));
#4241=CARTESIAN_POINT('Ctrl Pts',(19.4945421442389,77.2442024201155,-3.));
#4242=CARTESIAN_POINT('',(17.8956335410476,77.9208736866713,0.));
#4243=CARTESIAN_POINT('Ctrl Pts',(17.8956335410476,77.9208736866713,0.));
#4244=CARTESIAN_POINT('Ctrl Pts',(18.1167965438132,77.7235550883003,0.));
#4245=CARTESIAN_POINT('Ctrl Pts',(18.5719950987917,77.3174331794564,0.));
#4246=CARTESIAN_POINT('Ctrl Pts',(19.1812831151648,77.2690685737525,0.));
#4247=CARTESIAN_POINT('Ctrl Pts',(19.4945421442389,77.2442024201155,0.));
#4248=CARTESIAN_POINT('',(17.8956335410476,77.9208736866713,-3.));
#4249=CARTESIAN_POINT('',(17.8956335410476,77.9208736866713,0.));
#4250=CARTESIAN_POINT('Ctrl Pts',(17.8956335410476,77.9208736866713,-3.));
#4251=CARTESIAN_POINT('Ctrl Pts',(18.1167965438132,77.7235550883003,-3.));
#4252=CARTESIAN_POINT('Ctrl Pts',(18.5719950987917,77.3174331794564,-3.));
#4253=CARTESIAN_POINT('Ctrl Pts',(19.1812831151648,77.2690685737525,-3.));
#4254=CARTESIAN_POINT('Ctrl Pts',(19.4945421442389,77.2442024201155,-3.));
#4255=CARTESIAN_POINT('Ctrl Pts',(17.2899037227035,79.9727153033018,0.));
#4256=CARTESIAN_POINT('Ctrl Pts',(17.2899037227035,79.9727153033018,-3.));
#4257=CARTESIAN_POINT('Ctrl Pts',(17.3015968907818,79.5602020756112,0.));
#4258=CARTESIAN_POINT('Ctrl Pts',(17.3015968907818,79.5602020756112,-3.));
#4259=CARTESIAN_POINT('Ctrl Pts',(17.3226144814748,78.8187405557799,0.));
#4260=CARTESIAN_POINT('Ctrl Pts',(17.3226144814748,78.8187405557799,-3.));
#4261=CARTESIAN_POINT('Ctrl Pts',(17.7195387043763,78.1967977018098,0.));
#4262=CARTESIAN_POINT('Ctrl Pts',(17.7195387043763,78.1967977018098,-3.));
#4263=CARTESIAN_POINT('Ctrl Pts',(17.8956335410476,77.9208736866713,0.));
#4264=CARTESIAN_POINT('Ctrl Pts',(17.8956335410476,77.9208736866713,-3.));
#4265=CARTESIAN_POINT('',(17.2899037227035,79.9727153033018,0.));
#4266=CARTESIAN_POINT('Ctrl Pts',(17.2899037227035,79.9727153033018,0.));
#4267=CARTESIAN_POINT('Ctrl Pts',(17.3015968907818,79.5602020756112,0.));
#4268=CARTESIAN_POINT('Ctrl Pts',(17.3226144814748,78.8187405557799,0.));
#4269=CARTESIAN_POINT('Ctrl Pts',(17.7195387043763,78.1967977018098,0.));
#4270=CARTESIAN_POINT('Ctrl Pts',(17.8956335410476,77.9208736866713,0.));
#4271=CARTESIAN_POINT('',(17.2899037227035,79.9727153033018,-3.));
#4272=CARTESIAN_POINT('',(17.2899037227035,79.9727153033018,0.));
#4273=CARTESIAN_POINT('Ctrl Pts',(17.2899037227035,79.9727153033018,-3.));
#4274=CARTESIAN_POINT('Ctrl Pts',(17.3015968907818,79.5602020756112,-3.));
#4275=CARTESIAN_POINT('Ctrl Pts',(17.3226144814748,78.8187405557799,-3.));
#4276=CARTESIAN_POINT('Ctrl Pts',(17.7195387043763,78.1967977018098,-3.));
#4277=CARTESIAN_POINT('Ctrl Pts',(17.8956335410476,77.9208736866713,-3.));
#4278=CARTESIAN_POINT('Ctrl Pts',(17.9120045527816,82.062756344676,0.));
#4279=CARTESIAN_POINT('Ctrl Pts',(17.9120045527816,82.062756344676,-3.));
#4280=CARTESIAN_POINT('Ctrl Pts',(17.7311041006662,81.7802754773851,0.));
#4281=CARTESIAN_POINT('Ctrl Pts',(17.7311041006662,81.7802754773851,-3.));
#4282=CARTESIAN_POINT('Ctrl Pts',(17.3255033136424,81.1469190609,0.));
#4283=CARTESIAN_POINT('Ctrl Pts',(17.3255033136424,81.1469190609,-3.));
#4284=CARTESIAN_POINT('Ctrl Pts',(17.302594863062,80.391315188979,0.));
#4285=CARTESIAN_POINT('Ctrl Pts',(17.302594863062,80.391315188979,-3.));
#4286=CARTESIAN_POINT('Ctrl Pts',(17.2899037227035,79.9727153033018,0.));
#4287=CARTESIAN_POINT('Ctrl Pts',(17.2899037227035,79.9727153033018,-3.));
#4288=CARTESIAN_POINT('',(17.9120045527816,82.062756344676,0.));
#4289=CARTESIAN_POINT('Ctrl Pts',(17.9120045527816,82.062756344676,0.));
#4290=CARTESIAN_POINT('Ctrl Pts',(17.7311041006662,81.7802754773851,0.));
#4291=CARTESIAN_POINT('Ctrl Pts',(17.3255033136424,81.1469190609,0.));
#4292=CARTESIAN_POINT('Ctrl Pts',(17.302594863062,80.391315188979,0.));
#4293=CARTESIAN_POINT('Ctrl Pts',(17.2899037227035,79.9727153033018,0.));
#4294=CARTESIAN_POINT('',(17.9120045527816,82.062756344676,-3.));
#4295=CARTESIAN_POINT('',(17.9120045527816,82.062756344676,0.));
#4296=CARTESIAN_POINT('Ctrl Pts',(17.9120045527816,82.062756344676,-3.));
#4297=CARTESIAN_POINT('Ctrl Pts',(17.7311041006662,81.7802754773851,-3.));
#4298=CARTESIAN_POINT('Ctrl Pts',(17.3255033136424,81.1469190609,-3.));
#4299=CARTESIAN_POINT('Ctrl Pts',(17.302594863062,80.391315188979,-3.));
#4300=CARTESIAN_POINT('Ctrl Pts',(17.2899037227035,79.9727153033018,-3.));
#4301=CARTESIAN_POINT('Ctrl Pts',(19.4945421442389,82.7557986229658,0.));
#4302=CARTESIAN_POINT('Ctrl Pts',(19.4945421442389,82.7557986229658,-3.));
#4303=CARTESIAN_POINT('Ctrl Pts',(19.1883479995148,82.7282791734164,0.));
#4304=CARTESIAN_POINT('Ctrl Pts',(19.1883479995148,82.7282791734164,-3.));
#4305=CARTESIAN_POINT('Ctrl Pts',(18.5829496403332,82.6738685000254,0.));
#4306=CARTESIAN_POINT('Ctrl Pts',(18.5829496403332,82.6738685000254,-3.));
#4307=CARTESIAN_POINT('Ctrl Pts',(18.1339247680396,82.2648863603482,0.));
#4308=CARTESIAN_POINT('Ctrl Pts',(18.1339247680396,82.2648863603482,-3.));
#4309=CARTESIAN_POINT('Ctrl Pts',(17.9120045527816,82.062756344676,0.));
#4310=CARTESIAN_POINT('Ctrl Pts',(17.9120045527816,82.062756344676,-3.));
#4311=CARTESIAN_POINT('',(19.4945421442389,82.7557986229658,0.));
#4312=CARTESIAN_POINT('Ctrl Pts',(19.4945421442389,82.7557986229658,0.));
#4313=CARTESIAN_POINT('Ctrl Pts',(19.1883479995148,82.7282791734164,0.));
#4314=CARTESIAN_POINT('Ctrl Pts',(18.5829496403332,82.6738685000254,0.));
#4315=CARTESIAN_POINT('Ctrl Pts',(18.1339247680396,82.2648863603482,0.));
#4316=CARTESIAN_POINT('Ctrl Pts',(17.9120045527816,82.062756344676,0.));
#4317=CARTESIAN_POINT('',(19.4945421442389,82.7557986229658,-3.));
#4318=CARTESIAN_POINT('',(19.4945421442389,82.7557986229658,0.));
#4319=CARTESIAN_POINT('Ctrl Pts',(19.4945421442389,82.7557986229658,-3.));
#4320=CARTESIAN_POINT('Ctrl Pts',(19.1883479995148,82.7282791734164,-3.));
#4321=CARTESIAN_POINT('Ctrl Pts',(18.5829496403332,82.6738685000254,-3.));
#4322=CARTESIAN_POINT('Ctrl Pts',(18.1339247680396,82.2648863603482,-3.));
#4323=CARTESIAN_POINT('Ctrl Pts',(17.9120045527816,82.062756344676,-3.));
#4324=CARTESIAN_POINT('Ctrl Pts',(21.0879936441779,82.0572989434004,0.));
#4325=CARTESIAN_POINT('Ctrl Pts',(21.0879936441779,82.0572989434004,-3.));
#4326=CARTESIAN_POINT('Ctrl Pts',(20.8634318061317,82.2610242652362,0.));
#4327=CARTESIAN_POINT('Ctrl Pts',(20.8634318061317,82.2610242652362,-3.));
#4328=CARTESIAN_POINT('Ctrl Pts',(20.4106586887403,82.6717857279212,0.));
#4329=CARTESIAN_POINT('Ctrl Pts',(20.4106586887403,82.6717857279212,-3.));
#4330=CARTESIAN_POINT('Ctrl Pts',(19.8015508358504,82.7276442476945,0.));
#4331=CARTESIAN_POINT('Ctrl Pts',(19.8015508358504,82.7276442476945,-3.));
#4332=CARTESIAN_POINT('Ctrl Pts',(19.4945421442389,82.7557986229658,0.));
#4333=CARTESIAN_POINT('Ctrl Pts',(19.4945421442389,82.7557986229658,-3.));
#4334=CARTESIAN_POINT('',(21.0879936441779,82.0572989434004,0.));
#4335=CARTESIAN_POINT('Ctrl Pts',(21.0879936441779,82.0572989434004,0.));
#4336=CARTESIAN_POINT('Ctrl Pts',(20.8634318061317,82.2610242652362,0.));
#4337=CARTESIAN_POINT('Ctrl Pts',(20.4106586887403,82.6717857279212,0.));
#4338=CARTESIAN_POINT('Ctrl Pts',(19.8015508358504,82.7276442476945,0.));
#4339=CARTESIAN_POINT('Ctrl Pts',(19.4945421442389,82.7557986229658,0.));
#4340=CARTESIAN_POINT('',(21.0879936441779,82.0572989434004,-3.));
#4341=CARTESIAN_POINT('',(21.0879936441779,82.0572989434004,0.));
#4342=CARTESIAN_POINT('Ctrl Pts',(21.0879936441779,82.0572989434004,-3.));
#4343=CARTESIAN_POINT('Ctrl Pts',(20.8634318061317,82.2610242652362,-3.));
#4344=CARTESIAN_POINT('Ctrl Pts',(20.4106586887403,82.6717857279212,-3.));
#4345=CARTESIAN_POINT('Ctrl Pts',(19.8015508358504,82.7276442476945,-3.));
#4346=CARTESIAN_POINT('Ctrl Pts',(19.4945421442389,82.7557986229658,-3.));
#4347=CARTESIAN_POINT('Ctrl Pts',(21.7155515775084,79.994543120265,0.));
#4348=CARTESIAN_POINT('Ctrl Pts',(21.7155515775084,79.994543120265,-3.));
#4349=CARTESIAN_POINT('Ctrl Pts',(21.7015409495781,80.4053298344882,0.));
#4350=CARTESIAN_POINT('Ctrl Pts',(21.7015409495781,80.4053298344882,-3.));
#4351=CARTESIAN_POINT('Ctrl Pts',(21.676056446388,81.1525265612243,0.));
#4352=CARTESIAN_POINT('Ctrl Pts',(21.676056446388,81.1525265612243,-3.));
#4353=CARTESIAN_POINT('Ctrl Pts',(21.270560074862,81.7764087667481,0.));
#4354=CARTESIAN_POINT('Ctrl Pts',(21.270560074862,81.7764087667481,-3.));
#4355=CARTESIAN_POINT('Ctrl Pts',(21.0879936441779,82.0572989434004,0.));
#4356=CARTESIAN_POINT('Ctrl Pts',(21.0879936441779,82.0572989434004,-3.));
#4357=CARTESIAN_POINT('',(21.7155515775084,79.994543120265,0.));
#4358=CARTESIAN_POINT('Ctrl Pts',(21.7155515775084,79.994543120265,0.));
#4359=CARTESIAN_POINT('Ctrl Pts',(21.7015409495781,80.4053298344882,0.));
#4360=CARTESIAN_POINT('Ctrl Pts',(21.676056446388,81.1525265612243,0.));
#4361=CARTESIAN_POINT('Ctrl Pts',(21.270560074862,81.7764087667481,0.));
#4362=CARTESIAN_POINT('Ctrl Pts',(21.0879936441779,82.0572989434004,0.));
#4363=CARTESIAN_POINT('',(21.7155515775084,79.994543120265,-3.));
#4364=CARTESIAN_POINT('',(21.7155515775084,79.994543120265,0.));
#4365=CARTESIAN_POINT('Ctrl Pts',(21.7155515775084,79.994543120265,-3.));
#4366=CARTESIAN_POINT('Ctrl Pts',(21.7015409495781,80.4053298344882,-3.));
#4367=CARTESIAN_POINT('Ctrl Pts',(21.676056446388,81.1525265612243,-3.));
#4368=CARTESIAN_POINT('Ctrl Pts',(21.270560074862,81.7764087667481,-3.));
#4369=CARTESIAN_POINT('Ctrl Pts',(21.0879936441779,82.0572989434004,-3.));
#4370=CARTESIAN_POINT('Ctrl Pts',(21.1043646559119,77.9317872971296,0.));
#4371=CARTESIAN_POINT('Ctrl Pts',(21.1043646559119,77.9317872971296,-3.));
#4372=CARTESIAN_POINT('Ctrl Pts',(21.2820575553313,78.2094339104519,0.));
#4373=CARTESIAN_POINT('Ctrl Pts',(21.2820575553313,78.2094339104519,-3.));
#4374=CARTESIAN_POINT('Ctrl Pts',(21.6820589280104,78.8344393372952,0.));
#4375=CARTESIAN_POINT('Ctrl Pts',(21.6820589280104,78.8344393372952,-3.));
#4376=CARTESIAN_POINT('Ctrl Pts',(21.7035869592014,79.5801178906179,0.));
#4377=CARTESIAN_POINT('Ctrl Pts',(21.7035869592014,79.5801178906179,-3.));
#4378=CARTESIAN_POINT('Ctrl Pts',(21.7155515775084,79.994543120265,0.));
#4379=CARTESIAN_POINT('Ctrl Pts',(21.7155515775084,79.994543120265,-3.));
#4380=CARTESIAN_POINT('Ctrl Pts',(21.1043646559119,77.9317872971296,0.));
#4381=CARTESIAN_POINT('Ctrl Pts',(21.2820575553313,78.2094339104519,0.));
#4382=CARTESIAN_POINT('Ctrl Pts',(21.6820589280104,78.8344393372952,0.));
#4383=CARTESIAN_POINT('Ctrl Pts',(21.7035869592014,79.5801178906179,0.));
#4384=CARTESIAN_POINT('Ctrl Pts',(21.7155515775084,79.994543120265,0.));
#4385=CARTESIAN_POINT('Ctrl Pts',(21.1043646559119,77.9317872971296,-3.));
#4386=CARTESIAN_POINT('Ctrl Pts',(21.2820575553313,78.2094339104519,-3.));
#4387=CARTESIAN_POINT('Ctrl Pts',(21.6820589280104,78.8344393372952,-3.));
#4388=CARTESIAN_POINT('Ctrl Pts',(21.7035869592014,79.5801178906179,-3.));
#4389=CARTESIAN_POINT('Ctrl Pts',(21.7155515775084,79.994543120265,-3.));
#4390=CARTESIAN_POINT('Ctrl Pts',(19.4890850409865,84.1364257782698,0.));
#4391=CARTESIAN_POINT('Ctrl Pts',(19.4890850409865,84.1364257782698,-3.));
#4392=CARTESIAN_POINT('Ctrl Pts',(20.0443438863859,84.1002017385556,0.));
#4393=CARTESIAN_POINT('Ctrl Pts',(20.0443438863859,84.1002017385556,-3.));
#4394=CARTESIAN_POINT('Ctrl Pts',(21.1055550747035,84.0309703223446,0.));
#4395=CARTESIAN_POINT('Ctrl Pts',(21.1055550747035,84.0309703223446,-3.));
#4396=CARTESIAN_POINT('Ctrl Pts',(21.9324845209711,83.3670259579475,0.));
#4397=CARTESIAN_POINT('Ctrl Pts',(21.9324845209711,83.3670259579475,-3.));
#4398=CARTESIAN_POINT('Ctrl Pts',(22.3267386481166,83.0504780262709,0.));
#4399=CARTESIAN_POINT('Ctrl Pts',(22.3267386481166,83.0504780262709,-3.));
#4400=CARTESIAN_POINT('',(19.4890850409865,84.1364257782698,0.));
#4401=CARTESIAN_POINT('',(22.3267386481166,83.0504780262709,0.));
#4402=CARTESIAN_POINT('Ctrl Pts',(19.4890850409865,84.1364257782698,0.));
#4403=CARTESIAN_POINT('Ctrl Pts',(20.0443438863859,84.1002017385556,0.));
#4404=CARTESIAN_POINT('Ctrl Pts',(21.1055550747035,84.0309703223446,0.));
#4405=CARTESIAN_POINT('Ctrl Pts',(21.9324845209711,83.3670259579475,0.));
#4406=CARTESIAN_POINT('Ctrl Pts',(22.3267386481166,83.0504780262709,0.));
#4407=CARTESIAN_POINT('',(19.4890850409865,84.1364257782698,-3.));
#4408=CARTESIAN_POINT('',(19.4890850409865,84.1364257782698,0.));
#4409=CARTESIAN_POINT('',(22.3267386481166,83.0504780262709,-3.));
#4410=CARTESIAN_POINT('Ctrl Pts',(19.4890850409865,84.1364257782698,-3.));
#4411=CARTESIAN_POINT('Ctrl Pts',(20.0443438863859,84.1002017385556,-3.));
#4412=CARTESIAN_POINT('Ctrl Pts',(21.1055550747035,84.0309703223446,-3.));
#4413=CARTESIAN_POINT('Ctrl Pts',(21.9324845209711,83.3670259579475,-3.));
#4414=CARTESIAN_POINT('Ctrl Pts',(22.3267386481166,83.0504780262709,-3.));
#4415=CARTESIAN_POINT('',(22.3267386481166,83.0504780262709,0.));
#4416=CARTESIAN_POINT('Ctrl Pts',(16.6732596978545,83.0450206249952,0.));
#4417=CARTESIAN_POINT('Ctrl Pts',(16.6732596978545,83.0450206249952,-3.));
#4418=CARTESIAN_POINT('Ctrl Pts',(17.0654129923439,83.3631909652895,0.));
#4419=CARTESIAN_POINT('Ctrl Pts',(17.0654129923439,83.3631909652895,-3.));
#4420=CARTESIAN_POINT('Ctrl Pts',(17.8843818219718,84.0276545688718,0.));
#4421=CARTESIAN_POINT('Ctrl Pts',(17.8843818219718,84.0276545688718,-3.));
#4422=CARTESIAN_POINT('Ctrl Pts',(18.9393010795458,84.0991599052504,0.));
#4423=CARTESIAN_POINT('Ctrl Pts',(18.9393010795458,84.0991599052504,-3.));
#4424=CARTESIAN_POINT('Ctrl Pts',(19.4890850409865,84.1364257782698,0.));
#4425=CARTESIAN_POINT('Ctrl Pts',(19.4890850409865,84.1364257782698,-3.));
#4426=CARTESIAN_POINT('',(16.6732596978545,83.0450206249952,0.));
#4427=CARTESIAN_POINT('Ctrl Pts',(16.6732596978545,83.0450206249952,0.));
#4428=CARTESIAN_POINT('Ctrl Pts',(17.0654129923439,83.3631909652895,0.));
#4429=CARTESIAN_POINT('Ctrl Pts',(17.8843818219718,84.0276545688718,0.));
#4430=CARTESIAN_POINT('Ctrl Pts',(18.9393010795458,84.0991599052504,0.));
#4431=CARTESIAN_POINT('Ctrl Pts',(19.4890850409865,84.1364257782698,0.));
#4432=CARTESIAN_POINT('',(16.6732596978545,83.0450206249952,-3.));
#4433=CARTESIAN_POINT('',(16.6732596978545,83.0450206249952,0.));
#4434=CARTESIAN_POINT('Ctrl Pts',(16.6732596978545,83.0450206249952,-3.));
#4435=CARTESIAN_POINT('Ctrl Pts',(17.0654129923439,83.3631909652895,-3.));
#4436=CARTESIAN_POINT('Ctrl Pts',(17.8843818219718,84.0276545688718,-3.));
#4437=CARTESIAN_POINT('Ctrl Pts',(18.9393010795458,84.0991599052504,-3.));
#4438=CARTESIAN_POINT('Ctrl Pts',(19.4890850409865,84.1364257782698,-3.));
#4439=CARTESIAN_POINT('Ctrl Pts',(15.6200539693236,80.010914131999,0.));
#4440=CARTESIAN_POINT('Ctrl Pts',(15.6200539693236,80.010914131999,-3.));
#4441=CARTESIAN_POINT('Ctrl Pts',(15.6508698011758,80.6072555568279,0.));
#4442=CARTESIAN_POINT('Ctrl Pts',(15.6508698011758,80.6072555568279,-3.));
#4443=CARTESIAN_POINT('Ctrl Pts',(15.7086212890572,81.7248500691046,0.));
#4444=CARTESIAN_POINT('Ctrl Pts',(15.7086212890572,81.7248500691046,-3.));
#4445=CARTESIAN_POINT('Ctrl Pts',(16.366446087522,82.6251261953171,0.));
#4446=CARTESIAN_POINT('Ctrl Pts',(16.366446087522,82.6251261953171,-3.));
#4447=CARTESIAN_POINT('Ctrl Pts',(16.6732596978545,83.0450206249952,0.));
#4448=CARTESIAN_POINT('Ctrl Pts',(16.6732596978545,83.0450206249952,-3.));
#4449=CARTESIAN_POINT('',(15.6200539693236,80.010914131999,0.));
#4450=CARTESIAN_POINT('Ctrl Pts',(15.6200539693236,80.010914131999,0.));
#4451=CARTESIAN_POINT('Ctrl Pts',(15.6508698011758,80.6072555568279,0.));
#4452=CARTESIAN_POINT('Ctrl Pts',(15.7086212890572,81.7248500691046,0.));
#4453=CARTESIAN_POINT('Ctrl Pts',(16.366446087522,82.6251261953171,0.));
#4454=CARTESIAN_POINT('Ctrl Pts',(16.6732596978545,83.0450206249952,0.));
#4455=CARTESIAN_POINT('',(15.6200539693236,80.010914131999,-3.));
#4456=CARTESIAN_POINT('',(15.6200539693236,80.010914131999,0.));
#4457=CARTESIAN_POINT('Ctrl Pts',(15.6200539693236,80.010914131999,-3.));
#4458=CARTESIAN_POINT('Ctrl Pts',(15.6508698011758,80.6072555568279,-3.));
#4459=CARTESIAN_POINT('Ctrl Pts',(15.7086212890572,81.7248500691046,-3.));
#4460=CARTESIAN_POINT('Ctrl Pts',(16.366446087522,82.6251261953171,-3.));
#4461=CARTESIAN_POINT('Ctrl Pts',(16.6732596978545,83.0450206249952,-3.));
#4462=CARTESIAN_POINT('Ctrl Pts',(16.6841739043593,76.9604372233152,0.));
#4463=CARTESIAN_POINT('Ctrl Pts',(16.6841739043593,76.9604372233152,-3.));
#4464=CARTESIAN_POINT('Ctrl Pts',(16.3741919917806,77.3814453989275,0.));
#4465=CARTESIAN_POINT('Ctrl Pts',(16.3741919917806,77.3814453989275,-3.));
#4466=CARTESIAN_POINT('Ctrl Pts',(15.7088291645866,78.2851213188121,0.));
#4467=CARTESIAN_POINT('Ctrl Pts',(15.7088291645866,78.2851213188121,-3.));
#4468=CARTESIAN_POINT('Ctrl Pts',(15.6509618346335,79.410064179885,0.));
#4469=CARTESIAN_POINT('Ctrl Pts',(15.6509618346335,79.410064179885,-3.));
#4470=CARTESIAN_POINT('Ctrl Pts',(15.6200539693236,80.010914131999,0.));
#4471=CARTESIAN_POINT('Ctrl Pts',(15.6200539693236,80.010914131999,-3.));
#4472=CARTESIAN_POINT('',(16.6841739043593,76.9604372233152,0.));
#4473=CARTESIAN_POINT('Ctrl Pts',(16.6841739043593,76.9604372233152,0.));
#4474=CARTESIAN_POINT('Ctrl Pts',(16.3741919917806,77.3814453989275,0.));
#4475=CARTESIAN_POINT('Ctrl Pts',(15.7088291645866,78.2851213188121,0.));
#4476=CARTESIAN_POINT('Ctrl Pts',(15.6509618346335,79.410064179885,0.));
#4477=CARTESIAN_POINT('Ctrl Pts',(15.6200539693236,80.010914131999,0.));
#4478=CARTESIAN_POINT('',(16.6841739043593,76.9604372233152,-3.));
#4479=CARTESIAN_POINT('',(16.6841739043593,76.9604372233152,0.));
#4480=CARTESIAN_POINT('Ctrl Pts',(16.6841739043593,76.9604372233152,-3.));
#4481=CARTESIAN_POINT('Ctrl Pts',(16.3741919917806,77.3814453989275,-3.));
#4482=CARTESIAN_POINT('Ctrl Pts',(15.7088291645866,78.2851213188121,-3.));
#4483=CARTESIAN_POINT('Ctrl Pts',(15.6509618346335,79.410064179885,-3.));
#4484=CARTESIAN_POINT('Ctrl Pts',(15.6200539693236,80.010914131999,-3.));
#4485=CARTESIAN_POINT('Ctrl Pts',(19.510913155973,75.8635746687651,0.));
#4486=CARTESIAN_POINT('Ctrl Pts',(19.510913155973,75.8635746687651,-3.));
#4487=CARTESIAN_POINT('Ctrl Pts',(18.9592331460433,75.901142581771,0.));
#4488=CARTESIAN_POINT('Ctrl Pts',(18.9592331460433,75.901142581771,-3.));
#4489=CARTESIAN_POINT('Ctrl Pts',(17.9001097151424,75.9732660160054,0.));
#4490=CARTESIAN_POINT('Ctrl Pts',(17.9001097151424,75.9732660160054,-3.));
#4491=CARTESIAN_POINT('Ctrl Pts',(17.078040675361,76.6406720413041,0.));
#4492=CARTESIAN_POINT('Ctrl Pts',(17.078040675361,76.6406720413041,-3.));
#4493=CARTESIAN_POINT('Ctrl Pts',(16.6841739043593,76.9604372233152,0.));
#4494=CARTESIAN_POINT('Ctrl Pts',(16.6841739043593,76.9604372233152,-3.));
#4495=CARTESIAN_POINT('',(19.510913155973,75.8635746687651,0.));
#4496=CARTESIAN_POINT('Ctrl Pts',(19.510913155973,75.8635746687651,0.));
#4497=CARTESIAN_POINT('Ctrl Pts',(18.9592331460433,75.901142581771,0.));
#4498=CARTESIAN_POINT('Ctrl Pts',(17.9001097151424,75.9732660160054,0.));
#4499=CARTESIAN_POINT('Ctrl Pts',(17.078040675361,76.6406720413041,0.));
#4500=CARTESIAN_POINT('Ctrl Pts',(16.6841739043593,76.9604372233152,0.));
#4501=CARTESIAN_POINT('',(19.510913155973,75.8635746687651,-3.));
#4502=CARTESIAN_POINT('',(19.510913155973,75.8635746687651,0.));
#4503=CARTESIAN_POINT('Ctrl Pts',(19.510913155973,75.8635746687651,-3.));
#4504=CARTESIAN_POINT('Ctrl Pts',(18.9592331460433,75.901142581771,-3.));
#4505=CARTESIAN_POINT('Ctrl Pts',(17.9001097151424,75.9732660160054,-3.));
#4506=CARTESIAN_POINT('Ctrl Pts',(17.078040675361,76.6406720413041,-3.));
#4507=CARTESIAN_POINT('Ctrl Pts',(16.6841739043593,76.9604372233152,-3.));
#4508=CARTESIAN_POINT('Ctrl Pts',(21.2353333458304,76.1800824850798,0.));
#4509=CARTESIAN_POINT('Ctrl Pts',(21.2353333458304,76.1800824850798,-3.));
#4510=CARTESIAN_POINT('Ctrl Pts',(20.9695047848562,76.0878245468747,0.));
#4511=CARTESIAN_POINT('Ctrl Pts',(20.9695047848562,76.0878245468747,-3.));
#4512=CARTESIAN_POINT('Ctrl Pts',(20.4113270497689,75.8941044785632,0.));
#4513=CARTESIAN_POINT('Ctrl Pts',(20.4113270497689,75.8941044785632,-3.));
#4514=CARTESIAN_POINT('Ctrl Pts',(19.8204098401621,75.8740685926889,0.));
#4515=CARTESIAN_POINT('Ctrl Pts',(19.8204098401621,75.8740685926889,-3.));
#4516=CARTESIAN_POINT('Ctrl Pts',(19.510913155973,75.8635746687651,0.));
#4517=CARTESIAN_POINT('Ctrl Pts',(19.510913155973,75.8635746687651,-3.));
#4518=CARTESIAN_POINT('',(21.2353333458304,76.1800824850798,0.));
#4519=CARTESIAN_POINT('Ctrl Pts',(21.2353333458304,76.1800824850798,0.));
#4520=CARTESIAN_POINT('Ctrl Pts',(20.9695047848562,76.0878245468747,0.));
#4521=CARTESIAN_POINT('Ctrl Pts',(20.4113270497689,75.8941044785632,0.));
#4522=CARTESIAN_POINT('Ctrl Pts',(19.8204098401621,75.8740685926889,0.));
#4523=CARTESIAN_POINT('Ctrl Pts',(19.510913155973,75.8635746687651,0.));
#4524=CARTESIAN_POINT('',(21.2353333458304,76.1800824850798,-3.));
#4525=CARTESIAN_POINT('',(21.2353333458304,76.1800824850798,0.));
#4526=CARTESIAN_POINT('Ctrl Pts',(21.2353333458304,76.1800824850798,-3.));
#4527=CARTESIAN_POINT('Ctrl Pts',(20.9695047848562,76.0878245468747,-3.));
#4528=CARTESIAN_POINT('Ctrl Pts',(20.4113270497689,75.8941044785632,-3.));
#4529=CARTESIAN_POINT('Ctrl Pts',(19.8204098401621,75.8740685926889,-3.));
#4530=CARTESIAN_POINT('Ctrl Pts',(19.510913155973,75.8635746687651,-3.));
#4531=CARTESIAN_POINT('Ctrl Pts',(22.2721683606505,76.9004093855619,0.));
#4532=CARTESIAN_POINT('Ctrl Pts',(22.2721683606505,76.9004093855619,-3.));
#4533=CARTESIAN_POINT('Ctrl Pts',(22.1130485972291,76.7501535174972,0.));
#4534=CARTESIAN_POINT('Ctrl Pts',(22.1130485972291,76.7501535174972,-3.));
#4535=CARTESIAN_POINT('Ctrl Pts',(21.8034876980867,76.4578369590798,0.));
#4536=CARTESIAN_POINT('Ctrl Pts',(21.8034876980867,76.4578369590798,-3.));
#4537=CARTESIAN_POINT('Ctrl Pts',(21.4211451021711,76.2709205582908,0.));
#4538=CARTESIAN_POINT('Ctrl Pts',(21.4211451021711,76.2709205582908,-3.));
#4539=CARTESIAN_POINT('Ctrl Pts',(21.2353333458304,76.1800824850798,0.));
#4540=CARTESIAN_POINT('Ctrl Pts',(21.2353333458304,76.1800824850798,-3.));
#4541=CARTESIAN_POINT('',(22.2721683606505,76.9004093855619,0.));
#4542=CARTESIAN_POINT('Ctrl Pts',(22.2721683606505,76.9004093855619,0.));
#4543=CARTESIAN_POINT('Ctrl Pts',(22.1130485972291,76.7501535174972,0.));
#4544=CARTESIAN_POINT('Ctrl Pts',(21.8034876980867,76.4578369590798,0.));
#4545=CARTESIAN_POINT('Ctrl Pts',(21.4211451021711,76.2709205582908,0.));
#4546=CARTESIAN_POINT('Ctrl Pts',(21.2353333458304,76.1800824850798,0.));
#4547=CARTESIAN_POINT('',(22.2721683606505,76.9004093855619,-3.));
#4548=CARTESIAN_POINT('',(22.2721683606505,76.9004093855619,0.));
#4549=CARTESIAN_POINT('Ctrl Pts',(22.2721683606505,76.9004093855619,-3.));
#4550=CARTESIAN_POINT('Ctrl Pts',(22.1130485972291,76.7501535174972,-3.));
#4551=CARTESIAN_POINT('Ctrl Pts',(21.8034876980867,76.4578369590798,-3.));
#4552=CARTESIAN_POINT('Ctrl Pts',(21.4211451021711,76.2709205582908,-3.));
#4553=CARTESIAN_POINT('Ctrl Pts',(21.2353333458304,76.1800824850798,-3.));
#4554=CARTESIAN_POINT('Ctrl Pts',(23.014323823154,77.9972719401121,0.));
#4555=CARTESIAN_POINT('Ctrl Pts',(23.014323823154,77.9972719401121,-3.));
#4556=CARTESIAN_POINT('Ctrl Pts',(22.9150087653451,77.7985871664093,0.));
#4557=CARTESIAN_POINT('Ctrl Pts',(22.9150087653451,77.7985871664093,-3.));
#4558=CARTESIAN_POINT('Ctrl Pts',(22.715920877549,77.4003018227118,0.));
#4559=CARTESIAN_POINT('Ctrl Pts',(22.715920877549,77.4003018227118,-3.));
#4560=CARTESIAN_POINT('Ctrl Pts',(22.4203124350987,77.0672954303844,0.));
#4561=CARTESIAN_POINT('Ctrl Pts',(22.4203124350987,77.0672954303844,-3.));
#4562=CARTESIAN_POINT('Ctrl Pts',(22.2721683606505,76.9004093855619,0.));
#4563=CARTESIAN_POINT('Ctrl Pts',(22.2721683606505,76.9004093855619,-3.));
#4564=CARTESIAN_POINT('',(23.014323823154,77.9972719401121,0.));
#4565=CARTESIAN_POINT('Ctrl Pts',(23.014323823154,77.9972719401121,0.));
#4566=CARTESIAN_POINT('Ctrl Pts',(22.9150087653451,77.7985871664093,0.));
#4567=CARTESIAN_POINT('Ctrl Pts',(22.715920877549,77.4003018227118,0.));
#4568=CARTESIAN_POINT('Ctrl Pts',(22.4203124350987,77.0672954303844,0.));
#4569=CARTESIAN_POINT('Ctrl Pts',(22.2721683606505,76.9004093855619,0.));
#4570=CARTESIAN_POINT('',(23.014323823154,77.9972719401121,-3.));
#4571=CARTESIAN_POINT('',(23.014323823154,77.9972719401121,0.));
#4572=CARTESIAN_POINT('Ctrl Pts',(23.014323823154,77.9972719401121,-3.));
#4573=CARTESIAN_POINT('Ctrl Pts',(22.9150087653451,77.7985871664093,-3.));
#4574=CARTESIAN_POINT('Ctrl Pts',(22.715920877549,77.4003018227118,-3.));
#4575=CARTESIAN_POINT('Ctrl Pts',(22.4203124350987,77.0672954303844,-3.));
#4576=CARTESIAN_POINT('Ctrl Pts',(22.2721683606505,76.9004093855619,-3.));
#4577=CARTESIAN_POINT('Ctrl Pts',(23.3799445256591,80.0491135567427,0.));
#4578=CARTESIAN_POINT('Ctrl Pts',(23.3799445256591,80.0491135567427,-3.));
#4579=CARTESIAN_POINT('Ctrl Pts',(23.3699584883595,79.6705802743296,0.));
#4580=CARTESIAN_POINT('Ctrl Pts',(23.3699584883595,79.6705802743296,-3.));
#4581=CARTESIAN_POINT('Ctrl Pts',(23.3514073364516,78.9673755682394,0.));
#4582=CARTESIAN_POINT('Ctrl Pts',(23.3514073364516,78.9673755682394,-3.));
#4583=CARTESIAN_POINT('Ctrl Pts',(23.1207971432273,78.303694977808,0.));
#4584=CARTESIAN_POINT('Ctrl Pts',(23.1207971432273,78.303694977808,-3.));
#4585=CARTESIAN_POINT('Ctrl Pts',(23.014323823154,77.9972719401121,0.));
#4586=CARTESIAN_POINT('Ctrl Pts',(23.014323823154,77.9972719401121,-3.));
#4587=CARTESIAN_POINT('',(23.3799445256591,80.0491135567427,0.));
#4588=CARTESIAN_POINT('Ctrl Pts',(23.3799445256591,80.0491135567427,0.));
#4589=CARTESIAN_POINT('Ctrl Pts',(23.3699584883595,79.6705802743296,0.));
#4590=CARTESIAN_POINT('Ctrl Pts',(23.3514073364516,78.9673755682394,0.));
#4591=CARTESIAN_POINT('Ctrl Pts',(23.1207971432273,78.303694977808,0.));
#4592=CARTESIAN_POINT('Ctrl Pts',(23.014323823154,77.9972719401121,0.));
#4593=CARTESIAN_POINT('',(23.3799445256591,80.0491135567427,-3.));
#4594=CARTESIAN_POINT('',(23.3799445256591,80.0491135567427,0.));
#4595=CARTESIAN_POINT('Ctrl Pts',(23.3799445256591,80.0491135567427,-3.));
#4596=CARTESIAN_POINT('Ctrl Pts',(23.3699584883595,79.6705802743296,-3.));
#4597=CARTESIAN_POINT('Ctrl Pts',(23.3514073364516,78.9673755682394,-3.));
#4598=CARTESIAN_POINT('Ctrl Pts',(23.1207971432273,78.303694977808,-3.));
#4599=CARTESIAN_POINT('Ctrl Pts',(23.014323823154,77.9972719401121,-3.));
#4600=CARTESIAN_POINT('Ctrl Pts',(22.3267386481166,83.0504780262709,0.));
#4601=CARTESIAN_POINT('Ctrl Pts',(22.3267386481166,83.0504780262709,-3.));
#4602=CARTESIAN_POINT('Ctrl Pts',(22.6335853092678,82.6343722811848,0.));
#4603=CARTESIAN_POINT('Ctrl Pts',(22.6335853092678,82.6343722811848,-3.));
#4604=CARTESIAN_POINT('Ctrl Pts',(23.2892770681123,81.745207944714,0.));
#4605=CARTESIAN_POINT('Ctrl Pts',(23.2892770681123,81.745207944714,-3.));
#4606=CARTESIAN_POINT('Ctrl Pts',(23.3484584752671,80.6381155516602,0.));
#4607=CARTESIAN_POINT('Ctrl Pts',(23.3484584752671,80.6381155516602,-3.));
#4608=CARTESIAN_POINT('Ctrl Pts',(23.3799445256591,80.0491135567427,0.));
#4609=CARTESIAN_POINT('Ctrl Pts',(23.3799445256591,80.0491135567427,-3.));
#4610=CARTESIAN_POINT('Ctrl Pts',(22.3267386481166,83.0504780262709,0.));
#4611=CARTESIAN_POINT('Ctrl Pts',(22.6335853092678,82.6343722811848,0.));
#4612=CARTESIAN_POINT('Ctrl Pts',(23.2892770681123,81.745207944714,0.));
#4613=CARTESIAN_POINT('Ctrl Pts',(23.3484584752671,80.6381155516602,0.));
#4614=CARTESIAN_POINT('Ctrl Pts',(23.3799445256591,80.0491135567427,0.));
#4615=CARTESIAN_POINT('Ctrl Pts',(22.3267386481166,83.0504780262709,-3.));
#4616=CARTESIAN_POINT('Ctrl Pts',(22.6335853092678,82.6343722811848,-3.));
#4617=CARTESIAN_POINT('Ctrl Pts',(23.2892770681123,81.745207944714,-3.));
#4618=CARTESIAN_POINT('Ctrl Pts',(23.3484584752671,80.6381155516602,-3.));
#4619=CARTESIAN_POINT('Ctrl Pts',(23.3799445256591,80.0491135567427,-3.));
#4620=CARTESIAN_POINT('Origin',(19.4999992474914,80.0000002235174,-3.));
#4621=CARTESIAN_POINT('Origin',(-19.5136421173811,77.893587872386,0.));
#4622=CARTESIAN_POINT('',(-19.5136421173811,77.893587872386,0.));
#4623=CARTESIAN_POINT('',(-17.9256474226713,83.8744883984327,0.));
#4624=CARTESIAN_POINT('',(-18.2064610186197,82.8168537669544,0.));
#4625=CARTESIAN_POINT('',(-19.5136421173811,77.893587872386,-3.));
#4626=CARTESIAN_POINT('',(-19.5136421173811,77.893587872386,0.));
#4627=CARTESIAN_POINT('',(-17.9256474226713,83.8744883984327,-3.));
#4628=CARTESIAN_POINT('',(-19.5136421173811,77.893587872386,-3.));
#4629=CARTESIAN_POINT('',(-17.9256474226713,83.8744883984327,0.));
#4630=CARTESIAN_POINT('Origin',(-21.1070933192968,83.8744883984327,0.));
#4631=CARTESIAN_POINT('',(-21.1070933192968,83.8744883984327,0.));
#4632=CARTESIAN_POINT('',(-20.330355888401,80.9590622445224,0.));
#4633=CARTESIAN_POINT('',(-21.1070933192968,83.8744883984327,-3.));
#4634=CARTESIAN_POINT('',(-21.1070933192968,83.8744883984327,0.));
#4635=CARTESIAN_POINT('',(-21.1070933192968,83.8744883984327,-3.));
#4636=CARTESIAN_POINT('Origin',(-22.8205993026495,83.8744883984327,0.));
#4637=CARTESIAN_POINT('',(-22.8205993026495,83.8744883984327,0.));
#4638=CARTESIAN_POINT('',(-11.4102996513248,83.8744883984327,0.));
#4639=CARTESIAN_POINT('',(-22.8205993026495,83.8744883984327,-3.));
#4640=CARTESIAN_POINT('',(-22.8205993026495,83.8744883984327,0.));
#4641=CARTESIAN_POINT('',(-22.8205993026495,83.8744883984327,-3.));
#4642=CARTESIAN_POINT('Origin',(-24.7633006423712,75.8744882792234,0.));
#4643=CARTESIAN_POINT('',(-24.7633006423712,75.8744882792234,0.));
#4644=CARTESIAN_POINT('',(-23.2277907409599,82.1976832774298,0.));
#4645=CARTESIAN_POINT('',(-24.7633006423712,75.8744882792234,-3.));
#4646=CARTESIAN_POINT('',(-24.7633006423712,75.8744882792234,0.));
#4647=CARTESIAN_POINT('',(-24.7633006423712,75.8744882792234,-3.));
#4648=CARTESIAN_POINT('Origin',(-23.1371071189642,75.8744882792234,0.));
#4649=CARTESIAN_POINT('',(-23.1371071189642,75.8744882792234,0.));
#4650=CARTESIAN_POINT('',(-11.5685535594822,75.8744882792234,0.));
#4651=CARTESIAN_POINT('',(-23.1371071189642,75.8744882792234,-3.));
#4652=CARTESIAN_POINT('',(-23.1371071189642,75.8744882792234,0.));
#4653=CARTESIAN_POINT('',(-23.1371071189642,75.8744882792234,-3.));
#4654=CARTESIAN_POINT('Origin',(-21.909276470542,81.4624833315611,0.));
#4655=CARTESIAN_POINT('',(-21.909276470542,81.4624833315611,0.));
#4656=CARTESIAN_POINT('',(-21.217077322757,84.6127593228186,0.));
#4657=CARTESIAN_POINT('',(-21.909276470542,81.4624833315611,-3.));
#4658=CARTESIAN_POINT('',(-21.909276470542,81.4624833315611,0.));
#4659=CARTESIAN_POINT('',(-21.909276470542,81.4624833315611,-3.));
#4660=CARTESIAN_POINT('Origin',(-20.5068209022284,75.8744882792234,0.));
#4661=CARTESIAN_POINT('',(-20.5068209022284,75.8744882792234,0.));
#4662=CARTESIAN_POINT('',(-20.7703083843922,76.9243374009711,0.));
#4663=CARTESIAN_POINT('',(-20.5068209022284,75.8744882792234,-3.));
#4664=CARTESIAN_POINT('',(-20.5068209022284,75.8744882792234,0.));
#4665=CARTESIAN_POINT('',(-20.5068209022284,75.8744882792234,-3.));
#4666=CARTESIAN_POINT('Origin',(-18.5859473794699,75.8744882792234,0.));
#4667=CARTESIAN_POINT('',(-18.5859473794699,75.8744882792234,0.));
#4668=CARTESIAN_POINT('',(-9.29297368973501,75.8744882792234,0.));
#4669=CARTESIAN_POINT('',(-18.5859473794699,75.8744882792234,-3.));
#4670=CARTESIAN_POINT('',(-18.5859473794699,75.8744882792234,0.));
#4671=CARTESIAN_POINT('',(-18.5859473794699,75.8744882792234,-3.));
#4672=CARTESIAN_POINT('Origin',(-17.1234645694494,81.3697134703398,0.));
#4673=CARTESIAN_POINT('',(-17.1234645694494,81.3697134703398,0.));
#4674=CARTESIAN_POINT('',(-16.3231054987462,84.3770331442069,0.));
#4675=CARTESIAN_POINT('',(-17.1234645694494,81.3697134703398,-3.));
#4676=CARTESIAN_POINT('',(-17.1234645694494,81.3697134703398,0.));
#4677=CARTESIAN_POINT('',(-17.1234645694494,81.3697134703398,-3.));
#4678=CARTESIAN_POINT('Origin',(-15.917461887002,75.8744882792234,0.));
#4679=CARTESIAN_POINT('',(-15.917461887002,75.8744882792234,0.));
#4680=CARTESIAN_POINT('',(-16.3242207907828,77.7279101723083,0.));
#4681=CARTESIAN_POINT('',(-15.917461887002,75.8744882792234,-3.));
#4682=CARTESIAN_POINT('',(-15.917461887002,75.8744882792234,0.));
#4683=CARTESIAN_POINT('',(-15.917461887002,75.8744882792234,-3.));
#4684=CARTESIAN_POINT('Origin',(-14.2639830708504,75.8744882792234,0.));
#4685=CARTESIAN_POINT('',(-14.2639830708504,75.8744882792234,0.));
#4686=CARTESIAN_POINT('',(-7.13199153542526,75.8744882792234,0.));
#4687=CARTESIAN_POINT('',(-14.2639830708504,75.8744882792234,-3.));
#4688=CARTESIAN_POINT('',(-14.2639830708504,75.8744882792234,0.));
#4689=CARTESIAN_POINT('',(-14.2639830708504,75.8744882792234,-3.));
#4690=CARTESIAN_POINT('Origin',(-16.1739421635866,83.8744883984327,0.));
#4691=CARTESIAN_POINT('',(-16.1739421635866,83.8744883984327,0.));
#4692=CARTESIAN_POINT('',(-15.6676807489857,81.7539762929318,0.));
#4693=CARTESIAN_POINT('',(-16.1739421635866,83.8744883984327,-3.));
#4694=CARTESIAN_POINT('',(-16.1739421635866,83.8744883984327,0.));
#4695=CARTESIAN_POINT('',(-16.1739421635866,83.8744883984327,-3.));
#4696=CARTESIAN_POINT('Origin',(-17.9256474226713,83.8744883984327,0.));
#4697=CARTESIAN_POINT('',(-8.96282371133573,83.8744883984327,0.));
#4698=CARTESIAN_POINT('',(-17.9256474226713,83.8744883984327,-3.));
#4699=CARTESIAN_POINT('Origin',(-19.5136418566108,79.8744883388281,-3.));
#4700=CARTESIAN_POINT('Origin',(10.0000001490116,100.000001490116,0.));
#4701=CARTESIAN_POINT('',(10.0000001490116,100.000001490116,0.));
#4702=CARTESIAN_POINT('',(4.44089209850063E-15,110.000001639128,0.));
#4703=CARTESIAN_POINT('',(11.686706616024,98.3132950231037,0.));
#4704=CARTESIAN_POINT('',(10.0000001490116,100.000001490116,-3.));
#4705=CARTESIAN_POINT('',(10.0000001490116,100.000001490116,0.));
#4706=CARTESIAN_POINT('',(4.44089209850063E-15,110.000001639128,-3.));
#4707=CARTESIAN_POINT('',(10.0000001490116,100.000001490116,-3.));
#4708=CARTESIAN_POINT('',(4.44089209850063E-15,110.000001639128,0.));
#4709=CARTESIAN_POINT('Origin',(4.44089209850063E-15,125.000001862645,0.));
#4710=CARTESIAN_POINT('',(4.44089209850063E-15,125.000001862645,0.));
#4711=CARTESIAN_POINT('',(7.19772868786039,107.005680142994,0.));
#4712=CARTESIAN_POINT('',(4.44089209850063E-15,125.000001862645,-3.));
#4713=CARTESIAN_POINT('',(4.44089209850063E-15,125.000001862645,0.));
#4714=CARTESIAN_POINT('',(10.0000001490116,100.000001490116,-3.));
#4715=CARTESIAN_POINT('Origin',(-10.0000001490116,100.000001490116,0.));
#4716=CARTESIAN_POINT('',(-10.0000001490116,100.000001490116,0.));
#4717=CARTESIAN_POINT('',(-12.1977287623662,94.5056799567296,0.));
#4718=CARTESIAN_POINT('',(-10.0000001490116,100.000001490116,-3.));
#4719=CARTESIAN_POINT('',(-10.0000001490116,100.000001490116,0.));
#4720=CARTESIAN_POINT('',(-10.0000001490116,100.000001490116,-3.));
#4721=CARTESIAN_POINT('Origin',(4.44089209850063E-15,110.000001639128,0.));
#4722=CARTESIAN_POINT('',(-6.68670654151825,103.313295097609,0.));
#4723=CARTESIAN_POINT('',(-10.0000001490116,100.000001490116,-3.));
#4724=CARTESIAN_POINT('Origin',(2.22044604925031E-15,112.500001676381,-3.));
#4725=CARTESIAN_POINT('Origin',(22.0000015199184,71.9999998807907,0.));
#4726=CARTESIAN_POINT('',(22.0000015199184,71.9999998807907,0.));
#4727=CARTESIAN_POINT('',(30.0000016391277,80.,0.));
#4728=CARTESIAN_POINT('',(19.3132950380048,69.3132933988771,0.));
#4729=CARTESIAN_POINT('',(22.0000015199184,71.9999998807907,-3.));
#4730=CARTESIAN_POINT('',(22.0000015199184,71.9999998807907,0.));
#4731=CARTESIAN_POINT('',(30.0000016391277,80.,-3.));
#4732=CARTESIAN_POINT('',(22.0000015199184,71.9999998807907,-3.));
#4733=CARTESIAN_POINT('',(30.0000016391277,80.,0.));
#4734=CARTESIAN_POINT('Origin',(42.0000018179417,80.,0.));
#4735=CARTESIAN_POINT('',(42.0000018179417,80.,0.));
#4736=CARTESIAN_POINT('',(24.4574450814245,72.9829773053931,0.));
#4737=CARTESIAN_POINT('',(42.0000018179417,80.,-3.));
#4738=CARTESIAN_POINT('',(42.0000018179417,80.,0.));
#4739=CARTESIAN_POINT('',(22.0000015199184,71.9999998807907,-3.));
#4740=CARTESIAN_POINT('Origin',(22.0000015199184,88.0000001192093,0.));
#4741=CARTESIAN_POINT('',(22.0000015199184,88.0000001192093,0.));
#4742=CARTESIAN_POINT('',(13.3356602865319,91.4657366125639,0.));
#4743=CARTESIAN_POINT('',(22.0000015199184,88.0000001192093,-3.));
#4744=CARTESIAN_POINT('',(22.0000015199184,88.0000001192093,0.));
#4745=CARTESIAN_POINT('',(22.0000015199184,88.0000001192093,-3.));
#4746=CARTESIAN_POINT('Origin',(30.0000016391277,80.,0.));
#4747=CARTESIAN_POINT('',(21.6867073610821,88.3132942780457,0.));
#4748=CARTESIAN_POINT('',(22.0000015199184,88.0000001192093,-3.));
#4749=CARTESIAN_POINT('Origin',(32.0000016689301,80.,-3.));
#4750=CARTESIAN_POINT('Origin',(-10.0000001490116,59.9999985098839,0.));
#4751=CARTESIAN_POINT('',(-10.0000001490116,59.9999985098839,0.));
#4752=CARTESIAN_POINT('',(0.,49.9999983608723,0.));
#4753=CARTESIAN_POINT('',(-13.3132943525515,63.3132927134238,0.));
#4754=CARTESIAN_POINT('',(-10.0000001490116,59.9999985098839,-3.));
#4755=CARTESIAN_POINT('',(-10.0000001490116,59.9999985098839,0.));
#4756=CARTESIAN_POINT('',(0.,49.9999983608723,-3.));
#4757=CARTESIAN_POINT('',(-10.0000001490116,59.9999985098839,-3.));
#4758=CARTESIAN_POINT('',(0.,49.9999983608723,0.));
#4759=CARTESIAN_POINT('Origin',(0.,34.9999981373549,0.));
#4760=CARTESIAN_POINT('',(0.,34.9999981373549,0.));
#4761=CARTESIAN_POINT('',(-8.31951333374139,55.7987814717083,0.));
#4762=CARTESIAN_POINT('',(0.,34.9999981373549,-3.));
#4763=CARTESIAN_POINT('',(0.,34.9999981373549,0.));
#4764=CARTESIAN_POINT('',(-10.0000001490116,59.9999985098839,-3.));
#4765=CARTESIAN_POINT('Origin',(10.0000001490116,59.9999985098839,0.));
#4766=CARTESIAN_POINT('',(10.0000001490116,59.9999985098839,0.));
#4767=CARTESIAN_POINT('',(13.3195134082472,68.2987816579728,0.));
#4768=CARTESIAN_POINT('',(10.0000001490116,59.9999985098839,-3.));
#4769=CARTESIAN_POINT('',(10.0000001490116,59.9999985098839,0.));
#4770=CARTESIAN_POINT('',(10.0000001490116,59.9999985098839,-3.));
#4771=CARTESIAN_POINT('Origin',(0.,49.9999983608723,0.));
#4772=CARTESIAN_POINT('',(8.31329427804561,58.3132926389179,0.));
#4773=CARTESIAN_POINT('',(10.0000001490116,59.9999985098839,-3.));
#4774=CARTESIAN_POINT('Origin',(0.,47.4999983236194,-3.));
#4775=CARTESIAN_POINT('Origin',(-22.0000015199184,88.0000001192093,0.));
#4776=CARTESIAN_POINT('',(-22.0000015199184,88.0000001192093,0.));
#4777=CARTESIAN_POINT('',(-30.0000016391277,80.,0.));
#4778=CARTESIAN_POINT('',(-17.6867073014775,92.3132943376503,0.));
#4779=CARTESIAN_POINT('',(-22.0000015199184,88.0000001192093,-3.));
#4780=CARTESIAN_POINT('',(-22.0000015199184,88.0000001192093,0.));
#4781=CARTESIAN_POINT('',(-30.0000016391277,80.,-3.));
#4782=CARTESIAN_POINT('',(-22.0000015199184,88.0000001192093,-3.));
#4783=CARTESIAN_POINT('',(-30.0000016391277,80.,0.));
#4784=CARTESIAN_POINT('Origin',(-42.0000018179417,80.,0.));
#4785=CARTESIAN_POINT('',(-42.0000018179417,80.,0.));
#4786=CARTESIAN_POINT('',(-23.3356604355436,87.4657365529592,0.));
#4787=CARTESIAN_POINT('',(-42.0000018179417,80.,-3.));
#4788=CARTESIAN_POINT('',(-42.0000018179417,80.,0.));
#4789=CARTESIAN_POINT('',(-22.0000015199184,88.0000001192093,-3.));
#4790=CARTESIAN_POINT('Origin',(-22.0000015199184,71.9999998807907,0.));
#4791=CARTESIAN_POINT('',(-22.0000015199184,71.9999998807907,0.));
#4792=CARTESIAN_POINT('',(-14.457444932413,68.9829772457885,0.));
#4793=CARTESIAN_POINT('',(-22.0000015199184,71.9999998807907,-3.));
#4794=CARTESIAN_POINT('',(-22.0000015199184,71.9999998807907,0.));
#4795=CARTESIAN_POINT('',(-22.0000015199184,71.9999998807907,-3.));
#4796=CARTESIAN_POINT('Origin',(-30.0000016391277,80.,0.));
#4797=CARTESIAN_POINT('',(-23.3132950976095,73.3132934584818,0.));
#4798=CARTESIAN_POINT('',(-22.0000015199184,71.9999998807907,-3.));
#4799=CARTESIAN_POINT('Origin',(-32.0000016689301,80.,-3.));
#4800=CARTESIAN_POINT('Ctrl Pts',(-0.0613916665315628,104.677355512977,
6.26524693336094E-16));
#4801=CARTESIAN_POINT('Ctrl Pts',(-0.0613916665315628,104.677355512977,
-3.));
#4802=CARTESIAN_POINT('Ctrl Pts',(0.514023479578159,104.656844912989,6.94480900960223E-16));
#4803=CARTESIAN_POINT('Ctrl Pts',(0.514023479578159,104.656844912989,-3.));
#4804=CARTESIAN_POINT('Ctrl Pts',(1.56566176941769,104.619359399374,8.1867879608513E-16));
#4805=CARTESIAN_POINT('Ctrl Pts',(1.56566176941769,104.619359399374,-3.));
#4806=CARTESIAN_POINT('Ctrl Pts',(2.45057328446715,104.058300452516,8.5833929718829E-16));
#4807=CARTESIAN_POINT('Ctrl Pts',(2.45057328446715,104.058300452516,-3.));
#4808=CARTESIAN_POINT('Ctrl Pts',(2.85129599273205,103.80423091352,8.76299130621255E-16));
#4809=CARTESIAN_POINT('Ctrl Pts',(2.85129599273205,103.80423091352,-3.));
#4810=CARTESIAN_POINT('',(-0.0613916665315628,104.677355512977,6.26524693336094E-16));
#4811=CARTESIAN_POINT('',(2.85129599273205,103.80423091352,8.76299130621255E-16));
#4812=CARTESIAN_POINT('Ctrl Pts',(-0.0613916665315628,104.677355512977,
6.26524693336094E-16));
#4813=CARTESIAN_POINT('Ctrl Pts',(0.514023479578159,104.656844912989,6.94480900960223E-16));
#4814=CARTESIAN_POINT('Ctrl Pts',(1.56566176941769,104.619359399374,8.1867879608513E-16));
#4815=CARTESIAN_POINT('Ctrl Pts',(2.45057328446715,104.058300452516,8.5833929718829E-16));
#4816=CARTESIAN_POINT('Ctrl Pts',(2.85129599273205,103.80423091352,8.76299130621255E-16));
#4817=CARTESIAN_POINT('',(-0.0613916665315628,104.677355512977,-3.));
#4818=CARTESIAN_POINT('',(-0.0613916665315628,104.677355512977,6.26524693336094E-16));
#4819=CARTESIAN_POINT('',(2.85129599273205,103.80423091352,-3.));
#4820=CARTESIAN_POINT('Ctrl Pts',(-0.0613916665315628,104.677355512977,
-3.));
#4821=CARTESIAN_POINT('Ctrl Pts',(0.514023479578159,104.656844912989,-3.));
#4822=CARTESIAN_POINT('Ctrl Pts',(1.56566176941769,104.619359399374,-3.));
#4823=CARTESIAN_POINT('Ctrl Pts',(2.45057328446715,104.058300452516,-3.));
#4824=CARTESIAN_POINT('Ctrl Pts',(2.85129599273205,103.80423091352,-3.));
#4825=CARTESIAN_POINT('',(2.85129599273205,103.80423091352,8.76299130621255E-16));
#4826=CARTESIAN_POINT('Ctrl Pts',(-2.23738081753254,104.31582711637,3.15768419090328E-16));
#4827=CARTESIAN_POINT('Ctrl Pts',(-2.23738081753254,104.31582711637,-3.));
#4828=CARTESIAN_POINT('Ctrl Pts',(-1.91312152147753,104.421086160052,3.68369245083742E-16));
#4829=CARTESIAN_POINT('Ctrl Pts',(-1.91312152147753,104.421086160052,-3.));
#4830=CARTESIAN_POINT('Ctrl Pts',(-1.20675931318727,104.650381083721,4.82954196259039E-16));
#4831=CARTESIAN_POINT('Ctrl Pts',(-1.20675931318727,104.650381083721,-3.));
#4832=CARTESIAN_POINT('Ctrl Pts',(-0.463470065842951,104.667886208191,5.76124635484247E-16));
#4833=CARTESIAN_POINT('Ctrl Pts',(-0.463470065842951,104.667886208191,-3.));
#4834=CARTESIAN_POINT('Ctrl Pts',(-0.0613916665315628,104.677355512977,
6.26524693336094E-16));
#4835=CARTESIAN_POINT('Ctrl Pts',(-0.0613916665315628,104.677355512977,
-3.));
#4836=CARTESIAN_POINT('',(-2.23738081753254,104.31582711637,3.15768419090328E-16));
#4837=CARTESIAN_POINT('Ctrl Pts',(-2.23738081753254,104.31582711637,3.15768419090328E-16));
#4838=CARTESIAN_POINT('Ctrl Pts',(-1.91312152147753,104.421086160052,3.68369245083742E-16));
#4839=CARTESIAN_POINT('Ctrl Pts',(-1.20675931318727,104.650381083721,4.82954196259039E-16));
#4840=CARTESIAN_POINT('Ctrl Pts',(-0.463470065842951,104.667886208191,5.76124635484247E-16));
#4841=CARTESIAN_POINT('Ctrl Pts',(-0.0613916665315628,104.677355512977,
6.26524693336094E-16));
#4842=CARTESIAN_POINT('',(-2.23738081753254,104.31582711637,-3.));
#4843=CARTESIAN_POINT('',(-2.23738081753254,104.31582711637,3.15768419090328E-16));
#4844=CARTESIAN_POINT('Ctrl Pts',(-2.23738081753254,104.31582711637,-3.));
#4845=CARTESIAN_POINT('Ctrl Pts',(-1.91312152147753,104.421086160052,-3.));
#4846=CARTESIAN_POINT('Ctrl Pts',(-1.20675931318727,104.650381083721,-3.));
#4847=CARTESIAN_POINT('Ctrl Pts',(-0.463470065842951,104.667886208191,-3.));
#4848=CARTESIAN_POINT('Ctrl Pts',(-0.0613916665315628,104.677355512977,
-3.));
#4849=CARTESIAN_POINT('Ctrl Pts',(-3.58799465000629,103.197137340903,1.33659431315719E-17));
#4850=CARTESIAN_POINT('Ctrl Pts',(-3.58799465000629,103.197137340903,-3.));
#4851=CARTESIAN_POINT('Ctrl Pts',(-3.40994799547062,103.432332970469,6.39735271812279E-17));
#4852=CARTESIAN_POINT('Ctrl Pts',(-3.40994799547062,103.432332970469,-3.));
#4853=CARTESIAN_POINT('Ctrl Pts',(-3.04770150624235,103.910852442312,1.66937661487044E-16));
#4854=CARTESIAN_POINT('Ctrl Pts',(-3.04770150624235,103.910852442312,-3.));
#4855=CARTESIAN_POINT('Ctrl Pts',(-2.51052921358608,104.179315505347,2.6559953744978E-16));
#4856=CARTESIAN_POINT('Ctrl Pts',(-2.51052921358608,104.179315505347,-3.));
#4857=CARTESIAN_POINT('Ctrl Pts',(-2.23738081753254,104.31582711637,3.15768419090328E-16));
#4858=CARTESIAN_POINT('Ctrl Pts',(-2.23738081753254,104.31582711637,-3.));
#4859=CARTESIAN_POINT('',(-3.58799465000629,103.197137340903,1.33659431315719E-17));
#4860=CARTESIAN_POINT('Ctrl Pts',(-3.58799465000629,103.197137340903,1.33659431315719E-17));
#4861=CARTESIAN_POINT('Ctrl Pts',(-3.40994799547062,103.432332970469,6.39735271812279E-17));
#4862=CARTESIAN_POINT('Ctrl Pts',(-3.04770150624235,103.910852442312,1.66937661487044E-16));
#4863=CARTESIAN_POINT('Ctrl Pts',(-2.51052921358608,104.179315505347,2.6559953744978E-16));
#4864=CARTESIAN_POINT('Ctrl Pts',(-2.23738081753254,104.31582711637,3.15768419090328E-16));
#4865=CARTESIAN_POINT('',(-3.58799465000629,103.197137340903,-3.));
#4866=CARTESIAN_POINT('',(-3.58799465000629,103.197137340903,1.33659431315719E-17));
#4867=CARTESIAN_POINT('Ctrl Pts',(-3.58799465000629,103.197137340903,-3.));
#4868=CARTESIAN_POINT('Ctrl Pts',(-3.40994799547062,103.432332970469,-3.));
#4869=CARTESIAN_POINT('Ctrl Pts',(-3.04770150624235,103.910852442312,-3.));
#4870=CARTESIAN_POINT('Ctrl Pts',(-2.51052921358608,104.179315505347,-3.));
#4871=CARTESIAN_POINT('Ctrl Pts',(-2.23738081753254,104.31582711637,-3.));
#4872=CARTESIAN_POINT('Ctrl Pts',(-4.06548507511616,101.58731482923,-2.42256167553425E-16));
#4873=CARTESIAN_POINT('Ctrl Pts',(-4.06548507511616,101.58731482923,-3.));
#4874=CARTESIAN_POINT('Ctrl Pts',(-4.04487662759275,101.87037578293,-2.05067391532691E-16));
#4875=CARTESIAN_POINT('Ctrl Pts',(-4.04487662759275,101.87037578293,-3.));
#4876=CARTESIAN_POINT('Ctrl Pts',(-4.0032819647893,102.441686402452,-1.30008142314716E-16));
#4877=CARTESIAN_POINT('Ctrl Pts',(-4.0032819647893,102.441686402452,-3.));
#4878=CARTESIAN_POINT('Ctrl Pts',(-3.72725937843464,102.943800275119,-3.4713909930575E-17));
#4879=CARTESIAN_POINT('Ctrl Pts',(-3.72725937843464,102.943800275119,-3.));
#4880=CARTESIAN_POINT('Ctrl Pts',(-3.58799465000629,103.197137340903,1.33659431315719E-17));
#4881=CARTESIAN_POINT('Ctrl Pts',(-3.58799465000629,103.197137340903,-3.));
#4882=CARTESIAN_POINT('',(-4.06548507511616,101.58731482923,-2.42256167553425E-16));
#4883=CARTESIAN_POINT('Ctrl Pts',(-4.06548507511616,101.58731482923,-2.42256167553425E-16));
#4884=CARTESIAN_POINT('Ctrl Pts',(-4.04487662759275,101.87037578293,-2.05067391532691E-16));
#4885=CARTESIAN_POINT('Ctrl Pts',(-4.0032819647893,102.441686402452,-1.30008142314716E-16));
#4886=CARTESIAN_POINT('Ctrl Pts',(-3.72725937843464,102.943800275119,-3.4713909930575E-17));
#4887=CARTESIAN_POINT('Ctrl Pts',(-3.58799465000629,103.197137340903,1.33659431315719E-17));
#4888=CARTESIAN_POINT('',(-4.06548507511616,101.58731482923,-3.));
#4889=CARTESIAN_POINT('',(-4.06548507511616,101.58731482923,-2.42256167553425E-16));
#4890=CARTESIAN_POINT('Ctrl Pts',(-4.06548507511616,101.58731482923,-3.));
#4891=CARTESIAN_POINT('Ctrl Pts',(-4.04487662759275,101.87037578293,-3.));
#4892=CARTESIAN_POINT('Ctrl Pts',(-4.0032819647893,102.441686402452,-3.));
#4893=CARTESIAN_POINT('Ctrl Pts',(-3.72725937843464,102.943800275119,-3.));
#4894=CARTESIAN_POINT('Ctrl Pts',(-3.58799465000629,103.197137340903,-3.));
#4895=CARTESIAN_POINT('Ctrl Pts',(-3.66302855312824,99.9979557842016,-3.87609805127604E-16));
#4896=CARTESIAN_POINT('Ctrl Pts',(-3.66302855312824,99.9979557842016,-3.));
#4897=CARTESIAN_POINT('Ctrl Pts',(-3.78030008571755,100.232900901185,-3.73198947280408E-16));
#4898=CARTESIAN_POINT('Ctrl Pts',(-3.78030008571755,100.232900901185,-3.));
#4899=CARTESIAN_POINT('Ctrl Pts',(-4.02965944478068,100.732474518859,-3.42556538189434E-16));
#4900=CARTESIAN_POINT('Ctrl Pts',(-4.02965944478068,100.732474518859,-3.));
#4901=CARTESIAN_POINT('Ctrl Pts',(-4.0530793481309,101.291300065299,-2.76988257483988E-16));
#4902=CARTESIAN_POINT('Ctrl Pts',(-4.0530793481309,101.291300065299,-3.));
#4903=CARTESIAN_POINT('Ctrl Pts',(-4.06548507511616,101.58731482923,-2.42256167553425E-16));
#4904=CARTESIAN_POINT('Ctrl Pts',(-4.06548507511616,101.58731482923,-3.));
#4905=CARTESIAN_POINT('',(-3.66302855312824,99.9979557842016,-3.87609805127604E-16));
#4906=CARTESIAN_POINT('Ctrl Pts',(-3.66302855312824,99.9979557842016,-3.87609805127604E-16));
#4907=CARTESIAN_POINT('Ctrl Pts',(-3.78030008571755,100.232900901185,-3.73198947280408E-16));
#4908=CARTESIAN_POINT('Ctrl Pts',(-4.02965944478068,100.732474518859,-3.42556538189434E-16));
#4909=CARTESIAN_POINT('Ctrl Pts',(-4.0530793481309,101.291300065299,-2.76988257483988E-16));
#4910=CARTESIAN_POINT('Ctrl Pts',(-4.06548507511616,101.58731482923,-2.42256167553425E-16));
#4911=CARTESIAN_POINT('',(-3.66302855312824,99.9979557842016,-3.));
#4912=CARTESIAN_POINT('',(-3.66302855312824,99.9979557842016,-3.87609805127604E-16));
#4913=CARTESIAN_POINT('Ctrl Pts',(-3.66302855312824,99.9979557842016,-3.));
#4914=CARTESIAN_POINT('Ctrl Pts',(-3.78030008571755,100.232900901185,-3.));
#4915=CARTESIAN_POINT('Ctrl Pts',(-4.02965944478068,100.732474518859,-3.));
#4916=CARTESIAN_POINT('Ctrl Pts',(-4.0530793481309,101.291300065299,-3.));
#4917=CARTESIAN_POINT('Ctrl Pts',(-4.06548507511616,101.58731482923,-3.));
#4918=CARTESIAN_POINT('Ctrl Pts',(-2.55798108875751,98.9815851300955,-3.76750027942692E-16));
#4919=CARTESIAN_POINT('Ctrl Pts',(-2.55798108875751,98.9815851300955,-3.));
#4920=CARTESIAN_POINT('Ctrl Pts',(-2.78045195100694,99.1145166268381,-3.87715437679253E-16));
#4921=CARTESIAN_POINT('Ctrl Pts',(-2.78045195100694,99.1145166268381,-3.));
#4922=CARTESIAN_POINT('Ctrl Pts',(-3.21942456764111,99.376812940019,-4.09352044630177E-16));
#4923=CARTESIAN_POINT('Ctrl Pts',(-3.21942456764111,99.376812940019,-3.));
#4924=CARTESIAN_POINT('Ctrl Pts',(-3.51650712474541,99.7927936582133,-3.94791219389833E-16));
#4925=CARTESIAN_POINT('Ctrl Pts',(-3.51650712474541,99.7927936582133,-3.));
#4926=CARTESIAN_POINT('Ctrl Pts',(-3.66302855312824,99.9979557842016,-3.87609805127604E-16));
#4927=CARTESIAN_POINT('Ctrl Pts',(-3.66302855312824,99.9979557842016,-3.));
#4928=CARTESIAN_POINT('',(-2.55798108875751,98.9815851300955,-3.76750027942692E-16));
#4929=CARTESIAN_POINT('Ctrl Pts',(-2.55798108875751,98.9815851300955,-3.76750027942692E-16));
#4930=CARTESIAN_POINT('Ctrl Pts',(-2.78045195100694,99.1145166268381,-3.87715437679253E-16));
#4931=CARTESIAN_POINT('Ctrl Pts',(-3.21942456764111,99.376812940019,-4.09352044630177E-16));
#4932=CARTESIAN_POINT('Ctrl Pts',(-3.51650712474541,99.7927936582133,-3.94791219389833E-16));
#4933=CARTESIAN_POINT('Ctrl Pts',(-3.66302855312824,99.9979557842016,-3.87609805127604E-16));
#4934=CARTESIAN_POINT('',(-2.55798108875751,98.9815851300955,-3.));
#4935=CARTESIAN_POINT('',(-2.55798108875751,98.9815851300955,-3.76750027942692E-16));
#4936=CARTESIAN_POINT('Ctrl Pts',(-2.55798108875751,98.9815851300955,-3.));
#4937=CARTESIAN_POINT('Ctrl Pts',(-2.78045195100694,99.1145166268381,-3.));
#4938=CARTESIAN_POINT('Ctrl Pts',(-3.21942456764111,99.376812940019,-3.));
#4939=CARTESIAN_POINT('Ctrl Pts',(-3.51650712474541,99.7927936582133,-3.));
#4940=CARTESIAN_POINT('Ctrl Pts',(-3.66302855312824,99.9979557842016,-3.));
#4941=CARTESIAN_POINT('Ctrl Pts',(-0.381991937756538,98.258528932929,-1.98817058813775E-16));
#4942=CARTESIAN_POINT('Ctrl Pts',(-0.381991937756538,98.258528932929,-3.));
#4943=CARTESIAN_POINT('Ctrl Pts',(-0.813879233063236,98.362212133061,-2.39010468276058E-16));
#4944=CARTESIAN_POINT('Ctrl Pts',(-0.813879233063236,98.362212133061,-3.));
#4945=CARTESIAN_POINT('Ctrl Pts',(-1.56039550534172,98.5414283241866,-3.08484691130051E-16));
#4946=CARTESIAN_POINT('Ctrl Pts',(-1.56039550534172,98.5414283241866,-3.));
#4947=CARTESIAN_POINT('Ctrl Pts',(-2.26219751740037,98.851078881636,-3.5650939349687E-16));
#4948=CARTESIAN_POINT('Ctrl Pts',(-2.26219751740037,98.851078881636,-3.));
#4949=CARTESIAN_POINT('Ctrl Pts',(-2.55798108875751,98.9815851300955,-3.76750027942692E-16));
#4950=CARTESIAN_POINT('Ctrl Pts',(-2.55798108875751,98.9815851300955,-3.));
#4951=CARTESIAN_POINT('',(-0.381991937756538,98.258528932929,-1.98817058813775E-16));
#4952=CARTESIAN_POINT('Ctrl Pts',(-0.381991937756538,98.258528932929,-1.98817058813775E-16));
#4953=CARTESIAN_POINT('Ctrl Pts',(-0.813879233063236,98.362212133061,-2.39010468276058E-16));
#4954=CARTESIAN_POINT('Ctrl Pts',(-1.56039550534172,98.5414283241866,-3.08484691130051E-16));
#4955=CARTESIAN_POINT('Ctrl Pts',(-2.26219751740037,98.851078881636,-3.5650939349687E-16));
#4956=CARTESIAN_POINT('Ctrl Pts',(-2.55798108875751,98.9815851300955,-3.76750027942692E-16));
#4957=CARTESIAN_POINT('',(-0.381991937756538,98.258528932929,-3.));
#4958=CARTESIAN_POINT('',(-0.381991937756538,98.258528932929,-1.98817058813775E-16));
#4959=CARTESIAN_POINT('Ctrl Pts',(-0.381991937756538,98.258528932929,-3.));
#4960=CARTESIAN_POINT('Ctrl Pts',(-0.813879233063236,98.362212133061,-3.));
#4961=CARTESIAN_POINT('Ctrl Pts',(-1.56039550534172,98.5414283241866,-3.));
#4962=CARTESIAN_POINT('Ctrl Pts',(-2.26219751740037,98.851078881636,-3.));
#4963=CARTESIAN_POINT('Ctrl Pts',(-2.55798108875751,98.9815851300955,-3.));
#4964=CARTESIAN_POINT('Ctrl Pts',(1.47339694201946,97.5900431722403,-5.34633482449576E-17));
#4965=CARTESIAN_POINT('Ctrl Pts',(1.47339694201946,97.5900431722403,-3.));
#4966=CARTESIAN_POINT('Ctrl Pts',(1.25816155602935,97.7070308801104,-6.54952186982899E-17));
#4967=CARTESIAN_POINT('Ctrl Pts',(1.25816155602935,97.7070308801104,-3.));
#4968=CARTESIAN_POINT('Ctrl Pts',(0.676020642362188,98.0234441447511,-9.80374701808115E-17));
#4969=CARTESIAN_POINT('Ctrl Pts',(0.676020642362188,98.0234441447511,-3.));
#4970=CARTESIAN_POINT('Ctrl Pts',(0.0270403783518214,98.1676441200287,-1.59855226667731E-16));
#4971=CARTESIAN_POINT('Ctrl Pts',(0.0270403783518214,98.1676441200287,-3.));
#4972=CARTESIAN_POINT('Ctrl Pts',(-0.381991937756538,98.258528932929,-1.98817058813775E-16));
#4973=CARTESIAN_POINT('Ctrl Pts',(-0.381991937756538,98.258528932929,-3.));
#4974=CARTESIAN_POINT('',(1.47339694201946,97.5900431722403,-5.34633482449576E-17));
#4975=CARTESIAN_POINT('Ctrl Pts',(1.47339694201946,97.5900431722403,-5.34633482449576E-17));
#4976=CARTESIAN_POINT('Ctrl Pts',(1.25816155602935,97.7070308801104,-6.54952186982899E-17));
#4977=CARTESIAN_POINT('Ctrl Pts',(0.676020642362188,98.0234441447511,-9.80374701808115E-17));
#4978=CARTESIAN_POINT('Ctrl Pts',(0.0270403783518214,98.1676441200287,-1.59855226667731E-16));
#4979=CARTESIAN_POINT('Ctrl Pts',(-0.381991937756538,98.258528932929,-1.98817058813775E-16));
#4980=CARTESIAN_POINT('',(1.47339694201946,97.5900431722403,-3.));
#4981=CARTESIAN_POINT('',(1.47339694201946,97.5900431722403,-5.34633482449576E-17));
#4982=CARTESIAN_POINT('Ctrl Pts',(1.47339694201946,97.5900431722403,-3.));
#4983=CARTESIAN_POINT('Ctrl Pts',(1.25816155602935,97.7070308801104,-3.));
#4984=CARTESIAN_POINT('Ctrl Pts',(0.676020642362188,98.0234441447511,-3.));
#4985=CARTESIAN_POINT('Ctrl Pts',(0.0270403783518214,98.1676441200287,-3.));
#4986=CARTESIAN_POINT('Ctrl Pts',(-0.381991937756538,98.258528932929,-3.));
#4987=CARTESIAN_POINT('Ctrl Pts',(1.7735331505537,96.9829490035772,-9.10548565794092E-17));
#4988=CARTESIAN_POINT('Ctrl Pts',(1.7735331505537,96.9829490035772,-3.));
#4989=CARTESIAN_POINT('Ctrl Pts',(1.75964145357838,97.0980626026309,-7.86587487410226E-17));
#4990=CARTESIAN_POINT('Ctrl Pts',(1.75964145357838,97.0980626026309,-3.));
#4991=CARTESIAN_POINT('Ctrl Pts',(1.73103045226851,97.3351477722225,-5.31280264519079E-17));
#4992=CARTESIAN_POINT('Ctrl Pts',(1.73103045226851,97.3351477722225,-3.));
#4993=CARTESIAN_POINT('Ctrl Pts',(1.56091504252063,97.5034552077535,-5.33494394356726E-17));
#4994=CARTESIAN_POINT('Ctrl Pts',(1.56091504252063,97.5034552077535,-3.));
#4995=CARTESIAN_POINT('Ctrl Pts',(1.47339694201946,97.5900431722403,-5.34633482449576E-17));
#4996=CARTESIAN_POINT('Ctrl Pts',(1.47339694201946,97.5900431722403,-3.));
#4997=CARTESIAN_POINT('',(1.7735331505537,96.9829490035772,-9.10548565794092E-17));
#4998=CARTESIAN_POINT('Ctrl Pts',(1.7735331505537,96.9829490035772,-9.10548565794092E-17));
#4999=CARTESIAN_POINT('Ctrl Pts',(1.75964145357838,97.0980626026309,-7.86587487410226E-17));
#5000=CARTESIAN_POINT('Ctrl Pts',(1.73103045226851,97.3351477722225,-5.31280264519079E-17));
#5001=CARTESIAN_POINT('Ctrl Pts',(1.56091504252063,97.5034552077535,-5.33494394356726E-17));
#5002=CARTESIAN_POINT('Ctrl Pts',(1.47339694201946,97.5900431722403,-5.34633482449576E-17));
#5003=CARTESIAN_POINT('',(1.7735331505537,96.9829490035772,-3.));
#5004=CARTESIAN_POINT('',(1.7735331505537,96.9829490035772,-9.10548565794092E-17));
#5005=CARTESIAN_POINT('Ctrl Pts',(1.7735331505537,96.9829490035772,-3.));
#5006=CARTESIAN_POINT('Ctrl Pts',(1.75964145357838,97.0980626026309,-3.));
#5007=CARTESIAN_POINT('Ctrl Pts',(1.73103045226851,97.3351477722225,-3.));
#5008=CARTESIAN_POINT('Ctrl Pts',(1.56091504252063,97.5034552077535,-3.));
#5009=CARTESIAN_POINT('Ctrl Pts',(1.47339694201946,97.5900431722403,-3.));
#5010=CARTESIAN_POINT('Ctrl Pts',(1.45293287932873,96.362212523818,-2.06335360480665E-16));
#5011=CARTESIAN_POINT('Ctrl Pts',(1.45293287932873,96.362212523818,-3.));
#5012=CARTESIAN_POINT('Ctrl Pts',(1.54644071775181,96.445717820434,-1.84657503557399E-16));
#5013=CARTESIAN_POINT('Ctrl Pts',(1.54644071775181,96.445717820434,-3.));
#5014=CARTESIAN_POINT('Ctrl Pts',(1.73249069561602,96.6118660155902,-1.41525667031898E-16));
#5015=CARTESIAN_POINT('Ctrl Pts',(1.73249069561602,96.6118660155902,-3.));
#5016=CARTESIAN_POINT('Ctrl Pts',(1.75989975480444,96.8596834426178,-1.07820143493404E-16));
#5017=CARTESIAN_POINT('Ctrl Pts',(1.75989975480444,96.8596834426178,-3.));
#5018=CARTESIAN_POINT('Ctrl Pts',(1.7735331505537,96.9829490035772,-9.10548565794092E-17));
#5019=CARTESIAN_POINT('Ctrl Pts',(1.7735331505537,96.9829490035772,-3.));
#5020=CARTESIAN_POINT('',(1.45293287932873,96.362212523818,-2.06335360480665E-16));
#5021=CARTESIAN_POINT('Ctrl Pts',(1.45293287932873,96.362212523818,-2.06335360480665E-16));
#5022=CARTESIAN_POINT('Ctrl Pts',(1.54644071775181,96.445717820434,-1.84657503557399E-16));
#5023=CARTESIAN_POINT('Ctrl Pts',(1.73249069561602,96.6118660155902,-1.41525667031898E-16));
#5024=CARTESIAN_POINT('Ctrl Pts',(1.75989975480444,96.8596834426178,-1.07820143493404E-16));
#5025=CARTESIAN_POINT('Ctrl Pts',(1.7735331505537,96.9829490035772,-9.10548565794092E-17));
#5026=CARTESIAN_POINT('',(1.45293287932873,96.362212523818,-3.));
#5027=CARTESIAN_POINT('',(1.45293287932873,96.362212523818,-2.06335360480665E-16));
#5028=CARTESIAN_POINT('Ctrl Pts',(1.45293287932873,96.362212523818,-3.));
#5029=CARTESIAN_POINT('Ctrl Pts',(1.54644071775181,96.445717820434,-3.));
#5030=CARTESIAN_POINT('Ctrl Pts',(1.73249069561602,96.6118660155902,-3.));
#5031=CARTESIAN_POINT('Ctrl Pts',(1.75989975480444,96.8596834426178,-3.));
#5032=CARTESIAN_POINT('Ctrl Pts',(1.7735331505537,96.9829490035772,-3.));
#5033=CARTESIAN_POINT('Ctrl Pts',(0.0750338286161423,96.000684723258,-4.19353713056858E-16));
#5034=CARTESIAN_POINT('Ctrl Pts',(0.0750338286161423,96.000684723258,-3.));
#5035=CARTESIAN_POINT('Ctrl Pts',(0.342559987855516,96.0091131136151,-3.85559027469511E-16));
#5036=CARTESIAN_POINT('Ctrl Pts',(0.342559987855516,96.0091131136151,-3.));
#5037=CARTESIAN_POINT('Ctrl Pts',(0.831137554487303,96.0245057109708,-3.23840482650203E-16));
#5038=CARTESIAN_POINT('Ctrl Pts',(0.831137554487303,96.0245057109708,-3.));
#5039=CARTESIAN_POINT('Ctrl Pts',(1.25924189897491,96.2570159084057,-2.42938534226652E-16));
#5040=CARTESIAN_POINT('Ctrl Pts',(1.25924189897491,96.2570159084057,-3.));
#5041=CARTESIAN_POINT('Ctrl Pts',(1.45293287932873,96.362212523818,-2.06335360480665E-16));
#5042=CARTESIAN_POINT('Ctrl Pts',(1.45293287932873,96.362212523818,-3.));
#5043=CARTESIAN_POINT('',(0.0750338286161423,96.000684723258,-4.19353713056858E-16));
#5044=CARTESIAN_POINT('Ctrl Pts',(0.0750338286161423,96.000684723258,-4.19353713056858E-16));
#5045=CARTESIAN_POINT('Ctrl Pts',(0.342559987855516,96.0091131136151,-3.85559027469511E-16));
#5046=CARTESIAN_POINT('Ctrl Pts',(0.831137554487303,96.0245057109708,-3.23840482650203E-16));
#5047=CARTESIAN_POINT('Ctrl Pts',(1.25924189897491,96.2570159084057,-2.42938534226652E-16));
#5048=CARTESIAN_POINT('Ctrl Pts',(1.45293287932873,96.362212523818,-2.06335360480665E-16));
#5049=CARTESIAN_POINT('',(0.0750338286161423,96.000684723258,-3.));
#5050=CARTESIAN_POINT('',(0.0750338286161423,96.000684723258,-4.19353713056858E-16));
#5051=CARTESIAN_POINT('Ctrl Pts',(0.0750338286161423,96.000684723258,-3.));
#5052=CARTESIAN_POINT('Ctrl Pts',(0.342559987855516,96.0091131136151,-3.));
#5053=CARTESIAN_POINT('Ctrl Pts',(0.831137554487303,96.0245057109708,-3.));
#5054=CARTESIAN_POINT('Ctrl Pts',(1.25924189897491,96.2570159084057,-3.));
#5055=CARTESIAN_POINT('Ctrl Pts',(1.45293287932873,96.362212523818,-3.));
#5056=CARTESIAN_POINT('Ctrl Pts',(-1.20054610073566,96.3417490571737,-5.33798866327268E-16));
#5057=CARTESIAN_POINT('Ctrl Pts',(-1.20054610073566,96.3417490571737,-3.));
#5058=CARTESIAN_POINT('Ctrl Pts',(-1.02776663125661,96.242639894937,-5.24776855731613E-16));
#5059=CARTESIAN_POINT('Ctrl Pts',(-1.02776663125661,96.242639894937,-3.));
#5060=CARTESIAN_POINT('Ctrl Pts',(-0.634886636696919,96.0172774300691,-5.04261875077804E-16));
#5061=CARTESIAN_POINT('Ctrl Pts',(-0.634886636696919,96.0172774300691,-3.));
#5062=CARTESIAN_POINT('Ctrl Pts',(-0.179874544773242,96.0066426017951,-4.49841355723558E-16));
#5063=CARTESIAN_POINT('Ctrl Pts',(-0.179874544773242,96.0066426017951,-3.));
#5064=CARTESIAN_POINT('Ctrl Pts',(0.0750338286161423,96.000684723258,-4.19353713056858E-16));
#5065=CARTESIAN_POINT('Ctrl Pts',(0.0750338286161423,96.000684723258,-3.));
#5066=CARTESIAN_POINT('',(-1.20054610073566,96.3417490571737,-5.33798866327268E-16));
#5067=CARTESIAN_POINT('Ctrl Pts',(-1.20054610073566,96.3417490571737,-5.33798866327268E-16));
#5068=CARTESIAN_POINT('Ctrl Pts',(-1.02776663125661,96.242639894937,-5.24776855731613E-16));
#5069=CARTESIAN_POINT('Ctrl Pts',(-0.634886636696919,96.0172774300691,-5.04261875077804E-16));
#5070=CARTESIAN_POINT('Ctrl Pts',(-0.179874544773242,96.0066426017951,-4.49841355723558E-16));
#5071=CARTESIAN_POINT('Ctrl Pts',(0.0750338286161423,96.000684723258,-4.19353713056858E-16));
#5072=CARTESIAN_POINT('',(-1.20054610073566,96.3417490571737,-3.));
#5073=CARTESIAN_POINT('',(-1.20054610073566,96.3417490571737,-5.33798866327268E-16));
#5074=CARTESIAN_POINT('Ctrl Pts',(-1.20054610073566,96.3417490571737,-3.));
#5075=CARTESIAN_POINT('Ctrl Pts',(-1.02776663125661,96.242639894937,-3.));
#5076=CARTESIAN_POINT('Ctrl Pts',(-0.634886636696919,96.0172774300691,-3.));
#5077=CARTESIAN_POINT('Ctrl Pts',(-0.179874544773242,96.0066426017951,-3.));
#5078=CARTESIAN_POINT('Ctrl Pts',(0.0750338286161423,96.000684723258,-3.));
#5079=CARTESIAN_POINT('Ctrl Pts',(-1.75989158451557,97.4467965215445,-4.66969647945376E-16));
#5080=CARTESIAN_POINT('Ctrl Pts',(-1.75989158451557,97.4467965215445,-3.));
#5081=CARTESIAN_POINT('Ctrl Pts',(-1.71256150669451,97.2151742147543,-4.89538936776851E-16));
#5082=CARTESIAN_POINT('Ctrl Pts',(-1.71256150669451,97.2151742147543,-3.));
#5083=CARTESIAN_POINT('Ctrl Pts',(-1.62642853519727,96.7936596416258,-5.30611337269914E-16));
#5084=CARTESIAN_POINT('Ctrl Pts',(-1.62642853519727,96.7936596416258,-3.));
#5085=CARTESIAN_POINT('Ctrl Pts',(-1.332817733065,96.4821045774664,-5.32808875575368E-16));
#5086=CARTESIAN_POINT('Ctrl Pts',(-1.332817733065,96.4821045774664,-3.));
#5087=CARTESIAN_POINT('Ctrl Pts',(-1.20054610073566,96.3417490571737,-5.33798866327268E-16));
#5088=CARTESIAN_POINT('Ctrl Pts',(-1.20054610073566,96.3417490571737,-3.));
#5089=CARTESIAN_POINT('',(-1.75989158451557,97.4467965215445,-4.66969647945376E-16));
#5090=CARTESIAN_POINT('Ctrl Pts',(-1.75989158451557,97.4467965215445,-4.66969647945376E-16));
#5091=CARTESIAN_POINT('Ctrl Pts',(-1.71256150669451,97.2151742147543,-4.89538936776851E-16));
#5092=CARTESIAN_POINT('Ctrl Pts',(-1.62642853519727,96.7936596416258,-5.30611337269914E-16));
#5093=CARTESIAN_POINT('Ctrl Pts',(-1.332817733065,96.4821045774664,-5.32808875575368E-16));
#5094=CARTESIAN_POINT('Ctrl Pts',(-1.20054610073566,96.3417490571737,-5.33798866327268E-16));
#5095=CARTESIAN_POINT('',(-1.75989158451557,97.4467965215445,-3.));
#5096=CARTESIAN_POINT('',(-1.75989158451557,97.4467965215445,-4.66969647945376E-16));
#5097=CARTESIAN_POINT('Ctrl Pts',(-1.75989158451557,97.4467965215445,-3.));
#5098=CARTESIAN_POINT('Ctrl Pts',(-1.71256150669451,97.2151742147543,-3.));
#5099=CARTESIAN_POINT('Ctrl Pts',(-1.62642853519727,96.7936596416258,-3.));
#5100=CARTESIAN_POINT('Ctrl Pts',(-1.332817733065,96.4821045774664,-3.));
#5101=CARTESIAN_POINT('Ctrl Pts',(-1.20054610073566,96.3417490571737,-3.));
#5102=CARTESIAN_POINT('Origin',(-3.77899058163166,97.3581197112799,-7.25097737528273E-16));
#5103=CARTESIAN_POINT('',(-3.77899058163166,97.3581197112799,-7.25097737528273E-16));
#5104=CARTESIAN_POINT('',(-2.20227411343005,97.4273675229481,6.16297582203915E-32));
#5105=CARTESIAN_POINT('',(-3.77899058163166,97.3581197112799,-3.));
#5106=CARTESIAN_POINT('',(-3.77899058163166,97.3581197112799,-7.25097737528273E-16));
#5107=CARTESIAN_POINT('',(-3.77899058163166,97.3581197112799,-3.));
#5108=CARTESIAN_POINT('Ctrl Pts',(-2.77626164257526,95.1548459380865,-8.72122076364145E-16));
#5109=CARTESIAN_POINT('Ctrl Pts',(-2.77626164257526,95.1548459380865,-3.));
#5110=CARTESIAN_POINT('Ctrl Pts',(-3.05693029728445,95.4584947749189,-8.6930781571605E-16));
#5111=CARTESIAN_POINT('Ctrl Pts',(-3.05693029728445,95.4584947749189,-3.));
#5112=CARTESIAN_POINT('Ctrl Pts',(-3.63269697539098,96.0814032442491,-8.63534611343232E-16));
#5113=CARTESIAN_POINT('Ctrl Pts',(-3.63269697539098,96.0814032442491,-3.));
#5114=CARTESIAN_POINT('Ctrl Pts',(-3.72941806598974,96.9254962449607,-7.72007949593999E-16));
#5115=CARTESIAN_POINT('Ctrl Pts',(-3.72941806598974,96.9254962449607,-3.));
#5116=CARTESIAN_POINT('Ctrl Pts',(-3.77899058163166,97.3581197112799,-7.25097737528273E-16));
#5117=CARTESIAN_POINT('Ctrl Pts',(-3.77899058163166,97.3581197112799,-3.));
#5118=CARTESIAN_POINT('',(-2.77626164257526,95.1548459380865,-8.72122076364145E-16));
#5119=CARTESIAN_POINT('Ctrl Pts',(-2.77626164257526,95.1548459380865,-8.72122076364145E-16));
#5120=CARTESIAN_POINT('Ctrl Pts',(-3.05693029728445,95.4584947749189,-8.6930781571605E-16));
#5121=CARTESIAN_POINT('Ctrl Pts',(-3.63269697539098,96.0814032442491,-8.63534611343232E-16));
#5122=CARTESIAN_POINT('Ctrl Pts',(-3.72941806598974,96.9254962449607,-7.72007949593999E-16));
#5123=CARTESIAN_POINT('Ctrl Pts',(-3.77899058163166,97.3581197112799,-7.25097737528273E-16));
#5124=CARTESIAN_POINT('',(-2.77626164257526,95.1548459380865,-3.));
#5125=CARTESIAN_POINT('',(-2.77626164257526,95.1548459380865,-8.72122076364145E-16));
#5126=CARTESIAN_POINT('Ctrl Pts',(-2.77626164257526,95.1548459380865,-3.));
#5127=CARTESIAN_POINT('Ctrl Pts',(-3.05693029728445,95.4584947749189,-3.));
#5128=CARTESIAN_POINT('Ctrl Pts',(-3.63269697539098,96.0814032442491,-3.));
#5129=CARTESIAN_POINT('Ctrl Pts',(-3.72941806598974,96.9254962449607,-3.));
#5130=CARTESIAN_POINT('Ctrl Pts',(-3.77899058163166,97.3581197112799,-3.));
#5131=CARTESIAN_POINT('Ctrl Pts',(0.0545703619718552,94.3294706195593,-6.26524465227853E-16));
#5132=CARTESIAN_POINT('Ctrl Pts',(0.0545703619718552,94.3294706195593,-3.));
#5133=CARTESIAN_POINT('Ctrl Pts',(-0.511463748066434,94.3460362556202,-6.93814946016729E-16));
#5134=CARTESIAN_POINT('Ctrl Pts',(-0.511463748066434,94.3460362556202,-3.));
#5135=CARTESIAN_POINT('Ctrl Pts',(-1.53188363604524,94.3759000115208,-8.15123085669267E-16));
#5136=CARTESIAN_POINT('Ctrl Pts',(-1.53188363604524,94.3759000115208,-3.));
#5137=CARTESIAN_POINT('Ctrl Pts',(-2.39287033779834,94.914853674024,-8.54560758742971E-16));
#5138=CARTESIAN_POINT('Ctrl Pts',(-2.39287033779834,94.914853674024,-3.));
#5139=CARTESIAN_POINT('Ctrl Pts',(-2.77626164257526,95.1548459380865,-8.72122076364145E-16));
#5140=CARTESIAN_POINT('Ctrl Pts',(-2.77626164257526,95.1548459380865,-3.));
#5141=CARTESIAN_POINT('',(0.0545703619718552,94.3294706195593,-6.26524465227853E-16));
#5142=CARTESIAN_POINT('Ctrl Pts',(0.0545703619718552,94.3294706195593,-6.26524465227853E-16));
#5143=CARTESIAN_POINT('Ctrl Pts',(-0.511463748066434,94.3460362556202,-6.93814946016729E-16));
#5144=CARTESIAN_POINT('Ctrl Pts',(-1.53188363604524,94.3759000115208,-8.15123085669267E-16));
#5145=CARTESIAN_POINT('Ctrl Pts',(-2.39287033779834,94.914853674024,-8.54560758742971E-16));
#5146=CARTESIAN_POINT('Ctrl Pts',(-2.77626164257526,95.1548459380865,-8.72122076364145E-16));
#5147=CARTESIAN_POINT('',(0.0545703619718552,94.3294706195593,-3.));
#5148=CARTESIAN_POINT('',(0.0545703619718552,94.3294706195593,-6.26524465227853E-16));
#5149=CARTESIAN_POINT('Ctrl Pts',(0.0545703619718552,94.3294706195593,-3.));
#5150=CARTESIAN_POINT('Ctrl Pts',(-0.511463748066434,94.3460362556202,-3.));
#5151=CARTESIAN_POINT('Ctrl Pts',(-1.53188363604524,94.3759000115208,-3.));
#5152=CARTESIAN_POINT('Ctrl Pts',(-2.39287033779834,94.914853674024,-3.));
#5153=CARTESIAN_POINT('Ctrl Pts',(-2.77626164257526,95.1548459380865,-3.));
#5154=CARTESIAN_POINT('Ctrl Pts',(2.02592067420483,94.6773561090231,-3.42499995126262E-16));
#5155=CARTESIAN_POINT('Ctrl Pts',(2.02592067420483,94.6773561090231,-3.));
#5156=CARTESIAN_POINT('Ctrl Pts',(1.72785176780682,94.5760095264031,-3.91414285141845E-16));
#5157=CARTESIAN_POINT('Ctrl Pts',(1.72785176780682,94.5760095264031,-3.));
#5158=CARTESIAN_POINT('Ctrl Pts',(1.08928397077321,94.3588897174883,-4.96205793911317E-16));
#5159=CARTESIAN_POINT('Ctrl Pts',(1.08928397077321,94.3588897174883,-3.));
#5160=CARTESIAN_POINT('Ctrl Pts',(0.414422086435243,94.3397019657326,-5.81202360440464E-16));
#5161=CARTESIAN_POINT('Ctrl Pts',(0.414422086435243,94.3397019657326,-3.));
#5162=CARTESIAN_POINT('Ctrl Pts',(0.0545703619718552,94.3294706195593,-6.26524465227853E-16));
#5163=CARTESIAN_POINT('Ctrl Pts',(0.0545703619718552,94.3294706195593,-3.));
#5164=CARTESIAN_POINT('',(2.02592067420483,94.6773561090231,-3.42499995126262E-16));
#5165=CARTESIAN_POINT('Ctrl Pts',(2.02592067420483,94.6773561090231,-3.42499995126262E-16));
#5166=CARTESIAN_POINT('Ctrl Pts',(1.72785176780682,94.5760095264031,-3.91414285141845E-16));
#5167=CARTESIAN_POINT('Ctrl Pts',(1.08928397077321,94.3588897174883,-4.96205793911317E-16));
#5168=CARTESIAN_POINT('Ctrl Pts',(0.414422086435243,94.3397019657326,-5.81202360440464E-16));
#5169=CARTESIAN_POINT('Ctrl Pts',(0.0545703619718552,94.3294706195593,-6.26524465227853E-16));
#5170=CARTESIAN_POINT('',(2.02592067420483,94.6773561090231,-3.));
#5171=CARTESIAN_POINT('',(2.02592067420483,94.6773561090231,-3.42499995126262E-16));
#5172=CARTESIAN_POINT('Ctrl Pts',(2.02592067420483,94.6773561090231,-3.));
#5173=CARTESIAN_POINT('Ctrl Pts',(1.72785176780682,94.5760095264031,-3.));
#5174=CARTESIAN_POINT('Ctrl Pts',(1.08928397077321,94.3588897174883,-3.));
#5175=CARTESIAN_POINT('Ctrl Pts',(0.414422086435243,94.3397019657326,-3.));
#5176=CARTESIAN_POINT('Ctrl Pts',(0.0545703619718552,94.3294706195593,-3.));
#5177=CARTESIAN_POINT('Ctrl Pts',(3.2742153853178,95.6937267631292,-6.51584760607162E-17));
#5178=CARTESIAN_POINT('Ctrl Pts',(3.2742153853178,95.6937267631292,-3.));
#5179=CARTESIAN_POINT('Ctrl Pts',(3.10959444825059,95.4827984941689,-1.11149989369112E-16));
#5180=CARTESIAN_POINT('Ctrl Pts',(3.10959444825059,95.4827984941689,-3.));
#5181=CARTESIAN_POINT('Ctrl Pts',(2.77125814836825,95.0492892982427,-2.05673800956936E-16));
#5182=CARTESIAN_POINT('Ctrl Pts',(2.77125814836825,95.0492892982427,-3.));
#5183=CARTESIAN_POINT('Ctrl Pts',(2.27877908513534,94.8035357772384,-2.96081218088171E-16));
#5184=CARTESIAN_POINT('Ctrl Pts',(2.27877908513534,94.8035357772384,-3.));
#5185=CARTESIAN_POINT('Ctrl Pts',(2.02592067420483,94.6773561090231,-3.42499995126262E-16));
#5186=CARTESIAN_POINT('Ctrl Pts',(2.02592067420483,94.6773561090231,-3.));
#5187=CARTESIAN_POINT('',(3.2742153853178,95.6937267631292,-6.51584760607162E-17));
#5188=CARTESIAN_POINT('Ctrl Pts',(3.2742153853178,95.6937267631292,-6.51584760607162E-17));
#5189=CARTESIAN_POINT('Ctrl Pts',(3.10959444825059,95.4827984941689,-1.11149989369112E-16));
#5190=CARTESIAN_POINT('Ctrl Pts',(2.77125814836825,95.0492892982427,-2.05673800956936E-16));
#5191=CARTESIAN_POINT('Ctrl Pts',(2.27877908513534,94.8035357772384,-2.96081218088171E-16));
#5192=CARTESIAN_POINT('Ctrl Pts',(2.02592067420483,94.6773561090231,-3.42499995126262E-16));
#5193=CARTESIAN_POINT('',(3.2742153853178,95.6937267631292,-3.));
#5194=CARTESIAN_POINT('',(3.2742153853178,95.6937267631292,-6.51584760607162E-17));
#5195=CARTESIAN_POINT('Ctrl Pts',(3.2742153853178,95.6937267631292,-3.));
#5196=CARTESIAN_POINT('Ctrl Pts',(3.10959444825059,95.4827984941689,-3.));
#5197=CARTESIAN_POINT('Ctrl Pts',(2.77125814836825,95.0492892982427,-3.));
#5198=CARTESIAN_POINT('Ctrl Pts',(2.27877908513534,94.8035357772384,-3.));
#5199=CARTESIAN_POINT('Ctrl Pts',(2.02592067420483,94.6773561090231,-3.));
#5200=CARTESIAN_POINT('Ctrl Pts',(3.70395623147488,97.1193750947714,1.6206116571573E-16));
#5201=CARTESIAN_POINT('Ctrl Pts',(3.70395623147488,97.1193750947714,-3.));
#5202=CARTESIAN_POINT('Ctrl Pts',(3.68544477487647,96.8680494963741,1.29015657146545E-16));
#5203=CARTESIAN_POINT('Ctrl Pts',(3.68544477487647,96.8680494963741,-3.));
#5204=CARTESIAN_POINT('Ctrl Pts',(3.64810206936916,96.3610565562181,6.23537665342053E-17));
#5205=CARTESIAN_POINT('Ctrl Pts',(3.64810206936916,96.3610565562181,-3.));
#5206=CARTESIAN_POINT('Ctrl Pts',(3.39955377896065,95.9174363731893,-2.24124240123672E-17));
#5207=CARTESIAN_POINT('Ctrl Pts',(3.39955377896065,95.9174363731893,-3.));
#5208=CARTESIAN_POINT('Ctrl Pts',(3.2742153853178,95.6937267631292,-6.51584760607162E-17));
#5209=CARTESIAN_POINT('Ctrl Pts',(3.2742153853178,95.6937267631292,-3.));
#5210=CARTESIAN_POINT('',(3.70395623147488,97.1193750947714,1.6206116571573E-16));
#5211=CARTESIAN_POINT('Ctrl Pts',(3.70395623147488,97.1193750947714,1.6206116571573E-16));
#5212=CARTESIAN_POINT('Ctrl Pts',(3.68544477487647,96.8680494963741,1.29015657146545E-16));
#5213=CARTESIAN_POINT('Ctrl Pts',(3.64810206936916,96.3610565562181,6.23537665342053E-17));
#5214=CARTESIAN_POINT('Ctrl Pts',(3.39955377896065,95.9174363731893,-2.24124240123672E-17));
#5215=CARTESIAN_POINT('Ctrl Pts',(3.2742153853178,95.6937267631292,-6.51584760607162E-17));
#5216=CARTESIAN_POINT('',(3.70395623147488,97.1193750947714,-3.));
#5217=CARTESIAN_POINT('',(3.70395623147488,97.1193750947714,1.6206116571573E-16));
#5218=CARTESIAN_POINT('Ctrl Pts',(3.70395623147488,97.1193750947714,-3.));
#5219=CARTESIAN_POINT('Ctrl Pts',(3.68544477487647,96.8680494963741,-3.));
#5220=CARTESIAN_POINT('Ctrl Pts',(3.64810206936916,96.3610565562181,-3.));
#5221=CARTESIAN_POINT('Ctrl Pts',(3.39955377896065,95.9174363731893,-3.));
#5222=CARTESIAN_POINT('Ctrl Pts',(3.2742153853178,95.6937267631292,-3.));
#5223=CARTESIAN_POINT('Ctrl Pts',(2.7830832451582,99.1316529363394,2.9571971197147E-16));
#5224=CARTESIAN_POINT('Ctrl Pts',(2.7830832451582,99.1316529363394,-3.));
#5225=CARTESIAN_POINT('Ctrl Pts',(3.05166057105069,98.8438335854368,2.93363243537693E-16));
#5226=CARTESIAN_POINT('Ctrl Pts',(3.05166057105069,98.8438335854368,-3.));
#5227=CARTESIAN_POINT('Ctrl Pts',(3.5825926436418,98.2748632749359,2.88704902907549E-16));
#5228=CARTESIAN_POINT('Ctrl Pts',(3.5825926436418,98.2748632749359,-3.));
#5229=CARTESIAN_POINT('Ctrl Pts',(3.66381902943124,97.5015165869138,2.03944611632144E-16));
#5230=CARTESIAN_POINT('Ctrl Pts',(3.66381902943124,97.5015165869138,-3.));
#5231=CARTESIAN_POINT('Ctrl Pts',(3.70395623147488,97.1193750947714,1.6206116571573E-16));
#5232=CARTESIAN_POINT('Ctrl Pts',(3.70395623147488,97.1193750947714,-3.));
#5233=CARTESIAN_POINT('',(2.7830832451582,99.1316529363394,2.9571971197147E-16));
#5234=CARTESIAN_POINT('Ctrl Pts',(2.7830832451582,99.1316529363394,2.9571971197147E-16));
#5235=CARTESIAN_POINT('Ctrl Pts',(3.05166057105069,98.8438335854368,2.93363243537693E-16));
#5236=CARTESIAN_POINT('Ctrl Pts',(3.5825926436418,98.2748632749359,2.88704902907549E-16));
#5237=CARTESIAN_POINT('Ctrl Pts',(3.66381902943124,97.5015165869138,2.03944611632144E-16));
#5238=CARTESIAN_POINT('Ctrl Pts',(3.70395623147488,97.1193750947714,1.6206116571573E-16));
#5239=CARTESIAN_POINT('',(2.7830832451582,99.1316529363394,-3.));
#5240=CARTESIAN_POINT('',(2.7830832451582,99.1316529363394,2.9571971197147E-16));
#5241=CARTESIAN_POINT('Ctrl Pts',(2.7830832451582,99.1316529363394,-3.));
#5242=CARTESIAN_POINT('Ctrl Pts',(3.05166057105069,98.8438335854368,-3.));
#5243=CARTESIAN_POINT('Ctrl Pts',(3.5825926436418,98.2748632749359,-3.));
#5244=CARTESIAN_POINT('Ctrl Pts',(3.66381902943124,97.5015165869138,-3.));
#5245=CARTESIAN_POINT('Ctrl Pts',(3.70395623147488,97.1193750947714,-3.));
#5246=CARTESIAN_POINT('Ctrl Pts',(0.50477497279644,100.120738968253,1.37835522956048E-16));
#5247=CARTESIAN_POINT('Ctrl Pts',(0.50477497279644,100.120738968253,-3.));
#5248=CARTESIAN_POINT('Ctrl Pts',(0.978520359304841,100.000399666248,1.81115285974675E-16));
#5249=CARTESIAN_POINT('Ctrl Pts',(0.978520359304841,100.000399666248,-3.));
#5250=CARTESIAN_POINT('Ctrl Pts',(1.79389980760925,99.793279562343,2.55605571891683E-16));
#5251=CARTESIAN_POINT('Ctrl Pts',(1.79389980760925,99.793279562343,-3.));
#5252=CARTESIAN_POINT('Ctrl Pts',(2.49100475801775,99.3270129642568,2.83875116820872E-16));
#5253=CARTESIAN_POINT('Ctrl Pts',(2.49100475801775,99.3270129642568,-3.));
#5254=CARTESIAN_POINT('Ctrl Pts',(2.7830832451582,99.1316529363394,2.9571971197147E-16));
#5255=CARTESIAN_POINT('Ctrl Pts',(2.7830832451582,99.1316529363394,-3.));
#5256=CARTESIAN_POINT('',(0.50477497279644,100.120738968253,1.37835522956048E-16));
#5257=CARTESIAN_POINT('Ctrl Pts',(0.50477497279644,100.120738968253,1.37835522956048E-16));
#5258=CARTESIAN_POINT('Ctrl Pts',(0.978520359304841,100.000399666248,1.81115285974675E-16));
#5259=CARTESIAN_POINT('Ctrl Pts',(1.79389980760925,99.793279562343,2.55605571891683E-16));
#5260=CARTESIAN_POINT('Ctrl Pts',(2.49100475801775,99.3270129642568,2.83875116820872E-16));
#5261=CARTESIAN_POINT('Ctrl Pts',(2.7830832451582,99.1316529363394,2.9571971197147E-16));
#5262=CARTESIAN_POINT('',(0.50477497279644,100.120738968253,-3.));
#5263=CARTESIAN_POINT('',(0.50477497279644,100.120738968253,1.37835522956048E-16));
#5264=CARTESIAN_POINT('Ctrl Pts',(0.50477497279644,100.120738968253,-3.));
#5265=CARTESIAN_POINT('Ctrl Pts',(0.978520359304841,100.000399666248,-3.));
#5266=CARTESIAN_POINT('Ctrl Pts',(1.79389980760925,99.793279562343,-3.));
#5267=CARTESIAN_POINT('Ctrl Pts',(2.49100475801775,99.3270129642568,-3.));
#5268=CARTESIAN_POINT('Ctrl Pts',(2.7830832451582,99.1316529363394,-3.));
#5269=CARTESIAN_POINT('Ctrl Pts',(-1.11186869442463,100.557301267982,-6.68276398728584E-18));
#5270=CARTESIAN_POINT('Ctrl Pts',(-1.11186869442463,100.557301267982,-3.));
#5271=CARTESIAN_POINT('Ctrl Pts',(-0.918357426898666,100.49926962054,9.90870432129156E-18));
#5272=CARTESIAN_POINT('Ctrl Pts',(-0.918357426898666,100.49926962054,-3.));
#5273=CARTESIAN_POINT('Ctrl Pts',(-0.383562706074535,100.338891265887,5.57614847592972E-17));
#5274=CARTESIAN_POINT('Ctrl Pts',(-0.383562706074535,100.338891265887,-3.));
#5275=CARTESIAN_POINT('Ctrl Pts',(0.158715728661404,100.205721988811,1.05862906802272E-16));
#5276=CARTESIAN_POINT('Ctrl Pts',(0.158715728661404,100.205721988811,-3.));
#5277=CARTESIAN_POINT('Ctrl Pts',(0.50477497279644,100.120738968253,1.37835522956048E-16));
#5278=CARTESIAN_POINT('Ctrl Pts',(0.50477497279644,100.120738968253,-3.));
#5279=CARTESIAN_POINT('',(-1.11186869442463,100.557301267982,-6.68276398728584E-18));
#5280=CARTESIAN_POINT('Ctrl Pts',(-1.11186869442463,100.557301267982,-6.68276398728584E-18));
#5281=CARTESIAN_POINT('Ctrl Pts',(-0.918357426898666,100.49926962054,9.90870432129156E-18));
#5282=CARTESIAN_POINT('Ctrl Pts',(-0.383562706074535,100.338891265887,5.57614847592972E-17));
#5283=CARTESIAN_POINT('Ctrl Pts',(0.158715728661404,100.205721988811,1.05862906802272E-16));
#5284=CARTESIAN_POINT('Ctrl Pts',(0.50477497279644,100.120738968253,1.37835522956048E-16));
#5285=CARTESIAN_POINT('',(-1.11186869442463,100.557301267982,-3.));
#5286=CARTESIAN_POINT('',(-1.11186869442463,100.557301267982,-6.68276398728584E-18));
#5287=CARTESIAN_POINT('Ctrl Pts',(-1.11186869442463,100.557301267982,-3.));
#5288=CARTESIAN_POINT('Ctrl Pts',(-0.918357426898666,100.49926962054,-3.));
#5289=CARTESIAN_POINT('Ctrl Pts',(-0.383562706074535,100.338891265887,-3.));
#5290=CARTESIAN_POINT('Ctrl Pts',(0.158715728661404,100.205721988811,-3.));
#5291=CARTESIAN_POINT('Ctrl Pts',(0.50477497279644,100.120738968253,-3.));
#5292=CARTESIAN_POINT('Ctrl Pts',(-1.83492548763752,100.993862971663,-4.17682934238364E-17));
#5293=CARTESIAN_POINT('Ctrl Pts',(-1.83492548763752,100.993862971663,-3.));
#5294=CARTESIAN_POINT('Ctrl Pts',(-1.74428733935648,100.909496938257,-4.10001808833825E-17));
#5295=CARTESIAN_POINT('Ctrl Pts',(-1.74428733935648,100.909496938257,-3.));
#5296=CARTESIAN_POINT('Ctrl Pts',(-1.53452902727357,100.714253797259,-3.92225851024566E-17));
#5297=CARTESIAN_POINT('Ctrl Pts',(-1.53452902727357,100.714253797259,-3.));
#5298=CARTESIAN_POINT('Ctrl Pts',(-1.26495675513177,100.614149655357,-1.84687247768904E-17));
#5299=CARTESIAN_POINT('Ctrl Pts',(-1.26495675513177,100.614149655357,-3.));
#5300=CARTESIAN_POINT('Ctrl Pts',(-1.11186869442463,100.557301267982,-6.68276398728584E-18));
#5301=CARTESIAN_POINT('Ctrl Pts',(-1.11186869442463,100.557301267982,-3.));
#5302=CARTESIAN_POINT('',(-1.83492548763752,100.993862971663,-4.17682934238364E-17));
#5303=CARTESIAN_POINT('Ctrl Pts',(-1.83492548763752,100.993862971663,-4.17682934238364E-17));
#5304=CARTESIAN_POINT('Ctrl Pts',(-1.74428733935648,100.909496938257,-4.10001808833825E-17));
#5305=CARTESIAN_POINT('Ctrl Pts',(-1.53452902727357,100.714253797259,-3.92225851024566E-17));
#5306=CARTESIAN_POINT('Ctrl Pts',(-1.26495675513177,100.614149655357,-1.84687247768904E-17));
#5307=CARTESIAN_POINT('Ctrl Pts',(-1.11186869442463,100.557301267982,-6.68276398728584E-18));
#5308=CARTESIAN_POINT('',(-1.83492548763752,100.993862971663,-3.));
#5309=CARTESIAN_POINT('',(-1.83492548763752,100.993862971663,-4.17682934238364E-17));
#5310=CARTESIAN_POINT('Ctrl Pts',(-1.83492548763752,100.993862971663,-3.));
#5311=CARTESIAN_POINT('Ctrl Pts',(-1.74428733935648,100.909496938257,-3.));
#5312=CARTESIAN_POINT('Ctrl Pts',(-1.53452902727357,100.714253797259,-3.));
#5313=CARTESIAN_POINT('Ctrl Pts',(-1.26495675513177,100.614149655357,-3.));
#5314=CARTESIAN_POINT('Ctrl Pts',(-1.11186869442463,100.557301267982,-3.));
#5315=CARTESIAN_POINT('Ctrl Pts',(-2.04638488590717,101.594135984778,5.8476414646813E-18));
#5316=CARTESIAN_POINT('Ctrl Pts',(-2.04638488590717,101.594135984778,-3.));
#5317=CARTESIAN_POINT('Ctrl Pts',(-2.03848251796011,101.48152118924,-6.97593246342917E-18));
#5318=CARTESIAN_POINT('Ctrl Pts',(-2.03848251796011,101.48152118924,-3.));
#5319=CARTESIAN_POINT('Ctrl Pts',(-2.02306061716813,101.261747291575,-3.20018343504118E-17));
#5320=CARTESIAN_POINT('Ctrl Pts',(-2.02306061716813,101.261747291575,-3.));
#5321=CARTESIAN_POINT('Ctrl Pts',(-1.89659069601897,101.081667638717,-3.85671329844528E-17));
#5322=CARTESIAN_POINT('Ctrl Pts',(-1.89659069601897,101.081667638717,-3.));
#5323=CARTESIAN_POINT('Ctrl Pts',(-1.83492548763752,100.993862971663,-4.17682934238364E-17));
#5324=CARTESIAN_POINT('Ctrl Pts',(-1.83492548763752,100.993862971663,-3.));
#5325=CARTESIAN_POINT('',(-2.04638488590717,101.594135984778,5.8476414646813E-18));
#5326=CARTESIAN_POINT('Ctrl Pts',(-2.04638488590717,101.594135984778,5.8476414646813E-18));
#5327=CARTESIAN_POINT('Ctrl Pts',(-2.03848251796011,101.48152118924,-6.97593246342917E-18));
#5328=CARTESIAN_POINT('Ctrl Pts',(-2.02306061716813,101.261747291575,-3.20018343504118E-17));
#5329=CARTESIAN_POINT('Ctrl Pts',(-1.89659069601897,101.081667638717,-3.85671329844528E-17));
#5330=CARTESIAN_POINT('Ctrl Pts',(-1.83492548763752,100.993862971663,-4.17682934238364E-17));
#5331=CARTESIAN_POINT('',(-2.04638488590717,101.594135984778,-3.));
#5332=CARTESIAN_POINT('',(-2.04638488590717,101.594135984778,5.8476414646813E-18));
#5333=CARTESIAN_POINT('Ctrl Pts',(-2.04638488590717,101.594135984778,-3.));
#5334=CARTESIAN_POINT('Ctrl Pts',(-2.03848251796011,101.48152118924,-3.));
#5335=CARTESIAN_POINT('Ctrl Pts',(-2.02306061716813,101.261747291575,-3.));
#5336=CARTESIAN_POINT('Ctrl Pts',(-1.89659069601897,101.081667638717,-3.));
#5337=CARTESIAN_POINT('Ctrl Pts',(-1.83492548763752,100.993862971663,-3.));
#5338=CARTESIAN_POINT('Ctrl Pts',(-1.54843099415302,102.562757954001,1.85451384849928E-16));
#5339=CARTESIAN_POINT('Ctrl Pts',(-1.54843099415302,102.562757954001,-3.));
#5340=CARTESIAN_POINT('Ctrl Pts',(-1.69357419032603,102.423028387882,1.50564533199321E-16));
#5341=CARTESIAN_POINT('Ctrl Pts',(-1.69357419032603,102.423028387882,-3.));
#5342=CARTESIAN_POINT('Ctrl Pts',(-1.97100979423999,102.155940728362,8.38796660367848E-17));
#5343=CARTESIAN_POINT('Ctrl Pts',(-1.97100979423999,102.155940728362,-3.));
#5344=CARTESIAN_POINT('Ctrl Pts',(-2.02204788165874,101.775530715172,3.10425124959525E-17));
#5345=CARTESIAN_POINT('Ctrl Pts',(-2.02204788165874,101.775530715172,-3.));
#5346=CARTESIAN_POINT('Ctrl Pts',(-2.04638488590717,101.594135984778,5.8476414646813E-18));
#5347=CARTESIAN_POINT('Ctrl Pts',(-2.04638488590717,101.594135984778,-3.));
#5348=CARTESIAN_POINT('',(-1.54843099415302,102.562757954001,1.85451384849928E-16));
#5349=CARTESIAN_POINT('Ctrl Pts',(-1.54843099415302,102.562757954001,1.85451384849928E-16));
#5350=CARTESIAN_POINT('Ctrl Pts',(-1.69357419032603,102.423028387882,1.50564533199321E-16));
#5351=CARTESIAN_POINT('Ctrl Pts',(-1.97100979423999,102.155940728362,8.38796660367848E-17));
#5352=CARTESIAN_POINT('Ctrl Pts',(-2.02204788165874,101.775530715172,3.10425124959525E-17));
#5353=CARTESIAN_POINT('Ctrl Pts',(-2.04638488590717,101.594135984778,5.8476414646813E-18));
#5354=CARTESIAN_POINT('',(-1.54843099415302,102.562757954001,-3.));
#5355=CARTESIAN_POINT('',(-1.54843099415302,102.562757954001,1.85451384849928E-16));
#5356=CARTESIAN_POINT('Ctrl Pts',(-1.54843099415302,102.562757954001,-3.));
#5357=CARTESIAN_POINT('Ctrl Pts',(-1.69357419032603,102.423028387882,-3.));
#5358=CARTESIAN_POINT('Ctrl Pts',(-1.97100979423999,102.155940728362,-3.));
#5359=CARTESIAN_POINT('Ctrl Pts',(-2.02204788165874,101.775530715172,-3.));
#5360=CARTESIAN_POINT('Ctrl Pts',(-2.04638488590717,101.594135984778,-3.));
#5361=CARTESIAN_POINT('Ctrl Pts',(-0.0818551331758499,102.972034439445,
4.15177042021594E-16));
#5362=CARTESIAN_POINT('Ctrl Pts',(-0.0818551331758499,102.972034439445,
-3.));
#5363=CARTESIAN_POINT('Ctrl Pts',(-0.374547439905024,102.964223850197,3.78376051052391E-16));
#5364=CARTESIAN_POINT('Ctrl Pts',(-0.374547439905024,102.964223850197,-3.));
#5365=CARTESIAN_POINT('Ctrl Pts',(-0.900194955515933,102.950196775557,3.12284975099103E-16));
#5366=CARTESIAN_POINT('Ctrl Pts',(-0.900194955515933,102.950196775557,-3.));
#5367=CARTESIAN_POINT('Ctrl Pts',(-1.34936769407541,102.681734446822,2.24400026287352E-16));
#5368=CARTESIAN_POINT('Ctrl Pts',(-1.34936769407541,102.681734446822,-3.));
#5369=CARTESIAN_POINT('Ctrl Pts',(-1.54843099415302,102.562757954001,1.85451384849928E-16));
#5370=CARTESIAN_POINT('Ctrl Pts',(-1.54843099415302,102.562757954001,-3.));
#5371=CARTESIAN_POINT('',(-0.0818551331758499,102.972034439445,4.15177042021594E-16));
#5372=CARTESIAN_POINT('Ctrl Pts',(-0.0818551331758499,102.972034439445,
4.15177042021594E-16));
#5373=CARTESIAN_POINT('Ctrl Pts',(-0.374547439905024,102.964223850197,3.78376051052391E-16));
#5374=CARTESIAN_POINT('Ctrl Pts',(-0.900194955515933,102.950196775557,3.12284975099103E-16));
#5375=CARTESIAN_POINT('Ctrl Pts',(-1.34936769407541,102.681734446822,2.24400026287352E-16));
#5376=CARTESIAN_POINT('Ctrl Pts',(-1.54843099415302,102.562757954001,1.85451384849928E-16));
#5377=CARTESIAN_POINT('',(-0.0818551331758499,102.972034439445,-3.));
#5378=CARTESIAN_POINT('',(-0.0818551331758499,102.972034439445,4.15177042021594E-16));
#5379=CARTESIAN_POINT('Ctrl Pts',(-0.0818551331758499,102.972034439445,
-3.));
#5380=CARTESIAN_POINT('Ctrl Pts',(-0.374547439905024,102.964223850197,-3.));
#5381=CARTESIAN_POINT('Ctrl Pts',(-0.900194955515933,102.950196775557,-3.));
#5382=CARTESIAN_POINT('Ctrl Pts',(-1.34936769407541,102.681734446822,-3.));
#5383=CARTESIAN_POINT('Ctrl Pts',(-1.54843099415302,102.562757954001,-3.));
#5384=CARTESIAN_POINT('Ctrl Pts',(1.38472013175488,102.508187517524,5.3797584758974E-16));
#5385=CARTESIAN_POINT('Ctrl Pts',(1.38472013175488,102.508187517524,-3.));
#5386=CARTESIAN_POINT('Ctrl Pts',(1.17787720892093,102.643306014795,5.291921387711E-16));
#5387=CARTESIAN_POINT('Ctrl Pts',(1.17787720892093,102.643306014795,-3.));
#5388=CARTESIAN_POINT('Ctrl Pts',(0.733740270125824,102.933434944179,5.1033159719429E-16));
#5389=CARTESIAN_POINT('Ctrl Pts',(0.733740270125824,102.933434944179,-3.));
#5390=CARTESIAN_POINT('Ctrl Pts',(0.202158833753699,102.958592976033,4.48312617058691E-16));
#5391=CARTESIAN_POINT('Ctrl Pts',(0.202158833753699,102.958592976033,-3.));
#5392=CARTESIAN_POINT('Ctrl Pts',(-0.0818551331758499,102.972034439445,
4.15177042021594E-16));
#5393=CARTESIAN_POINT('Ctrl Pts',(-0.0818551331758499,102.972034439445,
-3.));
#5394=CARTESIAN_POINT('',(1.38472013175488,102.508187517524,5.3797584758974E-16));
#5395=CARTESIAN_POINT('Ctrl Pts',(1.38472013175488,102.508187517524,5.3797584758974E-16));
#5396=CARTESIAN_POINT('Ctrl Pts',(1.17787720892093,102.643306014795,5.291921387711E-16));
#5397=CARTESIAN_POINT('Ctrl Pts',(0.733740270125824,102.933434944179,5.1033159719429E-16));
#5398=CARTESIAN_POINT('Ctrl Pts',(0.202158833753699,102.958592976033,4.48312617058691E-16));
#5399=CARTESIAN_POINT('Ctrl Pts',(-0.0818551331758499,102.972034439445,
4.15177042021594E-16));
#5400=CARTESIAN_POINT('',(1.38472013175488,102.508187517524,-3.));
#5401=CARTESIAN_POINT('',(1.38472013175488,102.508187517524,5.3797584758974E-16));
#5402=CARTESIAN_POINT('Ctrl Pts',(1.38472013175488,102.508187517524,-3.));
#5403=CARTESIAN_POINT('Ctrl Pts',(1.17787720892093,102.643306014795,-3.));
#5404=CARTESIAN_POINT('Ctrl Pts',(0.733740270125824,102.933434944179,-3.));
#5405=CARTESIAN_POINT('Ctrl Pts',(0.202158833753699,102.958592976033,-3.));
#5406=CARTESIAN_POINT('Ctrl Pts',(-0.0818551331758499,102.972034439445,
-3.));
#5407=CARTESIAN_POINT('Ctrl Pts',(2.10095487535,101.055254563689,4.47756337079013E-16));
#5408=CARTESIAN_POINT('Ctrl Pts',(2.10095487535,101.055254563689,-3.));
#5409=CARTESIAN_POINT('Ctrl Pts',(2.03658787374259,101.353947987029,4.76453047312027E-16));
#5410=CARTESIAN_POINT('Ctrl Pts',(2.03658787374259,101.353947987029,-3.));
#5411=CARTESIAN_POINT('Ctrl Pts',(1.91883940285281,101.900356752154,5.28948793037671E-16));
#5412=CARTESIAN_POINT('Ctrl Pts',(1.91883940285281,101.900356752154,-3.));
#5413=CARTESIAN_POINT('Ctrl Pts',(1.55133078699472,102.318583645181,5.35159990616981E-16));
#5414=CARTESIAN_POINT('Ctrl Pts',(1.55133078699472,102.318583645181,-3.));
#5415=CARTESIAN_POINT('Ctrl Pts',(1.38472013175488,102.508187517524,5.3797584758974E-16));
#5416=CARTESIAN_POINT('Ctrl Pts',(1.38472013175488,102.508187517524,-3.));
#5417=CARTESIAN_POINT('',(2.10095487535,101.055254563689,4.47756337079013E-16));
#5418=CARTESIAN_POINT('Ctrl Pts',(2.10095487535,101.055254563689,4.47756337079013E-16));
#5419=CARTESIAN_POINT('Ctrl Pts',(2.03658787374259,101.353947987029,4.76453047312027E-16));
#5420=CARTESIAN_POINT('Ctrl Pts',(1.91883940285281,101.900356752154,5.28948793037671E-16));
#5421=CARTESIAN_POINT('Ctrl Pts',(1.55133078699472,102.318583645181,5.35159990616981E-16));
#5422=CARTESIAN_POINT('Ctrl Pts',(1.38472013175488,102.508187517524,5.3797584758974E-16));
#5423=CARTESIAN_POINT('',(2.10095487535,101.055254563689,-3.));
#5424=CARTESIAN_POINT('',(2.10095487535,101.055254563689,4.47756337079013E-16));
#5425=CARTESIAN_POINT('Ctrl Pts',(2.10095487535,101.055254563689,-3.));
#5426=CARTESIAN_POINT('Ctrl Pts',(2.03658787374259,101.353947987029,-3.));
#5427=CARTESIAN_POINT('Ctrl Pts',(1.91883940285281,101.900356752154,-3.));
#5428=CARTESIAN_POINT('Ctrl Pts',(1.55133078699472,102.318583645181,-3.));
#5429=CARTESIAN_POINT('Ctrl Pts',(1.38472013175488,102.508187517524,-3.));
#5430=CARTESIAN_POINT('Origin',(4.06548418104649,101.246250495315,7.11732045315767E-16));
#5431=CARTESIAN_POINT('',(4.06548418104649,101.246250495315,7.11732045315767E-16));
#5432=CARTESIAN_POINT('',(1.18530254492091,100.966232796802,0.));
#5433=CARTESIAN_POINT('',(4.06548418104649,101.246250495315,-3.));
#5434=CARTESIAN_POINT('',(4.06548418104649,101.246250495315,7.11732045315767E-16));
#5435=CARTESIAN_POINT('',(4.06548418104649,101.246250495315,-3.));
#5436=CARTESIAN_POINT('Ctrl Pts',(2.85129599273205,103.80423091352,8.76299130621255E-16));
#5437=CARTESIAN_POINT('Ctrl Pts',(2.85129599273205,103.80423091352,-3.));
#5438=CARTESIAN_POINT('Ctrl Pts',(3.15755653838705,103.461877523674,8.71879032010244E-16));
#5439=CARTESIAN_POINT('Ctrl Pts',(3.15755653838705,103.461877523674,-3.));
#5440=CARTESIAN_POINT('Ctrl Pts',(3.81127799320168,102.731114912408,8.62444211445177E-16));
#5441=CARTESIAN_POINT('Ctrl Pts',(3.81127799320168,102.731114912408,-3.));
#5442=CARTESIAN_POINT('Ctrl Pts',(3.97726177889395,101.761573536258,7.64036788336678E-16));
#5443=CARTESIAN_POINT('Ctrl Pts',(3.97726177889395,101.761573536258,-3.));
#5444=CARTESIAN_POINT('Ctrl Pts',(4.06548418104649,101.246250495315,7.11732045315767E-16));
#5445=CARTESIAN_POINT('Ctrl Pts',(4.06548418104649,101.246250495315,-3.));
#5446=CARTESIAN_POINT('Ctrl Pts',(2.85129599273205,103.80423091352,8.76299130621255E-16));
#5447=CARTESIAN_POINT('Ctrl Pts',(3.15755653838705,103.461877523674,8.71879032010244E-16));
#5448=CARTESIAN_POINT('Ctrl Pts',(3.81127799320168,102.731114912408,8.62444211445177E-16));
#5449=CARTESIAN_POINT('Ctrl Pts',(3.97726177889395,101.761573536258,7.64036788336678E-16));
#5450=CARTESIAN_POINT('Ctrl Pts',(4.06548418104649,101.246250495315,7.11732045315767E-16));
#5451=CARTESIAN_POINT('Ctrl Pts',(2.85129599273205,103.80423091352,-3.));
#5452=CARTESIAN_POINT('Ctrl Pts',(3.15755653838705,103.461877523674,-3.));
#5453=CARTESIAN_POINT('Ctrl Pts',(3.81127799320168,102.731114912408,-3.));
#5454=CARTESIAN_POINT('Ctrl Pts',(3.97726177889395,101.761573536258,-3.));
#5455=CARTESIAN_POINT('Ctrl Pts',(4.06548418104649,101.246250495315,-3.));
#5456=CARTESIAN_POINT('Origin',(-4.4703483581543E-7,99.503413066268,-3.));
#5457=CARTESIAN_POINT('Origin',(2.09072262048721,58.9788550138474,0.));
#5458=CARTESIAN_POINT('',(2.09072262048721,58.9788550138474,0.));
#5459=CARTESIAN_POINT('',(2.09072262048721,65.5000013113022,0.));
#5460=CARTESIAN_POINT('',(2.09072262048721,71.1160152434511,0.));
#5461=CARTESIAN_POINT('',(2.09072262048721,58.9788550138474,-3.));
#5462=CARTESIAN_POINT('',(2.09072262048721,58.9788550138474,0.));
#5463=CARTESIAN_POINT('',(2.09072262048721,65.5000013113022,-3.));
#5464=CARTESIAN_POINT('',(2.09072262048721,58.9788550138474,-3.));
#5465=CARTESIAN_POINT('',(2.09072262048721,65.5000013113022,0.));
#5466=CARTESIAN_POINT('Origin',(-1.94065541028976,65.5000013113022,0.));
#5467=CARTESIAN_POINT('',(-1.94065541028976,65.5000013113022,0.));
#5468=CARTESIAN_POINT('',(-5.6425681726361,71.4882054735953,0.));
#5469=CARTESIAN_POINT('',(-1.94065541028976,65.5000013113022,-3.));
#5470=CARTESIAN_POINT('',(-1.94065541028976,65.5000013113022,0.));
#5471=CARTESIAN_POINT('',(-1.94065541028976,65.5000013113022,-3.));
#5472=CARTESIAN_POINT('Origin',(-3.96657675504684,65.5000013113022,0.));
#5473=CARTESIAN_POINT('',(-3.96657675504684,65.5000013113022,0.));
#5474=CARTESIAN_POINT('',(-1.98328837752349,65.5000013113022,0.));
#5475=CARTESIAN_POINT('',(-3.96657675504684,65.5000013113022,-3.));
#5476=CARTESIAN_POINT('',(-3.96657675504684,65.5000013113022,0.));
#5477=CARTESIAN_POINT('',(-3.96657675504684,65.5000013113022,-3.));
#5478=CARTESIAN_POINT('Origin',(-3.96657675504684,55.5000013113022,0.));
#5479=CARTESIAN_POINT('',(-3.96657675504684,55.5000013113022,0.));
#5480=CARTESIAN_POINT('',(-3.96657675504684,69.3765883921785,0.));
#5481=CARTESIAN_POINT('',(-3.96657675504684,55.5000013113022,-3.));
#5482=CARTESIAN_POINT('',(-3.96657675504684,55.5000013113022,0.));
#5483=CARTESIAN_POINT('',(-3.96657675504684,55.5000013113022,-3.));
#5484=CARTESIAN_POINT('Origin',(-2.09072321653366,55.5000013113022,0.));
#5485=CARTESIAN_POINT('',(-2.09072321653366,55.5000013113022,0.));
#5486=CARTESIAN_POINT('',(-1.0453616082669,55.5000013113022,0.));
#5487=CARTESIAN_POINT('',(-2.09072321653366,55.5000013113022,-3.));
#5488=CARTESIAN_POINT('',(-2.09072321653366,55.5000013113022,0.));
#5489=CARTESIAN_POINT('',(-2.09072321653366,55.5000013113022,-3.));
#5490=CARTESIAN_POINT('Origin',(-2.09072321653366,62.178036570549,0.));
#5491=CARTESIAN_POINT('',(-2.09072321653366,62.178036570549,0.));
#5492=CARTESIAN_POINT('',(-2.09072321653366,72.7156060218019,0.));
#5493=CARTESIAN_POINT('',(-2.09072321653366,62.178036570549,-3.));
#5494=CARTESIAN_POINT('',(-2.09072321653366,62.178036570549,0.));
#5495=CARTESIAN_POINT('',(-2.09072321653366,62.178036570549,-3.));
#5496=CARTESIAN_POINT('Origin',(2.00204610824585,55.5000013113022,0.));
#5497=CARTESIAN_POINT('',(2.00204610824585,55.5000013113022,0.));
#5498=CARTESIAN_POINT('',(-4.45366602823056,66.0335715787298,0.));
#5499=CARTESIAN_POINT('',(2.00204610824585,55.5000013113022,-3.));
#5500=CARTESIAN_POINT('',(2.00204610824585,55.5000013113022,0.));
#5501=CARTESIAN_POINT('',(2.00204610824585,55.5000013113022,-3.));
#5502=CARTESIAN_POINT('Origin',(3.96657526493073,55.5000013113022,0.));
#5503=CARTESIAN_POINT('',(3.96657526493073,55.5000013113022,0.));
#5504=CARTESIAN_POINT('',(1.98328763246529,55.5000013113022,0.));
#5505=CARTESIAN_POINT('',(3.96657526493073,55.5000013113022,-3.));
#5506=CARTESIAN_POINT('',(3.96657526493073,55.5000013113022,0.));
#5507=CARTESIAN_POINT('',(3.96657526493073,55.5000013113022,-3.));
#5508=CARTESIAN_POINT('Origin',(3.96657526493073,65.5000013113022,0.));
#5509=CARTESIAN_POINT('',(3.96657526493073,65.5000013113022,0.));
#5510=CARTESIAN_POINT('',(3.96657526493073,74.3765883921785,0.));
#5511=CARTESIAN_POINT('',(3.96657526493073,65.5000013113022,-3.));
#5512=CARTESIAN_POINT('',(3.96657526493073,65.5000013113022,0.));
#5513=CARTESIAN_POINT('',(3.96657526493073,65.5000013113022,-3.));
#5514=CARTESIAN_POINT('Origin',(2.09072262048721,65.5000013113022,0.));
#5515=CARTESIAN_POINT('',(1.04536131024354,65.5000013113022,0.));
#5516=CARTESIAN_POINT('',(2.09072262048721,65.5000013113022,-3.));
#5517=CARTESIAN_POINT('Origin',(-7.45058059692383E-7,60.5000013113022,-3.));
#5518=CARTESIAN_POINT('Origin',(-1.4210854715202E-13,83.2531754730549,0.));
#5519=CARTESIAN_POINT('',(-353.349364905389,-129.00635094611,0.));
#5520=CARTESIAN_POINT('',(-288.397459621556,-241.50635094611,0.));
#5521=CARTESIAN_POINT('Origin',(-288.397459621556,-166.50635094611,0.));
#5522=CARTESIAN_POINT('',(288.397459621556,-241.50635094611,0.));
#5523=CARTESIAN_POINT('',(-288.397459621556,-241.50635094611,0.));
#5524=CARTESIAN_POINT('',(353.349364905389,-129.00635094611,0.));
#5525=CARTESIAN_POINT('Origin',(288.397459621556,-166.506350946109,0.));
#5526=CARTESIAN_POINT('',(64.9519052838331,370.51270189222,0.));
#5527=CARTESIAN_POINT('',(353.349364905389,-129.00635094611,0.));
#5528=CARTESIAN_POINT('',(-64.9519052838328,370.51270189222,0.));
#5529=CARTESIAN_POINT('Origin',(1.06581410364015E-13,333.01270189222,0.));
#5530=CARTESIAN_POINT('',(-64.9519052838328,370.51270189222,0.));
#5531=CARTESIAN_POINT('',(32.7500000000002,306.012701892219,0.));
#5532=CARTESIAN_POINT('Origin',(27.0000000000002,306.012701892219,0.));
#5533=CARTESIAN_POINT('',(32.7500000000002,360.01270189222,0.));
#5534=CARTESIAN_POINT('Origin',(27.0000000000002,360.01270189222,0.));
#5535=CARTESIAN_POINT('',(-21.25,306.012701892219,0.));
#5536=CARTESIAN_POINT('Origin',(-27.,306.012701892219,0.));
#5537=CARTESIAN_POINT('',(-21.25,360.01270189222,0.));
#5538=CARTESIAN_POINT('Origin',(-27.,360.01270189222,0.));
#5539=CARTESIAN_POINT('',(33.,4.04133443718627E-15,0.));
#5540=CARTESIAN_POINT('Origin',(0.,0.,0.));
#5541=CARTESIAN_POINT('',(10.25,80.,0.));
#5542=CARTESIAN_POINT('Origin',(0.,80.,0.));
#5543=CARTESIAN_POINT('Origin',(0.,80.,0.));
#5544=CARTESIAN_POINT('',(10.25,80.,-5.));
#5545=CARTESIAN_POINT('',(10.25,80.,0.));
#5546=CARTESIAN_POINT('Origin',(0.,80.,-5.));
#5547=CARTESIAN_POINT('Origin',(0.,80.,-5.));
#5548=CARTESIAN_POINT('Origin',(0.,0.,0.));
#5549=CARTESIAN_POINT('',(33.,4.04133443718627E-15,-11.));
#5550=CARTESIAN_POINT('',(33.,-4.04133443718627E-15,0.));
#5551=CARTESIAN_POINT('Origin',(0.,0.,-11.));
#5552=CARTESIAN_POINT('Origin',(0.,0.,-11.));
#5553=CARTESIAN_POINT('Origin',(32.0000000000001,221.012701892219,-25.));
#5554=CARTESIAN_POINT('',(32.0000000000001,221.012701892219,-23.));
#5555=CARTESIAN_POINT('',(32.0000000000001,221.012701892219,-25.));
#5556=CARTESIAN_POINT('',(32.0000000000001,285.012701892219,-23.));
#5557=CARTESIAN_POINT('',(32.0000000000001,221.012701892219,-23.));
#5558=CARTESIAN_POINT('',(32.0000000000001,285.012701892219,-25.));
#5559=CARTESIAN_POINT('Origin',(-31.9999999999999,221.012701892219,-25.));
#5560=CARTESIAN_POINT('',(-31.9999999999999,221.012701892219,-23.));
#5561=CARTESIAN_POINT('',(-31.9999999999999,221.012701892219,-25.));
#5562=CARTESIAN_POINT('',(-31.9999999999999,221.012701892219,-23.));
#5563=CARTESIAN_POINT('Origin',(-31.9999999999999,285.01270189222,-25.));
#5564=CARTESIAN_POINT('',(-31.9999999999999,285.01270189222,-23.));
#5565=CARTESIAN_POINT('',(-31.9999999999999,285.01270189222,-25.));
#5566=CARTESIAN_POINT('',(-31.9999999999999,285.01270189222,-23.));
#5567=CARTESIAN_POINT('Origin',(32.0000000000001,285.012701892219,-25.));
#5568=CARTESIAN_POINT('',(32.0000000000001,285.012701892219,-23.));
#5569=CARTESIAN_POINT('Origin',(1.11022302462516E-13,253.01270189222,-23.));
#5570=CARTESIAN_POINT('Origin',(27.0000000000002,306.012701892219,-25.));
#5571=CARTESIAN_POINT('',(19.5000000000002,306.012701892219,-15.));
#5572=CARTESIAN_POINT('',(19.5000000000002,306.012701892219,-25.));
#5573=CARTESIAN_POINT('Origin',(27.0000000000002,306.012701892219,-15.));
#5574=CARTESIAN_POINT('Origin',(27.0000000000002,306.012701892219,-15.));
#5575=CARTESIAN_POINT('',(32.7500000000002,306.012701892219,-15.));
#5576=CARTESIAN_POINT('Origin',(27.0000000000002,306.012701892219,-15.));
#5577=CARTESIAN_POINT('Origin',(-27.,306.012701892219,-25.));
#5578=CARTESIAN_POINT('',(-34.5,306.012701892219,-15.));
#5579=CARTESIAN_POINT('',(-34.5,306.012701892219,-25.));
#5580=CARTESIAN_POINT('Origin',(-27.,306.012701892219,-15.));
#5581=CARTESIAN_POINT('Origin',(-27.,306.012701892219,-15.));
#5582=CARTESIAN_POINT('',(-21.25,306.012701892219,-15.));
#5583=CARTESIAN_POINT('Origin',(-27.,306.012701892219,-15.));
#5584=CARTESIAN_POINT('Origin',(27.0000000000002,360.01270189222,-25.));
#5585=CARTESIAN_POINT('',(19.5000000000002,360.01270189222,-15.));
#5586=CARTESIAN_POINT('',(19.5000000000002,360.01270189222,-25.));
#5587=CARTESIAN_POINT('Origin',(27.0000000000002,360.01270189222,-15.));
#5588=CARTESIAN_POINT('Origin',(27.0000000000002,360.01270189222,-15.));
#5589=CARTESIAN_POINT('',(32.7500000000002,360.01270189222,-15.));
#5590=CARTESIAN_POINT('Origin',(27.0000000000002,360.01270189222,-15.));
#5591=CARTESIAN_POINT('Origin',(-27.,360.01270189222,-25.));
#5592=CARTESIAN_POINT('',(-34.5,360.01270189222,-15.));
#5593=CARTESIAN_POINT('',(-34.5,360.01270189222,-25.));
#5594=CARTESIAN_POINT('Origin',(-27.,360.01270189222,-15.));
#5595=CARTESIAN_POINT('Origin',(-27.,360.01270189222,-15.));
#5596=CARTESIAN_POINT('',(-21.25,360.01270189222,-15.));
#5597=CARTESIAN_POINT('Origin',(-27.,360.01270189222,-15.));
#5598=CARTESIAN_POINT('Origin',(-27.,360.01270189222,0.));
#5599=CARTESIAN_POINT('',(-21.25,360.01270189222,0.));
#5600=CARTESIAN_POINT('Origin',(-27.,306.012701892219,0.));
#5601=CARTESIAN_POINT('',(-21.25,306.012701892219,0.));
#5602=CARTESIAN_POINT('Origin',(27.0000000000002,360.01270189222,0.));
#5603=CARTESIAN_POINT('',(32.7500000000002,360.01270189222,0.));
#5604=CARTESIAN_POINT('Origin',(27.0000000000002,306.012701892219,0.));
#5605=CARTESIAN_POINT('',(32.7500000000002,306.012701892219,0.));
#5606=CARTESIAN_POINT('Origin',(288.397459621556,-241.50635094611,0.));
#5607=CARTESIAN_POINT('',(-288.397459621556,-241.50635094611,0.));
#5608=CARTESIAN_POINT('',(288.397459621556,-241.50635094611,0.));
#5609=CARTESIAN_POINT('Origin',(288.397459621556,-166.506350946109,0.));
#5610=CARTESIAN_POINT('',(353.349364905389,-129.00635094611,0.));
#5611=CARTESIAN_POINT('Origin',(64.951905283833,370.51270189222,0.));
#5612=CARTESIAN_POINT('',(64.9519052838331,370.51270189222,0.));
#5613=CARTESIAN_POINT('Origin',(1.06581410364015E-13,333.01270189222,0.));
#5614=CARTESIAN_POINT('',(-64.9519052838328,370.51270189222,0.));
#5615=CARTESIAN_POINT('Origin',(-353.349364905389,-129.00635094611,0.));
#5616=CARTESIAN_POINT('',(-353.349364905389,-129.00635094611,0.));
#5617=CARTESIAN_POINT('Origin',(-288.397459621556,-166.50635094611,0.));
#5618=CARTESIAN_POINT('Origin',(-1.4210854715202E-13,83.2531754730549,0.));
#5619=UNCERTAINTY_MEASURE_WITH_UNIT(LENGTH_MEASURE(0.01),#5623,
'DISTANCE_ACCURACY_VALUE',
'Maximum model space distance between geometric entities at asserted c
onnectivities');
#5620=UNCERTAINTY_MEASURE_WITH_UNIT(LENGTH_MEASURE(0.01),#5623,
'DISTANCE_ACCURACY_VALUE',
'Maximum model space distance between geometric entities at asserted c
onnectivities');
#5621=(
GEOMETRIC_REPRESENTATION_CONTEXT(3)
GLOBAL_UNCERTAINTY_ASSIGNED_CONTEXT((#5619))
GLOBAL_UNIT_ASSIGNED_CONTEXT((#5623,#5625,#5626))
REPRESENTATION_CONTEXT('','3D')
);
#5622=(
GEOMETRIC_REPRESENTATION_CONTEXT(3)
GLOBAL_UNCERTAINTY_ASSIGNED_CONTEXT((#5620))
GLOBAL_UNIT_ASSIGNED_CONTEXT((#5623,#5625,#5626))
REPRESENTATION_CONTEXT('','3D')
);
#5623=(
LENGTH_UNIT()
NAMED_UNIT(*)
SI_UNIT(.MILLI.,.METRE.)
);
#5624=(
LENGTH_UNIT()
NAMED_UNIT(*)
SI_UNIT($,.METRE.)
);
#5625=(
NAMED_UNIT(*)
PLANE_ANGLE_UNIT()
SI_UNIT($,.RADIAN.)
);
#5626=(
NAMED_UNIT(*)
SI_UNIT($,.STERADIAN.)
SOLID_ANGLE_UNIT()
);
#5627=SHAPE_DEFINITION_REPRESENTATION(#5628,#5629);
#5628=PRODUCT_DEFINITION_SHAPE('',$,#5631);
#5629=SHAPE_REPRESENTATION('',(#3099),#5621);
#5630=PRODUCT_DEFINITION_CONTEXT('part definition',#5635,'design');
#5631=PRODUCT_DEFINITION('Unterplatte','Unterplatte',#5632,#5630);
#5632=PRODUCT_DEFINITION_FORMATION('',$,#5637);
#5633=PRODUCT_RELATED_PRODUCT_CATEGORY('Unterplatte','Unterplatte',(#5637));
#5634=APPLICATION_PROTOCOL_DEFINITION('international standard',
'automotive_design',2009,#5635);
#5635=APPLICATION_CONTEXT(
'Core Data for Automotive Mechanical Design Process');
#5636=PRODUCT_CONTEXT('part definition',#5635,'mechanical');
#5637=PRODUCT('Unterplatte','Unterplatte',$,(#5636));
#5638=PRESENTATION_STYLE_ASSIGNMENT((#5639));
#5639=SURFACE_STYLE_USAGE(.BOTH.,#5640);
#5640=SURFACE_SIDE_STYLE('',(#5641));
#5641=SURFACE_STYLE_FILL_AREA(#5642);
#5642=FILL_AREA_STYLE('Kirsche',(#5643));
#5643=FILL_AREA_STYLE_COLOUR('Kirsche',#5644);
#5644=COLOUR_RGB('Kirsche',0.,0.,0.);
ENDSEC;
END-ISO-10303-21;
